time,Temp_DE,Temp_DK,Temp_SE,Temp_NO
2015-01-01 00:00:00+00:00,-1.106,3.961,0.699,0.882
2015-01-01 01:00:00+00:00,-1.161,4.249,0.796,0.826
2015-01-01 02:00:00+00:00,-1.234,4.54,0.963,0.949
2015-01-01 03:00:00+00:00,-1.287,4.659,1.196,1.119
2015-01-01 04:00:00+00:00,-1.34,4.626,1.443,1.183
2015-01-01 05:00:00+00:00,-1.408,4.715,1.672,1.371
2015-01-01 06:00:00+00:00,-1.574,4.902,1.882,1.589
2015-01-01 07:00:00+00:00,-1.784,5.101,2.082,1.877
2015-01-01 08:00:00+00:00,-1.12,5.199,2.276,2.186
2015-01-01 09:00:00+00:00,0.023,5.359,2.546,2.457
2015-01-01 10:00:00+00:00,0.825,5.466,2.834,2.678
2015-01-01 11:00:00+00:00,1.454,5.581,3.139,2.812
2015-01-01 12:00:00+00:00,1.779,5.586,3.375,2.876
2015-01-01 13:00:00+00:00,1.689,5.518,3.548,2.828
2015-01-01 14:00:00+00:00,1.069,5.392,3.634,2.703
2015-01-01 15:00:00+00:00,0.129,5.19,3.636,2.605
2015-01-01 16:00:00+00:00,-0.225,5.03,3.571,2.524
2015-01-01 17:00:00+00:00,-0.418,4.941,3.491,2.552
2015-01-01 18:00:00+00:00,-0.498,4.847,3.43,2.624
2015-01-01 19:00:00+00:00,-0.543,4.727,3.387,2.718
2015-01-01 20:00:00+00:00,-0.59,4.588,3.286,2.887
2015-01-01 21:00:00+00:00,-0.603,4.586,3.14,3.038
2015-01-01 22:00:00+00:00,-0.578,4.719,2.993,3.105
2015-01-01 23:00:00+00:00,-0.59,4.935,2.894,3.14
2015-01-02 00:00:00+00:00,-0.59,5.263,2.951,3.075
2015-01-02 01:00:00+00:00,-0.537,5.568,3.099,3.018
2015-01-02 02:00:00+00:00,-0.435,5.922,3.261,2.948
2015-01-02 03:00:00+00:00,-0.287,6.373,3.404,2.798
2015-01-02 04:00:00+00:00,-0.14,6.925,3.589,2.598
2015-01-02 05:00:00+00:00,0.067,7.456,3.883,2.272
2015-01-02 06:00:00+00:00,0.348,7.703,4.221,2.006
2015-01-02 07:00:00+00:00,0.754,7.625,4.54,1.834
2015-01-02 08:00:00+00:00,1.455,7.344,4.812,1.688
2015-01-02 09:00:00+00:00,2.221,6.793,4.905,1.664
2015-01-02 10:00:00+00:00,2.929,6.496,4.776,1.661
2015-01-02 11:00:00+00:00,3.42,6.376,4.627,1.639
2015-01-02 12:00:00+00:00,3.63,6.216,4.397,1.562
2015-01-02 13:00:00+00:00,3.548,5.961,3.994,1.424
2015-01-02 14:00:00+00:00,3.116,5.649,3.514,1.233
2015-01-02 15:00:00+00:00,2.579,5.359,3.125,1.082
2015-01-02 16:00:00+00:00,2.323,5.095,2.807,1.038
2015-01-02 17:00:00+00:00,2.194,4.898,2.566,1.041
2015-01-02 18:00:00+00:00,2.036,4.757,2.429,0.975
2015-01-02 19:00:00+00:00,1.884,4.606,2.451,0.914
2015-01-02 20:00:00+00:00,1.754,4.385,2.541,1.026
2015-01-02 21:00:00+00:00,1.608,4.222,2.594,1.181
2015-01-02 22:00:00+00:00,1.496,4.162,2.625,1.176
2015-01-02 23:00:00+00:00,1.317,4.24,2.634,1.095
2015-01-03 00:00:00+00:00,1.113,4.428,2.643,1.028
2015-01-03 01:00:00+00:00,0.964,4.607,2.757,0.958
2015-01-03 02:00:00+00:00,0.785,4.703,2.833,0.799
2015-01-03 03:00:00+00:00,0.554,4.703,2.828,0.487
2015-01-03 04:00:00+00:00,0.334,4.646,2.748,0.15
2015-01-03 05:00:00+00:00,0.204,4.563,2.661,-0.169
2015-01-03 06:00:00+00:00,0.104,4.527,2.493,-0.488
2015-01-03 07:00:00+00:00,0.094,4.511,2.286,-0.841
2015-01-03 08:00:00+00:00,0.503,4.562,2.139,-1.013
2015-01-03 09:00:00+00:00,1.029,4.773,2.201,-0.731
2015-01-03 10:00:00+00:00,1.377,4.997,2.328,-0.377
2015-01-03 11:00:00+00:00,1.549,5.121,2.385,-0.243
2015-01-03 12:00:00+00:00,1.685,5.039,2.235,-0.341
2015-01-03 13:00:00+00:00,1.673,4.719,1.842,-0.713
2015-01-03 14:00:00+00:00,1.351,4.228,1.32,-1.267
2015-01-03 15:00:00+00:00,0.836,3.76,0.923,-1.751
2015-01-03 16:00:00+00:00,0.738,3.39,0.597,-1.978
2015-01-03 17:00:00+00:00,0.726,3.158,0.252,-2.022
2015-01-03 18:00:00+00:00,0.836,2.977,-0.077,-2.094
2015-01-03 19:00:00+00:00,0.816,2.849,-0.367,-2.211
2015-01-03 20:00:00+00:00,0.672,2.671,-0.56,-2.323
2015-01-03 21:00:00+00:00,0.675,2.529,-0.737,-2.393
2015-01-03 22:00:00+00:00,0.501,2.358,-0.885,-2.463
2015-01-03 23:00:00+00:00,0.255,2.184,-0.999,-2.563
2015-01-04 00:00:00+00:00,0.153,2.052,-1.144,-2.669
2015-01-04 01:00:00+00:00,0.083,2.018,-1.275,-2.76
2015-01-04 02:00:00+00:00,0.031,2.041,-1.327,-2.89
2015-01-04 03:00:00+00:00,-0.018,2.109,-1.417,-2.974
2015-01-04 04:00:00+00:00,-0.044,2.181,-1.524,-2.975
2015-01-04 05:00:00+00:00,-0.067,2.243,-1.595,-2.98
2015-01-04 06:00:00+00:00,-0.108,2.165,-1.632,-2.959
2015-01-04 07:00:00+00:00,-0.072,2.002,-1.661,-2.883
2015-01-04 08:00:00+00:00,0.414,2.151,-1.532,-2.754
2015-01-04 09:00:00+00:00,1.146,2.643,-1.121,-2.432
2015-01-04 10:00:00+00:00,1.825,3.165,-0.675,-2.02
2015-01-04 11:00:00+00:00,2.359,3.517,-0.414,-1.728
2015-01-04 12:00:00+00:00,2.661,3.596,-0.477,-1.72
2015-01-04 13:00:00+00:00,2.609,3.342,-0.893,-2.142
2015-01-04 14:00:00+00:00,1.938,2.714,-1.499,-2.711
2015-01-04 15:00:00+00:00,0.616,2.228,-1.887,-2.944
2015-01-04 16:00:00+00:00,0.034,2.016,-2.112,-3.127
2015-01-04 17:00:00+00:00,-0.2,1.983,-2.261,-3.283
2015-01-04 18:00:00+00:00,-0.369,2.104,-2.349,-3.419
2015-01-04 19:00:00+00:00,-0.443,2.329,-2.412,-3.531
2015-01-04 20:00:00+00:00,-0.466,2.545,-2.469,-3.678
2015-01-04 21:00:00+00:00,-0.51,2.723,-2.455,-3.645
2015-01-04 22:00:00+00:00,-0.584,2.914,-2.522,-3.435
2015-01-04 23:00:00+00:00,-0.72,3.111,-2.545,-3.277
2015-01-05 00:00:00+00:00,-0.868,3.368,-2.523,-3.303
2015-01-05 01:00:00+00:00,-1.015,3.597,-2.53,-3.506
2015-01-05 02:00:00+00:00,-1.201,3.813,-2.762,-3.718
2015-01-05 03:00:00+00:00,-1.428,3.975,-2.979,-3.874
2015-01-05 04:00:00+00:00,-1.682,4.061,-3.13,-4.002
2015-01-05 05:00:00+00:00,-1.983,4.077,-3.162,-4.037
2015-01-05 06:00:00+00:00,-2.229,3.995,-3.254,-3.857
2015-01-05 07:00:00+00:00,-2.379,3.818,-3.351,-3.632
2015-01-05 08:00:00+00:00,-1.699,3.876,-3.168,-3.624
2015-01-05 09:00:00+00:00,-0.473,4.198,-2.556,-3.357
2015-01-05 10:00:00+00:00,0.57,4.416,-1.913,-2.805
2015-01-05 11:00:00+00:00,1.334,4.492,-1.533,-2.283
2015-01-05 12:00:00+00:00,1.739,4.409,-1.632,-2.067
2015-01-05 13:00:00+00:00,1.774,4.174,-2.424,-2.179
2015-01-05 14:00:00+00:00,0.932,3.824,-3.049,-2.467
2015-01-05 15:00:00+00:00,-0.512,3.535,-3.106,-2.668
2015-01-05 16:00:00+00:00,-1.091,3.254,-3.116,-2.726
2015-01-05 17:00:00+00:00,-1.351,2.996,-3.136,-2.603
2015-01-05 18:00:00+00:00,-1.539,2.777,-3.135,-2.415
2015-01-05 19:00:00+00:00,-1.669,2.59,-3.172,-2.238
2015-01-05 20:00:00+00:00,-1.78,2.523,-3.344,-2.047
2015-01-05 21:00:00+00:00,-1.914,2.544,-3.472,-1.818
2015-01-05 22:00:00+00:00,-2.089,2.56,-3.521,-1.603
2015-01-05 23:00:00+00:00,-2.277,2.617,-3.512,-1.332
2015-01-06 00:00:00+00:00,-2.453,2.719,-3.483,-1.093
2015-01-06 01:00:00+00:00,-2.594,2.82,-3.45,-0.851
2015-01-06 02:00:00+00:00,-2.733,2.9,-3.407,-0.68
2015-01-06 03:00:00+00:00,-2.886,3.012,-3.348,-0.434
2015-01-06 04:00:00+00:00,-3.075,3.096,-3.257,-0.181
2015-01-06 05:00:00+00:00,-3.254,3.137,-3.135,0.05
2015-01-06 06:00:00+00:00,-3.435,3.149,-3.004,0.291
2015-01-06 07:00:00+00:00,-3.495,3.128,-2.899,0.502
2015-01-06 08:00:00+00:00,-2.376,3.231,-2.532,0.669
2015-01-06 09:00:00+00:00,-0.751,3.408,-1.932,0.771
2015-01-06 10:00:00+00:00,0.469,3.544,-1.374,0.815
2015-01-06 11:00:00+00:00,1.302,3.607,-0.991,0.858
2015-01-06 12:00:00+00:00,1.699,3.577,-0.837,0.915
2015-01-06 13:00:00+00:00,1.536,3.421,-0.883,0.987
2015-01-06 14:00:00+00:00,0.344,3.164,-0.984,1.01
2015-01-06 15:00:00+00:00,-1.232,2.969,-0.924,1.068
2015-01-06 16:00:00+00:00,-1.77,2.775,-0.802,1.118
2015-01-06 17:00:00+00:00,-1.931,2.562,-0.698,1.115
2015-01-06 18:00:00+00:00,-1.992,2.344,-0.588,1.057
2015-01-06 19:00:00+00:00,-2.008,2.138,-0.491,0.982
2015-01-06 20:00:00+00:00,-1.985,1.953,-0.421,0.956
2015-01-06 21:00:00+00:00,-1.946,1.825,-0.387,0.956
2015-01-06 22:00:00+00:00,-1.858,1.736,-0.396,0.974
2015-01-06 23:00:00+00:00,-1.724,1.682,-0.417,0.965
2015-01-07 00:00:00+00:00,-1.503,1.72,-0.428,0.918
2015-01-07 01:00:00+00:00,-1.246,1.929,-0.453,0.807
2015-01-07 02:00:00+00:00,-0.975,2.287,-0.506,0.701
2015-01-07 03:00:00+00:00,-0.709,2.557,-0.547,0.449
2015-01-07 04:00:00+00:00,-0.492,2.629,-0.561,0.106
2015-01-07 05:00:00+00:00,-0.268,2.681,-0.562,-0.184
2015-01-07 06:00:00+00:00,-0.102,2.911,-0.529,-0.471
2015-01-07 07:00:00+00:00,0.1,3.086,-0.421,-0.768
2015-01-07 08:00:00+00:00,0.732,3.436,-0.227,-1.147
2015-01-07 09:00:00+00:00,1.325,4.078,0.067,-1.205
2015-01-07 10:00:00+00:00,1.825,4.585,0.37,-0.942
2015-01-07 11:00:00+00:00,2.272,4.925,0.565,-0.711
2015-01-07 12:00:00+00:00,2.48,5.04,0.562,-0.644
2015-01-07 13:00:00+00:00,2.371,4.82,0.192,-0.794
2015-01-07 14:00:00+00:00,1.722,4.202,-0.377,-1.05
2015-01-07 15:00:00+00:00,0.702,4.045,-0.666,-1.202
2015-01-07 16:00:00+00:00,0.323,4.228,-0.815,-1.302
2015-01-07 17:00:00+00:00,0.141,4.34,-0.752,-1.315
2015-01-07 18:00:00+00:00,-0.041,4.401,-0.607,-1.158
2015-01-07 19:00:00+00:00,-0.155,4.443,-0.462,-0.73
2015-01-07 20:00:00+00:00,-0.249,4.487,-0.322,-0.259
2015-01-07 21:00:00+00:00,-0.301,4.45,-0.163,0.284
2015-01-07 22:00:00+00:00,-0.258,4.376,-0.059,0.745
2015-01-07 23:00:00+00:00,-0.102,4.264,0.069,1.23
2015-01-08 00:00:00+00:00,0.148,4.079,0.207,1.634
2015-01-08 01:00:00+00:00,0.432,3.861,0.427,1.888
2015-01-08 02:00:00+00:00,0.705,3.605,0.649,2.003
2015-01-08 03:00:00+00:00,0.933,3.396,0.789,2.086
2015-01-08 04:00:00+00:00,1.164,3.47,0.873,2.112
2015-01-08 05:00:00+00:00,1.444,3.792,1.042,2.021
2015-01-08 06:00:00+00:00,1.709,4.221,1.174,1.914
2015-01-08 07:00:00+00:00,1.993,4.626,1.225,1.749
2015-01-08 08:00:00+00:00,2.45,4.961,1.498,1.467
2015-01-08 09:00:00+00:00,2.951,5.27,1.869,1.269
2015-01-08 10:00:00+00:00,3.434,5.577,2.216,1.234
2015-01-08 11:00:00+00:00,3.825,5.771,2.492,1.256
2015-01-08 12:00:00+00:00,4.054,5.87,2.662,1.159
2015-01-08 13:00:00+00:00,4.108,5.822,2.704,0.888
2015-01-08 14:00:00+00:00,4.043,5.679,2.717,0.492
2015-01-08 15:00:00+00:00,3.926,5.503,2.65,0.266
2015-01-08 16:00:00+00:00,3.848,5.33,2.513,0.14
2015-01-08 17:00:00+00:00,3.701,5.16,2.338,0.005
2015-01-08 18:00:00+00:00,3.549,4.971,2.215,-0.074
2015-01-08 19:00:00+00:00,3.493,4.73,2.122,-0.195
2015-01-08 20:00:00+00:00,3.367,4.486,2.014,-0.424
2015-01-08 21:00:00+00:00,3.207,4.274,1.891,-0.738
2015-01-08 22:00:00+00:00,3.104,4.059,1.737,-0.994
2015-01-08 23:00:00+00:00,3.033,3.946,1.564,-1.139
2015-01-09 00:00:00+00:00,3.038,3.909,1.43,-1.352
2015-01-09 01:00:00+00:00,3.1,3.961,1.345,-1.444
2015-01-09 02:00:00+00:00,3.19,4.019,1.268,-1.629
2015-01-09 03:00:00+00:00,3.403,4.087,1.172,-2.034
2015-01-09 04:00:00+00:00,3.575,4.048,1.071,-2.354
2015-01-09 05:00:00+00:00,3.668,3.863,0.957,-2.391
2015-01-09 06:00:00+00:00,3.851,3.459,0.793,-2.331
2015-01-09 07:00:00+00:00,4.148,3.318,0.553,-2.41
2015-01-09 08:00:00+00:00,4.636,4.036,0.232,-2.703
2015-01-09 09:00:00+00:00,5.203,5.115,0.067,-2.802
2015-01-09 10:00:00+00:00,5.814,5.909,0.324,-2.618
2015-01-09 11:00:00+00:00,6.372,5.702,0.47,-2.345
2015-01-09 12:00:00+00:00,6.789,5.47,0.374,-2.379
2015-01-09 13:00:00+00:00,7.039,5.39,0.091,-2.932
2015-01-09 14:00:00+00:00,7.144,5.524,-0.34,-3.802
2015-01-09 15:00:00+00:00,7.164,5.609,-0.552,-4.542
2015-01-09 16:00:00+00:00,7.181,5.878,-0.71,-5.054
2015-01-09 17:00:00+00:00,7.159,5.879,-0.816,-5.44
2015-01-09 18:00:00+00:00,7.047,5.732,-0.926,-5.669
2015-01-09 19:00:00+00:00,6.958,5.479,-1.069,-5.874
2015-01-09 20:00:00+00:00,6.985,5.182,-1.252,-5.944
2015-01-09 21:00:00+00:00,7.19,4.926,-1.409,-5.877
2015-01-09 22:00:00+00:00,7.608,4.669,-1.531,-5.686
2015-01-09 23:00:00+00:00,8.104,4.449,-1.668,-5.373
2015-01-10 00:00:00+00:00,8.577,4.306,-1.785,-5.032
2015-01-10 01:00:00+00:00,8.974,4.17,-1.854,-4.958
2015-01-10 02:00:00+00:00,9.289,4.03,-1.974,-5.01
2015-01-10 03:00:00+00:00,9.618,3.896,-2.08,-4.945
2015-01-10 04:00:00+00:00,9.898,3.863,-2.195,-4.573
2015-01-10 05:00:00+00:00,10.098,4.248,-2.295,-4.019
2015-01-10 06:00:00+00:00,10.268,5.085,-2.483,-3.451
2015-01-10 07:00:00+00:00,10.352,6.16,-2.509,-3.026
2015-01-10 08:00:00+00:00,10.464,7.267,-2.233,-2.694
2015-01-10 09:00:00+00:00,10.677,7.999,-1.602,-2.323
2015-01-10 10:00:00+00:00,10.911,8.299,-0.869,-1.953
2015-01-10 11:00:00+00:00,11.051,8.363,-0.189,-1.682
2015-01-10 12:00:00+00:00,11.068,8.079,0.368,-1.651
2015-01-10 13:00:00+00:00,10.896,7.489,0.731,-1.825
2015-01-10 14:00:00+00:00,10.374,6.53,0.867,-2.147
2015-01-10 15:00:00+00:00,9.466,5.8,0.9,-2.615
2015-01-10 16:00:00+00:00,8.542,5.319,0.903,-2.385
2015-01-10 17:00:00+00:00,7.674,5.094,0.822,-1.886
2015-01-10 18:00:00+00:00,6.8,4.999,0.827,-1.738
2015-01-10 19:00:00+00:00,5.929,4.835,0.901,-1.718
2015-01-10 20:00:00+00:00,5.181,4.683,0.89,-1.781
2015-01-10 21:00:00+00:00,4.527,4.576,0.762,-1.954
2015-01-10 22:00:00+00:00,3.938,4.548,0.649,-2.174
2015-01-10 23:00:00+00:00,3.396,4.488,0.575,-2.367
2015-01-11 00:00:00+00:00,2.924,4.388,0.372,-2.484
2015-01-11 01:00:00+00:00,2.534,4.246,0.117,-2.635
2015-01-11 02:00:00+00:00,2.169,4.083,-0.155,-2.758
2015-01-11 03:00:00+00:00,1.845,3.94,-0.319,-2.799
2015-01-11 04:00:00+00:00,1.559,3.811,-0.406,-2.868
2015-01-11 05:00:00+00:00,1.34,3.701,-0.454,-3.174
2015-01-11 06:00:00+00:00,1.241,3.621,-0.472,-3.65
2015-01-11 07:00:00+00:00,1.307,3.58,-0.573,-3.99
2015-01-11 08:00:00+00:00,1.777,3.644,-0.695,-4.278
2015-01-11 09:00:00+00:00,2.389,3.846,-0.776,-4.368
2015-01-11 10:00:00+00:00,2.907,4.025,-0.854,-4.272
2015-01-11 11:00:00+00:00,3.207,4.113,-0.949,-4.239
2015-01-11 12:00:00+00:00,3.286,4.09,-1.121,-4.355
2015-01-11 13:00:00+00:00,3.188,3.983,-1.415,-4.628
2015-01-11 14:00:00+00:00,2.887,3.892,-1.787,-5.005
2015-01-11 15:00:00+00:00,2.524,3.898,-2.149,-5.427
2015-01-11 16:00:00+00:00,2.384,3.956,-2.542,-5.962
2015-01-11 17:00:00+00:00,2.347,4.002,-2.98,-6.438
2015-01-11 18:00:00+00:00,2.326,4.036,-3.434,-6.673
2015-01-11 19:00:00+00:00,2.375,4.005,-3.931,-6.86
2015-01-11 20:00:00+00:00,2.465,3.868,-4.458,-7.173
2015-01-11 21:00:00+00:00,2.543,3.581,-4.886,-7.765
2015-01-11 22:00:00+00:00,2.633,3.347,-5.251,-8.44
2015-01-11 23:00:00+00:00,2.755,3.241,-5.679,-8.436
2015-01-12 00:00:00+00:00,2.874,3.353,-6.137,-7.625
2015-01-12 01:00:00+00:00,2.993,3.709,-6.464,-6.454
2015-01-12 02:00:00+00:00,3.115,4.261,-6.733,-5.706
2015-01-12 03:00:00+00:00,3.236,4.814,-6.831,-5.327
2015-01-12 04:00:00+00:00,3.331,5.252,-6.59,-5.117
2015-01-12 05:00:00+00:00,3.4,5.396,-6.272,-4.871
2015-01-12 06:00:00+00:00,3.445,5.474,-5.891,-4.68
2015-01-12 07:00:00+00:00,3.5,5.598,-5.464,-4.594
2015-01-12 08:00:00+00:00,3.714,5.775,-4.888,-4.482
2015-01-12 09:00:00+00:00,4.038,5.949,-3.951,-4.281
2015-01-12 10:00:00+00:00,4.424,6.111,-2.999,-3.892
2015-01-12 11:00:00+00:00,4.765,6.199,-2.23,-3.447
2015-01-12 12:00:00+00:00,4.983,6.238,-1.588,-2.905
2015-01-12 13:00:00+00:00,5.036,6.338,-1.058,-2.354
2015-01-12 14:00:00+00:00,4.938,6.563,-0.553,-1.728
2015-01-12 15:00:00+00:00,4.674,6.782,-0.012,-1.412
2015-01-12 16:00:00+00:00,4.551,6.802,0.49,-1.351
2015-01-12 17:00:00+00:00,4.494,6.697,0.863,-1.311
2015-01-12 18:00:00+00:00,4.426,6.513,1.186,-1.182
2015-01-12 19:00:00+00:00,4.304,6.177,1.431,-1.043
2015-01-12 20:00:00+00:00,4.184,5.75,1.418,-0.951
2015-01-12 21:00:00+00:00,4.1,5.405,1.268,-0.967
2015-01-12 22:00:00+00:00,4.005,5.176,1.033,-1.032
2015-01-12 23:00:00+00:00,3.936,4.948,0.873,-1.059
2015-01-13 00:00:00+00:00,3.828,4.623,0.773,-1.096
2015-01-13 01:00:00+00:00,3.756,4.291,0.685,-1.139
2015-01-13 02:00:00+00:00,3.717,4.115,0.592,-1.253
2015-01-13 03:00:00+00:00,3.656,4.03,0.536,-1.311
2015-01-13 04:00:00+00:00,3.664,3.984,0.469,-1.338
2015-01-13 05:00:00+00:00,3.693,3.996,0.382,-1.341
2015-01-13 06:00:00+00:00,3.688,4.042,0.304,-1.299
2015-01-13 07:00:00+00:00,3.922,4.189,0.253,-1.206
2015-01-13 08:00:00+00:00,5.016,4.483,0.294,-1.015
2015-01-13 09:00:00+00:00,6.334,4.82,0.478,-0.604
2015-01-13 10:00:00+00:00,7.584,5.309,0.689,-0.221
2015-01-13 11:00:00+00:00,8.554,5.904,0.878,0.087
2015-01-13 12:00:00+00:00,9.027,6.254,0.968,0.241
2015-01-13 13:00:00+00:00,8.848,6.316,0.925,0.227
2015-01-13 14:00:00+00:00,8.007,6.069,0.926,0.062
2015-01-13 15:00:00+00:00,6.942,5.496,0.995,-0.137
2015-01-13 16:00:00+00:00,6.518,4.772,1.114,-0.404
2015-01-13 17:00:00+00:00,6.319,4.112,1.233,-0.822
2015-01-13 18:00:00+00:00,6.175,3.587,1.23,-1.329
2015-01-13 19:00:00+00:00,6.101,3.328,1.131,-1.602
2015-01-13 20:00:00+00:00,5.974,3.106,1.014,-1.626
2015-01-13 21:00:00+00:00,5.752,3.114,0.951,-1.604
2015-01-13 22:00:00+00:00,5.482,3.175,0.954,-1.917
2015-01-13 23:00:00+00:00,5.237,3.166,0.904,-2.134
2015-01-14 00:00:00+00:00,5.037,3.276,0.737,-2.122
2015-01-14 01:00:00+00:00,4.904,3.422,0.564,-1.877
2015-01-14 02:00:00+00:00,4.856,3.495,0.448,-1.63
2015-01-14 03:00:00+00:00,4.719,3.321,0.316,-1.709
2015-01-14 04:00:00+00:00,4.4,3.069,0.146,-1.796
2015-01-14 05:00:00+00:00,4.03,2.901,0.05,-1.805
2015-01-14 06:00:00+00:00,3.677,2.821,-0.022,-1.749
2015-01-14 07:00:00+00:00,3.518,2.77,-0.054,-1.673
2015-01-14 08:00:00+00:00,3.842,2.872,0.037,-1.651
2015-01-14 09:00:00+00:00,4.369,3.142,0.235,-1.503
2015-01-14 10:00:00+00:00,4.818,3.394,0.428,-1.242
2015-01-14 11:00:00+00:00,5.089,3.607,0.513,-1.057
2015-01-14 12:00:00+00:00,5.024,3.644,0.492,-0.975
2015-01-14 13:00:00+00:00,4.653,3.456,0.309,-1.067
2015-01-14 14:00:00+00:00,3.997,3.057,0.084,-1.242
2015-01-14 15:00:00+00:00,3.28,2.736,-0.058,-1.396
2015-01-14 16:00:00+00:00,2.894,2.58,-0.138,-1.607
2015-01-14 17:00:00+00:00,2.464,2.405,-0.194,-1.797
2015-01-14 18:00:00+00:00,1.901,2.277,-0.243,-1.93
2015-01-14 19:00:00+00:00,1.355,2.16,-0.278,-2.019
2015-01-14 20:00:00+00:00,0.922,2.064,-0.319,-2.141
2015-01-14 21:00:00+00:00,0.713,2.042,-0.334,-2.212
2015-01-14 22:00:00+00:00,0.621,1.994,-0.358,-2.172
2015-01-14 23:00:00+00:00,0.683,2.078,-0.35,-2.1
2015-01-15 00:00:00+00:00,0.777,2.116,-0.331,-2.105
2015-01-15 01:00:00+00:00,0.931,2.112,-0.314,-1.988
2015-01-15 02:00:00+00:00,1.062,2.019,-0.295,-1.798
2015-01-15 03:00:00+00:00,1.324,1.998,-0.29,-1.618
2015-01-15 04:00:00+00:00,1.753,2.085,-0.327,-1.437
2015-01-15 05:00:00+00:00,2.128,2.243,-0.409,-1.113
2015-01-15 06:00:00+00:00,2.465,2.404,-0.508,-0.86
2015-01-15 07:00:00+00:00,2.808,2.421,-0.644,-0.754
2015-01-15 08:00:00+00:00,3.479,2.347,-0.635,-0.662
2015-01-15 09:00:00+00:00,4.305,2.361,-0.489,-0.535
2015-01-15 10:00:00+00:00,5.146,2.512,-0.351,-0.389
2015-01-15 11:00:00+00:00,5.915,2.96,-0.25,-0.275
2015-01-15 12:00:00+00:00,6.55,3.694,-0.134,-0.139
2015-01-15 13:00:00+00:00,6.861,4.372,0.021,-0.051
2015-01-15 14:00:00+00:00,6.641,4.846,0.235,-0.037
2015-01-15 15:00:00+00:00,6.066,5.073,0.524,0.016
2015-01-15 16:00:00+00:00,5.821,5.16,0.811,0.159
2015-01-15 17:00:00+00:00,5.654,5.256,0.997,0.296
2015-01-15 18:00:00+00:00,5.501,5.368,1.129,0.408
2015-01-15 19:00:00+00:00,5.336,5.518,1.293,0.499
2015-01-15 20:00:00+00:00,5.141,5.622,1.498,0.593
2015-01-15 21:00:00+00:00,4.944,5.754,1.704,0.63
2015-01-15 22:00:00+00:00,4.716,5.877,1.904,0.63
2015-01-15 23:00:00+00:00,4.441,5.839,2.068,0.585
2015-01-16 00:00:00+00:00,4.193,5.507,2.162,0.499
2015-01-16 01:00:00+00:00,4.009,5.168,2.239,0.446
2015-01-16 02:00:00+00:00,3.803,4.96,2.32,0.487
2015-01-16 03:00:00+00:00,3.584,4.874,2.299,0.606
2015-01-16 04:00:00+00:00,3.371,4.868,2.317,0.715
2015-01-16 05:00:00+00:00,3.137,4.889,2.408,0.786
2015-01-16 06:00:00+00:00,2.94,4.937,2.516,0.879
2015-01-16 07:00:00+00:00,2.944,5.004,2.605,1.017
2015-01-16 08:00:00+00:00,3.832,5.213,2.691,1.091
2015-01-16 09:00:00+00:00,4.686,5.47,2.851,1.209
2015-01-16 10:00:00+00:00,5.265,5.683,3.056,1.32
2015-01-16 11:00:00+00:00,5.682,5.794,3.259,1.367
2015-01-16 12:00:00+00:00,5.819,5.741,3.382,1.327
2015-01-16 13:00:00+00:00,5.562,5.479,3.442,1.187
2015-01-16 14:00:00+00:00,4.786,5.033,3.437,1.03
2015-01-16 15:00:00+00:00,3.654,4.584,3.371,0.821
2015-01-16 16:00:00+00:00,3.252,4.322,3.258,0.573
2015-01-16 17:00:00+00:00,3.04,4.09,3.108,0.326
2015-01-16 18:00:00+00:00,2.755,3.855,2.935,0.072
2015-01-16 19:00:00+00:00,2.415,3.766,2.768,-0.156
2015-01-16 20:00:00+00:00,2.125,3.758,2.566,-0.312
2015-01-16 21:00:00+00:00,1.86,3.729,2.358,-0.369
2015-01-16 22:00:00+00:00,1.679,3.595,2.145,-0.401
2015-01-16 23:00:00+00:00,1.565,3.374,1.907,-0.484
2015-01-17 00:00:00+00:00,1.464,3.128,1.642,-0.577
2015-01-17 01:00:00+00:00,1.349,2.89,1.379,-0.66
2015-01-17 02:00:00+00:00,1.239,2.558,1.143,-0.706
2015-01-17 03:00:00+00:00,1.142,2.242,0.906,-0.749
2015-01-17 04:00:00+00:00,0.988,2.04,0.705,-0.791
2015-01-17 05:00:00+00:00,0.841,1.86,0.533,-0.774
2015-01-17 06:00:00+00:00,0.69,1.804,0.388,-0.719
2015-01-17 07:00:00+00:00,0.638,1.851,0.294,-0.627
2015-01-17 08:00:00+00:00,1.091,2.234,0.381,-0.497
2015-01-17 09:00:00+00:00,1.685,2.96,0.694,-0.23
2015-01-17 10:00:00+00:00,2.442,3.602,1.05,0.087
2015-01-17 11:00:00+00:00,3.095,4.096,1.318,0.331
2015-01-17 12:00:00+00:00,3.423,4.324,1.425,0.374
2015-01-17 13:00:00+00:00,3.328,4.172,1.353,0.17
2015-01-17 14:00:00+00:00,2.453,3.614,1.184,-0.368
2015-01-17 15:00:00+00:00,0.725,2.954,1.078,-0.506
2015-01-17 16:00:00+00:00,0.014,2.607,1.033,-0.497
2015-01-17 17:00:00+00:00,-0.39,2.381,1.034,-0.548
2015-01-17 18:00:00+00:00,-0.799,2.272,1.034,-0.503
2015-01-17 19:00:00+00:00,-1.152,2.215,1.026,-0.547
2015-01-17 20:00:00+00:00,-1.415,2.136,1.004,-0.635
2015-01-17 21:00:00+00:00,-1.607,1.933,1.006,-0.719
2015-01-17 22:00:00+00:00,-1.797,1.852,1.025,-0.817
2015-01-17 23:00:00+00:00,-1.893,1.734,0.99,-0.955
2015-01-18 00:00:00+00:00,-1.876,1.501,0.904,-1.085
2015-01-18 01:00:00+00:00,-1.8,1.426,0.789,-1.203
2015-01-18 02:00:00+00:00,-1.737,1.412,0.686,-1.324
2015-01-18 03:00:00+00:00,-1.628,1.335,0.512,-1.501
2015-01-18 04:00:00+00:00,-1.538,1.301,0.371,-1.714
2015-01-18 05:00:00+00:00,-1.504,1.276,0.232,-1.933
2015-01-18 06:00:00+00:00,-1.534,1.25,0.102,-2.19
2015-01-18 07:00:00+00:00,-1.349,1.339,0.028,-2.306
2015-01-18 08:00:00+00:00,-0.441,1.615,0.123,-2.329
2015-01-18 09:00:00+00:00,0.71,1.969,0.349,-2.142
2015-01-18 10:00:00+00:00,1.773,2.284,0.602,-1.838
2015-01-18 11:00:00+00:00,2.484,2.516,0.755,-1.606
2015-01-18 12:00:00+00:00,2.793,2.637,0.726,-1.569
2015-01-18 13:00:00+00:00,2.616,2.581,0.473,-1.834
2015-01-18 14:00:00+00:00,1.54,2.196,-0.002,-2.276
2015-01-18 15:00:00+00:00,-0.327,1.788,-0.341,-2.63
2015-01-18 16:00:00+00:00,-1.0,1.762,-0.549,-2.871
2015-01-18 17:00:00+00:00,-1.328,1.694,-0.696,-3.038
2015-01-18 18:00:00+00:00,-1.706,1.576,-0.832,-3.29
2015-01-18 19:00:00+00:00,-2.057,1.382,-0.937,-3.614
2015-01-18 20:00:00+00:00,-2.367,1.213,-1.116,-3.93
2015-01-18 21:00:00+00:00,-2.599,1.076,-1.258,-4.228
2015-01-18 22:00:00+00:00,-2.766,0.956,-1.365,-4.502
2015-01-18 23:00:00+00:00,-2.889,0.892,-1.483,-4.776
2015-01-19 00:00:00+00:00,-2.938,0.843,-1.562,-5.037
2015-01-19 01:00:00+00:00,-2.976,0.738,-1.599,-5.317
2015-01-19 02:00:00+00:00,-2.975,0.653,-1.65,-5.533
2015-01-19 03:00:00+00:00,-2.887,0.576,-1.701,-5.662
2015-01-19 04:00:00+00:00,-2.759,0.513,-1.77,-5.75
2015-01-19 05:00:00+00:00,-2.679,0.496,-1.846,-5.816
2015-01-19 06:00:00+00:00,-2.642,0.47,-1.836,-5.8
2015-01-19 07:00:00+00:00,-2.307,0.458,-1.875,-5.692
2015-01-19 08:00:00+00:00,-1.062,0.739,-1.713,-5.521
2015-01-19 09:00:00+00:00,0.124,1.152,-1.423,-5.145
2015-01-19 10:00:00+00:00,1.113,1.494,-1.16,-4.696
2015-01-19 11:00:00+00:00,1.788,1.71,-1.005,-4.274
2015-01-19 12:00:00+00:00,2.028,1.757,-1.036,-3.996
2015-01-19 13:00:00+00:00,1.763,1.613,-1.261,-4.008
2015-01-19 14:00:00+00:00,0.772,1.25,-1.616,-4.328
2015-01-19 15:00:00+00:00,-0.46,0.974,-1.841,-4.7
2015-01-19 16:00:00+00:00,-0.921,0.973,-1.968,-4.872
2015-01-19 17:00:00+00:00,-1.142,0.94,-2.056,-4.956
2015-01-19 18:00:00+00:00,-1.324,0.924,-2.134,-4.947
2015-01-19 19:00:00+00:00,-1.468,0.928,-2.196,-4.986
2015-01-19 20:00:00+00:00,-1.575,0.934,-2.221,-5.056
2015-01-19 21:00:00+00:00,-1.634,0.982,-2.127,-5.115
2015-01-19 22:00:00+00:00,-1.667,0.993,-1.997,-5.131
2015-01-19 23:00:00+00:00,-1.73,0.96,-1.924,-5.235
2015-01-20 00:00:00+00:00,-1.781,0.836,-1.832,-5.357
2015-01-20 01:00:00+00:00,-1.833,0.791,-1.726,-5.438
2015-01-20 02:00:00+00:00,-1.878,0.798,-1.621,-5.475
2015-01-20 03:00:00+00:00,-1.875,0.758,-1.57,-5.512
2015-01-20 04:00:00+00:00,-1.899,0.689,-1.688,-5.546
2015-01-20 05:00:00+00:00,-1.942,0.661,-1.71,-5.498
2015-01-20 06:00:00+00:00,-1.983,0.645,-1.719,-5.412
2015-01-20 07:00:00+00:00,-1.822,0.597,-1.718,-5.366
2015-01-20 08:00:00+00:00,-0.989,0.714,-1.602,-5.262
2015-01-20 09:00:00+00:00,-0.056,0.871,-1.346,-4.918
2015-01-20 10:00:00+00:00,0.643,0.972,-1.089,-4.453
2015-01-20 11:00:00+00:00,1.076,1.054,-0.951,-4.036
2015-01-20 12:00:00+00:00,1.231,1.118,-0.975,-3.737
2015-01-20 13:00:00+00:00,1.108,1.102,-1.144,-3.672
2015-01-20 14:00:00+00:00,0.414,0.891,-1.372,-3.812
2015-01-20 15:00:00+00:00,-0.818,0.649,-1.508,-3.978
2015-01-20 16:00:00+00:00,-1.305,0.569,-1.555,-4.068
2015-01-20 17:00:00+00:00,-1.513,0.455,-1.559,-4.096
2015-01-20 18:00:00+00:00,-1.741,0.326,-1.56,-4.147
2015-01-20 19:00:00+00:00,-1.97,0.187,-1.57,-4.168
2015-01-20 20:00:00+00:00,-2.188,0.106,-1.607,-4.2
2015-01-20 21:00:00+00:00,-2.358,0.094,-1.641,-4.209
2015-01-20 22:00:00+00:00,-2.545,0.107,-1.667,-4.197
2015-01-20 23:00:00+00:00,-2.765,0.102,-1.714,-4.148
2015-01-21 00:00:00+00:00,-2.966,0.055,-1.755,-4.107
2015-01-21 01:00:00+00:00,-3.104,-0.034,-1.79,-4.066
2015-01-21 02:00:00+00:00,-3.178,-0.121,-1.821,-4.067
2015-01-21 03:00:00+00:00,-3.226,-0.172,-1.833,-4.115
2015-01-21 04:00:00+00:00,-3.255,-0.18,-1.869,-4.182
2015-01-21 05:00:00+00:00,-3.254,-0.213,-1.892,-4.24
2015-01-21 06:00:00+00:00,-3.246,-0.229,-1.877,-4.306
2015-01-21 07:00:00+00:00,-2.891,-0.239,-1.835,-4.327
2015-01-21 08:00:00+00:00,-1.693,0.225,-1.621,-4.279
2015-01-21 09:00:00+00:00,-0.466,0.85,-1.324,-4.053
2015-01-21 10:00:00+00:00,0.54,1.222,-1.052,-3.754
2015-01-21 11:00:00+00:00,1.208,1.409,-0.873,-3.514
2015-01-21 12:00:00+00:00,1.502,1.395,-0.867,-3.421
2015-01-21 13:00:00+00:00,1.378,1.107,-1.038,-3.562
2015-01-21 14:00:00+00:00,0.416,0.324,-1.403,-3.897
2015-01-21 15:00:00+00:00,-1.336,-0.174,-1.632,-4.138
2015-01-21 16:00:00+00:00,-1.855,-0.2,-1.716,-4.308
2015-01-21 17:00:00+00:00,-1.937,-0.244,-1.822,-4.475
2015-01-21 18:00:00+00:00,-2.084,-0.244,-1.936,-4.633
2015-01-21 19:00:00+00:00,-2.219,-0.178,-1.999,-4.791
2015-01-21 20:00:00+00:00,-2.321,-0.09,-2.054,-4.919
2015-01-21 21:00:00+00:00,-2.321,-0.056,-2.127,-5.044
2015-01-21 22:00:00+00:00,-2.356,-0.106,-2.231,-5.167
2015-01-21 23:00:00+00:00,-2.402,-0.211,-2.347,-5.283
2015-01-22 00:00:00+00:00,-2.464,-0.309,-2.46,-5.39
2015-01-22 01:00:00+00:00,-2.475,-0.427,-2.558,-5.481
2015-01-22 02:00:00+00:00,-2.461,-0.501,-2.647,-5.569
2015-01-22 03:00:00+00:00,-2.47,-0.543,-2.759,-5.656
2015-01-22 04:00:00+00:00,-2.552,-0.562,-2.902,-5.758
2015-01-22 05:00:00+00:00,-2.62,-0.56,-3.033,-5.872
2015-01-22 06:00:00+00:00,-2.644,-0.55,-3.118,-6.003
2015-01-22 07:00:00+00:00,-2.38,-0.53,-3.155,-6.153
2015-01-22 08:00:00+00:00,-1.494,0.006,-2.898,-6.242
2015-01-22 09:00:00+00:00,-0.497,0.771,-2.322,-6.061
2015-01-22 10:00:00+00:00,0.41,1.297,-1.839,-5.67
2015-01-22 11:00:00+00:00,1.019,1.626,-1.574,-5.308
2015-01-22 12:00:00+00:00,1.257,1.698,-1.528,-5.189
2015-01-22 13:00:00+00:00,1.126,1.279,-1.853,-5.374
2015-01-22 14:00:00+00:00,0.475,0.224,-2.531,-5.885
2015-01-22 15:00:00+00:00,-0.61,-0.55,-2.987,-6.515
2015-01-22 16:00:00+00:00,-1.084,-0.797,-3.224,-7.1
2015-01-22 17:00:00+00:00,-1.304,-0.953,-3.387,-7.632
2015-01-22 18:00:00+00:00,-1.564,-1.029,-3.542,-8.19
2015-01-22 19:00:00+00:00,-1.81,-1.04,-3.665,-8.676
2015-01-22 20:00:00+00:00,-1.987,-1.028,-3.784,-9.069
2015-01-22 21:00:00+00:00,-2.066,-0.978,-3.87,-9.343
2015-01-22 22:00:00+00:00,-2.092,-0.944,-4.011,-9.572
2015-01-22 23:00:00+00:00,-2.11,-0.935,-4.186,-9.859
2015-01-23 00:00:00+00:00,-2.161,-0.94,-4.353,-10.316
2015-01-23 01:00:00+00:00,-2.294,-0.95,-4.525,-10.709
2015-01-23 02:00:00+00:00,-2.421,-0.967,-4.692,-10.979
2015-01-23 03:00:00+00:00,-2.54,-1.057,-4.904,-11.14
2015-01-23 04:00:00+00:00,-2.628,-1.154,-5.069,-11.125
2015-01-23 05:00:00+00:00,-2.705,-1.249,-5.216,-11.066
2015-01-23 06:00:00+00:00,-2.802,-1.364,-5.418,-10.959
2015-01-23 07:00:00+00:00,-2.623,-1.4,-5.554,-10.787
2015-01-23 08:00:00+00:00,-1.681,-0.999,-5.216,-10.436
2015-01-23 09:00:00+00:00,-0.813,-0.54,-4.641,-9.643
2015-01-23 10:00:00+00:00,-0.11,-0.061,-4.158,-8.614
2015-01-23 11:00:00+00:00,0.454,0.339,-3.893,-7.751
2015-01-23 12:00:00+00:00,0.778,0.6,-3.832,-7.167
2015-01-23 13:00:00+00:00,0.73,0.556,-4.143,-6.805
2015-01-23 14:00:00+00:00,0.06,0.0,-5.0,-6.795
2015-01-23 15:00:00+00:00,-1.379,-0.45,-5.742,-6.766
2015-01-23 16:00:00+00:00,-2.047,-0.443,-6.054,-6.238
2015-01-23 17:00:00+00:00,-2.348,-0.513,-6.179,-5.448
2015-01-23 18:00:00+00:00,-2.697,-0.619,-6.18,-4.659
2015-01-23 19:00:00+00:00,-3.046,-0.765,-6.122,-3.894
2015-01-23 20:00:00+00:00,-3.267,-0.972,-6.064,-3.261
2015-01-23 21:00:00+00:00,-3.37,-1.123,-5.864,-2.864
2015-01-23 22:00:00+00:00,-3.423,-1.19,-5.565,-2.574
2015-01-23 23:00:00+00:00,-3.476,-1.164,-5.204,-2.333
2015-01-24 00:00:00+00:00,-3.549,-1.097,-4.669,-2.096
2015-01-24 01:00:00+00:00,-3.638,-1.038,-4.18,-1.885
2015-01-24 02:00:00+00:00,-3.702,-0.986,-3.879,-1.785
2015-01-24 03:00:00+00:00,-3.691,-0.943,-3.695,-1.752
2015-01-24 04:00:00+00:00,-3.703,-0.914,-3.561,-1.792
2015-01-24 05:00:00+00:00,-3.715,-0.85,-3.431,-1.854
2015-01-24 06:00:00+00:00,-3.717,-0.769,-3.284,-1.889
2015-01-24 07:00:00+00:00,-3.374,-0.602,-3.144,-1.884
2015-01-24 08:00:00+00:00,-2.281,-0.314,-2.88,-1.79
2015-01-24 09:00:00+00:00,-1.332,0.069,-2.546,-1.557
2015-01-24 10:00:00+00:00,-0.602,0.525,-2.22,-1.274
2015-01-24 11:00:00+00:00,-0.049,0.971,-1.934,-1.034
2015-01-24 12:00:00+00:00,0.306,1.32,-1.724,-0.898
2015-01-24 13:00:00+00:00,0.399,1.465,-1.629,-0.902
2015-01-24 14:00:00+00:00,0.034,1.361,-1.62,-1.069
2015-01-24 15:00:00+00:00,-0.75,1.154,-1.588,-1.336
2015-01-24 16:00:00+00:00,-0.989,1.12,-1.5,-1.532
2015-01-24 17:00:00+00:00,-1.008,1.137,-1.437,-1.744
2015-01-24 18:00:00+00:00,-1.069,1.125,-1.405,-1.967
2015-01-24 19:00:00+00:00,-1.131,1.216,-1.408,-2.331
2015-01-24 20:00:00+00:00,-1.172,1.303,-1.419,-2.792
2015-01-24 21:00:00+00:00,-1.173,1.332,-1.502,-3.21
2015-01-24 22:00:00+00:00,-1.142,1.336,-1.669,-3.671
2015-01-24 23:00:00+00:00,-1.119,1.305,-1.782,-4.159
2015-01-25 00:00:00+00:00,-1.091,1.235,-1.913,-4.467
2015-01-25 01:00:00+00:00,-1.059,1.103,-2.042,-4.755
2015-01-25 02:00:00+00:00,-1.063,0.953,-2.223,-5.067
2015-01-25 03:00:00+00:00,-1.111,0.789,-2.44,-5.457
2015-01-25 04:00:00+00:00,-1.192,0.603,-2.633,-5.836
2015-01-25 05:00:00+00:00,-1.228,0.363,-2.8,-6.103
2015-01-25 06:00:00+00:00,-1.234,0.134,-3.0,-6.307
2015-01-25 07:00:00+00:00,-1.027,0.064,-3.231,-6.565
2015-01-25 08:00:00+00:00,-0.34,0.879,-2.858,-6.409
2015-01-25 09:00:00+00:00,0.389,1.745,-2.133,-5.593
2015-01-25 10:00:00+00:00,1.009,2.277,-1.641,-4.545
2015-01-25 11:00:00+00:00,1.386,2.624,-1.365,-3.733
2015-01-25 12:00:00+00:00,1.542,2.734,-1.354,-3.242
2015-01-25 13:00:00+00:00,1.442,2.413,-1.944,-2.98
2015-01-25 14:00:00+00:00,0.994,1.537,-3.12,-3.319
2015-01-25 15:00:00+00:00,0.192,1.079,-3.93,-4.201
2015-01-25 16:00:00+00:00,-0.181,1.177,-4.252,-4.783
2015-01-25 17:00:00+00:00,-0.25,1.165,-4.502,-4.65
2015-01-25 18:00:00+00:00,-0.302,1.097,-4.739,-4.202
2015-01-25 19:00:00+00:00,-0.371,1.007,-4.876,-3.687
2015-01-25 20:00:00+00:00,-0.435,0.985,-4.773,-3.208
2015-01-25 21:00:00+00:00,-0.502,0.914,-4.624,-2.555
2015-01-25 22:00:00+00:00,-0.602,0.849,-4.454,-1.889
2015-01-25 23:00:00+00:00,-0.715,0.909,-4.256,-1.282
2015-01-26 00:00:00+00:00,-0.795,1.064,-3.961,-0.689
2015-01-26 01:00:00+00:00,-0.856,1.257,-3.789,-0.176
2015-01-26 02:00:00+00:00,-0.895,1.499,-3.693,0.155
2015-01-26 03:00:00+00:00,-0.928,1.685,-3.636,0.42
2015-01-26 04:00:00+00:00,-0.992,1.788,-3.421,0.627
2015-01-26 05:00:00+00:00,-1.062,1.816,-3.005,0.713
2015-01-26 06:00:00+00:00,-1.127,1.795,-2.506,0.715
2015-01-26 07:00:00+00:00,-0.865,1.853,-2.057,0.674
2015-01-26 08:00:00+00:00,-0.131,1.943,-1.674,0.625
2015-01-26 09:00:00+00:00,0.567,1.987,-1.269,0.683
2015-01-26 10:00:00+00:00,1.124,2.134,-0.871,0.776
2015-01-26 11:00:00+00:00,1.442,2.237,-0.566,0.836
2015-01-26 12:00:00+00:00,1.545,2.247,-0.372,0.809
2015-01-26 13:00:00+00:00,1.43,2.251,-0.266,0.645
2015-01-26 14:00:00+00:00,1.167,2.277,-0.206,0.33
2015-01-26 15:00:00+00:00,0.793,2.269,-0.145,-0.387
2015-01-26 16:00:00+00:00,0.715,2.207,-0.105,-1.019
2015-01-26 17:00:00+00:00,0.647,2.135,-0.104,-1.382
2015-01-26 18:00:00+00:00,0.568,2.071,-0.161,-1.642
2015-01-26 19:00:00+00:00,0.475,2.112,-0.226,-1.769
2015-01-26 20:00:00+00:00,0.417,2.217,-0.262,-1.964
2015-01-26 21:00:00+00:00,0.367,2.24,-0.317,-2.24
2015-01-26 22:00:00+00:00,0.446,2.188,-0.418,-2.496
2015-01-26 23:00:00+00:00,0.534,2.097,-0.525,-2.744
2015-01-27 00:00:00+00:00,0.592,1.98,-0.671,-2.969
2015-01-27 01:00:00+00:00,0.526,1.855,-0.774,-3.312
2015-01-27 02:00:00+00:00,0.411,1.744,-0.969,-3.69
2015-01-27 03:00:00+00:00,0.33,1.716,-1.395,-4.023
2015-01-27 04:00:00+00:00,0.139,1.752,-1.76,-4.22
2015-01-27 05:00:00+00:00,-0.01,1.755,-1.919,-4.333
2015-01-27 06:00:00+00:00,-0.059,1.652,-2.277,-4.614
2015-01-27 07:00:00+00:00,0.086,1.558,-2.677,-4.952
2015-01-27 08:00:00+00:00,0.613,1.886,-2.429,-4.763
2015-01-27 09:00:00+00:00,1.17,2.304,-1.866,-3.757
2015-01-27 10:00:00+00:00,1.684,2.681,-1.364,-2.503
2015-01-27 11:00:00+00:00,2.051,3.007,-0.987,-1.545
2015-01-27 12:00:00+00:00,2.222,3.116,-0.898,-1.093
2015-01-27 13:00:00+00:00,2.16,2.894,-1.232,-1.151
2015-01-27 14:00:00+00:00,1.744,1.991,-2.167,-1.897
2015-01-27 15:00:00+00:00,0.822,0.604,-3.067,-2.614
2015-01-27 16:00:00+00:00,0.308,0.196,-3.547,-2.602
2015-01-27 17:00:00+00:00,0.148,0.353,-3.948,-1.987
2015-01-27 18:00:00+00:00,0.088,0.805,-4.234,-1.316
2015-01-27 19:00:00+00:00,0.036,1.206,-4.334,-0.865
2015-01-27 20:00:00+00:00,-0.088,1.248,-4.341,-0.542
2015-01-27 21:00:00+00:00,-0.237,1.292,-4.21,-0.348
2015-01-27 22:00:00+00:00,-0.337,1.441,-4.181,-0.239
2015-01-27 23:00:00+00:00,-0.386,1.669,-4.036,-0.123
2015-01-28 00:00:00+00:00,-0.407,1.941,-3.694,0.033
2015-01-28 01:00:00+00:00,-0.422,2.159,-3.297,0.189
2015-01-28 02:00:00+00:00,-0.431,2.422,-2.924,0.345
2015-01-28 03:00:00+00:00,-0.436,2.702,-2.499,0.44
2015-01-28 04:00:00+00:00,-0.44,2.898,-2.016,0.522
2015-01-28 05:00:00+00:00,-0.421,3.003,-1.44,0.589
2015-01-28 06:00:00+00:00,-0.423,3.05,-0.848,0.667
2015-01-28 07:00:00+00:00,-0.143,3.07,-0.4,0.737
2015-01-28 08:00:00+00:00,0.598,3.153,0.003,0.802
2015-01-28 09:00:00+00:00,1.483,3.317,0.378,0.872
2015-01-28 10:00:00+00:00,2.26,3.439,0.619,0.923
2015-01-28 11:00:00+00:00,2.768,3.478,0.751,0.882
2015-01-28 12:00:00+00:00,2.914,3.442,0.832,0.761
2015-01-28 13:00:00+00:00,2.756,3.383,0.86,0.552
2015-01-28 14:00:00+00:00,2.348,3.273,0.838,0.4
2015-01-28 15:00:00+00:00,1.607,3.054,0.82,0.323
2015-01-28 16:00:00+00:00,1.003,2.813,0.817,0.254
2015-01-28 17:00:00+00:00,0.903,2.613,0.798,0.152
2015-01-28 18:00:00+00:00,0.916,2.61,0.728,0.057
2015-01-28 19:00:00+00:00,0.835,2.489,0.621,-0.046
2015-01-28 20:00:00+00:00,0.699,2.267,0.498,-0.167
2015-01-28 21:00:00+00:00,0.519,2.301,0.472,-0.353
2015-01-28 22:00:00+00:00,0.317,2.513,0.61,-0.576
2015-01-28 23:00:00+00:00,0.028,2.551,0.755,-0.771
2015-01-29 00:00:00+00:00,-0.206,2.36,0.815,-0.93
2015-01-29 01:00:00+00:00,-0.448,2.137,0.838,-1.124
2015-01-29 02:00:00+00:00,-0.707,1.884,0.836,-1.328
2015-01-29 03:00:00+00:00,-0.932,1.617,0.739,-1.453
2015-01-29 04:00:00+00:00,-1.125,1.444,0.594,-1.633
2015-01-29 05:00:00+00:00,-1.251,1.304,0.476,-1.838
2015-01-29 06:00:00+00:00,-1.337,1.249,0.388,-2.078
2015-01-29 07:00:00+00:00,-0.978,1.24,0.41,-2.293
2015-01-29 08:00:00+00:00,-0.05,1.38,0.521,-2.33
2015-01-29 09:00:00+00:00,0.84,1.635,0.635,-2.007
2015-01-29 10:00:00+00:00,1.497,1.924,0.693,-1.63
2015-01-29 11:00:00+00:00,1.914,2.056,0.698,-1.369
2015-01-29 12:00:00+00:00,2.088,2.04,0.666,-1.255
2015-01-29 13:00:00+00:00,2.041,1.896,0.574,-1.258
2015-01-29 14:00:00+00:00,1.694,1.597,0.443,-1.437
2015-01-29 15:00:00+00:00,1.018,1.15,0.285,-1.756
2015-01-29 16:00:00+00:00,0.494,0.901,0.127,-1.975
2015-01-29 17:00:00+00:00,0.261,0.783,-0.029,-2.096
2015-01-29 18:00:00+00:00,0.194,0.668,-0.193,-2.225
2015-01-29 19:00:00+00:00,0.17,0.55,-0.359,-2.281
2015-01-29 20:00:00+00:00,0.11,0.461,-0.505,-2.243
2015-01-29 21:00:00+00:00,0.024,0.503,-0.601,-2.174
2015-01-29 22:00:00+00:00,-0.058,0.591,-0.679,-2.085
2015-01-29 23:00:00+00:00,-0.179,0.612,-0.772,-2.008
2015-01-30 00:00:00+00:00,-0.321,0.583,-0.902,-2.007
2015-01-30 01:00:00+00:00,-0.489,0.511,-0.952,-2.001
2015-01-30 02:00:00+00:00,-0.687,0.266,-1.02,-2.024
2015-01-30 03:00:00+00:00,-0.924,-0.073,-1.097,-2.09
2015-01-30 04:00:00+00:00,-1.166,-0.254,-1.126,-2.183
2015-01-30 05:00:00+00:00,-1.404,-0.301,-1.134,-2.275
2015-01-30 06:00:00+00:00,-1.644,-0.297,-1.133,-2.339
2015-01-30 07:00:00+00:00,-1.618,-0.039,-1.055,-2.35
2015-01-30 08:00:00+00:00,-1.091,0.744,-0.747,-2.243
2015-01-30 09:00:00+00:00,-0.441,1.23,-0.437,-1.959
2015-01-30 10:00:00+00:00,0.117,1.567,-0.208,-1.684
2015-01-30 11:00:00+00:00,0.485,1.728,-0.068,-1.495
2015-01-30 12:00:00+00:00,0.659,1.787,-0.054,-1.433
2015-01-30 13:00:00+00:00,0.603,1.655,-0.233,-1.53
2015-01-30 14:00:00+00:00,0.149,1.063,-0.609,-1.785
2015-01-30 15:00:00+00:00,-1.243,0.303,-0.995,-2.067
2015-01-30 16:00:00+00:00,-2.441,0.068,-1.158,-2.257
2015-01-30 17:00:00+00:00,-2.833,-0.074,-1.241,-2.412
2015-01-30 18:00:00+00:00,-2.999,-0.192,-1.347,-2.62
2015-01-30 19:00:00+00:00,-3.066,-0.243,-1.445,-2.882
2015-01-30 20:00:00+00:00,-3.076,-0.318,-1.496,-3.152
2015-01-30 21:00:00+00:00,-3.015,-0.494,-1.501,-3.46
2015-01-30 22:00:00+00:00,-2.903,-0.721,-1.543,-3.84
2015-01-30 23:00:00+00:00,-2.797,-0.87,-1.57,-4.249
2015-01-31 00:00:00+00:00,-2.677,-0.929,-1.565,-4.624
2015-01-31 01:00:00+00:00,-2.576,-0.904,-1.56,-4.921
2015-01-31 02:00:00+00:00,-2.498,-0.974,-1.608,-5.189
2015-01-31 03:00:00+00:00,-2.48,-1.012,-1.638,-5.304
2015-01-31 04:00:00+00:00,-2.527,-1.025,-1.647,-5.27
2015-01-31 05:00:00+00:00,-2.63,-0.979,-1.623,-5.24
2015-01-31 06:00:00+00:00,-2.776,-0.901,-1.618,-5.234
2015-01-31 07:00:00+00:00,-2.453,-0.641,-1.568,-5.235
2015-01-31 08:00:00+00:00,-1.32,0.233,-1.166,-4.938
2015-01-31 09:00:00+00:00,-0.169,0.945,-0.753,-4.313
2015-01-31 10:00:00+00:00,0.665,1.449,-0.446,-3.61
2015-01-31 11:00:00+00:00,1.158,1.751,-0.269,-3.05
2015-01-31 12:00:00+00:00,1.38,1.869,-0.202,-2.77
2015-01-31 13:00:00+00:00,1.35,1.719,-0.25,-2.826
2015-01-31 14:00:00+00:00,0.876,1.01,-0.453,-3.221
2015-01-31 15:00:00+00:00,-0.531,0.036,-0.723,-3.792
2015-01-31 16:00:00+00:00,-1.589,-0.191,-0.868,-4.204
2015-01-31 17:00:00+00:00,-1.965,-0.235,-0.952,-4.497
2015-01-31 18:00:00+00:00,-2.312,-0.204,-1.011,-4.697
2015-01-31 19:00:00+00:00,-2.635,-0.252,-1.055,-4.915
2015-01-31 20:00:00+00:00,-2.95,-0.225,-1.085,-5.209
2015-01-31 21:00:00+00:00,-3.154,-0.222,-1.118,-5.552
2015-01-31 22:00:00+00:00,-3.317,-0.292,-1.143,-5.868
2015-01-31 23:00:00+00:00,-3.461,-0.291,-1.185,-6.102
2015-02-01 00:00:00+00:00,-3.628,-0.282,-1.238,-6.276
2015-02-01 01:00:00+00:00,-3.803,-0.296,-1.295,-6.409
2015-02-01 02:00:00+00:00,-3.902,-0.321,-1.355,-6.5
2015-02-01 03:00:00+00:00,-3.977,-0.305,-1.406,-6.478
2015-02-01 04:00:00+00:00,-4.052,-0.365,-1.483,-6.426
2015-02-01 05:00:00+00:00,-4.081,-0.42,-1.576,-6.4
2015-02-01 06:00:00+00:00,-4.075,-0.425,-1.69,-6.395
2015-02-01 07:00:00+00:00,-3.517,-0.19,-1.761,-6.412
2015-02-01 08:00:00+00:00,-1.919,0.495,-1.716,-6.34
2015-02-01 09:00:00+00:00,-0.477,1.116,-1.621,-5.99
2015-02-01 10:00:00+00:00,0.469,1.54,-1.513,-5.492
2015-02-01 11:00:00+00:00,0.939,1.766,-1.474,-5.084
2015-02-01 12:00:00+00:00,1.108,1.834,-1.515,-4.834
2015-02-01 13:00:00+00:00,1.035,1.677,-1.692,-4.799
2015-02-01 14:00:00+00:00,0.539,1.182,-2.014,-4.988
2015-02-01 15:00:00+00:00,-0.814,0.293,-2.465,-5.311
2015-02-01 16:00:00+00:00,-1.73,-0.252,-2.879,-5.507
2015-02-01 17:00:00+00:00,-1.837,-0.552,-3.256,-5.653
2015-02-01 18:00:00+00:00,-1.884,-0.781,-3.606,-5.803
2015-02-01 19:00:00+00:00,-1.935,-0.864,-3.92,-5.951
2015-02-01 20:00:00+00:00,-1.993,-0.944,-4.231,-6.085
2015-02-01 21:00:00+00:00,-1.98,-0.96,-4.528,-6.211
2015-02-01 22:00:00+00:00,-1.951,-1.0,-4.799,-6.303
2015-02-01 23:00:00+00:00,-1.949,-1.07,-5.034,-6.344
2015-02-02 00:00:00+00:00,-1.939,-1.135,-5.262,-6.369
2015-02-02 01:00:00+00:00,-1.948,-1.254,-5.493,-6.377
2015-02-02 02:00:00+00:00,-1.972,-1.364,-5.697,-6.415
2015-02-02 03:00:00+00:00,-1.964,-1.478,-5.865,-6.417
2015-02-02 04:00:00+00:00,-1.961,-1.488,-6.011,-6.415
2015-02-02 05:00:00+00:00,-1.946,-1.449,-6.12,-6.375
2015-02-02 06:00:00+00:00,-1.917,-1.41,-6.164,-6.352
2015-02-02 07:00:00+00:00,-1.579,-1.263,-6.11,-6.325
2015-02-02 08:00:00+00:00,-0.776,-0.943,-5.783,-6.093
2015-02-02 09:00:00+00:00,-0.013,-0.776,-5.394,-5.638
2015-02-02 10:00:00+00:00,0.541,-0.685,-5.084,-5.018
2015-02-02 11:00:00+00:00,0.869,-0.635,-4.866,-4.527
2015-02-02 12:00:00+00:00,1.016,-0.615,-4.776,-4.279
2015-02-02 13:00:00+00:00,0.932,-0.66,-4.842,-4.277
2015-02-02 14:00:00+00:00,0.497,-0.85,-5.078,-4.582
2015-02-02 15:00:00+00:00,-0.565,-1.152,-5.42,-5.142
2015-02-02 16:00:00+00:00,-1.555,-1.266,-5.706,-5.537
2015-02-02 17:00:00+00:00,-1.975,-1.304,-5.936,-5.745
2015-02-02 18:00:00+00:00,-2.27,-1.358,-6.149,-5.918
2015-02-02 19:00:00+00:00,-2.527,-1.424,-6.34,-6.053
2015-02-02 20:00:00+00:00,-2.763,-1.504,-6.49,-6.198
2015-02-02 21:00:00+00:00,-2.925,-1.596,-6.552,-6.306
2015-02-02 22:00:00+00:00,-3.02,-1.677,-6.531,-6.423
2015-02-02 23:00:00+00:00,-3.128,-1.771,-6.488,-6.596
2015-02-03 00:00:00+00:00,-3.286,-1.877,-6.437,-6.783
2015-02-03 01:00:00+00:00,-3.461,-1.983,-6.411,-6.951
2015-02-03 02:00:00+00:00,-3.635,-2.085,-6.401,-7.107
2015-02-03 03:00:00+00:00,-3.791,-2.168,-6.422,-7.202
2015-02-03 04:00:00+00:00,-3.948,-2.206,-6.445,-7.288
2015-02-03 05:00:00+00:00,-4.105,-2.225,-6.353,-7.362
2015-02-03 06:00:00+00:00,-4.242,-2.228,-6.279,-7.489
2015-02-03 07:00:00+00:00,-3.934,-2.118,-6.15,-7.574
2015-02-03 08:00:00+00:00,-2.697,-1.722,-5.756,-7.145
2015-02-03 09:00:00+00:00,-1.301,-1.363,-5.306,-6.196
2015-02-03 10:00:00+00:00,-0.23,-1.084,-4.89,-5.361
2015-02-03 11:00:00+00:00,0.37,-0.868,-4.559,-4.669
2015-02-03 12:00:00+00:00,0.605,-0.72,-4.41,-4.246
2015-02-03 13:00:00+00:00,0.547,-0.674,-4.49,-4.225
2015-02-03 14:00:00+00:00,0.077,-0.78,-4.843,-4.893
2015-02-03 15:00:00+00:00,-1.376,-1.12,-5.376,-5.978
2015-02-03 16:00:00+00:00,-2.724,-1.458,-5.774,-6.566
2015-02-03 17:00:00+00:00,-3.311,-1.768,-6.077,-6.882
2015-02-03 18:00:00+00:00,-3.81,-2.051,-6.305,-7.126
2015-02-03 19:00:00+00:00,-4.196,-2.31,-6.534,-7.263
2015-02-03 20:00:00+00:00,-4.457,-2.551,-6.705,-7.384
2015-02-03 21:00:00+00:00,-4.67,-2.793,-6.914,-7.617
2015-02-03 22:00:00+00:00,-4.901,-3.008,-7.12,-7.864
2015-02-03 23:00:00+00:00,-5.146,-3.184,-7.316,-8.07
2015-02-04 00:00:00+00:00,-5.354,-3.401,-7.446,-8.335
2015-02-04 01:00:00+00:00,-5.599,-3.601,-7.436,-8.727
2015-02-04 02:00:00+00:00,-5.874,-3.734,-7.435,-9.275
2015-02-04 03:00:00+00:00,-6.118,-3.831,-7.392,-9.764
2015-02-04 04:00:00+00:00,-6.319,-3.868,-7.269,-10.108
2015-02-04 05:00:00+00:00,-6.463,-3.862,-7.133,-10.386
2015-02-04 06:00:00+00:00,-6.521,-3.85,-6.934,-10.628
2015-02-04 07:00:00+00:00,-5.948,-3.592,-6.694,-10.723
2015-02-04 08:00:00+00:00,-4.129,-2.651,-5.998,-10.141
2015-02-04 09:00:00+00:00,-2.35,-1.821,-5.221,-8.741
2015-02-04 10:00:00+00:00,-1.185,-1.131,-4.646,-7.35
2015-02-04 11:00:00+00:00,-0.535,-0.7,-4.168,-6.463
2015-02-04 12:00:00+00:00,-0.272,-0.499,-3.864,-5.982
2015-02-04 13:00:00+00:00,-0.322,-0.506,-3.839,-6.052
2015-02-04 14:00:00+00:00,-0.843,-0.743,-4.127,-6.885
2015-02-04 15:00:00+00:00,-2.464,-1.208,-4.561,-7.971
2015-02-04 16:00:00+00:00,-3.944,-1.468,-4.849,-8.576
2015-02-04 17:00:00+00:00,-4.492,-1.609,-5.102,-8.983
2015-02-04 18:00:00+00:00,-4.837,-1.729,-5.342,-9.291
2015-02-04 19:00:00+00:00,-5.147,-1.839,-5.646,-9.545
2015-02-04 20:00:00+00:00,-5.422,-1.904,-6.006,-9.909
2015-02-04 21:00:00+00:00,-5.63,-1.959,-6.304,-10.238
2015-02-04 22:00:00+00:00,-5.768,-2.003,-6.558,-10.581
2015-02-04 23:00:00+00:00,-5.833,-2.086,-6.776,-10.939
2015-02-05 00:00:00+00:00,-5.883,-2.207,-7.101,-11.342
2015-02-05 01:00:00+00:00,-5.887,-2.301,-7.438,-11.426
2015-02-05 02:00:00+00:00,-5.836,-2.384,-7.761,-11.34
2015-02-05 03:00:00+00:00,-5.77,-2.417,-7.976,-11.249
2015-02-05 04:00:00+00:00,-5.721,-2.401,-8.102,-11.14
2015-02-05 05:00:00+00:00,-5.68,-2.289,-8.188,-10.9
2015-02-05 06:00:00+00:00,-5.613,-2.203,-8.299,-10.636
2015-02-05 07:00:00+00:00,-5.058,-1.826,-8.125,-10.216
2015-02-05 08:00:00+00:00,-3.575,-0.868,-7.154,-9.273
2015-02-05 09:00:00+00:00,-2.121,-0.153,-6.114,-7.871
2015-02-05 10:00:00+00:00,-1.319,0.47,-5.118,-6.452
2015-02-05 11:00:00+00:00,-0.92,0.9,-4.272,-5.468
2015-02-05 12:00:00+00:00,-0.736,1.113,-3.774,-4.911
2015-02-05 13:00:00+00:00,-0.79,1.064,-3.721,-4.574
2015-02-05 14:00:00+00:00,-1.198,0.422,-4.132,-4.701
2015-02-05 15:00:00+00:00,-2.182,-0.628,-4.796,-5.182
2015-02-05 16:00:00+00:00,-3.03,-1.058,-5.049,-5.224
2015-02-05 17:00:00+00:00,-3.389,-1.314,-5.036,-4.994
2015-02-05 18:00:00+00:00,-3.806,-1.524,-4.963,-4.836
2015-02-05 19:00:00+00:00,-4.308,-1.672,-4.934,-4.655
2015-02-05 20:00:00+00:00,-4.75,-1.765,-4.888,-4.485
2015-02-05 21:00:00+00:00,-5.081,-1.866,-4.8,-4.424
2015-02-05 22:00:00+00:00,-5.312,-2.007,-4.7,-4.42
2015-02-05 23:00:00+00:00,-5.416,-2.236,-4.612,-4.445
2015-02-06 00:00:00+00:00,-5.526,-2.53,-4.478,-4.405
2015-02-06 01:00:00+00:00,-5.687,-2.747,-4.31,-4.4
2015-02-06 02:00:00+00:00,-5.836,-2.903,-4.142,-4.352
2015-02-06 03:00:00+00:00,-5.884,-2.986,-3.947,-4.212
2015-02-06 04:00:00+00:00,-5.909,-3.032,-3.768,-4.004
2015-02-06 05:00:00+00:00,-5.912,-2.999,-3.636,-3.864
2015-02-06 06:00:00+00:00,-5.885,-2.888,-3.494,-3.834
2015-02-06 07:00:00+00:00,-5.296,-2.275,-3.157,-3.749
2015-02-06 08:00:00+00:00,-4.06,-0.815,-2.381,-3.031
2015-02-06 09:00:00+00:00,-2.888,0.261,-1.523,-1.934
2015-02-06 10:00:00+00:00,-1.861,1.135,-0.71,-0.948
2015-02-06 11:00:00+00:00,-1.046,1.818,-0.145,-0.302
2015-02-06 12:00:00+00:00,-0.612,2.164,0.114,0.052
2015-02-06 13:00:00+00:00,-0.592,2.219,0.156,0.166
2015-02-06 14:00:00+00:00,-1.113,1.919,-0.014,-0.063
2015-02-06 15:00:00+00:00,-2.542,1.24,-0.349,-0.633
2015-02-06 16:00:00+00:00,-4.055,1.008,-0.505,-1.284
2015-02-06 17:00:00+00:00,-4.86,1.164,-0.589,-1.532
2015-02-06 18:00:00+00:00,-5.542,1.349,-0.724,-1.611
2015-02-06 19:00:00+00:00,-6.172,1.491,-0.856,-1.555
2015-02-06 20:00:00+00:00,-6.695,1.61,-0.988,-1.556
2015-02-06 21:00:00+00:00,-7.046,1.778,-1.199,-1.669
2015-02-06 22:00:00+00:00,-7.291,1.884,-1.423,-1.705
2015-02-06 23:00:00+00:00,-7.499,1.945,-1.675,-1.655
2015-02-07 00:00:00+00:00,-7.695,2.026,-1.844,-1.615
2015-02-07 01:00:00+00:00,-7.879,2.147,-1.904,-1.544
2015-02-07 02:00:00+00:00,-8.032,2.235,-1.976,-1.39
2015-02-07 03:00:00+00:00,-8.161,2.337,-2.066,-1.015
2015-02-07 04:00:00+00:00,-8.248,2.425,-2.201,-1.085
2015-02-07 05:00:00+00:00,-8.285,2.493,-2.288,-1.107
2015-02-07 06:00:00+00:00,-8.289,2.579,-2.29,-1.0
2015-02-07 07:00:00+00:00,-7.373,2.759,-2.076,-0.864
2015-02-07 08:00:00+00:00,-5.312,3.139,-1.396,-0.325
2015-02-07 09:00:00+00:00,-3.322,3.592,-0.675,0.075
2015-02-07 10:00:00+00:00,-1.654,3.937,-0.164,0.363
2015-02-07 11:00:00+00:00,-0.335,4.149,0.221,0.349
2015-02-07 12:00:00+00:00,0.355,4.319,0.497,0.21
2015-02-07 13:00:00+00:00,0.588,4.446,0.609,-0.152
2015-02-07 14:00:00+00:00,0.394,4.372,0.5,-0.7
2015-02-07 15:00:00+00:00,-0.648,4.02,0.206,-1.38
2015-02-07 16:00:00+00:00,-1.702,3.651,-0.141,-1.866
2015-02-07 17:00:00+00:00,-1.854,3.34,-0.502,-2.243
2015-02-07 18:00:00+00:00,-1.852,3.017,-0.831,-2.522
2015-02-07 19:00:00+00:00,-1.834,2.676,-1.082,-2.764
2015-02-07 20:00:00+00:00,-1.809,2.309,-1.394,-2.996
2015-02-07 21:00:00+00:00,-1.679,1.867,-1.833,-3.239
2015-02-07 22:00:00+00:00,-1.423,1.542,-2.227,-3.526
2015-02-07 23:00:00+00:00,-1.173,1.278,-2.566,-3.802
2015-02-08 00:00:00+00:00,-1.011,1.056,-2.908,-4.032
2015-02-08 01:00:00+00:00,-0.999,0.856,-3.213,-4.218
2015-02-08 02:00:00+00:00,-1.079,0.63,-3.462,-4.352
2015-02-08 03:00:00+00:00,-1.178,0.35,-3.722,-4.355
2015-02-08 04:00:00+00:00,-1.317,0.116,-3.958,-4.22
2015-02-08 05:00:00+00:00,-1.482,-0.004,-4.16,-4.163
2015-02-08 06:00:00+00:00,-1.638,-0.086,-4.365,-4.26
2015-02-08 07:00:00+00:00,-1.272,0.177,-4.364,-4.449
2015-02-08 08:00:00+00:00,-0.264,0.889,-3.945,-3.849
2015-02-08 09:00:00+00:00,0.721,1.618,-3.283,-2.727
2015-02-08 10:00:00+00:00,1.307,2.27,-2.618,-1.745
2015-02-08 11:00:00+00:00,1.499,2.755,-2.091,-1.004
2015-02-08 12:00:00+00:00,1.47,3.011,-1.789,-0.467
2015-02-08 13:00:00+00:00,1.229,3.001,-1.796,-0.062
2015-02-08 14:00:00+00:00,0.635,2.489,-2.098,0.19
2015-02-08 15:00:00+00:00,-0.793,1.659,-2.453,0.181
2015-02-08 16:00:00+00:00,-2.386,1.538,-2.427,0.181
2015-02-08 17:00:00+00:00,-2.926,1.74,-2.187,0.314
2015-02-08 18:00:00+00:00,-3.171,2.006,-1.879,0.444
2015-02-08 19:00:00+00:00,-3.361,2.329,-1.538,0.501
2015-02-08 20:00:00+00:00,-3.457,2.721,-1.149,0.508
2015-02-08 21:00:00+00:00,-3.454,3.059,-0.823,0.428
2015-02-08 22:00:00+00:00,-3.211,3.288,-0.643,0.333
2015-02-08 23:00:00+00:00,-2.902,3.414,-0.455,0.336
2015-02-09 00:00:00+00:00,-2.629,3.446,-0.224,0.343
2015-02-09 01:00:00+00:00,-2.345,3.437,-0.001,0.292
2015-02-09 02:00:00+00:00,-2.074,3.383,0.092,0.23
2015-02-09 03:00:00+00:00,-1.763,3.37,0.132,0.25
2015-02-09 04:00:00+00:00,-1.47,3.341,0.161,0.162
2015-02-09 05:00:00+00:00,-1.218,3.265,0.188,0.135
2015-02-09 06:00:00+00:00,-0.973,3.139,0.205,0.426
2015-02-09 07:00:00+00:00,-0.523,3.163,0.291,0.796
2015-02-09 08:00:00+00:00,0.158,3.548,0.552,1.241
2015-02-09 09:00:00+00:00,0.894,4.042,0.911,1.561
2015-02-09 10:00:00+00:00,1.547,4.59,1.271,1.775
2015-02-09 11:00:00+00:00,2.055,5.173,1.626,1.954
2015-02-09 12:00:00+00:00,2.387,5.543,1.85,2.062
2015-02-09 13:00:00+00:00,2.478,5.531,1.832,2.074
2015-02-09 14:00:00+00:00,2.334,4.988,1.466,2.011
2015-02-09 15:00:00+00:00,1.919,3.888,0.975,1.885
2015-02-09 16:00:00+00:00,1.481,3.45,0.873,1.688
2015-02-09 17:00:00+00:00,1.367,3.379,0.851,1.441
2015-02-09 18:00:00+00:00,1.21,3.345,0.829,1.217
2015-02-09 19:00:00+00:00,1.112,3.268,0.756,1.073
2015-02-09 20:00:00+00:00,1.056,3.118,0.678,0.97
2015-02-09 21:00:00+00:00,1.021,3.077,0.671,0.886
2015-02-09 22:00:00+00:00,0.969,3.134,0.604,0.8
2015-02-09 23:00:00+00:00,0.919,3.241,0.541,0.509
2015-02-10 00:00:00+00:00,0.866,3.324,0.494,0.205
2015-02-10 01:00:00+00:00,0.832,3.371,0.456,0.057
2015-02-10 02:00:00+00:00,0.806,3.407,0.411,-0.105
2015-02-10 03:00:00+00:00,0.76,3.399,0.367,-0.177
2015-02-10 04:00:00+00:00,0.669,3.332,0.309,-0.26
2015-02-10 05:00:00+00:00,0.598,3.255,0.235,-0.316
2015-02-10 06:00:00+00:00,0.537,3.169,0.14,-0.205
2015-02-10 07:00:00+00:00,1.012,3.24,0.289,0.145
2015-02-10 08:00:00+00:00,1.867,3.587,0.702,0.837
2015-02-10 09:00:00+00:00,2.596,4.009,1.043,1.641
2015-02-10 10:00:00+00:00,3.263,4.441,1.314,1.945
2015-02-10 11:00:00+00:00,3.701,4.897,1.547,2.111
2015-02-10 12:00:00+00:00,3.966,5.229,1.692,2.208
2015-02-10 13:00:00+00:00,3.994,5.344,1.675,2.194
2015-02-10 14:00:00+00:00,3.606,5.159,1.446,2.05
2015-02-10 15:00:00+00:00,2.551,4.397,1.064,1.825
2015-02-10 16:00:00+00:00,1.539,3.563,0.898,1.642
2015-02-10 17:00:00+00:00,1.155,3.265,0.706,1.368
2015-02-10 18:00:00+00:00,0.866,3.061,0.486,1.2
2015-02-10 19:00:00+00:00,0.554,2.761,0.31,1.122
2015-02-10 20:00:00+00:00,0.261,2.475,0.15,1.053
2015-02-10 21:00:00+00:00,-0.011,2.343,0.069,0.894
2015-02-10 22:00:00+00:00,-0.2,2.297,-0.001,0.629
2015-02-10 23:00:00+00:00,-0.299,2.233,-0.121,0.305
2015-02-11 00:00:00+00:00,-0.338,2.152,-0.177,-0.135
2015-02-11 01:00:00+00:00,-0.374,2.067,-0.238,-0.521
2015-02-11 02:00:00+00:00,-0.475,2.021,-0.475,-0.812
2015-02-11 03:00:00+00:00,-0.673,2.025,-0.784,-1.063
2015-02-11 04:00:00+00:00,-0.861,2.097,-0.891,-1.219
2015-02-11 05:00:00+00:00,-1.029,2.158,-0.914,-1.404
2015-02-11 06:00:00+00:00,-1.154,2.16,-1.034,-1.504
2015-02-11 07:00:00+00:00,-0.267,2.348,-0.682,-1.379
2015-02-11 08:00:00+00:00,1.131,2.535,0.028,-0.508
2015-02-11 09:00:00+00:00,2.016,2.64,0.654,0.447
2015-02-11 10:00:00+00:00,2.661,2.882,1.062,1.101
2015-02-11 11:00:00+00:00,3.251,3.139,1.286,1.321
2015-02-11 12:00:00+00:00,3.674,3.346,1.373,1.391
2015-02-11 13:00:00+00:00,3.812,3.329,1.303,1.335
2015-02-11 14:00:00+00:00,3.447,3.077,1.082,1.181
2015-02-11 15:00:00+00:00,1.774,2.487,0.756,0.904
2015-02-11 16:00:00+00:00,-0.259,1.992,0.532,0.623
2015-02-11 17:00:00+00:00,-1.002,1.74,0.396,0.466
2015-02-11 18:00:00+00:00,-1.454,1.431,0.307,0.285
2015-02-11 19:00:00+00:00,-1.78,1.254,0.264,0.06
2015-02-11 20:00:00+00:00,-2.034,1.065,0.218,-0.16
2015-02-11 21:00:00+00:00,-2.205,0.897,0.161,-0.357
2015-02-11 22:00:00+00:00,-2.28,0.72,0.104,-0.554
2015-02-11 23:00:00+00:00,-2.337,0.562,0.031,-0.758
2015-02-12 00:00:00+00:00,-2.393,0.439,-0.055,-0.966
2015-02-12 01:00:00+00:00,-2.488,0.353,-0.145,-1.175
2015-02-12 02:00:00+00:00,-2.628,0.319,-0.202,-1.429
2015-02-12 03:00:00+00:00,-2.784,0.303,-0.207,-1.732
2015-02-12 04:00:00+00:00,-2.966,0.337,-0.192,-2.133
2015-02-12 05:00:00+00:00,-3.109,0.366,-0.182,-2.459
2015-02-12 06:00:00+00:00,-3.114,0.402,-0.151,-2.741
2015-02-12 07:00:00+00:00,-2.122,0.995,0.089,-2.939
2015-02-12 08:00:00+00:00,-0.608,1.779,0.444,-2.542
2015-02-12 09:00:00+00:00,0.792,2.181,0.756,-1.597
2015-02-12 10:00:00+00:00,1.882,2.523,1.016,-0.694
2015-02-12 11:00:00+00:00,2.746,2.775,1.197,-0.112
2015-02-12 12:00:00+00:00,3.316,2.907,1.274,0.304
2015-02-12 13:00:00+00:00,3.452,2.878,1.207,0.466
2015-02-12 14:00:00+00:00,2.984,2.561,0.905,0.095
2015-02-12 15:00:00+00:00,1.174,1.505,0.256,-0.757
2015-02-12 16:00:00+00:00,-0.727,0.728,-0.194,-1.358
2015-02-12 17:00:00+00:00,-1.409,0.479,-0.513,-1.637
2015-02-12 18:00:00+00:00,-1.734,0.288,-0.741,-1.733
2015-02-12 19:00:00+00:00,-1.981,0.158,-0.93,-1.766
2015-02-12 20:00:00+00:00,-2.204,0.043,-1.123,-1.924
2015-02-12 21:00:00+00:00,-2.3,-0.072,-1.284,-2.171
2015-02-12 22:00:00+00:00,-2.382,-0.163,-1.392,-2.428
2015-02-12 23:00:00+00:00,-2.503,-0.229,-1.499,-2.593
2015-02-13 00:00:00+00:00,-2.635,-0.283,-1.614,-2.661
2015-02-13 01:00:00+00:00,-2.769,-0.322,-1.744,-2.694
2015-02-13 02:00:00+00:00,-2.906,-0.303,-1.836,-2.67
2015-02-13 03:00:00+00:00,-3.065,-0.237,-1.857,-2.692
2015-02-13 04:00:00+00:00,-3.257,-0.23,-1.831,-2.696
2015-02-13 05:00:00+00:00,-3.432,-0.235,-1.831,-2.552
2015-02-13 06:00:00+00:00,-3.511,-0.225,-1.896,-2.552
2015-02-13 07:00:00+00:00,-2.359,0.339,-1.454,-2.433
2015-02-13 08:00:00+00:00,-0.579,0.929,-0.762,-2.045
2015-02-13 09:00:00+00:00,1.122,1.316,-0.253,-1.423
2015-02-13 10:00:00+00:00,2.565,1.62,0.118,-0.829
2015-02-13 11:00:00+00:00,3.727,1.824,0.351,-0.46
2015-02-13 12:00:00+00:00,4.44,1.917,0.422,-0.258
2015-02-13 13:00:00+00:00,4.62,1.795,0.3,-0.217
2015-02-13 14:00:00+00:00,3.99,1.47,-0.045,-0.349
2015-02-13 15:00:00+00:00,1.882,0.745,-0.715,-0.63
2015-02-13 16:00:00+00:00,-0.136,0.22,-1.032,-0.822
2015-02-13 17:00:00+00:00,-0.583,0.093,-1.174,-0.91
2015-02-13 18:00:00+00:00,-0.809,-0.031,-1.29,-0.966
2015-02-13 19:00:00+00:00,-0.93,-0.053,-1.381,-0.991
2015-02-13 20:00:00+00:00,-1.031,-0.05,-1.496,-0.982
2015-02-13 21:00:00+00:00,-1.14,-0.114,-1.602,-0.991
2015-02-13 22:00:00+00:00,-1.277,-0.175,-1.681,-0.96
2015-02-13 23:00:00+00:00,-1.437,-0.185,-1.76,-1.002
2015-02-14 00:00:00+00:00,-1.549,-0.172,-1.882,-1.105
2015-02-14 01:00:00+00:00,-1.643,-0.135,-2.095,-1.249
2015-02-14 02:00:00+00:00,-1.717,-0.112,-2.268,-1.482
2015-02-14 03:00:00+00:00,-1.783,-0.134,-2.423,-1.711
2015-02-14 04:00:00+00:00,-1.879,-0.073,-2.519,-1.949
2015-02-14 05:00:00+00:00,-1.972,0.003,-2.573,-2.229
2015-02-14 06:00:00+00:00,-1.994,0.127,-2.573,-2.462
2015-02-14 07:00:00+00:00,-0.983,0.671,-2.209,-2.573
2015-02-14 08:00:00+00:00,0.465,1.269,-1.602,-2.184
2015-02-14 09:00:00+00:00,2.041,1.818,-0.908,-1.396
2015-02-14 10:00:00+00:00,3.623,2.351,-0.235,-0.765
2015-02-14 11:00:00+00:00,4.767,2.794,0.264,-0.262
2015-02-14 12:00:00+00:00,5.418,3.048,0.51,0.07
2015-02-14 13:00:00+00:00,5.532,3.017,0.419,0.065
2015-02-14 14:00:00+00:00,4.843,2.572,-0.097,-0.393
2015-02-14 15:00:00+00:00,2.842,1.709,-1.126,-1.492
2015-02-14 16:00:00+00:00,0.746,1.305,-1.615,-2.402
2015-02-14 17:00:00+00:00,0.171,1.302,-1.906,-2.821
2015-02-14 18:00:00+00:00,-0.235,1.241,-2.104,-3.143
2015-02-14 19:00:00+00:00,-0.614,1.167,-2.206,-3.514
2015-02-14 20:00:00+00:00,-0.976,1.136,-2.248,-3.809
2015-02-14 21:00:00+00:00,-1.285,1.17,-2.161,-3.936
2015-02-14 22:00:00+00:00,-1.524,1.183,-2.125,-4.019
2015-02-14 23:00:00+00:00,-1.786,1.14,-2.15,-4.11
2015-02-15 00:00:00+00:00,-2.091,1.087,-2.178,-4.179
2015-02-15 01:00:00+00:00,-2.361,1.043,-2.311,-4.173
2015-02-15 02:00:00+00:00,-2.606,1.028,-2.504,-4.134
2015-02-15 03:00:00+00:00,-2.726,0.995,-2.764,-4.172
2015-02-15 04:00:00+00:00,-2.826,0.978,-3.099,-4.262
2015-02-15 05:00:00+00:00,-2.929,1.018,-3.529,-4.365
2015-02-15 06:00:00+00:00,-2.905,1.151,-3.759,-4.43
2015-02-15 07:00:00+00:00,-1.729,1.57,-3.219,-4.314
2015-02-15 08:00:00+00:00,-0.099,2.195,-2.126,-3.845
2015-02-15 09:00:00+00:00,1.514,2.691,-1.191,-3.131
2015-02-15 10:00:00+00:00,2.928,3.028,-0.518,-2.403
2015-02-15 11:00:00+00:00,4.0,3.262,-0.106,-1.805
2015-02-15 12:00:00+00:00,4.628,3.353,0.025,-1.444
2015-02-15 13:00:00+00:00,4.76,3.258,-0.167,-1.337
2015-02-15 14:00:00+00:00,4.198,2.959,-0.782,-1.505
2015-02-15 15:00:00+00:00,2.39,2.503,-1.849,-1.939
2015-02-15 16:00:00+00:00,0.419,2.161,-2.717,-2.331
2015-02-15 17:00:00+00:00,0.087,1.996,-3.263,-2.523
2015-02-15 18:00:00+00:00,-0.24,1.856,-3.631,-2.614
2015-02-15 19:00:00+00:00,-0.544,1.736,-3.993,-2.614
2015-02-15 20:00:00+00:00,-0.801,1.654,-4.253,-2.647
2015-02-15 21:00:00+00:00,-1.056,1.627,-4.499,-2.743
2015-02-15 22:00:00+00:00,-1.299,1.591,-4.737,-2.875
2015-02-15 23:00:00+00:00,-1.496,1.452,-4.974,-3.068
2015-02-16 00:00:00+00:00,-1.626,1.261,-5.169,-3.286
2015-02-16 01:00:00+00:00,-1.681,1.061,-5.303,-3.524
2015-02-16 02:00:00+00:00,-1.71,0.877,-5.373,-3.764
2015-02-16 03:00:00+00:00,-1.729,0.716,-5.384,-3.914
2015-02-16 04:00:00+00:00,-1.79,0.579,-5.345,-3.951
2015-02-16 05:00:00+00:00,-1.876,0.485,-5.286,-3.925
2015-02-16 06:00:00+00:00,-1.851,0.439,-5.134,-3.917
2015-02-16 07:00:00+00:00,-0.817,0.635,-4.246,-3.72
2015-02-16 08:00:00+00:00,0.578,0.963,-3.032,-3.22
2015-02-16 09:00:00+00:00,2.024,1.214,-2.175,-2.639
2015-02-16 10:00:00+00:00,3.223,1.432,-1.494,-2.129
2015-02-16 11:00:00+00:00,4.159,1.612,-1.009,-1.746
2015-02-16 12:00:00+00:00,4.738,1.724,-0.725,-1.532
2015-02-16 13:00:00+00:00,4.872,1.757,-0.671,-1.514
2015-02-16 14:00:00+00:00,4.32,1.682,-0.883,-1.738
2015-02-16 15:00:00+00:00,2.313,1.463,-1.298,-2.173
2015-02-16 16:00:00+00:00,-0.057,1.251,-1.566,-2.551
2015-02-16 17:00:00+00:00,-0.794,1.234,-1.701,-2.749
2015-02-16 18:00:00+00:00,-1.198,1.187,-1.819,-2.706
2015-02-16 19:00:00+00:00,-1.38,1.012,-1.935,-2.477
2015-02-16 20:00:00+00:00,-1.51,0.776,-2.034,-2.351
2015-02-16 21:00:00+00:00,-1.561,0.543,-2.088,-2.26
2015-02-16 22:00:00+00:00,-1.575,0.342,-2.149,-2.151
2015-02-16 23:00:00+00:00,-1.607,0.1,-2.249,-2.069
2015-02-17 00:00:00+00:00,-1.655,-0.168,-2.33,-1.968
2015-02-17 01:00:00+00:00,-1.683,-0.352,-2.492,-1.842
2015-02-17 02:00:00+00:00,-1.679,-0.491,-2.607,-1.678
2015-02-17 03:00:00+00:00,-1.692,-0.636,-2.684,-1.475
2015-02-17 04:00:00+00:00,-1.74,-0.716,-2.737,-1.254
2015-02-17 05:00:00+00:00,-1.759,-0.783,-2.776,-1.048
2015-02-17 06:00:00+00:00,-1.652,-0.739,-2.735,-0.851
2015-02-17 07:00:00+00:00,-0.78,-0.096,-2.081,-0.581
2015-02-17 08:00:00+00:00,0.239,0.473,-1.208,-0.252
2015-02-17 09:00:00+00:00,1.344,0.955,-0.488,0.021
2015-02-17 10:00:00+00:00,2.405,1.462,-0.003,0.284
2015-02-17 11:00:00+00:00,3.326,1.993,0.259,0.562
2015-02-17 12:00:00+00:00,3.915,2.524,0.319,0.782
2015-02-17 13:00:00+00:00,4.035,2.921,0.236,0.899
2015-02-17 14:00:00+00:00,3.588,2.957,0.047,0.923
2015-02-17 15:00:00+00:00,2.133,2.196,-0.18,0.88
2015-02-17 16:00:00+00:00,0.718,1.225,-0.234,0.871
2015-02-17 17:00:00+00:00,0.466,1.175,-0.161,0.9
2015-02-17 18:00:00+00:00,0.314,1.161,-0.09,0.919
2015-02-17 19:00:00+00:00,0.089,1.186,-0.062,0.932
2015-02-17 20:00:00+00:00,-0.19,1.345,-0.004,0.913
2015-02-17 21:00:00+00:00,-0.396,1.501,0.117,0.81
2015-02-17 22:00:00+00:00,-0.455,1.519,0.239,0.684
2015-02-17 23:00:00+00:00,-0.438,1.572,0.437,0.605
2015-02-18 00:00:00+00:00,-0.383,1.638,0.691,0.521
2015-02-18 01:00:00+00:00,-0.44,1.809,0.888,0.375
2015-02-18 02:00:00+00:00,-0.606,2.032,1.014,0.165
2015-02-18 03:00:00+00:00,-0.764,2.215,1.128,0.011
2015-02-18 04:00:00+00:00,-0.895,2.315,1.223,-0.01
2015-02-18 05:00:00+00:00,-1.027,2.357,1.214,0.037
2015-02-18 06:00:00+00:00,-1.032,2.397,1.165,0.1
2015-02-18 07:00:00+00:00,-0.296,2.591,1.277,0.263
2015-02-18 08:00:00+00:00,0.795,2.978,1.597,0.716
2015-02-18 09:00:00+00:00,1.99,3.607,1.991,1.229
2015-02-18 10:00:00+00:00,3.168,4.412,2.312,1.569
2015-02-18 11:00:00+00:00,4.249,5.09,2.512,1.779
2015-02-18 12:00:00+00:00,4.901,5.423,2.573,1.93
2015-02-18 13:00:00+00:00,5.009,5.447,2.534,2.021
2015-02-18 14:00:00+00:00,4.468,5.208,2.417,2.058
2015-02-18 15:00:00+00:00,2.62,4.825,2.257,2.07
2015-02-18 16:00:00+00:00,0.122,4.488,2.157,2.096
2015-02-18 17:00:00+00:00,-0.561,4.318,2.116,2.131
2015-02-18 18:00:00+00:00,-0.839,4.235,2.109,2.131
2015-02-18 19:00:00+00:00,-1.024,4.2,2.136,2.13
2015-02-18 20:00:00+00:00,-1.134,4.148,2.192,2.151
2015-02-18 21:00:00+00:00,-1.304,4.108,2.284,2.16
2015-02-18 22:00:00+00:00,-1.516,4.062,2.374,2.153
2015-02-18 23:00:00+00:00,-1.677,3.984,2.441,2.166
2015-02-19 00:00:00+00:00,-1.811,3.865,2.495,2.142
2015-02-19 01:00:00+00:00,-1.955,3.7,2.548,2.117
2015-02-19 02:00:00+00:00,-2.066,3.513,2.594,2.111
2015-02-19 03:00:00+00:00,-2.162,3.319,2.633,2.15
2015-02-19 04:00:00+00:00,-2.184,3.101,2.666,2.22
2015-02-19 05:00:00+00:00,-2.219,2.943,2.69,2.3
2015-02-19 06:00:00+00:00,-2.127,2.859,2.718,2.386
2015-02-19 07:00:00+00:00,-1.255,3.147,2.872,2.526
2015-02-19 08:00:00+00:00,0.061,3.619,3.112,2.71
2015-02-19 09:00:00+00:00,1.411,3.986,3.323,2.803
2015-02-19 10:00:00+00:00,2.633,4.254,3.48,2.865
2015-02-19 11:00:00+00:00,3.579,4.461,3.576,2.891
2015-02-19 12:00:00+00:00,4.161,4.554,3.586,2.884
2015-02-19 13:00:00+00:00,4.313,4.508,3.473,2.824
2015-02-19 14:00:00+00:00,3.861,4.236,3.243,2.681
2015-02-19 15:00:00+00:00,2.332,3.813,2.96,2.471
2015-02-19 16:00:00+00:00,0.072,3.446,2.726,2.25
2015-02-19 17:00:00+00:00,-0.566,3.276,2.567,2.114
2015-02-19 18:00:00+00:00,-0.98,3.117,2.422,1.999
2015-02-19 19:00:00+00:00,-1.41,2.91,2.269,1.912
2015-02-19 20:00:00+00:00,-1.714,2.725,2.14,1.861
2015-02-19 21:00:00+00:00,-1.889,2.613,2.041,1.817
2015-02-19 22:00:00+00:00,-2.025,2.572,1.964,1.757
2015-02-19 23:00:00+00:00,-2.073,2.623,1.894,1.66
2015-02-20 00:00:00+00:00,-2.021,2.751,1.873,1.556
2015-02-20 01:00:00+00:00,-1.941,2.789,1.84,1.466
2015-02-20 02:00:00+00:00,-1.841,2.74,1.807,1.381
2015-02-20 03:00:00+00:00,-1.725,2.601,1.788,1.31
2015-02-20 04:00:00+00:00,-1.638,2.335,1.757,1.237
2015-02-20 05:00:00+00:00,-1.515,2.029,1.696,1.151
2015-02-20 06:00:00+00:00,-1.138,1.779,1.658,0.989
2015-02-20 07:00:00+00:00,0.321,1.743,1.798,0.995
2015-02-20 08:00:00+00:00,2.219,1.856,2.044,1.215
2015-02-20 09:00:00+00:00,4.121,1.92,2.245,1.504
2015-02-20 10:00:00+00:00,5.79,1.969,2.318,1.753
2015-02-20 11:00:00+00:00,6.906,2.156,2.285,1.929
2015-02-20 12:00:00+00:00,7.479,2.421,2.146,1.978
2015-02-20 13:00:00+00:00,7.468,2.855,1.966,1.876
2015-02-20 14:00:00+00:00,6.736,3.226,1.765,1.642
2015-02-20 15:00:00+00:00,5.049,3.386,1.535,1.292
2015-02-20 16:00:00+00:00,3.348,3.332,1.372,0.963
2015-02-20 17:00:00+00:00,2.966,3.217,1.228,0.801
2015-02-20 18:00:00+00:00,2.808,3.042,1.067,0.664
2015-02-20 19:00:00+00:00,2.644,2.904,0.976,0.508
2015-02-20 20:00:00+00:00,2.465,2.852,0.898,0.322
2015-02-20 21:00:00+00:00,2.332,2.773,0.806,0.131
2015-02-20 22:00:00+00:00,2.171,2.625,0.709,-0.014
2015-02-20 23:00:00+00:00,2.082,2.429,0.604,-0.188
2015-02-21 00:00:00+00:00,1.985,2.289,0.524,-0.426
2015-02-21 01:00:00+00:00,1.872,2.123,0.471,-0.668
2015-02-21 02:00:00+00:00,1.752,1.956,0.424,-0.882
2015-02-21 03:00:00+00:00,1.614,1.838,0.376,-1.054
2015-02-21 04:00:00+00:00,1.486,1.79,0.343,-1.216
2015-02-21 05:00:00+00:00,1.386,1.787,0.326,-1.356
2015-02-21 06:00:00+00:00,1.464,1.789,0.377,-1.486
2015-02-21 07:00:00+00:00,2.091,1.965,0.659,-1.349
2015-02-21 08:00:00+00:00,2.971,2.241,1.06,-0.698
2015-02-21 09:00:00+00:00,3.948,2.492,1.466,-0.087
2015-02-21 10:00:00+00:00,4.824,2.741,1.784,0.351
2015-02-21 11:00:00+00:00,5.253,2.901,1.977,0.683
2015-02-21 12:00:00+00:00,5.313,2.966,2.049,0.905
2015-02-21 13:00:00+00:00,5.126,2.96,1.969,0.932
2015-02-21 14:00:00+00:00,4.589,2.844,1.568,0.695
2015-02-21 15:00:00+00:00,3.383,2.473,0.983,0.052
2015-02-21 16:00:00+00:00,1.788,2.069,0.744,-0.677
2015-02-21 17:00:00+00:00,1.088,1.853,0.499,-1.116
2015-02-21 18:00:00+00:00,0.717,1.797,0.232,-1.412
2015-02-21 19:00:00+00:00,0.408,1.78,0.074,-1.748
2015-02-21 20:00:00+00:00,0.174,1.748,-0.058,-2.241
2015-02-21 21:00:00+00:00,0.077,1.708,-0.101,-2.796
2015-02-21 22:00:00+00:00,0.027,1.609,-0.157,-3.303
2015-02-21 23:00:00+00:00,-0.065,1.519,-0.191,-3.768
2015-02-22 00:00:00+00:00,-0.195,1.473,-0.175,-4.151
2015-02-22 01:00:00+00:00,-0.333,1.386,-0.225,-4.439
2015-02-22 02:00:00+00:00,-0.469,1.379,-0.233,-4.684
2015-02-22 03:00:00+00:00,-0.557,1.339,-0.336,-4.692
2015-02-22 04:00:00+00:00,-0.621,1.413,-0.446,-4.528
2015-02-22 05:00:00+00:00,-0.686,1.518,-0.548,-4.326
2015-02-22 06:00:00+00:00,-0.602,1.635,-0.616,-4.294
2015-02-22 07:00:00+00:00,0.175,1.954,-0.407,-3.981
2015-02-22 08:00:00+00:00,1.177,2.503,0.025,-3.066
2015-02-22 09:00:00+00:00,2.402,3.214,0.551,-1.939
2015-02-22 10:00:00+00:00,3.557,3.928,1.074,-0.914
2015-02-22 11:00:00+00:00,4.251,4.394,1.457,-0.169
2015-02-22 12:00:00+00:00,4.593,4.558,1.677,0.239
2015-02-22 13:00:00+00:00,4.677,4.435,1.689,0.31
2015-02-22 14:00:00+00:00,4.395,4.069,1.462,-0.01
2015-02-22 15:00:00+00:00,3.154,3.431,1.003,-0.93
2015-02-22 16:00:00+00:00,0.966,2.537,0.536,-2.008
2015-02-22 17:00:00+00:00,0.244,2.318,0.283,-2.38
2015-02-22 18:00:00+00:00,0.028,2.212,0.045,-2.712
2015-02-22 19:00:00+00:00,-0.191,2.056,-0.117,-2.932
2015-02-22 20:00:00+00:00,-0.471,1.874,-0.262,-2.939
2015-02-22 21:00:00+00:00,-0.727,1.799,-0.415,-2.836
2015-02-22 22:00:00+00:00,-0.898,1.899,-0.549,-2.499
2015-02-22 23:00:00+00:00,-0.943,2.041,-0.609,-2.118
2015-02-23 00:00:00+00:00,-0.92,2.061,-0.682,-1.678
2015-02-23 01:00:00+00:00,-0.889,1.926,-0.733,-1.443
2015-02-23 02:00:00+00:00,-0.889,1.771,-0.738,-1.361
2015-02-23 03:00:00+00:00,-0.892,1.647,-0.677,-1.279
2015-02-23 04:00:00+00:00,-0.877,1.51,-0.534,-1.13
2015-02-23 05:00:00+00:00,-0.827,1.415,-0.342,-0.973
2015-02-23 06:00:00+00:00,-0.581,1.372,-0.201,-0.772
2015-02-23 07:00:00+00:00,0.113,1.381,0.006,-0.563
2015-02-23 08:00:00+00:00,0.975,1.469,0.264,-0.331
2015-02-23 09:00:00+00:00,1.766,1.796,0.503,-0.147
2015-02-23 10:00:00+00:00,2.34,2.351,0.707,0.003
2015-02-23 11:00:00+00:00,2.681,2.991,0.847,0.16
2015-02-23 12:00:00+00:00,2.901,3.497,0.936,0.283
2015-02-23 13:00:00+00:00,3.008,3.722,1.0,0.329
2015-02-23 14:00:00+00:00,2.926,3.697,1.038,0.276
2015-02-23 15:00:00+00:00,2.58,3.395,1.022,0.126
2015-02-23 16:00:00+00:00,1.926,2.838,0.976,-0.035
2015-02-23 17:00:00+00:00,1.797,2.655,0.979,-0.116
2015-02-23 18:00:00+00:00,1.802,2.561,1.026,-0.133
2015-02-23 19:00:00+00:00,1.707,2.458,1.058,-0.137
2015-02-23 20:00:00+00:00,1.516,2.385,1.068,-0.164
2015-02-23 21:00:00+00:00,1.31,2.321,1.039,-0.191
2015-02-23 22:00:00+00:00,1.131,2.254,0.984,-0.212
2015-02-23 23:00:00+00:00,0.939,2.222,0.914,-0.199
2015-02-24 00:00:00+00:00,0.773,2.211,0.825,-0.195
2015-02-24 01:00:00+00:00,0.679,2.263,0.716,-0.23
2015-02-24 02:00:00+00:00,0.608,2.292,0.589,-0.284
2015-02-24 03:00:00+00:00,0.504,2.216,0.472,-0.306
2015-02-24 04:00:00+00:00,0.337,2.167,0.235,-0.305
2015-02-24 05:00:00+00:00,0.17,2.265,0.172,-0.329
2015-02-24 06:00:00+00:00,0.306,2.305,0.307,-0.33
2015-02-24 07:00:00+00:00,1.175,2.395,0.657,-0.182
2015-02-24 08:00:00+00:00,2.222,2.642,1.081,0.171
2015-02-24 09:00:00+00:00,3.232,3.022,1.496,0.573
2015-02-24 10:00:00+00:00,4.021,3.488,1.852,0.877
2015-02-24 11:00:00+00:00,4.553,3.94,2.096,1.077
2015-02-24 12:00:00+00:00,4.85,4.245,2.163,1.166
2015-02-24 13:00:00+00:00,4.884,4.518,2.13,1.136
2015-02-24 14:00:00+00:00,4.567,4.654,1.989,0.969
2015-02-24 15:00:00+00:00,3.621,4.401,1.78,0.695
2015-02-24 16:00:00+00:00,2.219,3.816,1.592,0.518
2015-02-24 17:00:00+00:00,1.588,3.456,1.432,0.485
2015-02-24 18:00:00+00:00,1.206,3.263,1.368,0.502
2015-02-24 19:00:00+00:00,0.807,3.092,1.316,0.551
2015-02-24 20:00:00+00:00,0.515,2.969,1.274,0.618
2015-02-24 21:00:00+00:00,0.286,2.934,1.205,0.656
2015-02-24 22:00:00+00:00,0.202,2.882,1.126,0.672
2015-02-24 23:00:00+00:00,0.142,2.776,1.114,0.624
2015-02-25 00:00:00+00:00,0.134,2.686,1.121,0.513
2015-02-25 01:00:00+00:00,0.118,2.651,1.179,0.477
2015-02-25 02:00:00+00:00,0.055,2.666,1.291,0.507
2015-02-25 03:00:00+00:00,-0.023,2.622,1.421,0.553
2015-02-25 04:00:00+00:00,-0.184,2.497,1.506,0.573
2015-02-25 05:00:00+00:00,-0.333,2.305,1.528,0.551
2015-02-25 06:00:00+00:00,-0.232,2.151,1.534,0.554
2015-02-25 07:00:00+00:00,0.592,2.229,1.641,0.74
2015-02-25 08:00:00+00:00,1.814,2.537,1.842,1.114
2015-02-25 09:00:00+00:00,3.251,3.028,2.152,1.46
2015-02-25 10:00:00+00:00,4.499,3.614,2.521,1.73
2015-02-25 11:00:00+00:00,5.255,4.077,2.89,1.919
2015-02-25 12:00:00+00:00,5.593,4.367,3.137,2.012
2015-02-25 13:00:00+00:00,5.555,4.475,3.196,1.969
2015-02-25 14:00:00+00:00,5.144,4.292,2.962,1.776
2015-02-25 15:00:00+00:00,3.948,3.603,2.367,1.402
2015-02-25 16:00:00+00:00,2.595,2.449,1.809,0.906
2015-02-25 17:00:00+00:00,2.11,1.985,1.533,0.53
2015-02-25 18:00:00+00:00,1.753,1.645,1.222,0.223
2015-02-25 19:00:00+00:00,1.378,1.407,0.905,-0.007
2015-02-25 20:00:00+00:00,1.031,1.298,0.55,-0.234
2015-02-25 21:00:00+00:00,0.707,1.22,0.403,-0.554
2015-02-25 22:00:00+00:00,0.479,1.155,0.448,-0.858
2015-02-25 23:00:00+00:00,0.331,1.121,0.343,-1.105
2015-02-26 00:00:00+00:00,0.252,1.222,0.198,-1.327
2015-02-26 01:00:00+00:00,0.187,1.31,-0.059,-1.484
2015-02-26 02:00:00+00:00,0.073,1.322,-0.261,-1.55
2015-02-26 03:00:00+00:00,-0.151,1.353,-0.333,-1.474
2015-02-26 04:00:00+00:00,-0.456,1.413,-0.348,-1.203
2015-02-26 05:00:00+00:00,-0.756,1.527,-0.362,-0.897
2015-02-26 06:00:00+00:00,-0.471,1.762,-0.237,-0.682
2015-02-26 07:00:00+00:00,1.354,2.443,0.21,-0.384
2015-02-26 08:00:00+00:00,3.146,3.226,0.961,0.047
2015-02-26 09:00:00+00:00,5.17,4.079,1.859,0.319
2015-02-26 10:00:00+00:00,6.444,4.847,2.727,0.519
2015-02-26 11:00:00+00:00,7.222,5.324,3.253,0.706
2015-02-26 12:00:00+00:00,7.637,5.512,3.443,0.862
2015-02-26 13:00:00+00:00,7.685,5.489,3.374,0.955
2015-02-26 14:00:00+00:00,7.262,5.231,2.963,0.984
2015-02-26 15:00:00+00:00,5.776,4.688,2.182,0.961
2015-02-26 16:00:00+00:00,3.316,4.004,1.401,0.945
2015-02-26 17:00:00+00:00,2.305,3.648,1.035,0.979
2015-02-26 18:00:00+00:00,1.933,3.427,0.808,1.059
2015-02-26 19:00:00+00:00,1.623,3.193,0.699,1.117
2015-02-26 20:00:00+00:00,1.333,2.954,0.599,1.143
2015-02-26 21:00:00+00:00,1.075,2.798,0.53,1.11
2015-02-26 22:00:00+00:00,0.829,2.692,0.485,1.038
2015-02-26 23:00:00+00:00,0.584,2.593,0.462,0.97
2015-02-27 00:00:00+00:00,0.356,2.488,0.398,0.892
2015-02-27 01:00:00+00:00,0.15,2.344,0.381,0.821
2015-02-27 02:00:00+00:00,-0.01,2.178,0.371,0.715
2015-02-27 03:00:00+00:00,-0.128,1.958,0.399,0.558
2015-02-27 04:00:00+00:00,-0.23,1.769,0.42,0.36
2015-02-27 05:00:00+00:00,-0.307,1.655,0.439,0.104
2015-02-27 06:00:00+00:00,0.14,1.735,0.58,-0.102
2015-02-27 07:00:00+00:00,1.175,2.378,0.982,0.136
2015-02-27 08:00:00+00:00,2.305,3.134,1.512,0.685
2015-02-27 09:00:00+00:00,3.591,3.8,2.007,1.157
2015-02-27 10:00:00+00:00,4.534,4.258,2.38,1.545
2015-02-27 11:00:00+00:00,5.127,4.551,2.661,1.823
2015-02-27 12:00:00+00:00,5.372,4.71,2.788,1.976
2015-02-27 13:00:00+00:00,5.31,4.697,2.723,1.996
2015-02-27 14:00:00+00:00,4.929,4.479,2.447,1.838
2015-02-27 15:00:00+00:00,3.894,3.854,1.937,1.405
2015-02-27 16:00:00+00:00,2.41,2.911,1.408,0.63
2015-02-27 17:00:00+00:00,1.587,2.378,1.293,-0.023
2015-02-27 18:00:00+00:00,1.147,1.935,1.259,-0.387
2015-02-27 19:00:00+00:00,0.706,1.527,1.239,-0.785
2015-02-27 20:00:00+00:00,0.273,1.228,1.173,-1.004
2015-02-27 21:00:00+00:00,-0.167,1.115,1.093,-1.186
2015-02-27 22:00:00+00:00,-0.516,1.155,1.016,-1.472
2015-02-27 23:00:00+00:00,-0.736,1.272,0.929,-1.65
2015-02-28 00:00:00+00:00,-0.817,1.293,0.79,-1.838
2015-02-28 01:00:00+00:00,-0.895,1.262,0.632,-2.001
2015-02-28 02:00:00+00:00,-0.966,1.182,0.492,-2.127
2015-02-28 03:00:00+00:00,-1.049,1.122,0.328,-2.245
2015-02-28 04:00:00+00:00,-1.152,1.1,0.159,-2.251
2015-02-28 05:00:00+00:00,-1.291,1.088,0.02,-2.177
2015-02-28 06:00:00+00:00,-1.106,1.182,0.035,-1.929
2015-02-28 07:00:00+00:00,-0.092,1.7,0.186,-1.222
2015-02-28 08:00:00+00:00,1.607,2.445,0.499,-0.297
2015-02-28 09:00:00+00:00,3.238,3.384,1.058,0.47
2015-02-28 10:00:00+00:00,4.295,4.116,1.708,0.971
2015-02-28 11:00:00+00:00,5.019,4.647,2.354,1.241
2015-02-28 12:00:00+00:00,5.474,4.912,2.723,1.416
2015-02-28 13:00:00+00:00,5.656,4.973,2.783,1.5
2015-02-28 14:00:00+00:00,5.423,4.735,2.505,1.533
2015-02-28 15:00:00+00:00,4.388,4.102,1.725,1.5
2015-02-28 16:00:00+00:00,1.956,3.083,0.811,1.43
2015-02-28 17:00:00+00:00,0.801,2.685,0.499,1.363
2015-02-28 18:00:00+00:00,0.241,2.49,0.254,1.304
2015-02-28 19:00:00+00:00,-0.14,2.36,0.102,1.255
2015-02-28 20:00:00+00:00,-0.252,2.306,-0.071,1.206
2015-02-28 21:00:00+00:00,-0.217,2.281,-0.056,1.118
2015-02-28 22:00:00+00:00,-0.165,2.253,-0.008,1.027
2015-02-28 23:00:00+00:00,-0.155,2.217,0.002,0.945
2015-03-01 00:00:00+00:00,-0.149,2.182,0.088,0.894
2015-03-01 01:00:00+00:00,-0.05,2.1,0.116,0.851
2015-03-01 02:00:00+00:00,0.124,1.853,0.163,0.819
2015-03-01 03:00:00+00:00,0.294,1.613,0.213,0.779
2015-03-01 04:00:00+00:00,0.527,1.49,0.219,0.732
2015-03-01 05:00:00+00:00,0.901,1.437,0.208,0.706
2015-03-01 06:00:00+00:00,1.429,1.47,0.348,0.714
2015-03-01 07:00:00+00:00,2.249,1.58,0.781,0.804
2015-03-01 08:00:00+00:00,3.31,1.806,1.264,0.969
2015-03-01 09:00:00+00:00,4.38,2.181,1.644,1.158
2015-03-01 10:00:00+00:00,5.402,2.915,1.84,1.302
2015-03-01 11:00:00+00:00,6.25,3.895,1.944,1.352
2015-03-01 12:00:00+00:00,6.774,4.644,1.962,1.358
2015-03-01 13:00:00+00:00,7.022,5.21,1.952,1.358
2015-03-01 14:00:00+00:00,6.933,5.412,1.95,1.333
2015-03-01 15:00:00+00:00,6.404,5.061,1.886,1.293
2015-03-01 16:00:00+00:00,5.394,4.418,1.75,1.28
2015-03-01 17:00:00+00:00,4.65,4.127,1.735,1.297
2015-03-01 18:00:00+00:00,4.397,3.969,1.775,1.366
2015-03-01 19:00:00+00:00,4.134,3.754,1.778,1.44
2015-03-01 20:00:00+00:00,3.95,3.535,1.74,1.473
2015-03-01 21:00:00+00:00,3.929,3.205,1.705,1.424
2015-03-01 22:00:00+00:00,4.057,2.854,1.662,1.349
2015-03-01 23:00:00+00:00,4.295,2.596,1.597,1.265
2015-03-02 00:00:00+00:00,4.617,2.472,1.562,1.163
2015-03-02 01:00:00+00:00,4.823,2.323,1.499,1.07
2015-03-02 02:00:00+00:00,4.763,2.256,1.466,0.987
2015-03-02 03:00:00+00:00,4.442,2.189,1.473,0.897
2015-03-02 04:00:00+00:00,3.991,2.119,1.479,0.818
2015-03-02 05:00:00+00:00,3.469,2.105,1.491,0.744
2015-03-02 06:00:00+00:00,3.097,2.16,1.587,0.677
2015-03-02 07:00:00+00:00,3.566,2.314,1.808,0.754
2015-03-02 08:00:00+00:00,4.39,2.505,2.084,0.982
2015-03-02 09:00:00+00:00,5.17,2.905,2.348,1.221
2015-03-02 10:00:00+00:00,5.813,3.483,2.641,1.45
2015-03-02 11:00:00+00:00,6.258,4.034,2.963,1.661
2015-03-02 12:00:00+00:00,6.434,4.379,3.215,1.847
2015-03-02 13:00:00+00:00,6.241,4.462,3.238,1.929
2015-03-02 14:00:00+00:00,5.663,4.354,2.953,1.826
2015-03-02 15:00:00+00:00,4.848,3.981,2.255,1.444
2015-03-02 16:00:00+00:00,3.736,3.398,1.635,0.75
2015-03-02 17:00:00+00:00,2.99,3.103,1.353,0.279
2015-03-02 18:00:00+00:00,2.478,2.944,1.039,-0.053
2015-03-02 19:00:00+00:00,2.068,2.863,0.97,-0.439
2015-03-02 20:00:00+00:00,1.695,2.795,0.94,-0.774
2015-03-02 21:00:00+00:00,1.321,2.659,0.9,-1.136
2015-03-02 22:00:00+00:00,0.974,2.419,0.846,-1.499
2015-03-02 23:00:00+00:00,0.634,2.217,0.76,-1.764
2015-03-03 00:00:00+00:00,0.29,2.073,0.729,-2.276
2015-03-03 01:00:00+00:00,-0.014,2.049,0.706,-2.841
2015-03-03 02:00:00+00:00,-0.242,1.956,0.617,-3.275
2015-03-03 03:00:00+00:00,-0.49,1.907,0.527,-3.496
2015-03-03 04:00:00+00:00,-0.699,1.86,0.481,-3.633
2015-03-03 05:00:00+00:00,-0.876,1.815,0.45,-3.682
2015-03-03 06:00:00+00:00,-0.49,1.868,0.563,-3.626
2015-03-03 07:00:00+00:00,1.061,2.428,0.847,-2.83
2015-03-03 08:00:00+00:00,3.108,3.314,1.237,-1.351
2015-03-03 09:00:00+00:00,4.787,4.186,1.703,-0.257
2015-03-03 10:00:00+00:00,5.782,4.699,2.146,0.559
2015-03-03 11:00:00+00:00,6.378,4.923,2.457,1.058
2015-03-03 12:00:00+00:00,6.663,4.874,2.605,1.29
2015-03-03 13:00:00+00:00,6.657,4.668,2.549,1.3
2015-03-03 14:00:00+00:00,6.371,4.293,2.291,1.042
2015-03-03 15:00:00+00:00,5.641,3.654,1.778,0.297
2015-03-03 16:00:00+00:00,4.208,2.724,1.164,-0.817
2015-03-03 17:00:00+00:00,3.461,2.087,0.764,-1.423
2015-03-03 18:00:00+00:00,3.214,1.778,0.523,-1.731
2015-03-03 19:00:00+00:00,2.99,1.508,0.387,-1.839
2015-03-03 20:00:00+00:00,2.626,1.256,0.278,-2.0
2015-03-03 21:00:00+00:00,2.212,1.046,0.199,-2.271
2015-03-03 22:00:00+00:00,1.894,0.941,0.132,-2.773
2015-03-03 23:00:00+00:00,1.607,0.87,0.063,-3.313
2015-03-04 00:00:00+00:00,1.271,0.765,-0.024,-3.775
2015-03-04 01:00:00+00:00,0.806,0.648,-0.14,-4.094
2015-03-04 02:00:00+00:00,0.29,0.52,-0.259,-4.362
2015-03-04 03:00:00+00:00,-0.145,0.466,-0.351,-4.644
2015-03-04 04:00:00+00:00,-0.522,0.513,-0.448,-4.907
2015-03-04 05:00:00+00:00,-0.784,0.608,-0.557,-5.092
2015-03-04 06:00:00+00:00,-0.468,1.022,-0.405,-5.007
2015-03-04 07:00:00+00:00,0.771,1.721,0.054,-3.906
2015-03-04 08:00:00+00:00,2.547,2.503,0.708,-2.533
2015-03-04 09:00:00+00:00,4.027,3.254,1.424,-1.064
2015-03-04 10:00:00+00:00,4.981,3.833,2.07,0.214
2015-03-04 11:00:00+00:00,5.498,4.179,2.577,1.004
2015-03-04 12:00:00+00:00,5.631,4.463,2.818,1.343
2015-03-04 13:00:00+00:00,5.543,4.711,2.761,1.403
2015-03-04 14:00:00+00:00,5.245,4.689,2.501,1.18
2015-03-04 15:00:00+00:00,4.539,4.163,1.604,0.364
2015-03-04 16:00:00+00:00,2.915,3.075,0.288,-1.224
2015-03-04 17:00:00+00:00,1.763,2.572,-0.163,-2.009
2015-03-04 18:00:00+00:00,1.375,2.171,-0.51,-2.319
2015-03-04 19:00:00+00:00,1.112,1.639,-0.895,-2.794
2015-03-04 20:00:00+00:00,0.929,1.252,-1.239,-3.162
2015-03-04 21:00:00+00:00,0.856,1.017,-1.547,-3.382
2015-03-04 22:00:00+00:00,0.804,0.883,-1.708,-3.518
2015-03-04 23:00:00+00:00,0.765,0.745,-1.786,-3.528
2015-03-05 00:00:00+00:00,0.635,0.775,-1.892,-3.535
2015-03-05 01:00:00+00:00,0.575,0.941,-1.991,-3.573
2015-03-05 02:00:00+00:00,0.6,1.022,-1.971,-3.698
2015-03-05 03:00:00+00:00,0.583,1.09,-2.003,-3.822
2015-03-05 04:00:00+00:00,0.533,1.083,-2.11,-3.856
2015-03-05 05:00:00+00:00,0.464,1.142,-2.234,-3.863
2015-03-05 06:00:00+00:00,0.642,1.463,-1.728,-3.645
2015-03-05 07:00:00+00:00,1.265,1.987,-0.659,-2.583
2015-03-05 08:00:00+00:00,2.177,2.564,0.73,-1.221
2015-03-05 09:00:00+00:00,3.232,3.346,2.056,-0.127
2015-03-05 10:00:00+00:00,4.27,4.31,3.214,0.592
2015-03-05 11:00:00+00:00,5.16,4.942,3.925,0.968
2015-03-05 12:00:00+00:00,5.749,5.18,4.214,1.176
2015-03-05 13:00:00+00:00,5.939,5.195,4.115,1.353
2015-03-05 14:00:00+00:00,5.77,5.09,3.447,1.396
2015-03-05 15:00:00+00:00,5.133,4.622,1.86,1.189
2015-03-05 16:00:00+00:00,3.282,3.393,0.605,0.863
2015-03-05 17:00:00+00:00,1.911,2.863,0.844,0.746
2015-03-05 18:00:00+00:00,1.498,2.706,0.776,0.802
2015-03-05 19:00:00+00:00,1.178,2.546,0.625,0.935
2015-03-05 20:00:00+00:00,0.771,2.441,0.54,1.1
2015-03-05 21:00:00+00:00,0.385,2.437,0.513,1.221
2015-03-05 22:00:00+00:00,0.068,2.551,0.641,1.303
2015-03-05 23:00:00+00:00,-0.215,2.681,0.797,1.37
2015-03-06 00:00:00+00:00,-0.357,2.802,0.921,1.388
2015-03-06 01:00:00+00:00,-0.427,2.939,1.022,1.308
2015-03-06 02:00:00+00:00,-0.402,3.127,1.081,1.165
2015-03-06 03:00:00+00:00,-0.336,3.347,1.078,0.976
2015-03-06 04:00:00+00:00,-0.278,3.533,1.099,0.712
2015-03-06 05:00:00+00:00,-0.233,3.82,1.125,0.377
2015-03-06 06:00:00+00:00,0.417,4.105,1.282,0.12
2015-03-06 07:00:00+00:00,1.889,4.463,1.685,0.587
2015-03-06 08:00:00+00:00,3.73,4.912,2.277,1.384
2015-03-06 09:00:00+00:00,5.493,5.355,2.842,2.172
2015-03-06 10:00:00+00:00,6.74,5.702,3.406,2.778
2015-03-06 11:00:00+00:00,7.461,5.983,3.881,3.059
2015-03-06 12:00:00+00:00,7.7,6.215,4.192,3.314
2015-03-06 13:00:00+00:00,7.691,6.287,4.323,3.621
2015-03-06 14:00:00+00:00,7.439,6.189,4.177,3.388
2015-03-06 15:00:00+00:00,6.735,5.907,3.459,2.424
2015-03-06 16:00:00+00:00,4.92,5.521,2.354,1.321
2015-03-06 17:00:00+00:00,3.781,5.239,1.757,0.922
2015-03-06 18:00:00+00:00,3.236,4.923,1.563,1.119
2015-03-06 19:00:00+00:00,2.613,4.547,1.812,1.418
2015-03-06 20:00:00+00:00,2.026,4.162,1.779,1.69
2015-03-06 21:00:00+00:00,1.396,3.893,1.745,1.829
2015-03-06 22:00:00+00:00,0.778,3.613,1.657,1.938
2015-03-06 23:00:00+00:00,0.357,3.417,1.562,2.066
2015-03-07 00:00:00+00:00,0.03,3.228,1.524,2.15
2015-03-07 01:00:00+00:00,-0.114,3.119,1.462,2.141
2015-03-07 02:00:00+00:00,-0.14,3.171,1.468,2.044
2015-03-07 03:00:00+00:00,-0.2,3.23,1.577,2.025
2015-03-07 04:00:00+00:00,-0.291,3.336,1.684,2.118
2015-03-07 05:00:00+00:00,-0.427,3.463,1.844,2.29
2015-03-07 06:00:00+00:00,0.43,3.63,2.117,2.503
2015-03-07 07:00:00+00:00,2.13,3.992,2.477,2.767
2015-03-07 08:00:00+00:00,4.322,4.56,2.854,3.049
2015-03-07 09:00:00+00:00,6.811,5.15,3.173,3.27
2015-03-07 10:00:00+00:00,8.379,5.664,3.448,3.47
2015-03-07 11:00:00+00:00,9.471,6.082,3.724,3.652
2015-03-07 12:00:00+00:00,10.188,6.434,3.933,3.847
2015-03-07 13:00:00+00:00,10.457,6.725,4.075,4.008
2015-03-07 14:00:00+00:00,10.213,6.76,4.166,3.981
2015-03-07 15:00:00+00:00,9.196,6.544,4.225,3.806
2015-03-07 16:00:00+00:00,6.774,6.16,4.259,3.589
2015-03-07 17:00:00+00:00,5.208,5.816,4.301,3.44
2015-03-07 18:00:00+00:00,4.631,5.611,4.338,3.336
2015-03-07 19:00:00+00:00,3.953,5.488,4.353,3.268
2015-03-07 20:00:00+00:00,3.37,5.39,4.324,3.277
2015-03-07 21:00:00+00:00,2.94,5.365,4.288,3.339
2015-03-07 22:00:00+00:00,2.564,5.35,4.25,3.409
2015-03-07 23:00:00+00:00,2.224,5.35,4.266,3.49
2015-03-08 00:00:00+00:00,1.881,5.231,4.307,3.553
2015-03-08 01:00:00+00:00,1.557,5.045,4.355,3.599
2015-03-08 02:00:00+00:00,1.28,4.845,4.416,3.64
2015-03-08 03:00:00+00:00,1.043,4.556,4.507,3.649
2015-03-08 04:00:00+00:00,0.776,4.228,4.59,3.612
2015-03-08 05:00:00+00:00,0.58,3.928,4.641,3.509
2015-03-08 06:00:00+00:00,1.523,3.988,4.895,3.461
2015-03-08 07:00:00+00:00,3.584,4.694,5.442,3.598
2015-03-08 08:00:00+00:00,5.905,5.845,6.094,3.761
2015-03-08 09:00:00+00:00,8.723,7.126,6.749,3.971
2015-03-08 10:00:00+00:00,10.904,8.066,7.417,4.223
2015-03-08 11:00:00+00:00,12.316,8.563,7.909,4.474
2015-03-08 12:00:00+00:00,13.071,8.703,8.129,4.663
2015-03-08 13:00:00+00:00,13.265,8.556,8.076,4.779
2015-03-08 14:00:00+00:00,12.862,8.144,7.772,4.668
2015-03-08 15:00:00+00:00,11.497,7.443,7.212,4.102
2015-03-08 16:00:00+00:00,8.826,6.428,6.508,2.814
2015-03-08 17:00:00+00:00,7.14,5.74,6.013,2.168
2015-03-08 18:00:00+00:00,6.61,5.383,5.655,1.979
2015-03-08 19:00:00+00:00,6.081,5.051,5.342,1.734
2015-03-08 20:00:00+00:00,5.4,4.773,5.063,1.478
2015-03-08 21:00:00+00:00,4.695,4.638,4.808,1.093
2015-03-08 22:00:00+00:00,4.016,4.617,4.607,0.832
2015-03-08 23:00:00+00:00,3.537,4.65,4.387,0.424
2015-03-09 00:00:00+00:00,3.297,4.702,4.214,0.13
2015-03-09 01:00:00+00:00,3.203,4.743,4.12,-0.098
2015-03-09 02:00:00+00:00,2.988,4.758,4.051,-0.404
2015-03-09 03:00:00+00:00,2.719,4.694,3.87,-0.665
2015-03-09 04:00:00+00:00,2.555,4.516,3.545,-0.798
2015-03-09 05:00:00+00:00,2.493,4.331,3.192,-0.826
2015-03-09 06:00:00+00:00,3.251,4.274,3.179,-0.411
2015-03-09 07:00:00+00:00,4.641,4.37,3.555,0.625
2015-03-09 08:00:00+00:00,6.393,4.687,4.374,1.792
2015-03-09 09:00:00+00:00,8.518,5.446,5.394,2.861
2015-03-09 10:00:00+00:00,10.169,6.435,6.185,3.52
2015-03-09 11:00:00+00:00,11.33,7.293,6.645,3.835
2015-03-09 12:00:00+00:00,11.975,7.868,6.822,3.864
2015-03-09 13:00:00+00:00,12.231,8.085,6.71,3.574
2015-03-09 14:00:00+00:00,12.088,7.968,6.245,3.287
2015-03-09 15:00:00+00:00,11.339,7.211,4.777,2.635
2015-03-09 16:00:00+00:00,9.027,5.374,2.881,1.807
2015-03-09 17:00:00+00:00,7.009,4.11,2.346,1.38
2015-03-09 18:00:00+00:00,5.863,3.761,1.894,1.191
2015-03-09 19:00:00+00:00,5.006,3.526,1.55,1.061
2015-03-09 20:00:00+00:00,4.373,3.359,1.317,1.014
2015-03-09 21:00:00+00:00,3.91,3.335,1.307,0.925
2015-03-09 22:00:00+00:00,3.522,3.464,1.273,0.913
2015-03-09 23:00:00+00:00,3.164,3.685,1.284,1.018
2015-03-10 00:00:00+00:00,2.917,3.927,1.368,1.207
2015-03-10 01:00:00+00:00,2.873,4.159,1.498,1.357
2015-03-10 02:00:00+00:00,2.8,4.391,1.674,1.46
2015-03-10 03:00:00+00:00,2.685,4.667,1.968,1.688
2015-03-10 04:00:00+00:00,2.547,4.79,2.403,2.029
2015-03-10 05:00:00+00:00,2.473,4.806,2.697,2.472
2015-03-10 06:00:00+00:00,3.351,4.908,3.118,2.874
2015-03-10 07:00:00+00:00,4.856,5.446,3.591,3.279
2015-03-10 08:00:00+00:00,6.364,6.423,4.121,3.752
2015-03-10 09:00:00+00:00,8.183,7.346,4.88,4.288
2015-03-10 10:00:00+00:00,9.631,7.899,5.556,4.741
2015-03-10 11:00:00+00:00,10.426,8.116,6.038,4.995
2015-03-10 12:00:00+00:00,10.759,8.064,6.369,4.965
2015-03-10 13:00:00+00:00,10.739,7.779,6.461,4.76
2015-03-10 14:00:00+00:00,10.367,7.278,6.314,4.427
2015-03-10 15:00:00+00:00,9.488,6.54,5.891,3.945
2015-03-10 16:00:00+00:00,7.63,5.633,5.28,3.328
2015-03-10 17:00:00+00:00,5.932,4.948,4.787,2.834
2015-03-10 18:00:00+00:00,5.31,4.546,4.386,2.583
2015-03-10 19:00:00+00:00,4.649,4.157,3.993,2.464
2015-03-10 20:00:00+00:00,3.961,3.82,3.572,2.354
2015-03-10 21:00:00+00:00,3.307,3.616,3.187,2.191
2015-03-10 22:00:00+00:00,2.731,3.544,2.798,1.916
2015-03-10 23:00:00+00:00,2.322,3.397,2.503,1.62
2015-03-11 00:00:00+00:00,1.943,3.267,2.283,1.302
2015-03-11 01:00:00+00:00,1.645,3.121,2.074,0.98
2015-03-11 02:00:00+00:00,1.382,2.98,1.99,0.611
2015-03-11 03:00:00+00:00,1.245,2.893,1.853,0.275
2015-03-11 04:00:00+00:00,1.068,2.84,1.62,-0.07
2015-03-11 05:00:00+00:00,0.851,2.746,1.376,-0.467
2015-03-11 06:00:00+00:00,1.087,3.079,1.759,-0.421
2015-03-11 07:00:00+00:00,1.964,4.099,2.784,0.501
2015-03-11 08:00:00+00:00,3.515,5.572,4.099,1.855
2015-03-11 09:00:00+00:00,5.285,6.769,5.16,3.044
2015-03-11 10:00:00+00:00,6.648,7.481,5.947,3.828
2015-03-11 11:00:00+00:00,7.581,7.91,6.462,4.393
2015-03-11 12:00:00+00:00,8.168,8.104,6.684,4.772
2015-03-11 13:00:00+00:00,8.376,8.094,6.627,4.946
2015-03-11 14:00:00+00:00,8.144,7.854,6.208,4.782
2015-03-11 15:00:00+00:00,7.436,7.252,4.913,4.262
2015-03-11 16:00:00+00:00,5.286,5.614,2.64,3.321
2015-03-11 17:00:00+00:00,3.06,4.443,1.451,2.162
2015-03-11 18:00:00+00:00,2.236,4.026,0.688,1.034
2015-03-11 19:00:00+00:00,1.493,3.608,0.041,0.038
2015-03-11 20:00:00+00:00,0.857,3.227,-0.515,-0.378
2015-03-11 21:00:00+00:00,0.341,2.677,-1.004,-0.434
2015-03-11 22:00:00+00:00,0.006,2.191,-1.348,-0.47
2015-03-11 23:00:00+00:00,-0.264,1.703,-1.504,-0.479
2015-03-12 00:00:00+00:00,-0.421,1.299,-1.541,-0.292
2015-03-12 01:00:00+00:00,-0.456,1.019,-1.625,-0.243
2015-03-12 02:00:00+00:00,-0.494,0.831,-1.799,-0.219
2015-03-12 03:00:00+00:00,-0.565,0.754,-1.945,-0.138
2015-03-12 04:00:00+00:00,-0.695,0.636,-1.949,0.028
2015-03-12 05:00:00+00:00,-0.794,0.453,-1.553,0.016
2015-03-12 06:00:00+00:00,0.136,1.109,-0.256,0.071
2015-03-12 07:00:00+00:00,1.789,2.137,1.037,0.68
2015-03-12 08:00:00+00:00,3.747,3.344,2.713,1.711
2015-03-12 09:00:00+00:00,5.804,5.064,4.206,2.743
2015-03-12 10:00:00+00:00,7.25,6.234,5.28,3.733
2015-03-12 11:00:00+00:00,8.121,6.87,5.962,4.511
2015-03-12 12:00:00+00:00,8.584,7.246,6.313,4.904
2015-03-12 13:00:00+00:00,8.687,7.336,6.337,4.938
2015-03-12 14:00:00+00:00,8.386,7.118,5.92,4.72
2015-03-12 15:00:00+00:00,7.619,6.442,4.446,4.011
2015-03-12 16:00:00+00:00,5.509,4.539,2.327,2.857
2015-03-12 17:00:00+00:00,2.992,2.923,1.15,1.911
2015-03-12 18:00:00+00:00,2.165,2.225,0.31,1.305
2015-03-12 19:00:00+00:00,1.389,1.569,-0.39,0.911
2015-03-12 20:00:00+00:00,0.68,0.951,-0.882,0.635
2015-03-12 21:00:00+00:00,0.099,0.497,-1.319,0.365
2015-03-12 22:00:00+00:00,-0.348,0.136,-1.696,-0.004
2015-03-12 23:00:00+00:00,-0.736,-0.119,-1.752,-0.317
2015-03-13 00:00:00+00:00,-1.077,-0.389,-1.787,-0.472
2015-03-13 01:00:00+00:00,-1.336,-0.472,-2.023,-0.569
2015-03-13 02:00:00+00:00,-1.526,-0.273,-2.264,-0.683
2015-03-13 03:00:00+00:00,-1.706,-0.081,-2.344,-0.77
2015-03-13 04:00:00+00:00,-1.827,-0.056,-2.432,-0.773
2015-03-13 05:00:00+00:00,-1.921,-0.016,-2.271,-1.047
2015-03-13 06:00:00+00:00,-0.999,0.62,-1.24,-0.849
2015-03-13 07:00:00+00:00,0.764,1.495,0.174,0.066
2015-03-13 08:00:00+00:00,2.882,2.69,1.911,1.304
2015-03-13 09:00:00+00:00,4.628,3.88,3.398,2.658
2015-03-13 10:00:00+00:00,5.807,4.77,4.308,3.797
2015-03-13 11:00:00+00:00,6.567,5.358,4.821,4.487
2015-03-13 12:00:00+00:00,7.016,5.68,5.031,4.837
2015-03-13 13:00:00+00:00,7.092,5.734,4.924,4.899
2015-03-13 14:00:00+00:00,6.744,5.497,4.407,4.698
2015-03-13 15:00:00+00:00,5.999,4.89,2.956,3.872
2015-03-13 16:00:00+00:00,4.29,3.567,0.642,2.313
2015-03-13 17:00:00+00:00,2.289,2.359,-0.258,0.998
2015-03-13 18:00:00+00:00,1.754,2.02,-0.784,0.396
2015-03-13 19:00:00+00:00,1.222,1.674,-1.083,0.055
2015-03-13 20:00:00+00:00,0.675,1.345,-1.179,-0.183
2015-03-13 21:00:00+00:00,0.267,1.13,-1.159,-0.465
2015-03-13 22:00:00+00:00,-0.042,0.979,-1.329,-0.894
2015-03-13 23:00:00+00:00,-0.263,0.859,-1.513,-1.446
2015-03-14 00:00:00+00:00,-0.457,0.753,-1.52,-1.947
2015-03-14 01:00:00+00:00,-0.651,0.598,-1.596,-2.209
2015-03-14 02:00:00+00:00,-0.784,0.434,-1.557,-2.331
2015-03-14 03:00:00+00:00,-0.875,0.404,-1.63,-2.44
2015-03-14 04:00:00+00:00,-0.932,0.334,-1.709,-2.554
2015-03-14 05:00:00+00:00,-0.878,0.302,-1.72,-2.591
2015-03-14 06:00:00+00:00,0.018,0.923,-0.857,-2.106
2015-03-14 07:00:00+00:00,1.384,1.79,0.433,-0.793
2015-03-14 08:00:00+00:00,2.992,2.82,1.967,0.746
2015-03-14 09:00:00+00:00,4.169,3.87,3.336,2.221
2015-03-14 10:00:00+00:00,4.949,4.773,4.347,3.453
2015-03-14 11:00:00+00:00,5.456,5.421,4.977,4.246
2015-03-14 12:00:00+00:00,5.732,5.865,5.299,4.672
2015-03-14 13:00:00+00:00,5.768,6.089,5.288,4.785
2015-03-14 14:00:00+00:00,5.553,6.034,4.819,4.527
2015-03-14 15:00:00+00:00,5.06,5.621,3.652,3.71
2015-03-14 16:00:00+00:00,4.006,4.869,2.109,2.23
2015-03-14 17:00:00+00:00,2.728,4.267,1.267,0.963
2015-03-14 18:00:00+00:00,2.251,3.968,0.689,0.375
2015-03-14 19:00:00+00:00,1.799,3.6,0.274,-0.105
2015-03-14 20:00:00+00:00,1.351,3.293,0.001,-0.516
2015-03-14 21:00:00+00:00,0.975,2.942,-0.302,-0.934
2015-03-14 22:00:00+00:00,0.755,2.638,-0.455,-1.201
2015-03-14 23:00:00+00:00,0.677,2.406,-0.571,-1.86
2015-03-15 00:00:00+00:00,0.66,2.236,-0.622,-2.166
2015-03-15 01:00:00+00:00,0.642,1.979,-0.715,-2.297
2015-03-15 02:00:00+00:00,0.625,1.783,-0.631,-2.602
2015-03-15 03:00:00+00:00,0.593,1.565,-0.714,-2.861
2015-03-15 04:00:00+00:00,0.566,1.455,-0.7,-2.96
2015-03-15 05:00:00+00:00,0.588,1.412,-0.509,-2.96
2015-03-15 06:00:00+00:00,1.083,2.044,0.348,-2.426
2015-03-15 07:00:00+00:00,2.095,2.959,1.692,-1.112
2015-03-15 08:00:00+00:00,3.59,4.386,3.287,0.569
2015-03-15 09:00:00+00:00,5.155,5.625,4.764,2.22
2015-03-15 10:00:00+00:00,6.309,6.317,5.771,3.577
2015-03-15 11:00:00+00:00,7.152,6.52,6.333,4.456
2015-03-15 12:00:00+00:00,7.675,6.464,6.61,4.922
2015-03-15 13:00:00+00:00,7.89,6.238,6.587,4.977
2015-03-15 14:00:00+00:00,7.742,5.939,6.119,4.594
2015-03-15 15:00:00+00:00,7.191,5.579,4.873,3.745
2015-03-15 16:00:00+00:00,5.747,4.964,3.248,2.676
2015-03-15 17:00:00+00:00,4.057,4.256,2.377,1.818
2015-03-15 18:00:00+00:00,3.375,3.879,2.039,1.294
2015-03-15 19:00:00+00:00,2.754,3.627,1.814,0.929
2015-03-15 20:00:00+00:00,2.208,3.568,1.527,0.645
2015-03-15 21:00:00+00:00,1.832,3.632,1.472,0.339
2015-03-15 22:00:00+00:00,1.564,3.668,1.474,0.125
2015-03-15 23:00:00+00:00,1.319,3.646,1.351,-0.036
2015-03-16 00:00:00+00:00,1.073,3.606,1.185,-0.094
2015-03-16 01:00:00+00:00,0.886,3.567,1.073,-0.002
2015-03-16 02:00:00+00:00,0.777,3.56,0.89,0.066
2015-03-16 03:00:00+00:00,0.754,3.411,0.889,0.075
2015-03-16 04:00:00+00:00,0.796,3.346,0.92,0.064
2015-03-16 05:00:00+00:00,0.812,3.273,1.001,-0.002
2015-03-16 06:00:00+00:00,1.72,3.722,1.686,0.343
2015-03-16 07:00:00+00:00,3.321,4.464,2.841,1.167
2015-03-16 08:00:00+00:00,5.584,5.672,4.363,2.216
2015-03-16 09:00:00+00:00,7.959,6.695,5.749,3.348
2015-03-16 10:00:00+00:00,9.743,7.351,6.698,4.211
2015-03-16 11:00:00+00:00,10.981,7.684,7.202,4.658
2015-03-16 12:00:00+00:00,11.793,7.767,7.364,4.891
2015-03-16 13:00:00+00:00,12.171,7.691,7.227,4.923
2015-03-16 14:00:00+00:00,12.068,7.481,6.729,4.739
2015-03-16 15:00:00+00:00,11.411,6.946,5.589,4.22
2015-03-16 16:00:00+00:00,9.426,6.065,3.835,3.201
2015-03-16 17:00:00+00:00,7.402,5.177,2.827,2.394
2015-03-16 18:00:00+00:00,6.637,4.642,2.229,2.22
2015-03-16 19:00:00+00:00,5.988,4.285,1.783,2.027
2015-03-16 20:00:00+00:00,5.324,4.044,1.522,1.71
2015-03-16 21:00:00+00:00,4.665,3.882,1.323,1.484
2015-03-16 22:00:00+00:00,4.055,3.726,1.101,1.376
2015-03-16 23:00:00+00:00,3.543,3.667,0.93,1.284
2015-03-17 00:00:00+00:00,3.189,3.605,0.775,1.12
2015-03-17 01:00:00+00:00,2.995,3.61,0.678,0.999
2015-03-17 02:00:00+00:00,2.842,3.669,0.603,0.911
2015-03-17 03:00:00+00:00,2.709,3.688,0.532,0.833
2015-03-17 04:00:00+00:00,2.491,3.623,0.477,0.75
2015-03-17 05:00:00+00:00,2.302,3.573,0.736,0.648
2015-03-17 06:00:00+00:00,3.578,3.92,1.758,0.835
2015-03-17 07:00:00+00:00,5.759,4.702,2.984,1.436
2015-03-17 08:00:00+00:00,8.193,5.723,4.56,2.311
2015-03-17 09:00:00+00:00,10.814,6.778,6.011,3.287
2015-03-17 10:00:00+00:00,12.848,7.675,7.056,4.173
2015-03-17 11:00:00+00:00,14.117,8.274,7.62,4.817
2015-03-17 12:00:00+00:00,14.856,8.507,7.787,5.146
2015-03-17 13:00:00+00:00,15.148,8.383,7.638,5.176
2015-03-17 14:00:00+00:00,14.97,7.984,7.099,4.955
2015-03-17 15:00:00+00:00,14.07,7.302,5.887,4.506
2015-03-17 16:00:00+00:00,11.65,6.452,4.024,3.637
2015-03-17 17:00:00+00:00,9.198,5.644,3.088,2.679
2015-03-17 18:00:00+00:00,8.211,5.147,2.548,2.347
2015-03-17 19:00:00+00:00,7.391,4.821,2.082,2.123
2015-03-17 20:00:00+00:00,6.621,4.596,1.74,1.962
2015-03-17 21:00:00+00:00,5.947,4.572,1.563,1.818
2015-03-17 22:00:00+00:00,5.385,4.585,1.459,1.613
2015-03-17 23:00:00+00:00,4.895,4.554,1.342,1.438
2015-03-18 00:00:00+00:00,4.459,4.488,1.208,1.275
2015-03-18 01:00:00+00:00,4.054,4.395,1.042,1.145
2015-03-18 02:00:00+00:00,3.665,4.281,0.833,1.02
2015-03-18 03:00:00+00:00,3.269,4.142,0.674,0.832
2015-03-18 04:00:00+00:00,2.836,3.944,0.523,0.69
2015-03-18 05:00:00+00:00,2.584,3.843,0.731,0.625
2015-03-18 06:00:00+00:00,4.016,4.247,1.827,0.982
2015-03-18 07:00:00+00:00,6.094,5.02,2.982,1.73
2015-03-18 08:00:00+00:00,8.389,6.052,4.47,2.593
2015-03-18 09:00:00+00:00,10.954,6.957,5.863,3.405
2015-03-18 10:00:00+00:00,12.881,7.666,6.938,3.997
2015-03-18 11:00:00+00:00,13.994,8.151,7.614,4.422
2015-03-18 12:00:00+00:00,14.559,8.341,7.944,4.77
2015-03-18 13:00:00+00:00,14.655,8.267,7.945,4.964
2015-03-18 14:00:00+00:00,14.304,7.944,7.496,4.943
2015-03-18 15:00:00+00:00,13.386,7.228,6.166,4.613
2015-03-18 16:00:00+00:00,10.883,6.053,4.208,3.999
2015-03-18 17:00:00+00:00,8.196,4.994,3.143,3.445
2015-03-18 18:00:00+00:00,7.224,4.446,2.689,3.065
2015-03-18 19:00:00+00:00,6.401,3.949,2.254,2.666
2015-03-18 20:00:00+00:00,5.577,3.544,1.85,2.188
2015-03-18 21:00:00+00:00,4.875,3.195,1.495,1.788
2015-03-18 22:00:00+00:00,4.369,2.883,1.173,1.37
2015-03-18 23:00:00+00:00,3.923,2.595,0.916,0.925
2015-03-19 00:00:00+00:00,3.482,2.325,0.738,0.503
2015-03-19 01:00:00+00:00,3.09,2.137,0.566,0.247
2015-03-19 02:00:00+00:00,2.71,2.056,0.377,0.121
2015-03-19 03:00:00+00:00,2.324,1.954,0.268,-0.077
2015-03-19 04:00:00+00:00,1.965,1.855,0.187,-0.32
2015-03-19 05:00:00+00:00,1.859,1.833,0.49,-0.486
2015-03-19 06:00:00+00:00,3.106,2.294,1.595,-0.093
2015-03-19 07:00:00+00:00,4.47,3.147,3.062,0.806
2015-03-19 08:00:00+00:00,6.552,4.611,4.907,1.977
2015-03-19 09:00:00+00:00,8.767,6.257,6.61,3.113
2015-03-19 10:00:00+00:00,10.28,7.9,7.785,3.948
2015-03-19 11:00:00+00:00,11.306,9.491,8.451,4.55
2015-03-19 12:00:00+00:00,11.939,10.2,8.616,4.767
2015-03-19 13:00:00+00:00,12.205,10.353,8.475,4.632
2015-03-19 14:00:00+00:00,12.049,10.161,7.993,4.231
2015-03-19 15:00:00+00:00,11.311,9.572,6.93,3.449
2015-03-19 16:00:00+00:00,9.006,8.133,5.047,2.632
2015-03-19 17:00:00+00:00,6.239,6.48,3.962,1.904
2015-03-19 18:00:00+00:00,5.094,5.586,3.592,1.595
2015-03-19 19:00:00+00:00,4.305,4.905,3.115,1.367
2015-03-19 20:00:00+00:00,3.679,4.32,2.687,1.255
2015-03-19 21:00:00+00:00,3.167,3.865,2.429,1.133
2015-03-19 22:00:00+00:00,2.766,3.53,2.217,1.02
2015-03-19 23:00:00+00:00,2.457,3.15,2.007,0.952
2015-03-20 00:00:00+00:00,2.158,2.735,1.683,0.88
2015-03-20 01:00:00+00:00,1.778,2.557,1.426,0.768
2015-03-20 02:00:00+00:00,1.29,2.454,1.196,0.653
2015-03-20 03:00:00+00:00,0.773,2.332,1.082,0.612
2015-03-20 04:00:00+00:00,0.289,2.282,1.123,0.52
2015-03-20 05:00:00+00:00,0.083,2.415,1.259,0.476
2015-03-20 06:00:00+00:00,1.809,3.081,1.689,0.677
2015-03-20 07:00:00+00:00,3.519,3.668,2.125,1.156
2015-03-20 08:00:00+00:00,5.947,4.513,2.543,1.819
2015-03-20 09:00:00+00:00,8.414,5.429,2.855,2.451
2015-03-20 10:00:00+00:00,9.769,6.031,3.051,3.11
2015-03-20 11:00:00+00:00,10.75,6.316,3.223,3.623
2015-03-20 12:00:00+00:00,11.339,6.364,3.301,3.751
2015-03-20 13:00:00+00:00,11.518,6.23,3.247,3.523
2015-03-20 14:00:00+00:00,11.237,5.975,3.043,3.132
2015-03-20 15:00:00+00:00,10.45,5.662,2.699,2.585
2015-03-20 16:00:00+00:00,8.407,5.212,2.199,2.086
2015-03-20 17:00:00+00:00,5.831,4.647,1.865,1.515
2015-03-20 18:00:00+00:00,4.749,4.455,1.739,1.182
2015-03-20 19:00:00+00:00,4.008,4.279,1.579,0.971
2015-03-20 20:00:00+00:00,3.378,4.103,1.379,0.562
2015-03-20 21:00:00+00:00,2.893,3.978,1.151,0.096
2015-03-20 22:00:00+00:00,2.462,3.898,0.93,-0.415
2015-03-20 23:00:00+00:00,2.035,3.839,0.704,-0.877
2015-03-21 00:00:00+00:00,1.693,3.804,0.443,-1.292
2015-03-21 01:00:00+00:00,1.385,3.783,0.188,-1.634
2015-03-21 02:00:00+00:00,1.075,3.772,-0.076,-1.995
2015-03-21 03:00:00+00:00,0.794,3.737,-0.368,-2.385
2015-03-21 04:00:00+00:00,0.596,3.643,-0.709,-2.919
2015-03-21 05:00:00+00:00,0.675,3.549,-0.938,-3.362
2015-03-21 06:00:00+00:00,1.955,3.599,-0.731,-3.149
2015-03-21 07:00:00+00:00,3.333,3.654,-0.326,-2.418
2015-03-21 08:00:00+00:00,4.883,3.859,0.231,-1.487
2015-03-21 09:00:00+00:00,6.256,4.128,0.796,-0.71
2015-03-21 10:00:00+00:00,7.272,4.294,1.187,-0.128
2015-03-21 11:00:00+00:00,7.834,4.367,1.37,0.3
2015-03-21 12:00:00+00:00,7.999,4.304,1.382,0.563
2015-03-21 13:00:00+00:00,7.815,4.089,1.243,0.641
2015-03-21 14:00:00+00:00,7.338,3.803,0.95,0.487
2015-03-21 15:00:00+00:00,6.621,3.443,0.403,0.08
2015-03-21 16:00:00+00:00,5.558,2.83,-0.957,-1.061
2015-03-21 17:00:00+00:00,4.055,1.9,-2.443,-2.506
2015-03-21 18:00:00+00:00,3.346,1.218,-2.941,-2.857
2015-03-21 19:00:00+00:00,2.859,0.55,-3.216,-2.9
2015-03-21 20:00:00+00:00,2.433,-0.124,-3.359,-2.756
2015-03-21 21:00:00+00:00,2.079,-0.724,-3.535,-2.625
2015-03-21 22:00:00+00:00,1.766,-1.221,-3.771,-2.66
2015-03-21 23:00:00+00:00,1.42,-1.655,-3.874,-2.581
2015-03-22 00:00:00+00:00,1.027,-2.026,-3.921,-2.282
2015-03-22 01:00:00+00:00,0.607,-2.295,-3.784,-2.07
2015-03-22 02:00:00+00:00,0.112,-2.411,-3.401,-1.905
2015-03-22 03:00:00+00:00,-0.351,-2.424,-3.021,-1.758
2015-03-22 04:00:00+00:00,-0.815,-2.33,-2.764,-1.614
2015-03-22 05:00:00+00:00,-1.104,-1.838,-2.349,-1.423
2015-03-22 06:00:00+00:00,-0.323,-0.341,-1.643,-1.031
2015-03-22 07:00:00+00:00,1.118,0.464,-0.866,-0.545
2015-03-22 08:00:00+00:00,2.718,1.133,-0.096,-0.067
2015-03-22 09:00:00+00:00,4.128,1.766,0.472,0.359
2015-03-22 10:00:00+00:00,5.288,2.261,1.049,0.667
2015-03-22 11:00:00+00:00,6.219,2.479,1.463,0.882
2015-03-22 12:00:00+00:00,6.857,2.533,1.648,1.035
2015-03-22 13:00:00+00:00,7.137,2.5,1.647,1.139
2015-03-22 14:00:00+00:00,7.005,2.416,1.528,1.168
2015-03-22 15:00:00+00:00,6.454,2.293,1.314,1.102
2015-03-22 16:00:00+00:00,5.112,1.665,0.915,0.937
2015-03-22 17:00:00+00:00,2.501,0.748,0.491,0.77
2015-03-22 18:00:00+00:00,1.404,0.708,0.367,0.709
2015-03-22 19:00:00+00:00,0.668,0.745,0.325,0.701
2015-03-22 20:00:00+00:00,-0.012,0.773,0.333,0.733
2015-03-22 21:00:00+00:00,-0.592,0.78,0.389,0.805
2015-03-22 22:00:00+00:00,-1.02,0.858,0.453,0.895
2015-03-22 23:00:00+00:00,-1.34,0.955,0.52,0.969
2015-03-23 00:00:00+00:00,-1.573,1.02,0.575,1.026
2015-03-23 01:00:00+00:00,-1.69,1.107,0.61,1.053
2015-03-23 02:00:00+00:00,-1.747,1.254,0.653,1.024
2015-03-23 03:00:00+00:00,-1.708,1.34,0.66,1.013
2015-03-23 04:00:00+00:00,-1.734,1.383,0.623,1.075
2015-03-23 05:00:00+00:00,-1.474,1.535,0.671,1.194
2015-03-23 06:00:00+00:00,0.024,2.04,0.926,1.413
2015-03-23 07:00:00+00:00,1.98,2.706,1.277,1.722
2015-03-23 08:00:00+00:00,4.61,3.477,1.684,2.105
2015-03-23 09:00:00+00:00,6.635,4.272,2.175,2.497
2015-03-23 10:00:00+00:00,8.018,4.914,2.712,2.876
2015-03-23 11:00:00+00:00,9.032,5.425,3.126,3.191
2015-03-23 12:00:00+00:00,9.667,5.934,3.436,3.441
2015-03-23 13:00:00+00:00,9.927,6.322,3.705,3.624
2015-03-23 14:00:00+00:00,9.781,6.398,3.814,3.666
2015-03-23 15:00:00+00:00,9.217,6.006,3.693,3.513
2015-03-23 16:00:00+00:00,7.745,5.162,3.373,2.996
2015-03-23 17:00:00+00:00,5.707,4.399,3.086,2.128
2015-03-23 18:00:00+00:00,4.819,4.086,3.071,1.593
2015-03-23 19:00:00+00:00,4.179,3.848,3.115,1.153
2015-03-23 20:00:00+00:00,3.601,3.645,3.155,0.606
2015-03-23 21:00:00+00:00,3.106,3.587,3.165,0.102
2015-03-23 22:00:00+00:00,2.652,3.611,3.096,-0.275
2015-03-23 23:00:00+00:00,2.283,3.642,3.03,-0.877
2015-03-24 00:00:00+00:00,1.947,3.664,2.953,-1.196
2015-03-24 01:00:00+00:00,1.667,3.668,2.771,-1.468
2015-03-24 02:00:00+00:00,1.405,3.665,2.521,-1.692
2015-03-24 03:00:00+00:00,1.22,3.66,2.215,-1.899
2015-03-24 04:00:00+00:00,1.055,3.629,1.887,-2.027
2015-03-24 05:00:00+00:00,1.112,3.61,1.797,-1.924
2015-03-24 06:00:00+00:00,2.506,3.85,2.256,-0.887
2015-03-24 07:00:00+00:00,4.154,4.119,3.073,0.423
2015-03-24 08:00:00+00:00,6.702,4.574,4.109,1.876
2015-03-24 09:00:00+00:00,8.741,5.17,5.166,3.037
2015-03-24 10:00:00+00:00,10.092,5.862,6.09,3.766
2015-03-24 11:00:00+00:00,10.897,6.369,6.75,4.218
2015-03-24 12:00:00+00:00,11.304,6.648,7.088,4.39
2015-03-24 13:00:00+00:00,11.417,6.747,7.125,4.253
2015-03-24 14:00:00+00:00,11.235,6.679,6.827,3.843
2015-03-24 15:00:00+00:00,10.751,6.425,5.934,3.175
2015-03-24 16:00:00+00:00,9.572,5.854,4.166,2.107
2015-03-24 17:00:00+00:00,7.782,4.994,2.893,1.049
2015-03-24 18:00:00+00:00,6.365,4.541,2.39,0.518
2015-03-24 19:00:00+00:00,5.273,4.254,2.003,0.222
2015-03-24 20:00:00+00:00,4.559,4.014,1.673,-0.118
2015-03-24 21:00:00+00:00,4.126,3.853,1.338,-0.411
2015-03-24 22:00:00+00:00,3.769,3.734,0.909,-0.76
2015-03-24 23:00:00+00:00,3.479,3.662,0.434,-1.071
2015-03-25 00:00:00+00:00,3.224,3.57,0.012,-1.319
2015-03-25 01:00:00+00:00,2.989,3.432,-0.39,-1.487
2015-03-25 02:00:00+00:00,2.797,3.139,-0.696,-1.603
2015-03-25 03:00:00+00:00,2.531,2.889,-0.824,-1.664
2015-03-25 04:00:00+00:00,2.244,2.702,-0.971,-1.7
2015-03-25 05:00:00+00:00,2.406,2.757,-0.779,-1.703
2015-03-25 06:00:00+00:00,4.029,3.589,-0.157,-1.352
2015-03-25 07:00:00+00:00,5.836,4.371,0.493,-0.889
2015-03-25 08:00:00+00:00,8.198,5.271,1.248,-0.41
2015-03-25 09:00:00+00:00,10.173,5.896,1.936,0.042
2015-03-25 10:00:00+00:00,11.483,6.151,2.453,0.534
2015-03-25 11:00:00+00:00,12.218,6.205,2.764,1.019
2015-03-25 12:00:00+00:00,12.502,6.133,2.817,1.337
2015-03-25 13:00:00+00:00,12.384,5.97,2.59,1.473
2015-03-25 14:00:00+00:00,11.86,5.69,2.088,1.405
2015-03-25 15:00:00+00:00,10.817,5.293,1.419,1.124
2015-03-25 16:00:00+00:00,9.205,4.681,0.624,0.481
2015-03-25 17:00:00+00:00,7.794,4.07,-0.103,-0.656
2015-03-25 18:00:00+00:00,7.088,3.659,-0.505,-1.357
2015-03-25 19:00:00+00:00,6.574,3.341,-0.794,-1.755
2015-03-25 20:00:00+00:00,6.052,3.111,-0.981,-2.086
2015-03-25 21:00:00+00:00,5.59,3.022,-1.038,-2.374
2015-03-25 22:00:00+00:00,5.207,3.08,-1.006,-2.673
2015-03-25 23:00:00+00:00,4.86,3.206,-0.934,-2.993
2015-03-26 00:00:00+00:00,4.564,3.349,-0.885,-3.284
2015-03-26 01:00:00+00:00,4.334,3.563,-0.786,-3.531
2015-03-26 02:00:00+00:00,4.069,3.768,-0.696,-3.723
2015-03-26 03:00:00+00:00,3.844,3.86,-0.508,-3.831
2015-03-26 04:00:00+00:00,3.651,3.767,-0.218,-3.829
2015-03-26 05:00:00+00:00,3.595,3.685,0.181,-3.69
2015-03-26 06:00:00+00:00,3.901,3.918,0.748,-3.275
2015-03-26 07:00:00+00:00,4.488,4.317,1.353,-2.699
2015-03-26 08:00:00+00:00,5.533,4.974,1.923,-2.072
2015-03-26 09:00:00+00:00,6.58,5.626,2.411,-1.495
2015-03-26 10:00:00+00:00,7.299,6.199,2.794,-0.942
2015-03-26 11:00:00+00:00,7.83,6.534,3.025,-0.438
2015-03-26 12:00:00+00:00,8.116,6.661,3.138,-0.008
2015-03-26 13:00:00+00:00,8.148,6.603,3.161,0.253
2015-03-26 14:00:00+00:00,7.9,6.449,3.114,0.349
2015-03-26 15:00:00+00:00,7.353,6.053,2.953,0.301
2015-03-26 16:00:00+00:00,6.353,5.223,2.597,0.106
2015-03-26 17:00:00+00:00,4.942,3.88,2.142,-0.219
2015-03-26 18:00:00+00:00,4.27,3.342,1.927,-0.476
2015-03-26 19:00:00+00:00,3.844,3.054,1.722,-0.641
2015-03-26 20:00:00+00:00,3.566,2.772,1.585,-0.773
2015-03-26 21:00:00+00:00,3.459,2.612,1.631,-0.9
2015-03-26 22:00:00+00:00,3.381,2.567,1.638,-1.073
2015-03-26 23:00:00+00:00,3.285,2.589,1.588,-1.269
2015-03-27 00:00:00+00:00,3.176,2.619,1.55,-1.393
2015-03-27 01:00:00+00:00,3.1,2.552,1.543,-1.505
2015-03-27 02:00:00+00:00,3.02,2.523,1.509,-1.602
2015-03-27 03:00:00+00:00,2.934,2.506,1.517,-1.74
2015-03-27 04:00:00+00:00,2.836,2.483,1.534,-1.911
2015-03-27 05:00:00+00:00,2.907,2.686,1.655,-2.026
2015-03-27 06:00:00+00:00,3.594,3.703,2.008,-1.416
2015-03-27 07:00:00+00:00,4.624,4.67,2.543,-0.401
2015-03-27 08:00:00+00:00,5.878,5.677,3.259,0.333
2015-03-27 09:00:00+00:00,6.905,6.21,3.815,0.892
2015-03-27 10:00:00+00:00,7.756,6.503,4.316,1.239
2015-03-27 11:00:00+00:00,8.408,6.756,4.734,1.477
2015-03-27 12:00:00+00:00,8.727,6.875,4.962,1.637
2015-03-27 13:00:00+00:00,8.75,6.86,4.95,1.709
2015-03-27 14:00:00+00:00,8.459,6.633,4.749,1.705
2015-03-27 15:00:00+00:00,7.909,6.279,4.409,1.61
2015-03-27 16:00:00+00:00,6.957,5.642,3.744,1.246
2015-03-27 17:00:00+00:00,5.337,4.397,2.766,0.398
2015-03-27 18:00:00+00:00,4.347,3.739,2.392,-0.345
2015-03-27 19:00:00+00:00,3.649,3.482,2.177,-0.843
2015-03-27 20:00:00+00:00,3.056,3.219,1.985,-1.259
2015-03-27 21:00:00+00:00,2.588,2.935,1.771,-1.529
2015-03-27 22:00:00+00:00,2.26,2.725,1.577,-1.882
2015-03-27 23:00:00+00:00,1.918,2.608,1.364,-2.25
2015-03-28 00:00:00+00:00,1.58,2.583,1.198,-2.617
2015-03-28 01:00:00+00:00,1.208,2.798,1.119,-2.922
2015-03-28 02:00:00+00:00,0.917,2.883,1.063,-3.221
2015-03-28 03:00:00+00:00,0.663,2.916,0.986,-3.542
2015-03-28 04:00:00+00:00,0.484,2.95,0.832,-3.79
2015-03-28 05:00:00+00:00,0.7,3.069,0.903,-3.676
2015-03-28 06:00:00+00:00,2.364,3.365,1.193,-2.353
2015-03-28 07:00:00+00:00,4.12,3.733,1.791,-0.729
2015-03-28 08:00:00+00:00,6.434,4.416,2.84,0.772
2015-03-28 09:00:00+00:00,8.092,5.253,4.078,1.608
2015-03-28 10:00:00+00:00,9.29,5.998,5.14,2.191
2015-03-28 11:00:00+00:00,10.064,6.517,5.88,2.576
2015-03-28 12:00:00+00:00,10.458,6.783,6.263,2.723
2015-03-28 13:00:00+00:00,10.449,6.705,6.265,2.629
2015-03-28 14:00:00+00:00,10.051,6.399,6.061,2.341
2015-03-28 15:00:00+00:00,9.342,5.876,5.473,1.956
2015-03-28 16:00:00+00:00,8.202,5.193,3.995,1.577
2015-03-28 17:00:00+00:00,6.85,4.659,2.589,1.308
2015-03-28 18:00:00+00:00,6.509,4.439,2.278,1.175
2015-03-28 19:00:00+00:00,6.526,4.431,2.101,1.145
2015-03-28 20:00:00+00:00,6.611,4.56,1.992,1.122
2015-03-28 21:00:00+00:00,6.741,4.792,1.891,1.029
2015-03-28 22:00:00+00:00,6.908,5.055,1.869,0.907
2015-03-28 23:00:00+00:00,7.123,5.343,1.875,0.813
2015-03-29 00:00:00+00:00,7.329,5.6,1.881,0.744
2015-03-29 01:00:00+00:00,7.469,5.755,1.892,0.678
2015-03-29 02:00:00+00:00,7.537,5.945,1.947,0.628
2015-03-29 03:00:00+00:00,7.591,6.028,2.012,0.616
2015-03-29 04:00:00+00:00,7.571,5.868,2.119,0.599
2015-03-29 05:00:00+00:00,7.567,5.767,2.285,0.657
2015-03-29 06:00:00+00:00,7.994,5.833,2.535,0.95
2015-03-29 07:00:00+00:00,8.618,5.984,2.747,1.331
2015-03-29 08:00:00+00:00,9.211,6.503,2.936,1.66
2015-03-29 09:00:00+00:00,9.725,7.378,3.199,1.988
2015-03-29 10:00:00+00:00,10.04,8.002,3.52,2.31
2015-03-29 11:00:00+00:00,10.09,8.128,3.777,2.604
2015-03-29 12:00:00+00:00,9.958,7.937,3.927,2.855
2015-03-29 13:00:00+00:00,9.679,7.52,3.96,3.059
2015-03-29 14:00:00+00:00,9.476,7.028,3.863,3.148
2015-03-29 15:00:00+00:00,9.342,6.745,3.704,2.997
2015-03-29 16:00:00+00:00,9.181,6.437,3.479,2.361
2015-03-29 17:00:00+00:00,8.993,5.858,3.271,1.459
2015-03-29 18:00:00+00:00,8.929,5.536,3.265,1.023
2015-03-29 19:00:00+00:00,8.799,5.325,3.257,0.908
2015-03-29 20:00:00+00:00,8.466,5.123,3.193,0.848
2015-03-29 21:00:00+00:00,7.991,4.94,3.109,0.769
2015-03-29 22:00:00+00:00,7.549,4.837,3.013,0.563
2015-03-29 23:00:00+00:00,7.13,4.718,2.893,0.267
2015-03-30 00:00:00+00:00,6.647,4.58,2.739,0.101
2015-03-30 01:00:00+00:00,6.147,4.444,2.593,-0.042
2015-03-30 02:00:00+00:00,5.683,4.347,2.504,-0.193
2015-03-30 03:00:00+00:00,5.283,4.206,2.48,-0.337
2015-03-30 04:00:00+00:00,4.962,4.023,2.454,-0.462
2015-03-30 05:00:00+00:00,4.789,3.921,2.522,-0.446
2015-03-30 06:00:00+00:00,5.107,4.036,2.726,-0.009
2015-03-30 07:00:00+00:00,5.713,4.386,2.906,0.627
2015-03-30 08:00:00+00:00,6.396,5.056,3.053,1.352
2015-03-30 09:00:00+00:00,6.997,6.005,3.217,2.015
2015-03-30 10:00:00+00:00,7.415,6.817,3.378,2.54
2015-03-30 11:00:00+00:00,7.661,7.299,3.486,2.873
2015-03-30 12:00:00+00:00,7.736,7.494,3.538,3.023
2015-03-30 13:00:00+00:00,7.606,7.439,3.534,2.981
2015-03-30 14:00:00+00:00,7.303,7.166,3.477,2.802
2015-03-30 15:00:00+00:00,6.843,6.627,3.278,2.55
2015-03-30 16:00:00+00:00,6.069,5.888,2.873,2.045
2015-03-30 17:00:00+00:00,4.808,5.076,2.395,0.96
2015-03-30 18:00:00+00:00,3.504,4.478,2.053,0.09
2015-03-30 19:00:00+00:00,2.692,3.966,1.807,-0.467
2015-03-30 20:00:00+00:00,2.343,3.437,1.606,-0.902
2015-03-30 21:00:00+00:00,2.336,3.089,1.46,-1.283
2015-03-30 22:00:00+00:00,2.512,2.866,1.328,-1.654
2015-03-30 23:00:00+00:00,2.554,2.962,1.21,-2.021
2015-03-31 00:00:00+00:00,2.757,2.864,1.093,-2.338
2015-03-31 01:00:00+00:00,3.55,2.761,0.929,-2.627
2015-03-31 02:00:00+00:00,4.587,2.62,0.825,-2.9
2015-03-31 03:00:00+00:00,5.478,2.214,0.65,-3.204
2015-03-31 04:00:00+00:00,6.199,1.854,0.491,-3.364
2015-03-31 05:00:00+00:00,6.851,1.698,0.559,-3.048
2015-03-31 06:00:00+00:00,7.602,1.813,0.976,-1.91
2015-03-31 07:00:00+00:00,8.314,2.051,1.724,-0.531
2015-03-31 08:00:00+00:00,8.874,2.391,2.775,0.751
2015-03-31 09:00:00+00:00,9.298,2.772,3.643,1.72
2015-03-31 10:00:00+00:00,9.587,3.163,4.209,2.382
2015-03-31 11:00:00+00:00,9.681,3.499,4.432,2.755
2015-03-31 12:00:00+00:00,9.638,3.689,4.412,2.87
2015-03-31 13:00:00+00:00,9.357,3.619,4.384,2.784
2015-03-31 14:00:00+00:00,8.8,3.33,4.177,2.538
2015-03-31 15:00:00+00:00,8.04,2.98,3.792,2.222
2015-03-31 16:00:00+00:00,7.143,2.624,2.951,1.563
2015-03-31 17:00:00+00:00,6.123,2.253,2.034,0.756
2015-03-31 18:00:00+00:00,5.292,2.121,1.612,0.133
2015-03-31 19:00:00+00:00,4.688,2.231,1.335,-0.242
2015-03-31 20:00:00+00:00,4.235,2.421,1.142,-0.597
2015-03-31 21:00:00+00:00,3.838,2.55,0.976,-0.85
2015-03-31 22:00:00+00:00,3.486,2.639,0.787,-1.051
2015-03-31 23:00:00+00:00,3.128,2.764,0.643,-1.282
2015-04-01 00:00:00+00:00,2.804,2.847,0.546,-1.561
2015-04-01 01:00:00+00:00,2.546,2.825,0.507,-1.827
2015-04-01 02:00:00+00:00,2.326,2.749,0.469,-2.005
2015-04-01 03:00:00+00:00,2.127,2.712,0.405,-2.143
2015-04-01 04:00:00+00:00,1.956,2.662,0.33,-2.329
2015-04-01 05:00:00+00:00,1.971,2.845,0.726,-1.99
2015-04-01 06:00:00+00:00,2.455,3.402,1.57,-0.981
2015-04-01 07:00:00+00:00,3.231,3.988,2.736,0.31
2015-04-01 08:00:00+00:00,4.104,4.455,3.988,1.564
2015-04-01 09:00:00+00:00,4.916,4.849,4.983,2.426
2015-04-01 10:00:00+00:00,5.561,5.262,5.644,2.966
2015-04-01 11:00:00+00:00,5.946,5.568,5.847,3.228
2015-04-01 12:00:00+00:00,6.022,5.634,5.813,3.236
2015-04-01 13:00:00+00:00,5.87,5.593,5.598,3.064
2015-04-01 14:00:00+00:00,5.499,5.445,5.345,2.746
2015-04-01 15:00:00+00:00,5.027,5.114,4.829,2.267
2015-04-01 16:00:00+00:00,4.34,4.574,3.724,1.521
2015-04-01 17:00:00+00:00,3.438,3.777,2.574,0.593
2015-04-01 18:00:00+00:00,2.879,3.094,1.927,-0.11
2015-04-01 19:00:00+00:00,2.625,2.65,1.489,-0.467
2015-04-01 20:00:00+00:00,2.428,2.272,1.105,-0.697
2015-04-01 21:00:00+00:00,2.323,1.94,0.651,-0.906
2015-04-01 22:00:00+00:00,2.317,1.698,0.159,-1.088
2015-04-01 23:00:00+00:00,2.362,1.514,-0.259,-1.267
2015-04-02 00:00:00+00:00,2.371,1.445,-0.462,-1.428
2015-04-02 01:00:00+00:00,2.351,1.17,-0.586,-1.589
2015-04-02 02:00:00+00:00,2.312,1.188,-0.529,-1.74
2015-04-02 03:00:00+00:00,2.185,1.153,-0.54,-1.868
2015-04-02 04:00:00+00:00,2.04,0.994,-0.587,-2.032
2015-04-02 05:00:00+00:00,1.987,1.442,-0.106,-1.87
2015-04-02 06:00:00+00:00,2.172,2.379,0.719,-0.988
2015-04-02 07:00:00+00:00,2.593,3.335,1.798,0.308
2015-04-02 08:00:00+00:00,3.216,4.126,3.023,1.488
2015-04-02 09:00:00+00:00,3.904,4.846,4.151,2.394
2015-04-02 10:00:00+00:00,4.567,5.452,4.89,3.103
2015-04-02 11:00:00+00:00,5.121,5.879,5.203,3.578
2015-04-02 12:00:00+00:00,5.534,6.157,5.29,3.79
2015-04-02 13:00:00+00:00,5.728,6.395,5.24,3.812
2015-04-02 14:00:00+00:00,5.685,6.488,5.043,3.672
2015-04-02 15:00:00+00:00,5.396,6.251,4.597,3.34
2015-04-02 16:00:00+00:00,4.707,5.591,3.765,2.712
2015-04-02 17:00:00+00:00,3.346,4.29,2.445,1.642
2015-04-02 18:00:00+00:00,2.108,3.241,1.947,0.703
2015-04-02 19:00:00+00:00,1.492,2.724,1.541,0.212
2015-04-02 20:00:00+00:00,0.959,2.27,1.275,-0.263
2015-04-02 21:00:00+00:00,0.54,1.892,1.18,-0.639
2015-04-02 22:00:00+00:00,0.226,1.634,0.932,-1.021
2015-04-02 23:00:00+00:00,-0.04,1.49,0.733,-1.364
2015-04-03 00:00:00+00:00,-0.304,1.413,0.506,-1.671
2015-04-03 01:00:00+00:00,-0.503,1.473,0.328,-1.918
2015-04-03 02:00:00+00:00,-0.659,1.45,0.225,-2.112
2015-04-03 03:00:00+00:00,-0.729,1.384,0.056,-2.163
2015-04-03 04:00:00+00:00,-0.757,1.318,-0.046,-2.235
2015-04-03 05:00:00+00:00,-0.167,1.801,0.449,-1.826
2015-04-03 06:00:00+00:00,1.498,2.891,1.484,-0.583
2015-04-03 07:00:00+00:00,3.408,4.32,3.047,0.983
2015-04-03 08:00:00+00:00,5.023,5.686,4.529,2.278
2015-04-03 09:00:00+00:00,6.211,6.622,5.513,3.015
2015-04-03 10:00:00+00:00,7.283,7.173,6.106,3.482
2015-04-03 11:00:00+00:00,8.131,7.449,6.377,3.777
2015-04-03 12:00:00+00:00,8.705,7.565,6.334,3.897
2015-04-03 13:00:00+00:00,8.914,7.554,6.114,3.84
2015-04-03 14:00:00+00:00,8.758,7.403,5.829,3.651
2015-04-03 15:00:00+00:00,8.281,7.018,5.289,3.273
2015-04-03 16:00:00+00:00,7.306,6.176,4.266,2.416
2015-04-03 17:00:00+00:00,5.334,4.231,2.595,0.676
2015-04-03 18:00:00+00:00,4.271,2.95,1.927,-0.426
2015-04-03 19:00:00+00:00,3.7,2.391,1.474,-0.744
2015-04-03 20:00:00+00:00,3.09,1.883,1.027,-0.998
2015-04-03 21:00:00+00:00,2.5,1.436,0.667,-1.239
2015-04-03 22:00:00+00:00,1.954,1.044,0.34,-1.549
2015-04-03 23:00:00+00:00,1.449,0.73,-0.032,-1.828
2015-04-04 00:00:00+00:00,1.068,0.501,-0.313,-2.131
2015-04-04 01:00:00+00:00,0.812,0.292,-0.441,-2.413
2015-04-04 02:00:00+00:00,0.742,0.251,-0.493,-2.753
2015-04-04 03:00:00+00:00,0.649,0.37,-0.564,-3.03
2015-04-04 04:00:00+00:00,0.458,0.435,-0.54,-3.245
2015-04-04 05:00:00+00:00,0.722,1.122,0.066,-2.846
2015-04-04 06:00:00+00:00,1.6,2.395,1.058,-1.552
2015-04-04 07:00:00+00:00,2.591,3.831,2.359,0.153
2015-04-04 08:00:00+00:00,3.615,5.594,3.575,1.555
2015-04-04 09:00:00+00:00,4.425,6.585,4.338,2.575
2015-04-04 10:00:00+00:00,5.258,6.952,4.813,3.274
2015-04-04 11:00:00+00:00,6.025,7.129,5.01,3.76
2015-04-04 12:00:00+00:00,6.476,7.195,5.042,3.98
2015-04-04 13:00:00+00:00,6.641,7.158,4.927,3.984
2015-04-04 14:00:00+00:00,6.599,7.01,4.728,3.809
2015-04-04 15:00:00+00:00,6.27,6.651,4.397,3.43
2015-04-04 16:00:00+00:00,5.454,5.932,3.689,2.594
2015-04-04 17:00:00+00:00,3.485,4.316,2.365,1.072
2015-04-04 18:00:00+00:00,1.971,3.151,1.622,0.12
2015-04-04 19:00:00+00:00,1.349,2.638,1.227,-0.302
2015-04-04 20:00:00+00:00,0.709,2.087,0.748,-0.632
2015-04-04 21:00:00+00:00,0.017,1.589,0.328,-1.055
2015-04-04 22:00:00+00:00,-0.659,1.138,-0.121,-1.574
2015-04-04 23:00:00+00:00,-1.265,0.783,-0.443,-2.021
2015-04-05 00:00:00+00:00,-1.813,0.497,-0.671,-2.294
2015-04-05 01:00:00+00:00,-2.223,0.3,-0.817,-2.388
2015-04-05 02:00:00+00:00,-2.436,0.185,-0.864,-2.294
2015-04-05 03:00:00+00:00,-2.508,0.054,-0.882,-2.225
2015-04-05 04:00:00+00:00,-2.469,0.178,-0.879,-2.203
2015-04-05 05:00:00+00:00,-1.595,1.322,0.006,-1.815
2015-04-05 06:00:00+00:00,0.128,2.916,1.126,-1.036
2015-04-05 07:00:00+00:00,2.718,4.183,2.513,0.071
2015-04-05 08:00:00+00:00,5.197,5.565,3.761,1.424
2015-04-05 09:00:00+00:00,6.458,6.258,4.502,2.554
2015-04-05 10:00:00+00:00,7.136,6.67,5.042,3.349
2015-04-05 11:00:00+00:00,7.665,6.988,5.443,3.783
2015-04-05 12:00:00+00:00,8.018,7.174,5.62,3.978
2015-04-05 13:00:00+00:00,8.159,7.159,5.603,4.023
2015-04-05 14:00:00+00:00,8.056,6.939,5.344,3.881
2015-04-05 15:00:00+00:00,7.635,6.533,4.834,3.519
2015-04-05 16:00:00+00:00,6.643,5.878,3.805,2.894
2015-04-05 17:00:00+00:00,4.015,4.584,1.886,2.263
2015-04-05 18:00:00+00:00,2.239,3.652,0.816,1.761
2015-04-05 19:00:00+00:00,1.599,3.259,0.267,1.54
2015-04-05 20:00:00+00:00,1.055,2.914,-0.09,1.39
2015-04-05 21:00:00+00:00,0.599,2.623,-0.206,1.291
2015-04-05 22:00:00+00:00,0.145,2.3,-0.272,1.225
2015-04-05 23:00:00+00:00,-0.251,1.883,-0.428,1.198
2015-04-06 00:00:00+00:00,-0.548,1.388,-0.516,1.218
2015-04-06 01:00:00+00:00,-0.752,0.983,-0.658,1.254
2015-04-06 02:00:00+00:00,-0.881,0.866,-0.677,1.222
2015-04-06 03:00:00+00:00,-1.022,0.762,-0.755,1.06
2015-04-06 04:00:00+00:00,-1.079,0.636,-0.767,0.815
2015-04-06 05:00:00+00:00,-0.149,1.397,-0.018,0.922
2015-04-06 06:00:00+00:00,1.649,2.563,1.245,1.638
2015-04-06 07:00:00+00:00,3.601,4.04,2.747,2.345
2015-04-06 08:00:00+00:00,5.159,5.624,4.366,3.155
2015-04-06 09:00:00+00:00,6.04,6.649,5.536,4.019
2015-04-06 10:00:00+00:00,6.681,7.358,6.387,4.78
2015-04-06 11:00:00+00:00,7.244,7.961,7.015,5.292
2015-04-06 12:00:00+00:00,7.723,8.434,7.425,5.539
2015-04-06 13:00:00+00:00,7.998,8.722,7.564,5.614
2015-04-06 14:00:00+00:00,8.04,8.765,7.415,5.476
2015-04-06 15:00:00+00:00,7.814,8.478,6.91,5.081
2015-04-06 16:00:00+00:00,7.035,7.738,5.785,4.422
2015-04-06 17:00:00+00:00,4.569,5.937,4.073,3.487
2015-04-06 18:00:00+00:00,2.748,4.574,3.241,2.662
2015-04-06 19:00:00+00:00,2.068,3.987,2.818,2.285
2015-04-06 20:00:00+00:00,1.437,3.438,2.4,2.145
2015-04-06 21:00:00+00:00,0.819,3.017,2.088,2.176
2015-04-06 22:00:00+00:00,0.267,2.919,1.927,2.15
2015-04-06 23:00:00+00:00,-0.141,2.892,1.835,2.337
2015-04-07 00:00:00+00:00,-0.445,2.784,1.781,2.421
2015-04-07 01:00:00+00:00,-0.782,2.796,1.801,2.477
2015-04-07 02:00:00+00:00,-1.255,2.942,1.94,2.487
2015-04-07 03:00:00+00:00,-1.605,3.226,2.108,2.5
2015-04-07 04:00:00+00:00,-1.77,3.634,2.359,2.487
2015-04-07 05:00:00+00:00,-0.673,4.084,2.945,2.793
2015-04-07 06:00:00+00:00,1.807,4.703,3.947,3.569
2015-04-07 07:00:00+00:00,4.336,5.358,5.277,4.556
2015-04-07 08:00:00+00:00,7.086,6.091,6.717,5.742
2015-04-07 09:00:00+00:00,8.586,6.848,7.924,6.559
2015-04-07 10:00:00+00:00,9.58,7.624,8.891,7.078
2015-04-07 11:00:00+00:00,10.31,8.237,9.532,7.326
2015-04-07 12:00:00+00:00,10.764,8.657,9.845,7.477
2015-04-07 13:00:00+00:00,10.938,8.861,9.794,7.578
2015-04-07 14:00:00+00:00,10.785,8.84,9.484,7.477
2015-04-07 15:00:00+00:00,10.322,8.609,8.884,7.105
2015-04-07 16:00:00+00:00,9.356,8.178,7.907,6.347
2015-04-07 17:00:00+00:00,7.304,7.385,6.46,5.277
2015-04-07 18:00:00+00:00,5.807,6.499,5.592,4.618
2015-04-07 19:00:00+00:00,5.143,5.952,5.235,4.359
2015-04-07 20:00:00+00:00,4.496,5.475,4.977,4.077
2015-04-07 21:00:00+00:00,3.906,5.135,4.794,3.786
2015-04-07 22:00:00+00:00,3.441,4.979,4.677,3.477
2015-04-07 23:00:00+00:00,3.085,4.88,4.518,3.216
2015-04-08 00:00:00+00:00,2.802,4.791,4.334,2.957
2015-04-08 01:00:00+00:00,2.653,4.8,4.17,2.739
2015-04-08 02:00:00+00:00,2.579,4.964,4.099,2.577
2015-04-08 03:00:00+00:00,2.486,5.135,4.1,2.263
2015-04-08 04:00:00+00:00,2.322,5.233,4.136,1.77
2015-04-08 05:00:00+00:00,2.799,5.407,4.587,1.836
2015-04-08 06:00:00+00:00,4.107,5.803,5.395,2.743
2015-04-08 07:00:00+00:00,5.544,6.65,6.237,3.744
2015-04-08 08:00:00+00:00,7.282,7.857,6.936,4.619
2015-04-08 09:00:00+00:00,8.658,9.011,7.548,5.391
2015-04-08 10:00:00+00:00,9.965,10.069,8.14,6.081
2015-04-08 11:00:00+00:00,11.012,10.873,8.695,6.724
2015-04-08 12:00:00+00:00,11.798,11.39,9.088,7.201
2015-04-08 13:00:00+00:00,12.28,11.668,9.275,7.428
2015-04-08 14:00:00+00:00,12.43,11.726,9.214,7.33
2015-04-08 15:00:00+00:00,12.178,11.542,8.823,6.996
2015-04-08 16:00:00+00:00,11.402,10.866,7.834,6.17
2015-04-08 17:00:00+00:00,9.199,9.205,6.19,4.394
2015-04-08 18:00:00+00:00,7.434,8.208,5.159,2.858
2015-04-08 19:00:00+00:00,6.621,7.852,4.561,2.223
2015-04-08 20:00:00+00:00,5.868,7.236,3.951,1.718
2015-04-08 21:00:00+00:00,5.176,6.332,3.179,1.383
2015-04-08 22:00:00+00:00,4.577,5.592,2.671,1.316
2015-04-08 23:00:00+00:00,4.076,5.136,2.615,1.348
2015-04-09 00:00:00+00:00,3.678,4.854,2.432,1.242
2015-04-09 01:00:00+00:00,3.343,4.603,2.298,0.971
2015-04-09 02:00:00+00:00,3.081,4.356,2.315,0.95
2015-04-09 03:00:00+00:00,2.967,4.141,2.342,0.924
2015-04-09 04:00:00+00:00,2.951,4.079,2.497,0.977
2015-04-09 05:00:00+00:00,3.935,4.713,3.213,1.596
2015-04-09 06:00:00+00:00,5.704,5.296,4.271,2.377
2015-04-09 07:00:00+00:00,8.006,6.154,5.665,3.31
2015-04-09 08:00:00+00:00,10.646,7.144,7.068,4.342
2015-04-09 09:00:00+00:00,12.77,8.044,8.298,5.426
2015-04-09 10:00:00+00:00,14.246,8.927,9.273,6.225
2015-04-09 11:00:00+00:00,15.322,9.626,9.875,6.756
2015-04-09 12:00:00+00:00,16.062,10.108,10.137,7.065
2015-04-09 13:00:00+00:00,16.456,10.356,10.125,7.155
2015-04-09 14:00:00+00:00,16.494,10.361,9.888,7.033
2015-04-09 15:00:00+00:00,16.189,10.089,9.392,6.668
2015-04-09 16:00:00+00:00,15.4,9.423,8.477,5.893
2015-04-09 17:00:00+00:00,13.563,7.966,7.035,4.553
2015-04-09 18:00:00+00:00,12.008,6.751,5.93,3.451
2015-04-09 19:00:00+00:00,10.9,6.284,5.463,3.059
2015-04-09 20:00:00+00:00,9.892,5.916,5.037,2.885
2015-04-09 21:00:00+00:00,8.943,5.541,4.675,2.74
2015-04-09 22:00:00+00:00,8.148,5.258,4.461,2.284
2015-04-09 23:00:00+00:00,7.478,5.062,4.233,1.971
2015-04-10 00:00:00+00:00,6.904,4.767,4.046,1.913
2015-04-10 01:00:00+00:00,6.403,4.491,3.892,1.904
2015-04-10 02:00:00+00:00,5.958,4.35,3.788,1.683
2015-04-10 03:00:00+00:00,5.424,4.291,3.706,1.703
2015-04-10 04:00:00+00:00,4.831,4.225,3.703,1.82
2015-04-10 05:00:00+00:00,5.618,4.343,3.982,2.317
2015-04-10 06:00:00+00:00,8.358,4.482,4.36,3.015
2015-04-10 07:00:00+00:00,10.584,4.772,5.13,3.963
2015-04-10 08:00:00+00:00,13.76,5.225,6.381,5.17
2015-04-10 09:00:00+00:00,16.07,5.943,7.643,6.329
2015-04-10 10:00:00+00:00,17.423,6.923,8.677,7.164
2015-04-10 11:00:00+00:00,18.302,8.345,9.547,7.73
2015-04-10 12:00:00+00:00,18.835,9.877,10.17,8.115
2015-04-10 13:00:00+00:00,19.067,11.094,10.47,8.293
2015-04-10 14:00:00+00:00,18.997,11.627,10.393,8.226
2015-04-10 15:00:00+00:00,18.581,11.618,9.887,7.873
2015-04-10 16:00:00+00:00,17.37,11.072,8.888,7.098
2015-04-10 17:00:00+00:00,14.984,9.494,7.251,5.688
2015-04-10 18:00:00+00:00,13.048,8.235,6.125,4.282
2015-04-10 19:00:00+00:00,11.778,7.324,5.638,3.686
2015-04-10 20:00:00+00:00,10.794,6.497,5.251,3.336
2015-04-10 21:00:00+00:00,10.004,5.9,4.99,2.933
2015-04-10 22:00:00+00:00,9.339,5.495,4.828,2.636
2015-04-10 23:00:00+00:00,8.797,5.241,4.699,2.533
2015-04-11 00:00:00+00:00,8.337,5.139,4.587,2.442
2015-04-11 01:00:00+00:00,7.987,5.148,4.472,2.271
2015-04-11 02:00:00+00:00,7.693,5.222,4.407,2.137
2015-04-11 03:00:00+00:00,7.473,5.472,4.337,2.13
2015-04-11 04:00:00+00:00,7.363,5.555,4.268,2.176
2015-04-11 05:00:00+00:00,8.234,6.302,4.389,2.433
2015-04-11 06:00:00+00:00,9.812,7.138,4.762,2.915
2015-04-11 07:00:00+00:00,11.761,8.24,5.413,3.563
2015-04-11 08:00:00+00:00,13.755,9.625,6.177,4.168
2015-04-11 09:00:00+00:00,15.052,11.163,7.154,4.682
2015-04-11 10:00:00+00:00,15.745,12.523,8.434,5.19
2015-04-11 11:00:00+00:00,16.039,13.458,9.783,5.698
2015-04-11 12:00:00+00:00,15.95,13.882,10.737,6.232
2015-04-11 13:00:00+00:00,15.593,13.918,11.197,6.583
2015-04-11 14:00:00+00:00,15.108,13.587,11.242,6.638
2015-04-11 15:00:00+00:00,14.422,12.677,10.81,6.389
2015-04-11 16:00:00+00:00,13.327,11.23,9.692,5.858
2015-04-11 17:00:00+00:00,11.598,9.72,8.316,5.265
2015-04-11 18:00:00+00:00,9.95,8.483,7.613,4.76
2015-04-11 19:00:00+00:00,8.971,7.496,7.351,4.437
2015-04-11 20:00:00+00:00,7.971,6.73,6.936,4.269
2015-04-11 21:00:00+00:00,7.107,6.146,6.543,4.059
2015-04-11 22:00:00+00:00,6.464,5.712,6.158,3.759
2015-04-11 23:00:00+00:00,5.778,5.496,5.818,3.395
2015-04-12 00:00:00+00:00,5.152,5.391,5.548,3.038
2015-04-12 01:00:00+00:00,4.677,5.257,5.325,2.681
2015-04-12 02:00:00+00:00,4.278,5.266,5.08,2.401
2015-04-12 03:00:00+00:00,3.974,5.254,4.885,2.304
2015-04-12 04:00:00+00:00,3.743,4.951,4.868,2.28
2015-04-12 05:00:00+00:00,4.605,5.376,5.047,2.525
2015-04-12 06:00:00+00:00,6.43,6.34,5.386,3.128
2015-04-12 07:00:00+00:00,8.715,7.474,6.042,3.89
2015-04-12 08:00:00+00:00,10.949,8.316,6.778,4.598
2015-04-12 09:00:00+00:00,12.513,8.817,7.435,5.118
2015-04-12 10:00:00+00:00,13.581,9.157,7.881,5.428
2015-04-12 11:00:00+00:00,14.341,9.305,8.235,5.587
2015-04-12 12:00:00+00:00,14.816,9.088,8.384,5.637
2015-04-12 13:00:00+00:00,15.029,8.582,8.309,5.499
2015-04-12 14:00:00+00:00,14.969,7.932,7.942,5.137
2015-04-12 15:00:00+00:00,14.628,7.27,7.329,4.697
2015-04-12 16:00:00+00:00,13.675,6.628,6.609,4.203
2015-04-12 17:00:00+00:00,11.4,6.062,5.85,3.53
2015-04-12 18:00:00+00:00,9.758,5.627,5.214,2.677
2015-04-12 19:00:00+00:00,9.378,5.391,4.75,2.107
2015-04-12 20:00:00+00:00,8.953,5.212,4.354,1.749
2015-04-12 21:00:00+00:00,8.594,5.071,4.05,1.424
2015-04-12 22:00:00+00:00,8.336,5.037,3.852,1.164
2015-04-12 23:00:00+00:00,8.061,4.785,3.657,0.865
2015-04-13 00:00:00+00:00,7.594,4.613,3.476,0.746
2015-04-13 01:00:00+00:00,7.094,4.265,3.337,0.707
2015-04-13 02:00:00+00:00,6.591,4.022,3.09,0.488
2015-04-13 03:00:00+00:00,6.026,4.126,2.902,0.174
2015-04-13 04:00:00+00:00,5.411,4.292,2.915,-0.102
2015-04-13 05:00:00+00:00,6.002,4.713,3.234,0.332
2015-04-13 06:00:00+00:00,7.292,5.432,3.895,1.388
2015-04-13 07:00:00+00:00,8.774,6.087,4.872,2.71
2015-04-13 08:00:00+00:00,10.125,6.671,6.006,3.657
2015-04-13 09:00:00+00:00,11.18,7.265,6.975,4.207
2015-04-13 10:00:00+00:00,11.97,7.606,7.648,4.488
2015-04-13 11:00:00+00:00,12.499,7.749,8.0,4.579
2015-04-13 12:00:00+00:00,12.764,7.797,8.043,4.595
2015-04-13 13:00:00+00:00,12.773,7.683,7.868,4.519
2015-04-13 14:00:00+00:00,12.535,7.424,7.569,4.297
2015-04-13 15:00:00+00:00,12.039,7.015,7.103,3.921
2015-04-13 16:00:00+00:00,11.122,6.408,6.385,3.307
2015-04-13 17:00:00+00:00,9.098,5.472,5.395,2.199
2015-04-13 18:00:00+00:00,6.773,4.458,4.417,0.46
2015-04-13 19:00:00+00:00,5.789,3.9,3.694,-0.368
2015-04-13 20:00:00+00:00,5.073,3.609,3.059,-0.907
2015-04-13 21:00:00+00:00,4.636,3.475,2.51,-1.333
2015-04-13 22:00:00+00:00,4.47,3.48,2.036,-1.613
2015-04-13 23:00:00+00:00,4.259,3.555,1.69,-1.689
2015-04-14 00:00:00+00:00,3.883,3.633,1.429,-1.648
2015-04-14 01:00:00+00:00,3.432,3.609,1.192,-1.374
2015-04-14 02:00:00+00:00,3.025,3.629,0.975,-1.04
2015-04-14 03:00:00+00:00,2.749,3.682,0.607,-1.031
2015-04-14 04:00:00+00:00,2.61,3.855,0.661,-0.932
2015-04-14 05:00:00+00:00,4.032,4.332,1.618,-0.253
2015-04-14 06:00:00+00:00,6.256,4.751,2.67,0.368
2015-04-14 07:00:00+00:00,8.707,5.297,3.543,0.949
2015-04-14 08:00:00+00:00,11.171,5.947,4.142,1.48
2015-04-14 09:00:00+00:00,13.021,6.655,4.531,2.111
2015-04-14 10:00:00+00:00,14.493,7.294,4.804,2.68
2015-04-14 11:00:00+00:00,15.646,7.788,4.997,3.273
2015-04-14 12:00:00+00:00,16.477,8.214,5.107,4.028
2015-04-14 13:00:00+00:00,16.941,8.588,5.081,4.849
2015-04-14 14:00:00+00:00,16.988,8.823,4.949,5.377
2015-04-14 15:00:00+00:00,16.657,8.809,4.862,5.558
2015-04-14 16:00:00+00:00,15.661,8.589,4.814,5.306
2015-04-14 17:00:00+00:00,13.393,8.21,4.675,4.381
2015-04-14 18:00:00+00:00,11.208,7.799,4.533,3.252
2015-04-14 19:00:00+00:00,10.295,7.518,4.504,2.678
2015-04-14 20:00:00+00:00,9.519,7.289,4.442,2.307
2015-04-14 21:00:00+00:00,8.877,7.12,4.284,2.077
2015-04-14 22:00:00+00:00,8.404,6.997,4.079,1.757
2015-04-14 23:00:00+00:00,7.92,6.902,3.825,1.554
2015-04-15 00:00:00+00:00,7.405,6.883,3.701,1.378
2015-04-15 01:00:00+00:00,6.914,6.93,3.584,1.231
2015-04-15 02:00:00+00:00,6.634,6.989,3.425,1.104
2015-04-15 03:00:00+00:00,6.425,7.029,3.335,1.058
2015-04-15 04:00:00+00:00,6.26,7.06,3.451,1.203
2015-04-15 05:00:00+00:00,7.877,7.264,3.799,1.746
2015-04-15 06:00:00+00:00,10.514,7.7,4.474,2.376
2015-04-15 07:00:00+00:00,12.998,8.446,5.602,2.959
2015-04-15 08:00:00+00:00,15.893,9.427,6.673,3.487
2015-04-15 09:00:00+00:00,17.963,10.365,7.35,3.946
2015-04-15 10:00:00+00:00,19.237,11.131,7.794,4.367
2015-04-15 11:00:00+00:00,20.094,11.491,8.05,4.817
2015-04-15 12:00:00+00:00,20.614,11.358,8.09,5.213
2015-04-15 13:00:00+00:00,20.777,11.013,7.955,5.451
2015-04-15 14:00:00+00:00,20.596,10.413,7.681,5.537
2015-04-15 15:00:00+00:00,19.969,9.707,7.276,5.37
2015-04-15 16:00:00+00:00,18.53,8.933,6.645,4.879
2015-04-15 17:00:00+00:00,15.666,8.095,5.876,4.083
2015-04-15 18:00:00+00:00,13.209,7.263,5.302,3.088
2015-04-15 19:00:00+00:00,12.089,6.681,4.951,2.333
2015-04-15 20:00:00+00:00,11.095,6.172,4.641,1.63
2015-04-15 21:00:00+00:00,10.137,5.706,4.325,1.285
2015-04-15 22:00:00+00:00,9.244,5.381,4.023,0.991
2015-04-15 23:00:00+00:00,8.446,5.192,3.731,0.811
2015-04-16 00:00:00+00:00,7.788,5.059,3.461,0.606
2015-04-16 01:00:00+00:00,7.222,4.942,3.146,0.405
2015-04-16 02:00:00+00:00,6.763,4.881,2.885,0.179
2015-04-16 03:00:00+00:00,6.355,4.92,2.639,0.009
2015-04-16 04:00:00+00:00,6.096,5.09,2.698,-0.001
2015-04-16 05:00:00+00:00,7.345,5.549,3.351,0.833
2015-04-16 06:00:00+00:00,9.107,6.181,4.418,1.979
2015-04-16 07:00:00+00:00,10.966,7.039,5.655,3.239
2015-04-16 08:00:00+00:00,12.835,7.92,6.804,4.187
2015-04-16 09:00:00+00:00,14.311,8.589,7.697,4.888
2015-04-16 10:00:00+00:00,15.341,9.035,8.235,5.338
2015-04-16 11:00:00+00:00,16.007,9.268,8.441,5.547
2015-04-16 12:00:00+00:00,16.388,9.332,8.332,5.531
2015-04-16 13:00:00+00:00,16.359,9.181,8.124,5.37
2015-04-16 14:00:00+00:00,15.9,8.852,7.751,5.059
2015-04-16 15:00:00+00:00,15.067,8.388,7.237,4.762
2015-04-16 16:00:00+00:00,13.74,7.77,6.515,4.427
2015-04-16 17:00:00+00:00,11.826,6.888,5.505,3.782
2015-04-16 18:00:00+00:00,10.057,5.866,4.562,2.787
2015-04-16 19:00:00+00:00,9.236,5.305,4.053,2.21
2015-04-16 20:00:00+00:00,8.531,5.022,3.663,1.891
2015-04-16 21:00:00+00:00,7.938,4.82,3.28,1.605
2015-04-16 22:00:00+00:00,7.361,4.668,2.876,1.335
2015-04-16 23:00:00+00:00,6.828,4.613,2.595,1.1
2015-04-17 00:00:00+00:00,6.337,4.494,2.37,0.862
2015-04-17 01:00:00+00:00,5.888,4.342,2.19,0.67
2015-04-17 02:00:00+00:00,5.513,4.114,2.081,0.474
2015-04-17 03:00:00+00:00,5.166,3.813,2.001,0.363
2015-04-17 04:00:00+00:00,4.974,3.745,2.05,0.465
2015-04-17 05:00:00+00:00,5.803,4.469,2.575,1.345
2015-04-17 06:00:00+00:00,7.082,5.559,3.394,2.735
2015-04-17 07:00:00+00:00,8.556,6.928,4.38,4.203
2015-04-17 08:00:00+00:00,9.873,8.039,5.238,5.344
2015-04-17 09:00:00+00:00,10.87,8.669,5.821,6.161
2015-04-17 10:00:00+00:00,11.597,9.015,6.13,6.694
2015-04-17 11:00:00+00:00,12.098,9.258,6.333,7.02
2015-04-17 12:00:00+00:00,12.351,9.401,6.437,7.25
2015-04-17 13:00:00+00:00,12.336,9.402,6.42,7.339
2015-04-17 14:00:00+00:00,12.013,9.257,6.277,7.265
2015-04-17 15:00:00+00:00,11.421,8.947,6.058,6.995
2015-04-17 16:00:00+00:00,10.531,8.418,5.629,6.478
2015-04-17 17:00:00+00:00,8.993,7.455,4.528,5.489
2015-04-17 18:00:00+00:00,7.01,6.065,3.167,3.741
2015-04-17 19:00:00+00:00,6.079,5.446,2.503,2.671
2015-04-17 20:00:00+00:00,5.242,5.024,1.953,2.079
2015-04-17 21:00:00+00:00,4.5,4.582,1.533,1.599
2015-04-17 22:00:00+00:00,3.863,4.09,1.311,1.183
2015-04-17 23:00:00+00:00,3.267,3.522,1.105,0.882
2015-04-18 00:00:00+00:00,2.716,3.084,0.989,0.547
2015-04-18 01:00:00+00:00,2.241,2.761,0.928,0.271
2015-04-18 02:00:00+00:00,1.871,2.494,0.887,0.09
2015-04-18 03:00:00+00:00,1.631,2.337,0.934,0.05
2015-04-18 04:00:00+00:00,1.522,2.537,1.442,0.16
2015-04-18 05:00:00+00:00,2.692,4.131,2.805,1.517
2015-04-18 06:00:00+00:00,4.448,5.719,4.402,3.093
2015-04-18 07:00:00+00:00,6.713,7.397,6.12,4.62
2015-04-18 08:00:00+00:00,8.289,8.663,7.506,5.791
2015-04-18 09:00:00+00:00,9.39,9.48,8.478,6.674
2015-04-18 10:00:00+00:00,10.288,10.198,9.169,7.33
2015-04-18 11:00:00+00:00,11.002,10.686,9.603,7.782
2015-04-18 12:00:00+00:00,11.504,10.943,9.753,7.975
2015-04-18 13:00:00+00:00,11.745,10.962,9.663,7.832
2015-04-18 14:00:00+00:00,11.673,10.737,9.349,7.427
2015-04-18 15:00:00+00:00,11.282,10.262,8.811,7.09
2015-04-18 16:00:00+00:00,10.464,9.436,7.948,6.605
2015-04-18 17:00:00+00:00,8.285,8.112,6.59,5.73
2015-04-18 18:00:00+00:00,5.616,6.893,5.237,4.585
2015-04-18 19:00:00+00:00,4.75,6.408,4.727,4.123
2015-04-18 20:00:00+00:00,4.168,6.052,4.35,3.752
2015-04-18 21:00:00+00:00,3.57,5.786,4.174,3.284
2015-04-18 22:00:00+00:00,2.958,5.645,3.876,2.875
2015-04-18 23:00:00+00:00,2.351,5.502,3.305,2.559
2015-04-19 00:00:00+00:00,1.808,5.232,3.027,2.308
2015-04-19 01:00:00+00:00,1.416,4.975,2.923,2.005
2015-04-19 02:00:00+00:00,1.137,4.774,2.775,1.708
2015-04-19 03:00:00+00:00,0.852,4.49,2.703,1.495
2015-04-19 04:00:00+00:00,0.738,4.465,3.042,1.582
2015-04-19 05:00:00+00:00,2.47,5.506,4.012,2.669
2015-04-19 06:00:00+00:00,4.494,6.567,5.303,4.059
2015-04-19 07:00:00+00:00,7.109,8.051,6.744,5.563
2015-04-19 08:00:00+00:00,9.379,9.439,7.989,6.821
2015-04-19 09:00:00+00:00,10.918,10.482,9.008,7.969
2015-04-19 10:00:00+00:00,12.174,11.246,9.9,8.956
2015-04-19 11:00:00+00:00,13.179,11.736,10.597,9.718
2015-04-19 12:00:00+00:00,13.882,11.962,11.108,10.239
2015-04-19 13:00:00+00:00,14.249,11.964,11.405,10.478
2015-04-19 14:00:00+00:00,14.241,11.737,11.474,10.431
2015-04-19 15:00:00+00:00,13.91,11.312,11.227,10.122
2015-04-19 16:00:00+00:00,13.053,10.575,10.531,9.441
2015-04-19 17:00:00+00:00,10.516,9.347,9.408,8.146
2015-04-19 18:00:00+00:00,7.63,7.911,8.264,6.521
2015-04-19 19:00:00+00:00,6.683,7.191,7.553,5.762
2015-04-19 20:00:00+00:00,6.014,6.682,6.983,5.355
2015-04-19 21:00:00+00:00,5.373,6.302,6.424,4.852
2015-04-19 22:00:00+00:00,4.773,5.965,5.87,4.226
2015-04-19 23:00:00+00:00,4.245,5.643,5.386,3.784
2015-04-20 00:00:00+00:00,3.738,5.365,4.924,3.302
2015-04-20 01:00:00+00:00,3.222,5.113,4.46,2.96
2015-04-20 02:00:00+00:00,2.814,5.039,4.047,2.681
2015-04-20 03:00:00+00:00,2.519,5.014,3.675,2.362
2015-04-20 04:00:00+00:00,2.539,5.306,3.927,2.574
2015-04-20 05:00:00+00:00,4.452,6.388,5.066,3.955
2015-04-20 06:00:00+00:00,6.762,7.549,6.531,5.667
2015-04-20 07:00:00+00:00,9.31,9.225,8.056,7.469
2015-04-20 08:00:00+00:00,11.881,10.705,9.284,9.155
2015-04-20 09:00:00+00:00,13.515,11.77,10.283,10.625
2015-04-20 10:00:00+00:00,14.714,12.688,11.218,11.604
2015-04-20 11:00:00+00:00,15.613,13.4,12.02,12.184
2015-04-20 12:00:00+00:00,16.204,13.892,12.57,12.511
2015-04-20 13:00:00+00:00,16.462,14.116,12.813,12.658
2015-04-20 14:00:00+00:00,16.356,14.01,12.764,12.754
2015-04-20 15:00:00+00:00,15.909,13.456,12.325,12.261
2015-04-20 16:00:00+00:00,14.858,12.394,11.286,11.059
2015-04-20 17:00:00+00:00,12.222,10.781,9.487,9.399
2015-04-20 18:00:00+00:00,9.236,9.089,7.913,7.706
2015-04-20 19:00:00+00:00,8.136,8.272,7.103,6.758
2015-04-20 20:00:00+00:00,7.263,7.712,6.383,5.945
2015-04-20 21:00:00+00:00,6.476,7.299,5.943,5.103
2015-04-20 22:00:00+00:00,5.815,6.941,5.73,4.346
2015-04-20 23:00:00+00:00,5.255,6.553,5.311,3.767
2015-04-21 00:00:00+00:00,4.759,6.193,4.886,3.276
2015-04-21 01:00:00+00:00,4.314,5.936,4.48,2.808
2015-04-21 02:00:00+00:00,3.959,5.759,4.111,2.496
2015-04-21 03:00:00+00:00,3.71,5.625,3.77,2.269
2015-04-21 04:00:00+00:00,3.725,5.695,4.189,2.462
2015-04-21 05:00:00+00:00,5.508,6.561,5.413,3.568
2015-04-21 06:00:00+00:00,7.772,7.788,6.946,4.836
2015-04-21 07:00:00+00:00,10.495,9.251,8.401,5.972
2015-04-21 08:00:00+00:00,13.207,10.566,9.668,7.07
2015-04-21 09:00:00+00:00,15.077,11.649,10.757,8.072
2015-04-21 10:00:00+00:00,16.509,12.469,11.734,8.928
2015-04-21 11:00:00+00:00,17.43,13.036,12.525,9.567
2015-04-21 12:00:00+00:00,17.952,13.247,13.015,9.899
2015-04-21 13:00:00+00:00,18.077,13.072,13.146,9.943
2015-04-21 14:00:00+00:00,17.81,12.577,12.947,9.755
2015-04-21 15:00:00+00:00,17.162,11.849,12.419,9.421
2015-04-21 16:00:00+00:00,15.853,10.858,11.759,9.3
2015-04-21 17:00:00+00:00,13.192,9.436,10.042,8.243
2015-04-21 18:00:00+00:00,10.227,7.946,7.92,6.755
2015-04-21 19:00:00+00:00,8.87,7.339,6.578,5.478
2015-04-21 20:00:00+00:00,7.801,7.008,5.874,4.959
2015-04-21 21:00:00+00:00,6.908,6.66,5.442,4.593
2015-04-21 22:00:00+00:00,6.157,6.365,4.983,4.146
2015-04-21 23:00:00+00:00,5.529,6.084,4.634,3.578
2015-04-22 00:00:00+00:00,5.009,5.868,4.272,3.044
2015-04-22 01:00:00+00:00,4.586,5.762,3.981,2.548
2015-04-22 02:00:00+00:00,4.323,5.619,3.833,2.267
2015-04-22 03:00:00+00:00,4.103,5.473,3.765,2.179
2015-04-22 04:00:00+00:00,4.039,5.634,4.397,2.273
2015-04-22 05:00:00+00:00,5.212,6.48,5.398,3.165
2015-04-22 06:00:00+00:00,6.672,7.502,6.651,4.702
2015-04-22 07:00:00+00:00,8.457,8.823,8.204,6.393
2015-04-22 08:00:00+00:00,10.206,10.371,9.744,7.731
2015-04-22 09:00:00+00:00,11.599,11.762,11.027,8.634
2015-04-22 10:00:00+00:00,12.722,13.016,12.014,9.169
2015-04-22 11:00:00+00:00,13.592,13.875,12.514,9.491
2015-04-22 12:00:00+00:00,14.157,14.336,12.658,9.645
2015-04-22 13:00:00+00:00,14.362,14.452,12.588,9.608
2015-04-22 14:00:00+00:00,14.177,14.284,12.319,9.384
2015-04-22 15:00:00+00:00,13.642,13.791,11.795,9.048
2015-04-22 16:00:00+00:00,12.681,12.926,10.858,8.444
2015-04-22 17:00:00+00:00,10.803,11.34,9.466,7.513
2015-04-22 18:00:00+00:00,8.151,9.407,8.294,6.343
2015-04-22 19:00:00+00:00,6.866,8.543,7.775,5.578
2015-04-22 20:00:00+00:00,5.839,8.036,7.411,5.136
2015-04-22 21:00:00+00:00,4.951,7.699,6.992,4.741
2015-04-22 22:00:00+00:00,4.227,7.44,6.66,4.363
2015-04-22 23:00:00+00:00,3.666,6.907,6.368,4.034
2015-04-23 00:00:00+00:00,3.258,6.609,6.093,3.812
2015-04-23 01:00:00+00:00,2.948,6.37,5.92,3.602
2015-04-23 02:00:00+00:00,2.726,6.26,5.753,3.304
2015-04-23 03:00:00+00:00,2.547,6.263,5.604,3.095
2015-04-23 04:00:00+00:00,2.581,6.456,5.957,3.136
2015-04-23 05:00:00+00:00,3.92,7.037,6.913,4.033
2015-04-23 06:00:00+00:00,5.644,7.781,8.049,4.903
2015-04-23 07:00:00+00:00,8.1,8.448,8.856,5.557
2015-04-23 08:00:00+00:00,10.072,9.02,9.459,6.153
2015-04-23 09:00:00+00:00,11.691,9.57,9.887,6.684
2015-04-23 10:00:00+00:00,13.006,10.188,10.193,7.075
2015-04-23 11:00:00+00:00,14.024,10.812,10.468,7.312
2015-04-23 12:00:00+00:00,14.723,11.279,10.616,7.398
2015-04-23 13:00:00+00:00,15.066,11.468,10.601,7.302
2015-04-23 14:00:00+00:00,15.046,11.458,10.42,6.994
2015-04-23 15:00:00+00:00,14.71,11.116,10.029,6.52
2015-04-23 16:00:00+00:00,13.964,10.461,9.299,5.874
2015-04-23 17:00:00+00:00,12.063,9.634,8.058,5.04
2015-04-23 18:00:00+00:00,9.335,8.858,6.878,3.883
2015-04-23 19:00:00+00:00,8.132,8.344,6.317,2.955
2015-04-23 20:00:00+00:00,7.338,7.989,5.865,2.515
2015-04-23 21:00:00+00:00,6.687,7.829,5.482,2.167
2015-04-23 22:00:00+00:00,6.057,7.724,5.199,1.912
2015-04-23 23:00:00+00:00,5.468,7.611,4.908,1.69
2015-04-24 00:00:00+00:00,4.868,7.512,4.581,1.516
2015-04-24 01:00:00+00:00,4.3,7.404,4.282,1.372
2015-04-24 02:00:00+00:00,3.823,7.3,4.01,1.231
2015-04-24 03:00:00+00:00,3.434,7.207,3.773,1.169
2015-04-24 04:00:00+00:00,3.372,7.188,3.959,1.417
2015-04-24 05:00:00+00:00,5.502,7.361,4.66,2.091
2015-04-24 06:00:00+00:00,7.718,7.71,5.471,2.806
2015-04-24 07:00:00+00:00,10.563,8.279,6.303,3.62
2015-04-24 08:00:00+00:00,13.185,8.893,7.121,4.312
2015-04-24 09:00:00+00:00,14.96,9.452,7.869,4.8
2015-04-24 10:00:00+00:00,16.269,9.935,8.506,5.16
2015-04-24 11:00:00+00:00,17.195,10.4,8.971,5.454
2015-04-24 12:00:00+00:00,17.801,10.815,9.247,5.649
2015-04-24 13:00:00+00:00,18.111,11.16,9.323,5.679
2015-04-24 14:00:00+00:00,18.125,11.348,9.206,5.562
2015-04-24 15:00:00+00:00,17.83,11.354,8.878,5.356
2015-04-24 16:00:00+00:00,16.978,11.063,8.244,4.971
2015-04-24 17:00:00+00:00,14.833,10.181,6.97,4.367
2015-04-24 18:00:00+00:00,12.881,8.501,5.636,3.688
2015-04-24 19:00:00+00:00,11.937,7.623,5.176,3.228
2015-04-24 20:00:00+00:00,10.992,7.207,4.956,2.968
2015-04-24 21:00:00+00:00,10.077,7.029,4.737,2.709
2015-04-24 22:00:00+00:00,9.29,6.859,4.615,2.535
2015-04-24 23:00:00+00:00,8.701,6.716,4.457,2.554
2015-04-25 00:00:00+00:00,8.261,6.705,4.256,2.68
2015-04-25 01:00:00+00:00,7.942,6.849,4.149,2.737
2015-04-25 02:00:00+00:00,7.708,6.954,4.078,2.777
2015-04-25 03:00:00+00:00,7.514,7.133,4.196,2.838
2015-04-25 04:00:00+00:00,7.696,7.491,4.817,3.02
2015-04-25 05:00:00+00:00,8.931,8.094,5.45,3.335
2015-04-25 06:00:00+00:00,10.209,8.826,6.281,3.7
2015-04-25 07:00:00+00:00,11.385,9.653,7.158,4.092
2015-04-25 08:00:00+00:00,12.719,10.533,7.924,4.406
2015-04-25 09:00:00+00:00,13.899,11.192,8.607,4.699
2015-04-25 10:00:00+00:00,14.709,11.546,9.13,5.029
2015-04-25 11:00:00+00:00,15.201,11.731,9.494,5.254
2015-04-25 12:00:00+00:00,15.464,11.802,9.777,5.425
2015-04-25 13:00:00+00:00,15.51,11.829,9.851,5.557
2015-04-25 14:00:00+00:00,15.285,11.806,9.803,5.662
2015-04-25 15:00:00+00:00,14.778,11.484,9.521,5.658
2015-04-25 16:00:00+00:00,14.002,10.909,9.066,5.523
2015-04-25 17:00:00+00:00,12.944,10.293,8.475,5.297
2015-04-25 18:00:00+00:00,11.343,9.739,7.948,4.993
2015-04-25 19:00:00+00:00,10.57,9.363,7.688,4.672
2015-04-25 20:00:00+00:00,10.156,9.068,7.532,4.336
2015-04-25 21:00:00+00:00,9.777,8.812,7.457,3.909
2015-04-25 22:00:00+00:00,9.498,8.611,7.339,3.287
2015-04-25 23:00:00+00:00,9.185,8.359,7.228,2.648
2015-04-26 00:00:00+00:00,8.884,8.092,7.106,2.024
2015-04-26 01:00:00+00:00,8.65,7.812,6.967,1.452
2015-04-26 02:00:00+00:00,8.456,7.494,6.782,0.837
2015-04-26 03:00:00+00:00,8.348,7.142,6.562,0.586
2015-04-26 04:00:00+00:00,8.525,7.019,6.548,0.914
2015-04-26 05:00:00+00:00,9.631,7.427,6.817,1.615
2015-04-26 06:00:00+00:00,10.927,7.854,7.289,2.688
2015-04-26 07:00:00+00:00,12.632,8.308,8.015,3.902
2015-04-26 08:00:00+00:00,14.12,8.686,8.881,4.937
2015-04-26 09:00:00+00:00,15.289,8.882,9.549,5.656
2015-04-26 10:00:00+00:00,16.107,8.949,10.031,6.092
2015-04-26 11:00:00+00:00,16.586,9.026,10.324,6.361
2015-04-26 12:00:00+00:00,16.792,9.125,10.39,6.516
2015-04-26 13:00:00+00:00,16.728,9.138,10.22,6.593
2015-04-26 14:00:00+00:00,16.487,8.945,9.88,6.497
2015-04-26 15:00:00+00:00,16.003,8.617,9.359,6.259
2015-04-26 16:00:00+00:00,15.26,8.195,8.601,5.819
2015-04-26 17:00:00+00:00,14.003,7.555,7.308,4.954
2015-04-26 18:00:00+00:00,12.642,6.322,5.423,3.267
2015-04-26 19:00:00+00:00,11.688,5.505,4.626,1.947
2015-04-26 20:00:00+00:00,10.938,4.949,4.083,1.38
2015-04-26 21:00:00+00:00,10.397,4.532,3.582,0.956
2015-04-26 22:00:00+00:00,9.999,4.229,3.118,0.634
2015-04-26 23:00:00+00:00,9.667,3.979,2.776,0.35
2015-04-27 00:00:00+00:00,9.337,3.725,2.543,0.01
2015-04-27 01:00:00+00:00,8.99,3.485,2.433,-0.373
2015-04-27 02:00:00+00:00,8.56,3.246,2.351,-0.761
2015-04-27 03:00:00+00:00,8.098,3.182,2.395,-1.059
2015-04-27 04:00:00+00:00,7.951,3.593,3.268,-0.455
2015-04-27 05:00:00+00:00,8.834,4.918,4.547,0.908
2015-04-27 06:00:00+00:00,9.728,6.048,5.92,2.531
2015-04-27 07:00:00+00:00,10.989,6.948,7.14,4.058
2015-04-27 08:00:00+00:00,12.075,7.638,8.092,5.023
2015-04-27 09:00:00+00:00,12.786,8.275,8.783,5.612
2015-04-27 10:00:00+00:00,13.301,8.912,9.312,5.977
2015-04-27 11:00:00+00:00,13.524,9.425,9.681,6.228
2015-04-27 12:00:00+00:00,13.45,9.599,9.869,6.266
2015-04-27 13:00:00+00:00,13.097,9.528,9.896,6.15
2015-04-27 14:00:00+00:00,12.497,9.259,9.752,5.924
2015-04-27 15:00:00+00:00,11.822,8.815,9.424,5.597
2015-04-27 16:00:00+00:00,10.973,8.174,8.725,5.106
2015-04-27 17:00:00+00:00,9.779,7.209,7.239,4.284
2015-04-27 18:00:00+00:00,8.521,5.883,5.434,3.008
2015-04-27 19:00:00+00:00,7.641,5.111,4.716,1.972
2015-04-27 20:00:00+00:00,6.882,4.739,4.34,1.481
2015-04-27 21:00:00+00:00,6.134,4.37,4.008,1.141
2015-04-27 22:00:00+00:00,5.432,3.947,3.767,1.021
2015-04-27 23:00:00+00:00,4.795,3.476,3.361,0.958
2015-04-28 00:00:00+00:00,4.205,3.088,2.725,0.821
2015-04-28 01:00:00+00:00,3.688,2.814,2.362,0.597
2015-04-28 02:00:00+00:00,3.297,2.54,2.071,0.276
2015-04-28 03:00:00+00:00,2.959,2.275,2.06,-0.082
2015-04-28 04:00:00+00:00,2.812,2.866,3.134,0.18
2015-04-28 05:00:00+00:00,3.562,4.937,4.596,1.303
2015-04-28 06:00:00+00:00,4.73,6.182,6.127,2.793
2015-04-28 07:00:00+00:00,6.259,7.005,7.317,4.46
2015-04-28 08:00:00+00:00,7.554,7.64,8.303,5.623
2015-04-28 09:00:00+00:00,8.628,8.265,9.118,6.443
2015-04-28 10:00:00+00:00,9.41,8.821,9.796,7.004
2015-04-28 11:00:00+00:00,9.92,9.197,10.283,7.272
2015-04-28 12:00:00+00:00,10.26,9.363,10.508,7.336
2015-04-28 13:00:00+00:00,10.439,9.375,10.449,7.129
2015-04-28 14:00:00+00:00,10.399,9.201,10.094,6.787
2015-04-28 15:00:00+00:00,10.128,8.825,9.46,6.296
2015-04-28 16:00:00+00:00,9.538,8.242,8.645,5.777
2015-04-28 17:00:00+00:00,8.254,7.459,7.348,4.984
2015-04-28 18:00:00+00:00,5.935,6.525,6.032,3.782
2015-04-28 19:00:00+00:00,4.702,6.005,5.325,2.822
2015-04-28 20:00:00+00:00,3.989,5.734,4.831,2.287
2015-04-28 21:00:00+00:00,3.476,5.463,4.378,1.742
2015-04-28 22:00:00+00:00,3.06,5.23,3.982,1.286
2015-04-28 23:00:00+00:00,2.651,5.016,3.708,0.897
2015-04-29 00:00:00+00:00,2.177,4.816,3.468,0.702
2015-04-29 01:00:00+00:00,1.736,4.665,3.282,0.505
2015-04-29 02:00:00+00:00,1.303,4.624,3.135,0.629
2015-04-29 03:00:00+00:00,0.889,4.551,3.123,0.418
2015-04-29 04:00:00+00:00,0.956,4.823,3.539,0.833
2015-04-29 05:00:00+00:00,3.116,5.625,4.228,1.459
2015-04-29 06:00:00+00:00,5.321,6.493,4.998,2.436
2015-04-29 07:00:00+00:00,8.108,7.397,5.818,3.547
2015-04-29 08:00:00+00:00,10.057,8.23,6.544,4.406
2015-04-29 09:00:00+00:00,11.32,9.0,7.167,5.021
2015-04-29 10:00:00+00:00,12.257,9.631,7.633,5.459
2015-04-29 11:00:00+00:00,12.945,10.037,7.943,5.751
2015-04-29 12:00:00+00:00,13.364,10.246,8.188,5.958
2015-04-29 13:00:00+00:00,13.497,10.326,8.33,6.081
2015-04-29 14:00:00+00:00,13.352,10.331,8.267,6.091
2015-04-29 15:00:00+00:00,12.974,10.105,8.013,5.999
2015-04-29 16:00:00+00:00,12.234,9.598,7.544,5.737
2015-04-29 17:00:00+00:00,10.681,8.776,6.673,5.078
2015-04-29 18:00:00+00:00,8.944,7.848,5.349,3.829
2015-04-29 19:00:00+00:00,8.177,7.542,4.732,2.967
2015-04-29 20:00:00+00:00,7.7,7.511,4.412,2.616
2015-04-29 21:00:00+00:00,7.234,7.418,4.111,2.268
2015-04-29 22:00:00+00:00,6.822,7.332,3.833,1.953
2015-04-29 23:00:00+00:00,6.472,7.243,3.724,1.684
2015-04-30 00:00:00+00:00,6.156,7.109,3.771,1.573
2015-04-30 01:00:00+00:00,5.823,6.896,3.808,1.36
2015-04-30 02:00:00+00:00,5.439,6.681,3.665,1.133
2015-04-30 03:00:00+00:00,5.011,6.527,3.791,1.018
2015-04-30 04:00:00+00:00,5.041,6.512,4.546,1.261
2015-04-30 05:00:00+00:00,6.258,6.809,5.372,1.842
2015-04-30 06:00:00+00:00,7.728,7.181,6.363,2.567
2015-04-30 07:00:00+00:00,9.39,7.687,7.354,3.388
2015-04-30 08:00:00+00:00,10.677,8.164,8.115,4.299
2015-04-30 09:00:00+00:00,11.57,8.593,8.53,5.142
2015-04-30 10:00:00+00:00,12.232,8.923,8.717,5.867
2015-04-30 11:00:00+00:00,12.652,9.186,8.809,6.428
2015-04-30 12:00:00+00:00,12.824,9.408,8.818,6.752
2015-04-30 13:00:00+00:00,12.739,9.611,8.643,6.846
2015-04-30 14:00:00+00:00,12.467,9.737,8.383,6.752
2015-04-30 15:00:00+00:00,11.933,9.667,8.05,6.433
2015-04-30 16:00:00+00:00,11.137,9.405,7.537,5.984
2015-04-30 17:00:00+00:00,9.911,8.747,6.837,5.302
2015-04-30 18:00:00+00:00,8.383,7.504,5.962,4.043
2015-04-30 19:00:00+00:00,7.493,6.591,5.386,2.898
2015-04-30 20:00:00+00:00,6.93,6.068,5.032,2.476
2015-04-30 21:00:00+00:00,6.432,5.665,4.732,2.157
2015-04-30 22:00:00+00:00,6.034,5.335,4.52,1.962
2015-04-30 23:00:00+00:00,5.688,5.04,4.409,1.874
2015-05-01 00:00:00+00:00,5.329,4.909,4.362,1.818
2015-05-01 01:00:00+00:00,4.978,4.856,4.218,1.741
2015-05-01 02:00:00+00:00,4.701,4.878,4.051,1.578
2015-05-01 03:00:00+00:00,4.531,4.858,3.954,1.453
2015-05-01 04:00:00+00:00,4.628,5.059,4.321,1.756
2015-05-01 05:00:00+00:00,5.279,5.861,4.794,2.414
2015-05-01 06:00:00+00:00,6.127,6.684,5.497,3.228
2015-05-01 07:00:00+00:00,7.381,7.483,6.404,4.319
2015-05-01 08:00:00+00:00,8.553,8.055,7.178,5.369
2015-05-01 09:00:00+00:00,9.529,8.543,7.752,6.174
2015-05-01 10:00:00+00:00,10.367,8.899,8.148,6.777
2015-05-01 11:00:00+00:00,11.043,9.147,8.393,7.14
2015-05-01 12:00:00+00:00,11.481,9.322,8.553,7.296
2015-05-01 13:00:00+00:00,11.684,9.493,8.557,7.307
2015-05-01 14:00:00+00:00,11.606,9.589,8.399,7.158
2015-05-01 15:00:00+00:00,11.333,9.499,8.043,6.833
2015-05-01 16:00:00+00:00,10.801,9.188,7.483,6.367
2015-05-01 17:00:00+00:00,9.772,8.522,6.662,5.752
2015-05-01 18:00:00+00:00,7.992,7.018,5.707,4.399
2015-05-01 19:00:00+00:00,7.037,5.961,5.121,3.014
2015-05-01 20:00:00+00:00,6.474,5.41,4.696,2.251
2015-05-01 21:00:00+00:00,5.94,4.952,4.46,1.758
2015-05-01 22:00:00+00:00,5.387,4.588,4.347,1.416
2015-05-01 23:00:00+00:00,4.793,4.283,4.231,1.094
2015-05-02 00:00:00+00:00,4.213,4.099,4.176,0.784
2015-05-02 01:00:00+00:00,3.832,4.037,4.114,0.57
2015-05-02 02:00:00+00:00,3.631,3.996,4.115,0.406
2015-05-02 03:00:00+00:00,3.398,3.833,4.107,0.394
2015-05-02 04:00:00+00:00,3.654,4.674,4.408,0.978
2015-05-02 05:00:00+00:00,5.309,5.911,4.941,2.068
2015-05-02 06:00:00+00:00,7.291,7.037,5.683,3.319
2015-05-02 07:00:00+00:00,9.547,8.146,6.548,4.458
2015-05-02 08:00:00+00:00,11.001,8.997,7.438,5.302
2015-05-02 09:00:00+00:00,12.093,9.744,8.193,5.933
2015-05-02 10:00:00+00:00,12.955,10.334,8.658,6.428
2015-05-02 11:00:00+00:00,13.602,10.714,8.846,6.752
2015-05-02 12:00:00+00:00,13.992,10.918,8.917,6.888
2015-05-02 13:00:00+00:00,14.099,10.928,8.924,6.891
2015-05-02 14:00:00+00:00,13.954,10.745,8.876,6.764
2015-05-02 15:00:00+00:00,13.631,10.346,8.652,6.467
2015-05-02 16:00:00+00:00,13.089,9.742,8.148,6.067
2015-05-02 17:00:00+00:00,12.014,8.757,7.29,5.485
2015-05-02 18:00:00+00:00,10.154,6.914,5.908,4.256
2015-05-02 19:00:00+00:00,8.923,5.66,5.09,2.973
2015-05-02 20:00:00+00:00,8.252,5.098,4.702,2.298
2015-05-02 21:00:00+00:00,7.757,4.597,4.437,1.844
2015-05-02 22:00:00+00:00,7.33,4.19,4.207,1.473
2015-05-02 23:00:00+00:00,6.966,3.916,3.977,1.074
2015-05-03 00:00:00+00:00,6.656,3.792,3.665,0.818
2015-05-03 01:00:00+00:00,6.384,3.779,3.399,0.59
2015-05-03 02:00:00+00:00,6.228,3.897,3.19,0.403
2015-05-03 03:00:00+00:00,6.224,3.981,3.107,0.301
2015-05-03 04:00:00+00:00,6.882,4.269,3.743,0.745
2015-05-03 05:00:00+00:00,8.357,5.587,4.823,1.592
2015-05-03 06:00:00+00:00,9.875,7.222,6.362,2.708
2015-05-03 07:00:00+00:00,11.886,8.452,7.917,3.978
2015-05-03 08:00:00+00:00,13.423,9.432,9.016,5.077
2015-05-03 09:00:00+00:00,14.553,10.35,9.765,5.91
2015-05-03 10:00:00+00:00,15.404,11.088,10.281,6.631
2015-05-03 11:00:00+00:00,16.038,11.54,10.598,7.141
2015-05-03 12:00:00+00:00,16.53,11.756,10.781,7.488
2015-05-03 13:00:00+00:00,16.75,11.838,10.794,7.759
2015-05-03 14:00:00+00:00,16.592,11.726,10.635,7.773
2015-05-03 15:00:00+00:00,16.184,11.286,10.264,7.594
2015-05-03 16:00:00+00:00,15.646,10.478,9.817,7.207
2015-05-03 17:00:00+00:00,14.887,9.486,8.636,6.483
2015-05-03 18:00:00+00:00,13.846,8.651,6.788,5.093
2015-05-03 19:00:00+00:00,13.246,8.139,5.682,4.066
2015-05-03 20:00:00+00:00,13.0,7.867,5.263,3.6
2015-05-03 21:00:00+00:00,12.764,7.775,4.927,3.326
2015-05-03 22:00:00+00:00,12.508,7.922,4.729,3.057
2015-05-03 23:00:00+00:00,12.173,8.181,4.569,3.01
2015-05-04 00:00:00+00:00,11.792,8.504,4.418,2.94
2015-05-04 01:00:00+00:00,11.436,8.829,4.293,2.744
2015-05-04 02:00:00+00:00,11.062,9.142,4.318,2.607
2015-05-04 03:00:00+00:00,10.773,9.342,4.631,2.64
2015-05-04 04:00:00+00:00,10.965,9.633,5.104,2.967
2015-05-04 05:00:00+00:00,12.036,10.221,5.683,3.383
2015-05-04 06:00:00+00:00,13.291,11.009,6.341,3.817
2015-05-04 07:00:00+00:00,14.802,11.868,6.935,4.157
2015-05-04 08:00:00+00:00,16.285,12.703,7.494,4.478
2015-05-04 09:00:00+00:00,17.509,13.467,8.105,4.784
2015-05-04 10:00:00+00:00,18.475,13.994,8.678,5.138
2015-05-04 11:00:00+00:00,19.2,14.135,9.043,5.502
2015-05-04 12:00:00+00:00,19.672,13.873,9.208,5.797
2015-05-04 13:00:00+00:00,19.919,13.597,9.268,5.991
2015-05-04 14:00:00+00:00,19.921,13.323,9.245,6.146
2015-05-04 15:00:00+00:00,19.682,13.019,9.121,6.222
2015-05-04 16:00:00+00:00,19.187,12.654,8.84,6.181
2015-05-04 17:00:00+00:00,18.045,12.054,8.43,5.997
2015-05-04 18:00:00+00:00,15.997,10.693,7.698,5.479
2015-05-04 19:00:00+00:00,14.773,9.615,7.239,4.908
2015-05-04 20:00:00+00:00,14.318,9.345,7.11,4.657
2015-05-04 21:00:00+00:00,14.131,8.992,7.009,4.451
2015-05-04 22:00:00+00:00,14.067,8.517,6.871,4.231
2015-05-04 23:00:00+00:00,14.098,8.117,6.669,4.061
2015-05-05 00:00:00+00:00,14.091,8.106,6.493,3.917
2015-05-05 01:00:00+00:00,14.009,8.309,6.387,3.789
2015-05-05 02:00:00+00:00,13.891,8.722,6.302,3.645
2015-05-05 03:00:00+00:00,13.809,9.031,6.459,3.559
2015-05-05 04:00:00+00:00,13.954,9.383,7.079,4.057
2015-05-05 05:00:00+00:00,14.841,9.858,7.673,4.789
2015-05-05 06:00:00+00:00,16.049,10.43,8.377,5.469
2015-05-05 07:00:00+00:00,17.564,11.077,9.121,6.185
2015-05-05 08:00:00+00:00,19.228,11.636,9.87,6.889
2015-05-05 09:00:00+00:00,20.669,12.286,10.599,7.501
2015-05-05 10:00:00+00:00,21.712,13.371,11.134,7.972
2015-05-05 11:00:00+00:00,22.237,14.617,11.561,8.268
2015-05-05 12:00:00+00:00,22.283,15.155,11.859,8.464
2015-05-05 13:00:00+00:00,21.925,15.085,11.83,8.527
2015-05-05 14:00:00+00:00,21.165,15.258,11.561,8.52
2015-05-05 15:00:00+00:00,20.067,15.407,11.106,8.505
2015-05-05 16:00:00+00:00,18.696,15.129,10.588,8.496
2015-05-05 17:00:00+00:00,17.162,14.376,10.123,8.378
2015-05-05 18:00:00+00:00,15.271,13.262,9.73,8.218
2015-05-05 19:00:00+00:00,13.639,12.111,9.464,8.047
2015-05-05 20:00:00+00:00,12.534,10.948,9.185,7.927
2015-05-05 21:00:00+00:00,11.711,10.285,8.907,7.782
2015-05-05 22:00:00+00:00,11.063,9.966,8.737,7.602
2015-05-05 23:00:00+00:00,10.455,9.638,8.602,7.489
2015-05-06 00:00:00+00:00,9.91,9.299,8.517,7.372
2015-05-06 01:00:00+00:00,9.425,8.881,8.427,7.164
2015-05-06 02:00:00+00:00,9.019,8.471,8.285,6.873
2015-05-06 03:00:00+00:00,8.637,8.124,8.146,6.756
2015-05-06 04:00:00+00:00,8.962,8.555,8.334,6.871
2015-05-06 05:00:00+00:00,10.308,9.487,8.807,7.093
2015-05-06 06:00:00+00:00,11.943,10.803,9.627,7.568
2015-05-06 07:00:00+00:00,13.381,12.175,10.586,8.391
2015-05-06 08:00:00+00:00,14.307,13.107,11.382,9.349
2015-05-06 09:00:00+00:00,15.016,13.711,12.076,9.734
2015-05-06 10:00:00+00:00,15.579,14.099,12.841,9.849
2015-05-06 11:00:00+00:00,15.996,14.278,13.684,9.975
2015-05-06 12:00:00+00:00,16.324,14.242,14.042,10.064
2015-05-06 13:00:00+00:00,16.485,14.084,13.989,10.009
2015-05-06 14:00:00+00:00,16.415,13.84,13.683,9.819
2015-05-06 15:00:00+00:00,16.046,13.465,13.237,9.51
2015-05-06 16:00:00+00:00,15.384,12.927,12.66,9.063
2015-05-06 17:00:00+00:00,14.092,12.112,11.718,8.424
2015-05-06 18:00:00+00:00,11.968,10.836,10.065,7.624
2015-05-06 19:00:00+00:00,10.586,9.987,9.079,6.875
2015-05-06 20:00:00+00:00,9.789,9.694,8.625,6.492
2015-05-06 21:00:00+00:00,9.127,9.545,8.277,6.252
2015-05-06 22:00:00+00:00,8.614,9.444,7.99,6.022
2015-05-06 23:00:00+00:00,8.136,9.286,7.737,5.84
2015-05-07 00:00:00+00:00,7.682,9.156,7.475,5.676
2015-05-07 01:00:00+00:00,7.254,9.134,7.312,5.543
2015-05-07 02:00:00+00:00,6.867,9.054,7.242,5.444
2015-05-07 03:00:00+00:00,6.584,8.959,7.419,5.386
2015-05-07 04:00:00+00:00,7.062,8.985,7.951,5.562
2015-05-07 05:00:00+00:00,8.595,9.229,8.716,5.893
2015-05-07 06:00:00+00:00,10.415,9.564,9.682,6.255
2015-05-07 07:00:00+00:00,11.777,10.013,10.525,6.616
2015-05-07 08:00:00+00:00,12.841,10.64,11.064,6.977
2015-05-07 09:00:00+00:00,13.645,11.184,11.436,7.331
2015-05-07 10:00:00+00:00,14.276,11.456,11.734,7.664
2015-05-07 11:00:00+00:00,14.829,11.561,12.003,7.908
2015-05-07 12:00:00+00:00,15.263,11.567,12.133,8.091
2015-05-07 13:00:00+00:00,15.501,11.393,12.042,8.249
2015-05-07 14:00:00+00:00,15.49,11.127,11.784,8.265
2015-05-07 15:00:00+00:00,15.224,10.793,11.325,8.254
2015-05-07 16:00:00+00:00,14.626,10.346,10.7,8.041
2015-05-07 17:00:00+00:00,13.403,9.681,9.813,7.473
2015-05-07 18:00:00+00:00,11.181,8.671,8.718,6.57
2015-05-07 19:00:00+00:00,10.185,7.624,7.851,5.631
2015-05-07 20:00:00+00:00,9.863,7.181,7.387,4.965
2015-05-07 21:00:00+00:00,9.428,6.766,7.002,4.448
2015-05-07 22:00:00+00:00,8.869,6.388,6.598,4.046
2015-05-07 23:00:00+00:00,8.331,6.006,6.205,3.64
2015-05-08 00:00:00+00:00,7.845,5.622,5.875,3.247
2015-05-08 01:00:00+00:00,7.417,5.313,5.576,2.872
2015-05-08 02:00:00+00:00,7.076,5.08,5.348,2.589
2015-05-08 03:00:00+00:00,6.787,4.999,5.307,2.501
2015-05-08 04:00:00+00:00,7.203,5.723,5.753,2.985
2015-05-08 05:00:00+00:00,8.989,6.745,6.547,3.859
2015-05-08 06:00:00+00:00,10.708,7.667,7.483,4.943
2015-05-08 07:00:00+00:00,13.335,8.464,8.352,5.91
2015-05-08 08:00:00+00:00,15.304,9.183,9.102,6.714
2015-05-08 09:00:00+00:00,16.695,9.836,9.692,7.276
2015-05-08 10:00:00+00:00,17.755,10.363,10.114,7.548
2015-05-08 11:00:00+00:00,18.501,10.744,10.355,7.644
2015-05-08 12:00:00+00:00,18.954,11.029,10.435,7.626
2015-05-08 13:00:00+00:00,19.13,11.207,10.327,7.521
2015-05-08 14:00:00+00:00,19.08,11.204,10.084,7.334
2015-05-08 15:00:00+00:00,18.773,11.055,9.7,7.072
2015-05-08 16:00:00+00:00,18.141,10.759,9.195,6.661
2015-05-08 17:00:00+00:00,16.768,10.223,8.477,6.035
2015-05-08 18:00:00+00:00,14.555,8.989,7.456,5.089
2015-05-08 19:00:00+00:00,13.339,8.015,6.632,3.823
2015-05-08 20:00:00+00:00,12.715,7.656,6.207,3.042
2015-05-08 21:00:00+00:00,12.091,7.197,5.763,2.342
2015-05-08 22:00:00+00:00,11.432,6.622,5.123,1.595
2015-05-08 23:00:00+00:00,10.856,6.159,4.656,1.017
2015-05-09 00:00:00+00:00,10.4,5.874,4.271,0.543
2015-05-09 01:00:00+00:00,10.088,5.87,3.906,0.136
2015-05-09 02:00:00+00:00,9.887,6.009,3.552,-0.181
2015-05-09 03:00:00+00:00,9.739,6.339,3.657,-0.056
2015-05-09 04:00:00+00:00,10.232,6.993,4.624,1.248
2015-05-09 05:00:00+00:00,11.55,7.517,5.878,2.588
2015-05-09 06:00:00+00:00,13.006,8.15,7.211,4.315
2015-05-09 07:00:00+00:00,14.499,8.992,8.438,5.531
2015-05-09 08:00:00+00:00,15.641,9.669,9.467,6.207
2015-05-09 09:00:00+00:00,16.488,10.069,10.259,6.726
2015-05-09 10:00:00+00:00,17.105,10.403,10.864,7.151
2015-05-09 11:00:00+00:00,17.463,10.785,11.3,7.578
2015-05-09 12:00:00+00:00,17.485,11.156,11.565,7.878
2015-05-09 13:00:00+00:00,17.435,11.442,11.535,7.812
2015-05-09 14:00:00+00:00,17.233,11.636,11.204,7.49
2015-05-09 15:00:00+00:00,16.685,11.669,10.707,6.955
2015-05-09 16:00:00+00:00,15.912,11.467,10.063,6.277
2015-05-09 17:00:00+00:00,14.856,10.931,9.174,5.566
2015-05-09 18:00:00+00:00,13.125,10.122,8.225,4.824
2015-05-09 19:00:00+00:00,11.805,9.349,7.65,4.079
2015-05-09 20:00:00+00:00,11.134,8.845,7.316,3.61
2015-05-09 21:00:00+00:00,10.56,8.597,6.965,3.305
2015-05-09 22:00:00+00:00,10.088,8.558,6.602,2.997
2015-05-09 23:00:00+00:00,9.676,8.596,6.273,2.722
2015-05-10 00:00:00+00:00,9.229,8.603,6.059,2.492
2015-05-10 01:00:00+00:00,8.794,8.62,5.868,2.283
2015-05-10 02:00:00+00:00,8.356,8.584,5.705,2.111
2015-05-10 03:00:00+00:00,7.952,8.479,5.786,2.041
2015-05-10 04:00:00+00:00,8.241,8.415,6.189,2.419
2015-05-10 05:00:00+00:00,9.276,8.53,6.698,3.19
2015-05-10 06:00:00+00:00,10.491,8.956,7.279,4.272
2015-05-10 07:00:00+00:00,11.831,9.647,7.908,5.599
2015-05-10 08:00:00+00:00,13.121,10.372,8.576,6.883
2015-05-10 09:00:00+00:00,14.287,10.863,9.165,7.946
2015-05-10 10:00:00+00:00,15.322,11.306,9.577,8.726
2015-05-10 11:00:00+00:00,16.177,11.843,10.005,9.254
2015-05-10 12:00:00+00:00,16.81,12.261,10.212,9.58
2015-05-10 13:00:00+00:00,17.17,12.4,10.203,9.676
2015-05-10 14:00:00+00:00,17.172,12.304,10.034,9.547
2015-05-10 15:00:00+00:00,16.904,12.061,9.791,9.273
2015-05-10 16:00:00+00:00,16.412,11.627,9.41,8.767
2015-05-10 17:00:00+00:00,15.368,10.862,8.77,7.954
2015-05-10 18:00:00+00:00,13.061,9.366,7.502,6.489
2015-05-10 19:00:00+00:00,11.429,8.011,6.244,5.181
2015-05-10 20:00:00+00:00,10.484,7.628,5.68,4.707
2015-05-10 21:00:00+00:00,9.818,7.42,5.222,4.346
2015-05-10 22:00:00+00:00,9.252,7.153,4.926,4.067
2015-05-10 23:00:00+00:00,8.774,6.85,4.801,4.019
2015-05-11 00:00:00+00:00,8.361,6.712,4.65,3.981
2015-05-11 01:00:00+00:00,7.958,6.699,4.582,4.0
2015-05-11 02:00:00+00:00,7.619,6.685,4.577,4.231
2015-05-11 03:00:00+00:00,7.313,6.695,4.959,4.581
2015-05-11 04:00:00+00:00,7.949,7.444,5.781,5.107
2015-05-11 05:00:00+00:00,9.607,8.438,6.925,5.681
2015-05-11 06:00:00+00:00,11.472,9.404,8.286,6.247
2015-05-11 07:00:00+00:00,13.82,10.468,9.757,6.796
2015-05-11 08:00:00+00:00,16.058,11.351,11.012,7.263
2015-05-11 09:00:00+00:00,17.818,12.027,11.959,7.581
2015-05-11 10:00:00+00:00,19.207,12.56,12.474,7.82
2015-05-11 11:00:00+00:00,20.207,13.368,12.71,7.92
2015-05-11 12:00:00+00:00,20.878,14.218,12.812,7.979
2015-05-11 13:00:00+00:00,21.247,15.074,12.8,8.107
2015-05-11 14:00:00+00:00,21.41,15.579,12.591,8.225
2015-05-11 15:00:00+00:00,21.327,15.625,12.196,8.195
2015-05-11 16:00:00+00:00,20.731,15.174,11.693,8.055
2015-05-11 17:00:00+00:00,19.005,14.318,11.065,7.911
2015-05-11 18:00:00+00:00,16.906,13.285,10.293,7.773
2015-05-11 19:00:00+00:00,15.754,12.41,9.644,7.602
2015-05-11 20:00:00+00:00,15.14,11.887,9.182,7.481
2015-05-11 21:00:00+00:00,14.428,11.485,8.95,7.313
2015-05-11 22:00:00+00:00,13.733,11.077,8.916,6.953
2015-05-11 23:00:00+00:00,13.131,10.552,8.849,6.633
2015-05-12 00:00:00+00:00,12.639,10.072,8.853,6.337
2015-05-12 01:00:00+00:00,12.288,9.772,8.843,6.138
2015-05-12 02:00:00+00:00,11.946,9.583,8.766,5.99
2015-05-12 03:00:00+00:00,11.618,9.653,8.732,6.025
2015-05-12 04:00:00+00:00,12.168,10.194,9.084,6.299
2015-05-12 05:00:00+00:00,13.779,10.656,9.555,6.59
2015-05-12 06:00:00+00:00,15.366,11.115,10.155,6.943
2015-05-12 07:00:00+00:00,17.221,11.658,10.854,7.44
2015-05-12 08:00:00+00:00,19.184,12.262,11.526,8.066
2015-05-12 09:00:00+00:00,20.754,12.691,11.992,8.64
2015-05-12 10:00:00+00:00,21.977,12.854,12.309,9.041
2015-05-12 11:00:00+00:00,22.646,13.045,12.491,9.226
2015-05-12 12:00:00+00:00,22.702,12.808,12.568,9.201
2015-05-12 13:00:00+00:00,22.296,12.112,12.411,9.01
2015-05-12 14:00:00+00:00,21.579,11.374,11.96,8.721
2015-05-12 15:00:00+00:00,20.619,10.727,11.26,8.383
2015-05-12 16:00:00+00:00,19.3,10.122,10.452,7.997
2015-05-12 17:00:00+00:00,17.497,9.45,9.573,7.56
2015-05-12 18:00:00+00:00,15.507,8.773,8.714,6.966
2015-05-12 19:00:00+00:00,13.697,8.338,8.048,6.3
2015-05-12 20:00:00+00:00,12.429,8.136,7.645,5.818
2015-05-12 21:00:00+00:00,11.349,8.089,7.422,5.415
2015-05-12 22:00:00+00:00,10.454,8.06,7.248,4.976
2015-05-12 23:00:00+00:00,9.7,8.03,6.954,4.638
2015-05-13 00:00:00+00:00,9.071,8.021,6.654,4.341
2015-05-13 01:00:00+00:00,8.558,8.127,6.512,3.948
2015-05-13 02:00:00+00:00,8.144,8.312,6.475,3.692
2015-05-13 03:00:00+00:00,7.803,8.545,6.6,3.702
2015-05-13 04:00:00+00:00,8.37,8.924,6.982,4.292
2015-05-13 05:00:00+00:00,10.024,9.513,7.596,5.261
2015-05-13 06:00:00+00:00,12.039,10.117,8.379,6.609
2015-05-13 07:00:00+00:00,13.818,10.672,9.246,7.919
2015-05-13 08:00:00+00:00,15.175,11.187,10.079,8.839
2015-05-13 09:00:00+00:00,16.311,11.55,10.653,9.425
2015-05-13 10:00:00+00:00,17.261,11.724,10.737,9.829
2015-05-13 11:00:00+00:00,17.976,11.761,10.764,10.192
2015-05-13 12:00:00+00:00,18.532,11.598,10.739,10.305
2015-05-13 13:00:00+00:00,18.779,11.39,10.635,10.3
2015-05-13 14:00:00+00:00,18.687,11.157,10.454,10.122
2015-05-13 15:00:00+00:00,18.275,10.828,10.206,9.825
2015-05-13 16:00:00+00:00,17.546,10.401,9.88,9.414
2015-05-13 17:00:00+00:00,16.242,9.867,9.436,8.716
2015-05-13 18:00:00+00:00,14.143,9.262,8.737,7.565
2015-05-13 19:00:00+00:00,12.702,8.692,7.944,6.241
2015-05-13 20:00:00+00:00,11.912,8.416,7.605,5.487
2015-05-13 21:00:00+00:00,11.134,8.287,7.342,5.0
2015-05-13 22:00:00+00:00,10.385,8.221,7.052,4.46
2015-05-13 23:00:00+00:00,9.545,8.16,6.785,4.081
2015-05-14 00:00:00+00:00,8.778,8.107,6.558,3.67
2015-05-14 01:00:00+00:00,8.011,8.031,6.263,3.187
2015-05-14 02:00:00+00:00,7.298,7.989,6.006,2.73
2015-05-14 03:00:00+00:00,6.793,7.896,6.105,2.59
2015-05-14 04:00:00+00:00,7.34,8.341,6.547,3.309
2015-05-14 05:00:00+00:00,8.601,8.915,7.336,4.279
2015-05-14 06:00:00+00:00,10.107,9.714,8.358,5.222
2015-05-14 07:00:00+00:00,11.62,10.765,9.402,6.05
2015-05-14 08:00:00+00:00,12.992,11.828,10.243,6.846
2015-05-14 09:00:00+00:00,14.11,12.596,10.861,7.585
2015-05-14 10:00:00+00:00,15.052,13.172,11.234,8.198
2015-05-14 11:00:00+00:00,15.785,13.553,11.46,8.714
2015-05-14 12:00:00+00:00,16.246,13.756,11.549,8.991
2015-05-14 13:00:00+00:00,16.436,13.79,11.503,9.098
2015-05-14 14:00:00+00:00,16.301,13.675,11.3,9.028
2015-05-14 15:00:00+00:00,15.895,13.362,10.931,8.7
2015-05-14 16:00:00+00:00,15.284,12.806,10.381,8.184
2015-05-14 17:00:00+00:00,14.271,12.012,9.487,7.414
2015-05-14 18:00:00+00:00,12.527,10.634,8.011,6.238
2015-05-14 19:00:00+00:00,11.253,9.228,6.676,4.734
2015-05-14 20:00:00+00:00,10.602,8.533,6.101,3.718
2015-05-14 21:00:00+00:00,9.979,8.019,5.65,3.128
2015-05-14 22:00:00+00:00,9.398,7.615,5.245,2.644
2015-05-14 23:00:00+00:00,8.843,7.316,4.88,2.121
2015-05-15 00:00:00+00:00,8.297,7.053,4.527,1.659
2015-05-15 01:00:00+00:00,7.781,6.814,4.099,1.391
2015-05-15 02:00:00+00:00,7.316,6.523,3.72,1.132
2015-05-15 03:00:00+00:00,6.969,6.364,3.832,1.351
2015-05-15 04:00:00+00:00,7.387,7.457,4.731,2.435
2015-05-15 05:00:00+00:00,8.241,8.73,5.768,3.808
2015-05-15 06:00:00+00:00,9.492,10.084,6.907,5.246
2015-05-15 07:00:00+00:00,10.925,11.409,7.884,6.392
2015-05-15 08:00:00+00:00,12.322,12.414,8.734,7.379
2015-05-15 09:00:00+00:00,13.606,13.193,9.457,8.208
2015-05-15 10:00:00+00:00,14.7,13.753,9.968,8.912
2015-05-15 11:00:00+00:00,15.55,14.102,10.35,9.497
2015-05-15 12:00:00+00:00,16.12,14.265,10.554,9.9
2015-05-15 13:00:00+00:00,16.371,14.263,10.599,10.094
2015-05-15 14:00:00+00:00,16.33,14.063,10.463,10.041
2015-05-15 15:00:00+00:00,16.016,13.647,10.165,9.736
2015-05-15 16:00:00+00:00,15.367,12.99,9.724,9.183
2015-05-15 17:00:00+00:00,14.17,12.05,9.003,8.483
2015-05-15 18:00:00+00:00,11.722,10.684,7.517,7.121
2015-05-15 19:00:00+00:00,9.683,9.347,6.123,5.648
2015-05-15 20:00:00+00:00,8.79,8.453,5.529,4.764
2015-05-15 21:00:00+00:00,7.993,7.859,5.124,4.273
2015-05-15 22:00:00+00:00,7.331,7.397,4.887,3.886
2015-05-15 23:00:00+00:00,6.813,7.087,4.71,3.658
2015-05-16 00:00:00+00:00,6.451,6.84,4.562,3.449
2015-05-16 01:00:00+00:00,6.074,6.644,4.349,3.448
2015-05-16 02:00:00+00:00,5.75,6.472,3.955,3.451
2015-05-16 03:00:00+00:00,5.56,6.458,4.464,3.616
2015-05-16 04:00:00+00:00,6.418,6.84,5.564,4.037
2015-05-16 05:00:00+00:00,7.967,7.383,6.703,4.689
2015-05-16 06:00:00+00:00,9.979,8.09,7.923,5.488
2015-05-16 07:00:00+00:00,11.875,8.778,8.878,6.312
2015-05-16 08:00:00+00:00,13.025,9.418,9.686,6.971
2015-05-16 09:00:00+00:00,13.873,9.884,10.275,7.448
2015-05-16 10:00:00+00:00,14.527,10.276,10.612,7.676
2015-05-16 11:00:00+00:00,14.972,10.614,10.71,7.722
2015-05-16 12:00:00+00:00,15.181,10.813,10.635,7.738
2015-05-16 13:00:00+00:00,15.146,10.889,10.364,7.683
2015-05-16 14:00:00+00:00,14.943,10.883,9.941,7.514
2015-05-16 15:00:00+00:00,14.583,10.914,9.435,7.244
2015-05-16 16:00:00+00:00,14.023,10.744,8.915,7.001
2015-05-16 17:00:00+00:00,13.12,10.369,8.332,6.626
2015-05-16 18:00:00+00:00,11.766,9.742,7.691,6.011
2015-05-16 19:00:00+00:00,10.419,8.776,7.088,5.125
2015-05-16 20:00:00+00:00,9.58,7.979,6.698,4.602
2015-05-16 21:00:00+00:00,8.845,7.457,6.34,4.203
2015-05-16 22:00:00+00:00,8.284,7.196,6.086,3.879
2015-05-16 23:00:00+00:00,7.825,7.095,5.868,3.527
2015-05-17 00:00:00+00:00,7.41,7.017,5.657,3.228
2015-05-17 01:00:00+00:00,7.051,6.968,5.465,2.956
2015-05-17 02:00:00+00:00,6.729,6.919,5.358,2.774
2015-05-17 03:00:00+00:00,6.451,6.913,5.444,2.74
2015-05-17 04:00:00+00:00,7.015,7.253,5.735,3.144
2015-05-17 05:00:00+00:00,8.394,7.922,6.124,3.791
2015-05-17 06:00:00+00:00,10.069,8.76,6.594,4.615
2015-05-17 07:00:00+00:00,11.766,9.461,7.077,5.485
2015-05-17 08:00:00+00:00,13.099,9.987,7.498,6.198
2015-05-17 09:00:00+00:00,14.161,10.412,7.807,6.717
2015-05-17 10:00:00+00:00,14.978,10.755,8.055,7.072
2015-05-17 11:00:00+00:00,15.616,10.906,8.203,7.287
2015-05-17 12:00:00+00:00,16.094,10.928,8.255,7.372
2015-05-17 13:00:00+00:00,16.288,10.74,8.136,7.303
2015-05-17 14:00:00+00:00,16.217,10.376,7.808,7.045
2015-05-17 15:00:00+00:00,15.878,10.048,7.424,6.766
2015-05-17 16:00:00+00:00,15.26,9.713,6.989,6.457
2015-05-17 17:00:00+00:00,14.21,9.258,6.506,6.048
2015-05-17 18:00:00+00:00,12.234,8.621,5.899,5.385
2015-05-17 19:00:00+00:00,10.675,8.019,5.315,4.469
2015-05-17 20:00:00+00:00,10.006,7.624,5.034,3.951
2015-05-17 21:00:00+00:00,9.424,7.397,4.83,3.651
2015-05-17 22:00:00+00:00,8.898,7.29,4.683,3.375
2015-05-17 23:00:00+00:00,8.32,7.173,4.565,3.117
2015-05-18 00:00:00+00:00,7.726,6.979,4.457,2.888
2015-05-18 01:00:00+00:00,7.134,6.766,4.347,2.688
2015-05-18 02:00:00+00:00,6.618,6.568,4.257,2.509
2015-05-18 03:00:00+00:00,6.338,6.551,4.481,2.562
2015-05-18 04:00:00+00:00,7.472,7.206,5.003,3.462
2015-05-18 05:00:00+00:00,9.432,7.958,5.743,4.65
2015-05-18 06:00:00+00:00,11.517,8.75,6.711,5.887
2015-05-18 07:00:00+00:00,13.719,9.542,7.791,6.983
2015-05-18 08:00:00+00:00,15.151,10.18,8.795,7.903
2015-05-18 09:00:00+00:00,16.351,10.61,9.632,8.663
2015-05-18 10:00:00+00:00,17.428,10.819,10.143,9.204
2015-05-18 11:00:00+00:00,18.254,10.852,10.46,9.556
2015-05-18 12:00:00+00:00,18.838,10.734,10.65,9.768
2015-05-18 13:00:00+00:00,19.032,10.557,10.671,9.821
2015-05-18 14:00:00+00:00,18.898,10.316,10.571,9.655
2015-05-18 15:00:00+00:00,18.65,9.928,10.334,9.35
2015-05-18 16:00:00+00:00,18.044,9.513,9.946,8.871
2015-05-18 17:00:00+00:00,16.758,9.145,9.344,8.168
2015-05-18 18:00:00+00:00,14.884,8.876,8.267,7.119
2015-05-18 19:00:00+00:00,13.615,8.755,7.409,5.991
2015-05-18 20:00:00+00:00,13.028,8.776,6.984,5.438
2015-05-18 21:00:00+00:00,12.436,8.974,6.621,5.203
2015-05-18 22:00:00+00:00,11.834,9.285,6.303,5.068
2015-05-18 23:00:00+00:00,11.241,9.505,6.067,5.003
2015-05-19 00:00:00+00:00,10.634,9.519,5.846,4.858
2015-05-19 01:00:00+00:00,10.023,9.238,5.666,4.67
2015-05-19 02:00:00+00:00,9.423,8.931,5.545,4.473
2015-05-19 03:00:00+00:00,9.015,8.657,5.825,4.498
2015-05-19 04:00:00+00:00,9.399,8.843,6.583,4.766
2015-05-19 05:00:00+00:00,10.128,9.302,7.43,5.2
2015-05-19 06:00:00+00:00,11.063,10.085,8.306,5.63
2015-05-19 07:00:00+00:00,12.056,10.936,9.077,6.054
2015-05-19 08:00:00+00:00,12.97,11.543,9.742,6.48
2015-05-19 09:00:00+00:00,13.798,11.82,10.277,6.873
2015-05-19 10:00:00+00:00,14.541,11.918,10.672,7.251
2015-05-19 11:00:00+00:00,15.082,11.856,10.708,7.728
2015-05-19 12:00:00+00:00,15.344,11.718,10.357,8.089
2015-05-19 13:00:00+00:00,15.388,11.619,9.968,8.295
2015-05-19 14:00:00+00:00,15.155,11.541,9.661,8.304
2015-05-19 15:00:00+00:00,14.64,11.34,9.403,8.164
2015-05-19 16:00:00+00:00,13.913,10.976,9.081,7.892
2015-05-19 17:00:00+00:00,12.902,10.389,8.686,7.52
2015-05-19 18:00:00+00:00,11.217,9.512,8.087,6.88
2015-05-19 19:00:00+00:00,9.609,8.568,7.423,5.776
2015-05-19 20:00:00+00:00,8.982,8.104,7.048,4.882
2015-05-19 21:00:00+00:00,8.529,7.833,6.792,4.505
2015-05-19 22:00:00+00:00,8.108,7.588,6.618,4.358
2015-05-19 23:00:00+00:00,7.686,7.372,6.407,4.479
2015-05-20 00:00:00+00:00,7.286,7.177,6.218,4.438
2015-05-20 01:00:00+00:00,6.889,7.007,6.092,4.346
2015-05-20 02:00:00+00:00,6.496,6.917,6.02,4.32
2015-05-20 03:00:00+00:00,6.148,7.065,6.179,4.489
2015-05-20 04:00:00+00:00,6.733,8.025,6.631,4.86
2015-05-20 05:00:00+00:00,7.83,8.89,7.292,5.256
2015-05-20 06:00:00+00:00,9.106,9.721,8.27,5.814
2015-05-20 07:00:00+00:00,10.184,10.403,9.461,6.75
2015-05-20 08:00:00+00:00,11.022,10.946,10.432,7.941
2015-05-20 09:00:00+00:00,11.658,11.507,11.119,8.857
2015-05-20 10:00:00+00:00,12.181,11.973,11.589,9.37
2015-05-20 11:00:00+00:00,12.564,12.323,11.895,9.673
2015-05-20 12:00:00+00:00,12.783,12.593,12.065,9.767
2015-05-20 13:00:00+00:00,12.801,12.745,12.107,9.74
2015-05-20 14:00:00+00:00,12.657,12.769,12.055,9.575
2015-05-20 15:00:00+00:00,12.405,12.607,11.813,9.273
2015-05-20 16:00:00+00:00,11.965,12.25,11.362,8.928
2015-05-20 17:00:00+00:00,11.197,11.66,10.648,8.432
2015-05-20 18:00:00+00:00,9.762,10.449,9.445,7.584
2015-05-20 19:00:00+00:00,8.303,9.105,8.311,6.22
2015-05-20 20:00:00+00:00,7.653,8.526,7.799,5.367
2015-05-20 21:00:00+00:00,7.057,8.057,7.378,4.938
2015-05-20 22:00:00+00:00,6.434,7.626,6.94,4.534
2015-05-20 23:00:00+00:00,5.833,7.291,6.567,4.215
2015-05-21 00:00:00+00:00,5.256,7.029,6.329,3.96
2015-05-21 01:00:00+00:00,4.776,6.838,6.227,3.747
2015-05-21 02:00:00+00:00,4.336,6.725,6.238,3.483
2015-05-21 03:00:00+00:00,4.063,6.909,6.593,3.64
2015-05-21 04:00:00+00:00,5.214,8.04,7.28,4.68
2015-05-21 05:00:00+00:00,6.882,8.806,8.279,5.816
2015-05-21 06:00:00+00:00,9.184,9.45,9.85,7.298
2015-05-21 07:00:00+00:00,10.901,10.273,11.282,8.507
2015-05-21 08:00:00+00:00,12.051,11.17,12.269,9.4
2015-05-21 09:00:00+00:00,12.984,11.836,12.923,10.032
2015-05-21 10:00:00+00:00,13.787,12.285,13.335,10.362
2015-05-21 11:00:00+00:00,14.384,12.553,13.559,10.466
2015-05-21 12:00:00+00:00,14.713,12.704,13.498,10.383
2015-05-21 13:00:00+00:00,14.855,12.693,13.344,10.131
2015-05-21 14:00:00+00:00,14.797,12.48,13.102,9.795
2015-05-21 15:00:00+00:00,14.579,12.166,12.794,9.487
2015-05-21 16:00:00+00:00,14.177,11.781,12.351,9.194
2015-05-21 17:00:00+00:00,13.318,11.252,11.602,8.792
2015-05-21 18:00:00+00:00,11.194,10.435,10.211,8.038
2015-05-21 19:00:00+00:00,9.34,9.383,8.803,6.895
2015-05-21 20:00:00+00:00,8.714,8.857,8.361,5.992
2015-05-21 21:00:00+00:00,8.115,8.424,7.878,5.68
2015-05-21 22:00:00+00:00,7.459,7.996,7.388,5.617
2015-05-21 23:00:00+00:00,6.858,7.709,7.014,5.651
2015-05-22 00:00:00+00:00,6.369,7.602,6.722,5.595
2015-05-22 01:00:00+00:00,5.963,7.516,6.495,5.651
2015-05-22 02:00:00+00:00,5.589,7.461,6.471,5.614
2015-05-22 03:00:00+00:00,5.326,7.721,7.104,5.776
2015-05-22 04:00:00+00:00,6.502,8.74,7.896,6.088
2015-05-22 05:00:00+00:00,8.608,9.582,8.827,6.514
2015-05-22 06:00:00+00:00,11.216,10.574,9.791,7.033
2015-05-22 07:00:00+00:00,13.482,11.588,10.681,7.486
2015-05-22 08:00:00+00:00,14.86,12.505,11.437,7.796
2015-05-22 09:00:00+00:00,15.975,13.281,11.94,7.929
2015-05-22 10:00:00+00:00,16.85,13.894,12.229,7.998
2015-05-22 11:00:00+00:00,17.507,14.355,12.28,8.069
2015-05-22 12:00:00+00:00,17.909,14.654,12.208,8.147
2015-05-22 13:00:00+00:00,18.049,14.795,12.022,8.191
2015-05-22 14:00:00+00:00,17.895,14.761,11.882,8.184
2015-05-22 15:00:00+00:00,17.487,14.551,11.745,8.078
2015-05-22 16:00:00+00:00,16.91,14.214,11.65,7.852
2015-05-22 17:00:00+00:00,15.922,13.616,11.419,7.46
2015-05-22 18:00:00+00:00,14.032,12.699,11.029,6.921
2015-05-22 19:00:00+00:00,12.489,11.722,10.565,6.206
2015-05-22 20:00:00+00:00,11.77,11.192,10.167,5.483
2015-05-22 21:00:00+00:00,11.105,10.73,9.778,4.979
2015-05-22 22:00:00+00:00,10.445,10.335,9.459,4.592
2015-05-22 23:00:00+00:00,9.761,9.916,9.144,4.344
2015-05-23 00:00:00+00:00,9.135,9.507,8.795,4.212
2015-05-23 01:00:00+00:00,8.603,9.027,8.389,4.061
2015-05-23 02:00:00+00:00,8.181,8.434,7.928,3.977
2015-05-23 03:00:00+00:00,7.891,8.011,7.639,4.217
2015-05-23 04:00:00+00:00,8.95,8.272,7.786,4.862
2015-05-23 05:00:00+00:00,10.718,8.931,8.394,5.833
2015-05-23 06:00:00+00:00,12.664,9.814,9.287,6.882
2015-05-23 07:00:00+00:00,14.511,10.733,10.228,7.812
2015-05-23 08:00:00+00:00,15.756,11.597,11.045,8.551
2015-05-23 09:00:00+00:00,16.685,12.295,11.718,9.125
2015-05-23 10:00:00+00:00,17.285,12.823,12.268,9.606
2015-05-23 11:00:00+00:00,17.604,13.242,12.656,9.983
2015-05-23 12:00:00+00:00,17.616,13.464,12.981,10.184
2015-05-23 13:00:00+00:00,17.401,13.509,13.093,10.193
2015-05-23 14:00:00+00:00,17.004,13.344,13.04,10.044
2015-05-23 15:00:00+00:00,16.457,12.994,12.792,9.675
2015-05-23 16:00:00+00:00,15.741,12.427,12.303,9.109
2015-05-23 17:00:00+00:00,14.784,11.622,11.483,8.302
2015-05-23 18:00:00+00:00,13.292,10.384,9.965,7.152
2015-05-23 19:00:00+00:00,11.713,8.842,8.44,5.599
2015-05-23 20:00:00+00:00,10.813,8.063,7.912,4.351
2015-05-23 21:00:00+00:00,9.996,7.583,7.676,3.74
2015-05-23 22:00:00+00:00,9.262,7.114,7.407,3.339
2015-05-23 23:00:00+00:00,8.58,6.684,6.961,3.039
2015-05-24 00:00:00+00:00,7.98,6.374,6.558,2.766
2015-05-24 01:00:00+00:00,7.457,6.139,6.173,2.515
2015-05-24 02:00:00+00:00,7.023,5.934,5.807,2.372
2015-05-24 03:00:00+00:00,6.787,6.121,6.472,2.913
2015-05-24 04:00:00+00:00,7.845,7.296,7.448,3.965
2015-05-24 05:00:00+00:00,9.394,8.19,8.481,4.979
2015-05-24 06:00:00+00:00,11.432,9.029,9.556,6.052
2015-05-24 07:00:00+00:00,13.42,9.877,10.547,6.828
2015-05-24 08:00:00+00:00,14.935,10.762,11.223,7.517
2015-05-24 09:00:00+00:00,16.067,11.644,11.949,8.177
2015-05-24 10:00:00+00:00,16.944,12.44,12.682,8.655
2015-05-24 11:00:00+00:00,17.662,13.081,13.324,8.668
2015-05-24 12:00:00+00:00,18.16,13.514,13.68,8.353
2015-05-24 13:00:00+00:00,18.427,13.742,13.85,8.006
2015-05-24 14:00:00+00:00,18.422,13.728,13.866,7.752
2015-05-24 15:00:00+00:00,18.184,13.453,13.508,7.529
2015-05-24 16:00:00+00:00,17.692,12.961,12.949,7.291
2015-05-24 17:00:00+00:00,16.902,12.238,12.14,7.044
2015-05-24 18:00:00+00:00,15.195,11.071,10.795,6.754
2015-05-24 19:00:00+00:00,13.686,9.783,9.441,6.417
2015-05-24 20:00:00+00:00,12.808,9.286,8.905,6.131
2015-05-24 21:00:00+00:00,11.981,9.077,8.419,5.968
2015-05-24 22:00:00+00:00,11.199,8.999,7.824,5.71
2015-05-24 23:00:00+00:00,10.479,9.036,7.464,5.479
2015-05-25 00:00:00+00:00,9.823,9.054,7.294,5.259
2015-05-25 01:00:00+00:00,9.268,8.961,7.208,4.979
2015-05-25 02:00:00+00:00,8.817,8.803,7.279,4.632
2015-05-25 03:00:00+00:00,8.563,8.775,7.986,4.727
2015-05-25 04:00:00+00:00,9.72,9.322,8.704,5.076
2015-05-25 05:00:00+00:00,11.16,9.777,9.51,5.754
2015-05-25 06:00:00+00:00,12.845,10.185,10.175,6.805
2015-05-25 07:00:00+00:00,14.353,10.573,10.701,8.011
2015-05-25 08:00:00+00:00,15.319,10.94,11.189,8.991
2015-05-25 09:00:00+00:00,15.944,11.284,11.662,9.717
2015-05-25 10:00:00+00:00,16.315,11.601,12.035,10.163
2015-05-25 11:00:00+00:00,16.556,11.863,12.36,10.364
2015-05-25 12:00:00+00:00,16.678,12.138,12.546,10.382
2015-05-25 13:00:00+00:00,16.589,12.296,12.499,10.249
2015-05-25 14:00:00+00:00,16.25,12.256,12.339,10.004
2015-05-25 15:00:00+00:00,15.71,12.013,12.021,9.627
2015-05-25 16:00:00+00:00,14.993,11.622,11.599,9.224
2015-05-25 17:00:00+00:00,14.051,11.095,11.028,8.757
2015-05-25 18:00:00+00:00,12.703,10.25,10.124,8.034
2015-05-25 19:00:00+00:00,11.231,9.077,8.925,7.004
2015-05-25 20:00:00+00:00,10.47,8.49,8.332,6.188
2015-05-25 21:00:00+00:00,9.83,8.141,7.948,5.86
2015-05-25 22:00:00+00:00,9.266,7.723,7.524,5.593
2015-05-25 23:00:00+00:00,8.742,7.497,7.167,5.311
2015-05-26 00:00:00+00:00,8.267,7.333,6.943,4.971
2015-05-26 01:00:00+00:00,7.845,7.202,6.783,4.672
2015-05-26 02:00:00+00:00,7.534,7.118,6.757,4.512
2015-05-26 03:00:00+00:00,7.313,7.273,7.475,4.751
2015-05-26 04:00:00+00:00,7.956,8.05,8.356,5.328
2015-05-26 05:00:00+00:00,8.994,8.595,9.233,6.08
2015-05-26 06:00:00+00:00,10.33,9.233,10.04,6.972
2015-05-26 07:00:00+00:00,11.512,10.015,10.756,7.856
2015-05-26 08:00:00+00:00,12.585,10.77,11.292,8.675
2015-05-26 09:00:00+00:00,13.378,11.39,11.748,9.38
2015-05-26 10:00:00+00:00,14.002,11.896,12.075,9.998
2015-05-26 11:00:00+00:00,14.528,12.32,12.24,10.45
2015-05-26 12:00:00+00:00,14.854,12.632,12.287,10.744
2015-05-26 13:00:00+00:00,14.921,12.786,12.274,10.683
2015-05-26 14:00:00+00:00,14.716,12.751,12.195,10.505
2015-05-26 15:00:00+00:00,14.236,12.513,11.949,10.275
2015-05-26 16:00:00+00:00,13.509,12.043,11.613,9.956
2015-05-26 17:00:00+00:00,12.579,11.376,11.027,9.542
2015-05-26 18:00:00+00:00,11.105,10.448,10.1,8.643
2015-05-26 19:00:00+00:00,9.187,9.455,9.045,7.543
2015-05-26 20:00:00+00:00,8.242,8.837,8.557,6.588
2015-05-26 21:00:00+00:00,7.527,8.549,8.163,5.981
2015-05-26 22:00:00+00:00,6.919,8.259,7.867,5.359
2015-05-26 23:00:00+00:00,6.356,8.098,7.635,4.76
2015-05-27 00:00:00+00:00,5.892,8.075,7.428,4.395
2015-05-27 01:00:00+00:00,5.553,8.102,7.303,4.085
2015-05-27 02:00:00+00:00,5.289,8.14,7.247,3.783
2015-05-27 03:00:00+00:00,5.156,8.254,7.515,4.236
2015-05-27 04:00:00+00:00,6.179,8.67,8.134,5.105
2015-05-27 05:00:00+00:00,7.858,9.282,9.137,6.357
2015-05-27 06:00:00+00:00,9.71,10.01,10.33,7.637
2015-05-27 07:00:00+00:00,11.113,10.696,11.429,8.645
2015-05-27 08:00:00+00:00,12.345,11.346,12.268,9.441
2015-05-27 09:00:00+00:00,13.355,11.927,12.772,10.048
2015-05-27 10:00:00+00:00,14.213,12.39,13.225,10.486
2015-05-27 11:00:00+00:00,14.92,12.725,13.488,10.783
2015-05-27 12:00:00+00:00,15.362,12.928,13.587,10.941
2015-05-27 13:00:00+00:00,15.572,12.945,13.515,11.0
2015-05-27 14:00:00+00:00,15.547,12.825,13.268,10.934
2015-05-27 15:00:00+00:00,15.282,12.595,12.967,10.728
2015-05-27 16:00:00+00:00,14.783,12.259,12.504,10.405
2015-05-27 17:00:00+00:00,13.959,11.75,11.805,10.055
2015-05-27 18:00:00+00:00,12.209,10.773,10.631,9.097
2015-05-27 19:00:00+00:00,10.397,9.309,9.261,8.028
2015-05-27 20:00:00+00:00,9.63,8.609,8.563,7.213
2015-05-27 21:00:00+00:00,9.094,8.266,8.063,6.767
2015-05-27 22:00:00+00:00,8.659,8.053,7.608,6.475
2015-05-27 23:00:00+00:00,8.246,7.993,7.243,6.235
2015-05-28 00:00:00+00:00,7.882,8.018,6.874,5.904
2015-05-28 01:00:00+00:00,7.598,8.235,6.589,5.388
2015-05-28 02:00:00+00:00,7.409,8.631,6.594,4.958
2015-05-28 03:00:00+00:00,7.271,9.198,7.441,5.234
2015-05-28 04:00:00+00:00,8.003,9.783,8.444,5.738
2015-05-28 05:00:00+00:00,9.446,10.412,9.536,6.178
2015-05-28 06:00:00+00:00,11.406,11.124,10.582,6.535
2015-05-28 07:00:00+00:00,13.436,11.901,11.396,6.897
2015-05-28 08:00:00+00:00,15.033,12.565,11.991,7.343
2015-05-28 09:00:00+00:00,16.264,13.13,12.412,7.705
2015-05-28 10:00:00+00:00,17.123,13.484,12.765,7.928
2015-05-28 11:00:00+00:00,17.669,13.476,12.859,8.007
2015-05-28 12:00:00+00:00,17.865,13.265,12.889,8.052
2015-05-28 13:00:00+00:00,17.764,13.041,12.889,8.092
2015-05-28 14:00:00+00:00,17.369,12.762,12.745,8.053
2015-05-28 15:00:00+00:00,16.791,12.355,12.44,7.976
2015-05-28 16:00:00+00:00,16.106,11.832,11.928,7.875
2015-05-28 17:00:00+00:00,15.089,11.188,11.198,7.663
2015-05-28 18:00:00+00:00,13.538,10.353,10.335,7.302
2015-05-28 19:00:00+00:00,11.927,9.348,9.48,6.809
2015-05-28 20:00:00+00:00,11.055,8.638,8.866,6.374
2015-05-28 21:00:00+00:00,10.445,8.202,8.468,6.071
2015-05-28 22:00:00+00:00,9.997,7.949,8.168,5.822
2015-05-28 23:00:00+00:00,9.559,7.803,7.948,5.593
2015-05-29 00:00:00+00:00,9.084,7.738,7.74,5.304
2015-05-29 01:00:00+00:00,8.677,7.577,7.482,5.034
2015-05-29 02:00:00+00:00,8.31,7.498,7.262,4.806
2015-05-29 03:00:00+00:00,8.223,7.826,7.309,4.791
2015-05-29 04:00:00+00:00,9.239,8.726,7.702,5.061
2015-05-29 05:00:00+00:00,10.651,9.588,8.443,5.679
2015-05-29 06:00:00+00:00,12.267,10.43,9.346,6.616
2015-05-29 07:00:00+00:00,13.783,11.001,10.187,7.648
2015-05-29 08:00:00+00:00,14.938,11.438,10.792,8.477
2015-05-29 09:00:00+00:00,15.791,11.887,11.241,9.052
2015-05-29 10:00:00+00:00,16.434,12.161,11.611,9.381
2015-05-29 11:00:00+00:00,16.936,12.146,11.85,9.537
2015-05-29 12:00:00+00:00,17.318,11.976,11.926,9.583
2015-05-29 13:00:00+00:00,17.441,11.92,11.87,9.517
2015-05-29 14:00:00+00:00,17.386,11.882,11.683,9.345
2015-05-29 15:00:00+00:00,17.081,11.716,11.427,9.007
2015-05-29 16:00:00+00:00,16.542,11.437,10.996,8.558
2015-05-29 17:00:00+00:00,15.595,11.076,10.367,7.987
2015-05-29 18:00:00+00:00,14.074,10.583,9.542,7.314
2015-05-29 19:00:00+00:00,12.626,10.207,8.692,6.61
2015-05-29 20:00:00+00:00,11.895,10.008,8.062,5.906
2015-05-29 21:00:00+00:00,11.316,9.97,7.832,5.648
2015-05-29 22:00:00+00:00,10.803,10.023,7.785,5.462
2015-05-29 23:00:00+00:00,10.326,10.082,7.683,5.257
2015-05-30 00:00:00+00:00,9.89,10.07,7.53,5.158
2015-05-30 01:00:00+00:00,9.485,9.946,7.46,5.096
2015-05-30 02:00:00+00:00,9.132,9.687,7.689,5.082
2015-05-30 03:00:00+00:00,8.892,9.418,8.092,5.149
2015-05-30 04:00:00+00:00,9.075,9.215,8.499,5.284
2015-05-30 05:00:00+00:00,9.667,9.148,9.059,5.555
2015-05-30 06:00:00+00:00,10.737,9.348,9.663,5.908
2015-05-30 07:00:00+00:00,11.967,9.778,10.178,6.254
2015-05-30 08:00:00+00:00,13.062,10.245,10.476,6.711
2015-05-30 09:00:00+00:00,13.813,10.665,10.662,7.268
2015-05-30 10:00:00+00:00,14.281,11.087,10.799,7.754
2015-05-30 11:00:00+00:00,14.577,11.492,10.901,8.095
2015-05-30 12:00:00+00:00,14.723,11.763,10.915,8.304
2015-05-30 13:00:00+00:00,14.698,11.919,10.86,8.338
2015-05-30 14:00:00+00:00,14.485,11.886,10.712,8.236
2015-05-30 15:00:00+00:00,14.148,11.689,10.465,8.089
2015-05-30 16:00:00+00:00,13.707,11.342,10.141,7.94
2015-05-30 17:00:00+00:00,13.018,10.837,9.765,7.687
2015-05-30 18:00:00+00:00,11.478,10.092,9.217,7.314
2015-05-30 19:00:00+00:00,9.445,9.154,8.591,6.701
2015-05-30 20:00:00+00:00,8.665,8.61,8.159,6.111
2015-05-30 21:00:00+00:00,8.278,8.402,7.888,5.74
2015-05-30 22:00:00+00:00,7.926,8.222,7.586,5.483
2015-05-30 23:00:00+00:00,7.438,8.095,7.281,5.202
2015-05-31 00:00:00+00:00,6.94,7.998,7.047,4.939
2015-05-31 01:00:00+00:00,6.709,7.919,6.936,4.724
2015-05-31 02:00:00+00:00,6.615,7.836,6.907,4.694
2015-05-31 03:00:00+00:00,6.638,7.973,7.044,5.048
2015-05-31 04:00:00+00:00,7.761,8.636,7.385,5.532
2015-05-31 05:00:00+00:00,9.454,9.587,7.966,6.232
2015-05-31 06:00:00+00:00,11.689,10.584,8.724,7.178
2015-05-31 07:00:00+00:00,13.989,11.457,9.516,8.271
2015-05-31 08:00:00+00:00,15.706,12.054,10.237,9.152
2015-05-31 09:00:00+00:00,16.945,12.486,10.834,9.851
2015-05-31 10:00:00+00:00,17.923,12.858,11.317,10.34
2015-05-31 11:00:00+00:00,18.649,13.276,11.669,10.763
2015-05-31 12:00:00+00:00,19.106,13.604,11.905,11.126
2015-05-31 13:00:00+00:00,19.326,13.777,12.153,11.277
2015-05-31 14:00:00+00:00,19.329,13.619,12.318,11.156
2015-05-31 15:00:00+00:00,19.074,13.225,12.267,10.886
2015-05-31 16:00:00+00:00,18.554,12.779,11.949,10.493
2015-05-31 17:00:00+00:00,17.646,12.453,11.304,9.801
2015-05-31 18:00:00+00:00,16.204,12.341,10.536,8.913
2015-05-31 19:00:00+00:00,14.938,12.401,9.849,8.075
2015-05-31 20:00:00+00:00,14.424,12.473,9.416,7.377
2015-05-31 21:00:00+00:00,14.032,12.395,9.231,7.002
2015-05-31 22:00:00+00:00,13.652,12.027,9.078,6.749
2015-05-31 23:00:00+00:00,13.208,11.515,9.109,6.573
2015-06-01 00:00:00+00:00,12.665,11.12,9.219,6.445
2015-06-01 01:00:00+00:00,12.056,10.698,9.242,6.333
2015-06-01 02:00:00+00:00,11.539,10.003,9.196,6.386
2015-06-01 03:00:00+00:00,11.132,9.398,9.108,6.58
2015-06-01 04:00:00+00:00,11.586,9.583,9.164,6.791
2015-06-01 05:00:00+00:00,12.451,10.198,9.445,6.935
2015-06-01 06:00:00+00:00,13.513,10.853,9.881,7.194
2015-06-01 07:00:00+00:00,14.413,11.466,10.436,7.737
2015-06-01 08:00:00+00:00,15.187,12.024,11.174,8.314
2015-06-01 09:00:00+00:00,15.798,12.474,11.849,8.774
2015-06-01 10:00:00+00:00,16.242,12.714,12.283,9.028
2015-06-01 11:00:00+00:00,16.425,12.832,12.576,9.286
2015-06-01 12:00:00+00:00,16.429,12.91,12.809,9.44
2015-06-01 13:00:00+00:00,16.49,12.839,12.879,9.455
2015-06-01 14:00:00+00:00,16.509,12.767,12.696,9.316
2015-06-01 15:00:00+00:00,16.349,12.602,12.369,9.013
2015-06-01 16:00:00+00:00,15.933,12.359,11.883,8.611
2015-06-01 17:00:00+00:00,15.202,11.971,11.306,8.129
2015-06-01 18:00:00+00:00,13.719,11.031,10.501,7.505
2015-06-01 19:00:00+00:00,11.978,9.428,9.469,6.717
2015-06-01 20:00:00+00:00,11.19,8.779,8.675,5.873
2015-06-01 21:00:00+00:00,10.653,8.894,8.126,5.34
2015-06-01 22:00:00+00:00,10.234,9.126,7.663,4.951
2015-06-01 23:00:00+00:00,9.91,9.284,7.388,4.729
2015-06-02 00:00:00+00:00,9.716,9.446,7.063,4.613
2015-06-02 01:00:00+00:00,9.584,9.684,6.858,4.759
2015-06-02 02:00:00+00:00,9.544,9.942,6.928,4.864
2015-06-02 03:00:00+00:00,9.661,10.066,7.582,5.212
2015-06-02 04:00:00+00:00,10.748,10.278,8.336,5.605
2015-06-02 05:00:00+00:00,12.338,10.674,9.295,6.033
2015-06-02 06:00:00+00:00,14.267,11.26,10.064,6.492
2015-06-02 07:00:00+00:00,15.86,11.867,10.702,6.987
2015-06-02 08:00:00+00:00,17.183,12.341,11.251,7.382
2015-06-02 09:00:00+00:00,18.236,12.722,11.627,7.728
2015-06-02 10:00:00+00:00,19.065,12.961,11.893,7.989
2015-06-02 11:00:00+00:00,19.878,13.063,12.329,8.153
2015-06-02 12:00:00+00:00,20.736,13.049,12.487,8.278
2015-06-02 13:00:00+00:00,21.369,13.233,12.308,8.379
2015-06-02 14:00:00+00:00,21.65,13.501,11.958,8.499
2015-06-02 15:00:00+00:00,21.62,13.673,11.506,8.651
2015-06-02 16:00:00+00:00,21.311,13.773,11.18,8.687
2015-06-02 17:00:00+00:00,20.563,13.861,10.94,8.464
2015-06-02 18:00:00+00:00,19.028,13.907,10.767,7.944
2015-06-02 19:00:00+00:00,17.413,13.832,10.749,7.289
2015-06-02 20:00:00+00:00,16.661,13.68,10.754,6.677
2015-06-02 21:00:00+00:00,16.177,13.522,10.726,6.306
2015-06-02 22:00:00+00:00,15.794,13.289,10.683,6.139
2015-06-02 23:00:00+00:00,15.418,12.884,10.704,6.097
2015-06-03 00:00:00+00:00,15.039,12.288,10.676,6.047
2015-06-03 01:00:00+00:00,14.633,11.736,10.523,6.028
2015-06-03 02:00:00+00:00,14.273,11.322,10.31,6.071
2015-06-03 03:00:00+00:00,13.993,11.167,10.196,6.302
2015-06-03 04:00:00+00:00,14.737,11.519,10.356,6.688
2015-06-03 05:00:00+00:00,15.968,12.133,10.728,7.308
2015-06-03 06:00:00+00:00,17.244,12.723,11.193,8.161
2015-06-03 07:00:00+00:00,18.342,13.283,11.831,8.947
2015-06-03 08:00:00+00:00,19.245,13.672,12.433,9.552
2015-06-03 09:00:00+00:00,20.033,13.91,12.872,9.999
2015-06-03 10:00:00+00:00,20.629,13.923,13.126,10.391
2015-06-03 11:00:00+00:00,21.014,13.996,13.202,10.677
2015-06-03 12:00:00+00:00,21.208,14.078,13.215,10.856
2015-06-03 13:00:00+00:00,21.103,14.02,13.142,10.89
2015-06-03 14:00:00+00:00,20.797,13.872,12.958,10.718
2015-06-03 15:00:00+00:00,20.279,13.548,12.709,10.407
2015-06-03 16:00:00+00:00,19.568,12.963,12.321,10.0
2015-06-03 17:00:00+00:00,18.516,12.289,11.812,9.432
2015-06-03 18:00:00+00:00,16.689,11.392,11.154,8.697
2015-06-03 19:00:00+00:00,14.397,10.351,10.472,7.858
2015-06-03 20:00:00+00:00,13.158,9.603,9.97,7.093
2015-06-03 21:00:00+00:00,12.197,9.172,9.636,6.517
2015-06-03 22:00:00+00:00,11.363,8.843,9.358,5.945
2015-06-03 23:00:00+00:00,10.617,8.617,9.092,5.295
2015-06-04 00:00:00+00:00,9.976,8.436,8.817,4.893
2015-06-04 01:00:00+00:00,9.459,8.236,8.516,4.641
2015-06-04 02:00:00+00:00,9.05,8.072,8.26,4.471
2015-06-04 03:00:00+00:00,8.977,8.34,8.455,4.934
2015-06-04 04:00:00+00:00,10.652,9.262,9.172,5.704
2015-06-04 05:00:00+00:00,12.688,10.322,10.154,6.781
2015-06-04 06:00:00+00:00,15.144,11.414,11.135,7.835
2015-06-04 07:00:00+00:00,17.202,12.381,12.036,8.785
2015-06-04 08:00:00+00:00,18.706,13.214,12.829,9.587
2015-06-04 09:00:00+00:00,19.95,13.985,13.509,10.22
2015-06-04 10:00:00+00:00,21.0,14.634,14.066,10.737
2015-06-04 11:00:00+00:00,21.838,15.119,14.484,11.141
2015-06-04 12:00:00+00:00,22.432,15.444,14.72,11.358
2015-06-04 13:00:00+00:00,22.763,15.601,14.758,11.43
2015-06-04 14:00:00+00:00,22.822,15.574,14.607,11.307
2015-06-04 15:00:00+00:00,22.624,15.334,14.292,11.019
2015-06-04 16:00:00+00:00,22.18,14.973,13.804,10.531
2015-06-04 17:00:00+00:00,21.254,14.499,13.069,9.862
2015-06-04 18:00:00+00:00,18.734,13.525,11.969,8.911
2015-06-04 19:00:00+00:00,16.064,12.127,10.66,7.714
2015-06-04 20:00:00+00:00,15.087,11.35,9.835,6.8
2015-06-04 21:00:00+00:00,14.413,10.893,9.267,6.327
2015-06-04 22:00:00+00:00,13.765,10.517,8.822,5.965
2015-06-04 23:00:00+00:00,13.196,10.233,8.345,5.637
2015-06-05 00:00:00+00:00,12.726,9.967,7.929,5.173
2015-06-05 01:00:00+00:00,12.309,9.767,7.599,4.722
2015-06-05 02:00:00+00:00,11.917,9.554,7.627,4.464
2015-06-05 03:00:00+00:00,11.729,9.734,8.447,5.117
2015-06-05 04:00:00+00:00,13.073,10.908,9.516,6.108
2015-06-05 05:00:00+00:00,14.98,11.991,10.735,7.067
2015-06-05 06:00:00+00:00,17.522,13.457,12.027,8.136
2015-06-05 07:00:00+00:00,20.416,14.666,13.17,9.377
2015-06-05 08:00:00+00:00,22.949,15.562,14.056,10.572
2015-06-05 09:00:00+00:00,24.869,16.267,14.746,11.49
2015-06-05 10:00:00+00:00,26.229,16.853,15.41,12.23
2015-06-05 11:00:00+00:00,27.206,17.307,15.952,12.788
2015-06-05 12:00:00+00:00,27.881,17.597,16.318,13.119
2015-06-05 13:00:00+00:00,28.272,17.675,16.447,13.191
2015-06-05 14:00:00+00:00,28.378,17.534,16.315,13.066
2015-06-05 15:00:00+00:00,28.206,17.196,15.956,12.729
2015-06-05 16:00:00+00:00,27.762,16.585,15.477,12.206
2015-06-05 17:00:00+00:00,26.179,15.811,14.641,11.473
2015-06-05 18:00:00+00:00,23.326,14.851,13.273,10.49
2015-06-05 19:00:00+00:00,21.279,13.812,11.855,9.282
2015-06-05 20:00:00+00:00,20.486,13.179,11.013,8.333
2015-06-05 21:00:00+00:00,19.866,12.878,10.549,8.22
2015-06-05 22:00:00+00:00,19.276,12.787,10.162,8.404
2015-06-05 23:00:00+00:00,18.654,12.778,9.957,8.414
2015-06-06 00:00:00+00:00,17.971,12.847,9.819,8.359
2015-06-06 01:00:00+00:00,17.307,12.938,9.83,8.439
2015-06-06 02:00:00+00:00,16.7,13.06,10.223,8.586
2015-06-06 03:00:00+00:00,16.37,13.388,10.608,8.806
2015-06-06 04:00:00+00:00,16.977,13.9,11.089,9.013
2015-06-06 05:00:00+00:00,17.94,14.557,11.839,9.397
2015-06-06 06:00:00+00:00,19.242,15.412,12.669,9.887
2015-06-06 07:00:00+00:00,20.863,16.283,13.518,10.451
2015-06-06 08:00:00+00:00,22.244,17.106,14.392,10.952
2015-06-06 09:00:00+00:00,23.224,17.789,15.131,11.377
2015-06-06 10:00:00+00:00,23.969,18.148,15.833,11.75
2015-06-06 11:00:00+00:00,24.393,18.079,16.372,12.147
2015-06-06 12:00:00+00:00,24.52,17.735,16.624,12.602
2015-06-06 13:00:00+00:00,24.374,17.098,16.579,12.891
2015-06-06 14:00:00+00:00,23.988,16.266,16.483,12.79
2015-06-06 15:00:00+00:00,23.45,15.361,16.265,12.197
2015-06-06 16:00:00+00:00,22.743,14.433,15.766,11.472
2015-06-06 17:00:00+00:00,21.515,13.487,14.921,10.616
2015-06-06 18:00:00+00:00,19.642,12.47,13.81,9.657
2015-06-06 19:00:00+00:00,17.43,11.339,12.441,8.529
2015-06-06 20:00:00+00:00,16.219,10.546,11.221,7.513
2015-06-06 21:00:00+00:00,15.204,10.16,10.36,7.017
2015-06-06 22:00:00+00:00,14.325,9.886,9.761,6.797
2015-06-06 23:00:00+00:00,13.582,9.759,9.316,6.683
2015-06-07 00:00:00+00:00,12.976,9.708,8.974,6.68
2015-06-07 01:00:00+00:00,12.513,9.756,8.728,6.739
2015-06-07 02:00:00+00:00,12.109,9.861,8.689,6.88
2015-06-07 03:00:00+00:00,11.836,10.37,9.159,7.162
2015-06-07 04:00:00+00:00,12.616,11.268,9.983,7.518
2015-06-07 05:00:00+00:00,13.883,12.284,10.917,8.025
2015-06-07 06:00:00+00:00,15.901,13.095,11.838,8.731
2015-06-07 07:00:00+00:00,17.577,13.687,12.649,9.492
2015-06-07 08:00:00+00:00,18.937,14.153,13.287,10.123
2015-06-07 09:00:00+00:00,20.062,14.49,13.795,10.579
2015-06-07 10:00:00+00:00,20.966,14.736,14.187,10.97
2015-06-07 11:00:00+00:00,21.627,14.911,14.428,11.197
2015-06-07 12:00:00+00:00,22.005,14.969,14.542,11.297
2015-06-07 13:00:00+00:00,22.126,14.853,14.506,11.277
2015-06-07 14:00:00+00:00,21.98,14.599,14.262,11.068
2015-06-07 15:00:00+00:00,21.578,14.194,13.931,10.715
2015-06-07 16:00:00+00:00,20.872,13.62,13.443,10.219
2015-06-07 17:00:00+00:00,19.728,12.927,12.83,9.556
2015-06-07 18:00:00+00:00,17.894,12.199,12.041,8.772
2015-06-07 19:00:00+00:00,15.921,11.383,11.167,7.936
2015-06-07 20:00:00+00:00,14.748,10.822,10.453,7.064
2015-06-07 21:00:00+00:00,13.715,10.461,9.996,6.441
2015-06-07 22:00:00+00:00,12.806,10.181,9.756,6.079
2015-06-07 23:00:00+00:00,12.034,9.881,9.485,5.75
2015-06-08 00:00:00+00:00,11.337,9.501,9.191,5.363
2015-06-08 01:00:00+00:00,10.765,9.208,8.851,5.056
2015-06-08 02:00:00+00:00,10.292,8.949,8.715,4.95
2015-06-08 03:00:00+00:00,10.065,9.159,9.057,5.456
2015-06-08 04:00:00+00:00,10.731,9.789,9.624,6.165
2015-06-08 05:00:00+00:00,11.857,10.435,10.226,7.214
2015-06-08 06:00:00+00:00,13.119,11.06,10.694,8.226
2015-06-08 07:00:00+00:00,14.347,11.704,11.088,9.069
2015-06-08 08:00:00+00:00,15.506,12.352,11.453,9.844
2015-06-08 09:00:00+00:00,16.521,12.974,11.979,10.529
2015-06-08 10:00:00+00:00,17.359,13.485,12.723,11.103
2015-06-08 11:00:00+00:00,17.962,13.889,13.333,11.523
2015-06-08 12:00:00+00:00,18.281,14.155,13.648,11.806
2015-06-08 13:00:00+00:00,18.299,14.324,13.748,11.962
2015-06-08 14:00:00+00:00,18.035,14.317,13.588,11.98
2015-06-08 15:00:00+00:00,17.513,14.117,13.246,11.738
2015-06-08 16:00:00+00:00,16.73,13.844,12.947,11.345
2015-06-08 17:00:00+00:00,15.727,13.382,12.626,11.206
2015-06-08 18:00:00+00:00,14.443,12.621,11.643,10.342
2015-06-08 19:00:00+00:00,12.926,11.421,10.431,9.171
2015-06-08 20:00:00+00:00,11.845,10.696,9.616,8.125
2015-06-08 21:00:00+00:00,11.012,10.263,9.01,7.441
2015-06-08 22:00:00+00:00,10.301,9.847,8.481,6.953
2015-06-08 23:00:00+00:00,9.667,9.455,7.995,6.512
2015-06-09 00:00:00+00:00,9.176,9.118,7.556,6.119
2015-06-09 01:00:00+00:00,8.798,8.877,7.15,5.716
2015-06-09 02:00:00+00:00,8.498,8.704,7.149,5.379
2015-06-09 03:00:00+00:00,8.422,9.101,8.09,5.711
2015-06-09 04:00:00+00:00,9.044,10.575,9.483,6.89
2015-06-09 05:00:00+00:00,10.228,11.692,11.057,8.286
2015-06-09 06:00:00+00:00,11.638,12.904,12.392,9.493
2015-06-09 07:00:00+00:00,13.035,13.991,13.452,10.437
2015-06-09 08:00:00+00:00,14.354,14.788,14.237,11.153
2015-06-09 09:00:00+00:00,15.445,15.477,14.865,11.7
2015-06-09 10:00:00+00:00,16.237,15.971,15.39,12.204
2015-06-09 11:00:00+00:00,16.828,16.291,15.734,12.699
2015-06-09 12:00:00+00:00,17.221,16.45,15.905,13.077
2015-06-09 13:00:00+00:00,17.376,16.498,15.914,13.152
2015-06-09 14:00:00+00:00,17.318,16.426,15.705,13.017
2015-06-09 15:00:00+00:00,17.017,16.222,15.337,12.544
2015-06-09 16:00:00+00:00,16.474,15.88,15.069,11.894
2015-06-09 17:00:00+00:00,15.7,15.409,14.261,11.363
2015-06-09 18:00:00+00:00,14.352,14.5,12.89,10.641
2015-06-09 19:00:00+00:00,12.427,13.175,11.662,9.537
2015-06-09 20:00:00+00:00,11.496,12.308,11.014,8.343
2015-06-09 21:00:00+00:00,10.842,11.585,10.655,7.853
2015-06-09 22:00:00+00:00,10.304,10.919,10.204,7.628
2015-06-09 23:00:00+00:00,9.793,10.397,9.817,7.429
2015-06-10 00:00:00+00:00,9.283,10.046,9.552,7.289
2015-06-10 01:00:00+00:00,8.827,9.724,9.332,7.106
2015-06-10 02:00:00+00:00,8.445,9.432,9.295,6.984
2015-06-10 03:00:00+00:00,8.388,9.757,9.791,7.222
2015-06-10 04:00:00+00:00,9.634,11.01,10.644,7.717
2015-06-10 05:00:00+00:00,11.292,12.008,11.691,8.223
2015-06-10 06:00:00+00:00,13.609,13.206,12.591,8.894
2015-06-10 07:00:00+00:00,15.522,14.295,13.231,9.997
2015-06-10 08:00:00+00:00,17.084,15.064,13.739,11.104
2015-06-10 09:00:00+00:00,18.308,15.652,14.282,11.892
2015-06-10 10:00:00+00:00,19.217,16.09,14.951,12.405
2015-06-10 11:00:00+00:00,19.902,16.374,15.738,12.732
2015-06-10 12:00:00+00:00,20.372,16.501,16.179,12.873
2015-06-10 13:00:00+00:00,20.605,16.474,16.275,12.784
2015-06-10 14:00:00+00:00,20.586,16.275,16.118,12.733
2015-06-10 15:00:00+00:00,20.334,15.927,15.795,12.48
2015-06-10 16:00:00+00:00,19.825,15.434,15.312,12.033
2015-06-10 17:00:00+00:00,18.935,14.721,14.692,11.453
2015-06-10 18:00:00+00:00,17.11,13.682,13.857,10.661
2015-06-10 19:00:00+00:00,14.854,12.303,12.67,9.664
2015-06-10 20:00:00+00:00,13.879,11.402,11.831,8.699
2015-06-10 21:00:00+00:00,13.217,10.928,11.299,8.123
2015-06-10 22:00:00+00:00,12.636,10.518,10.981,7.526
2015-06-10 23:00:00+00:00,12.113,10.181,10.687,7.112
2015-06-11 00:00:00+00:00,11.608,9.903,10.224,6.81
2015-06-11 01:00:00+00:00,11.146,9.678,9.76,6.568
2015-06-11 02:00:00+00:00,10.755,9.594,9.618,6.49
2015-06-11 03:00:00+00:00,10.73,10.207,10.364,7.241
2015-06-11 04:00:00+00:00,12.03,11.143,11.395,8.09
2015-06-11 05:00:00+00:00,13.648,11.971,12.545,9.075
2015-06-11 06:00:00+00:00,16.066,12.882,13.712,10.15
2015-06-11 07:00:00+00:00,18.016,13.88,14.805,11.179
2015-06-11 08:00:00+00:00,19.499,14.782,15.694,12.096
2015-06-11 09:00:00+00:00,20.596,15.514,16.414,12.867
2015-06-11 10:00:00+00:00,21.439,16.115,16.966,13.463
2015-06-11 11:00:00+00:00,22.057,16.574,17.275,13.911
2015-06-11 12:00:00+00:00,22.463,16.883,17.296,14.173
2015-06-11 13:00:00+00:00,22.623,17.047,17.429,14.282
2015-06-11 14:00:00+00:00,22.54,17.063,17.41,14.193
2015-06-11 15:00:00+00:00,22.268,16.955,17.242,13.899
2015-06-11 16:00:00+00:00,21.78,16.709,16.924,13.483
2015-06-11 17:00:00+00:00,20.894,16.217,16.245,12.849
2015-06-11 18:00:00+00:00,18.96,15.287,15.068,11.934
2015-06-11 19:00:00+00:00,16.694,13.791,13.542,10.701
2015-06-11 20:00:00+00:00,15.714,12.726,12.743,9.525
2015-06-11 21:00:00+00:00,15.046,12.075,12.258,8.883
2015-06-11 22:00:00+00:00,14.405,11.538,11.703,8.379
2015-06-11 23:00:00+00:00,13.815,11.074,11.174,8.031
2015-06-12 00:00:00+00:00,13.298,10.701,10.832,7.819
2015-06-12 01:00:00+00:00,12.856,10.444,10.598,7.533
2015-06-12 02:00:00+00:00,12.453,10.29,10.639,7.251
2015-06-12 03:00:00+00:00,12.387,10.782,11.368,7.717
2015-06-12 04:00:00+00:00,13.875,12.139,12.502,8.716
2015-06-12 05:00:00+00:00,15.501,13.399,13.865,9.768
2015-06-12 06:00:00+00:00,17.873,14.805,15.364,10.998
2015-06-12 07:00:00+00:00,20.366,16.172,16.691,12.167
2015-06-12 08:00:00+00:00,22.146,17.233,17.743,13.273
2015-06-12 09:00:00+00:00,23.592,18.097,18.58,14.182
2015-06-12 10:00:00+00:00,24.756,18.774,19.245,14.815
2015-06-12 11:00:00+00:00,25.632,19.279,19.717,15.209
2015-06-12 12:00:00+00:00,26.189,19.625,19.967,15.342
2015-06-12 13:00:00+00:00,26.431,19.812,19.997,15.274
2015-06-12 14:00:00+00:00,26.4,19.83,19.822,15.044
2015-06-12 15:00:00+00:00,26.129,19.671,19.472,14.637
2015-06-12 16:00:00+00:00,25.556,19.31,18.918,14.034
2015-06-12 17:00:00+00:00,24.547,18.702,17.936,13.209
2015-06-12 18:00:00+00:00,22.634,17.615,16.442,12.197
2015-06-12 19:00:00+00:00,20.747,15.887,14.865,10.883
2015-06-12 20:00:00+00:00,19.559,14.629,13.97,9.624
2015-06-12 21:00:00+00:00,18.632,13.85,13.368,8.996
2015-06-12 22:00:00+00:00,17.89,13.257,12.763,8.474
2015-06-12 23:00:00+00:00,17.297,12.799,12.301,7.929
2015-06-13 00:00:00+00:00,16.795,12.436,11.877,7.392
2015-06-13 01:00:00+00:00,16.351,12.184,11.528,6.904
2015-06-13 02:00:00+00:00,15.967,11.993,11.487,6.69
2015-06-13 03:00:00+00:00,15.94,12.392,12.223,7.134
2015-06-13 04:00:00+00:00,17.067,13.787,13.347,7.745
2015-06-13 05:00:00+00:00,18.089,14.713,14.569,8.639
2015-06-13 06:00:00+00:00,19.38,15.902,15.85,9.427
2015-06-13 07:00:00+00:00,20.754,17.553,16.977,10.105
2015-06-13 08:00:00+00:00,21.644,18.518,17.822,10.889
2015-06-13 09:00:00+00:00,22.247,19.087,18.418,11.781
2015-06-13 10:00:00+00:00,22.741,19.424,18.851,12.617
2015-06-13 11:00:00+00:00,23.067,19.623,19.146,12.912
2015-06-13 12:00:00+00:00,23.204,19.639,19.244,12.706
2015-06-13 13:00:00+00:00,23.072,19.408,19.068,12.335
2015-06-13 14:00:00+00:00,22.749,18.958,18.644,11.948
2015-06-13 15:00:00+00:00,22.276,18.189,18.103,11.419
2015-06-13 16:00:00+00:00,21.707,17.29,17.284,10.905
2015-06-13 17:00:00+00:00,20.921,16.456,16.219,10.418
2015-06-13 18:00:00+00:00,19.571,15.787,15.016,9.857
2015-06-13 19:00:00+00:00,17.637,15.249,13.866,9.06
2015-06-13 20:00:00+00:00,16.497,14.837,13.191,8.073
2015-06-13 21:00:00+00:00,15.694,14.421,12.745,7.604
2015-06-13 22:00:00+00:00,15.004,13.972,12.405,7.149
2015-06-13 23:00:00+00:00,14.39,13.496,12.1,6.669
2015-06-14 00:00:00+00:00,13.821,13.029,11.828,6.252
2015-06-14 01:00:00+00:00,13.285,12.646,11.641,5.981
2015-06-14 02:00:00+00:00,12.792,12.302,11.616,5.87
2015-06-14 03:00:00+00:00,12.596,12.143,11.868,6.302
2015-06-14 04:00:00+00:00,13.655,12.158,12.202,6.763
2015-06-14 05:00:00+00:00,14.982,12.305,12.617,7.489
2015-06-14 06:00:00+00:00,16.711,12.72,13.104,8.459
2015-06-14 07:00:00+00:00,18.251,13.406,13.771,9.386
2015-06-14 08:00:00+00:00,19.526,14.134,14.381,10.045
2015-06-14 09:00:00+00:00,20.592,14.606,14.872,10.412
2015-06-14 10:00:00+00:00,21.414,14.859,15.206,10.66
2015-06-14 11:00:00+00:00,22.018,14.964,15.457,10.929
2015-06-14 12:00:00+00:00,22.419,14.904,15.48,11.104
2015-06-14 13:00:00+00:00,22.473,14.707,15.314,11.088
2015-06-14 14:00:00+00:00,22.231,14.358,14.916,10.803
2015-06-14 15:00:00+00:00,21.732,13.857,14.529,10.329
2015-06-14 16:00:00+00:00,20.978,13.206,14.036,9.757
2015-06-14 17:00:00+00:00,19.952,12.411,13.336,9.059
2015-06-14 18:00:00+00:00,18.423,11.476,12.445,8.219
2015-06-14 19:00:00+00:00,16.798,10.42,11.492,7.166
2015-06-14 20:00:00+00:00,15.761,9.544,10.682,5.944
2015-06-14 21:00:00+00:00,14.842,9.012,9.974,5.235
2015-06-14 22:00:00+00:00,14.003,8.686,9.38,4.743
2015-06-14 23:00:00+00:00,13.287,8.498,8.801,4.321
2015-06-15 00:00:00+00:00,12.691,8.395,8.232,4.089
2015-06-15 01:00:00+00:00,12.176,8.313,7.762,3.861
2015-06-15 02:00:00+00:00,11.683,8.222,7.545,3.811
2015-06-15 03:00:00+00:00,11.395,8.674,7.923,4.496
2015-06-15 04:00:00+00:00,11.821,9.485,8.726,5.367
2015-06-15 05:00:00+00:00,12.661,10.244,9.778,6.472
2015-06-15 06:00:00+00:00,13.738,10.948,10.793,7.494
2015-06-15 07:00:00+00:00,14.918,11.601,11.666,8.462
2015-06-15 08:00:00+00:00,16.091,12.201,12.4,9.377
2015-06-15 09:00:00+00:00,17.092,12.664,12.967,10.172
2015-06-15 10:00:00+00:00,17.821,13.086,13.418,10.783
2015-06-15 11:00:00+00:00,18.337,13.456,13.772,11.263
2015-06-15 12:00:00+00:00,18.667,13.689,14.019,11.569
2015-06-15 13:00:00+00:00,18.802,13.784,14.104,11.653
2015-06-15 14:00:00+00:00,18.728,13.728,13.99,11.552
2015-06-15 15:00:00+00:00,18.419,13.423,13.731,11.285
2015-06-15 16:00:00+00:00,17.859,12.931,13.318,10.862
2015-06-15 17:00:00+00:00,17.006,12.274,12.706,10.325
2015-06-15 18:00:00+00:00,15.602,11.514,11.694,9.441
2015-06-15 19:00:00+00:00,13.62,10.733,10.3,8.118
2015-06-15 20:00:00+00:00,12.561,10.126,9.464,6.89
2015-06-15 21:00:00+00:00,11.769,9.764,9.093,6.335
2015-06-15 22:00:00+00:00,11.008,9.437,8.78,5.973
2015-06-15 23:00:00+00:00,10.313,9.105,8.49,5.632
2015-06-16 00:00:00+00:00,9.704,8.861,8.249,5.226
2015-06-16 01:00:00+00:00,9.184,8.713,8.132,4.876
2015-06-16 02:00:00+00:00,8.75,8.643,8.336,4.713
2015-06-16 03:00:00+00:00,8.703,9.13,9.008,5.138
2015-06-16 04:00:00+00:00,9.893,9.851,9.805,6.081
2015-06-16 05:00:00+00:00,11.469,10.471,10.648,7.239
2015-06-16 06:00:00+00:00,13.339,10.965,11.598,8.266
2015-06-16 07:00:00+00:00,14.634,11.499,12.557,9.223
2015-06-16 08:00:00+00:00,15.551,12.205,13.374,10.097
2015-06-16 09:00:00+00:00,16.264,12.874,14.053,10.918
2015-06-16 10:00:00+00:00,16.723,13.494,14.606,11.696
2015-06-16 11:00:00+00:00,17.088,13.982,14.971,12.318
2015-06-16 12:00:00+00:00,17.471,14.329,15.178,12.747
2015-06-16 13:00:00+00:00,17.646,14.524,15.216,12.944
2015-06-16 14:00:00+00:00,17.506,14.55,15.099,12.92
2015-06-16 15:00:00+00:00,17.068,14.446,14.774,12.69
2015-06-16 16:00:00+00:00,16.417,14.164,14.304,12.252
2015-06-16 17:00:00+00:00,15.555,13.618,13.796,11.823
2015-06-16 18:00:00+00:00,14.201,12.622,12.674,10.559
2015-06-16 19:00:00+00:00,12.094,11.057,11.417,9.234
2015-06-16 20:00:00+00:00,10.883,10.14,10.66,8.043
2015-06-16 21:00:00+00:00,10.046,9.753,10.074,7.355
2015-06-16 22:00:00+00:00,9.309,9.364,9.408,6.935
2015-06-16 23:00:00+00:00,8.708,8.97,8.837,6.826
2015-06-17 00:00:00+00:00,8.17,8.565,8.409,6.695
2015-06-17 01:00:00+00:00,7.653,8.289,8.133,6.496
2015-06-17 02:00:00+00:00,7.11,8.255,8.286,6.436
2015-06-17 03:00:00+00:00,6.996,9.018,9.206,6.59
2015-06-17 04:00:00+00:00,8.608,9.938,10.04,7.037
2015-06-17 05:00:00+00:00,10.743,10.495,10.819,7.767
2015-06-17 06:00:00+00:00,12.993,11.075,11.455,8.28
2015-06-17 07:00:00+00:00,14.686,11.626,12.112,8.786
2015-06-17 08:00:00+00:00,16.112,12.109,12.713,9.291
2015-06-17 09:00:00+00:00,17.336,12.59,13.209,9.547
2015-06-17 10:00:00+00:00,18.369,12.984,13.435,9.623
2015-06-17 11:00:00+00:00,19.201,13.182,13.557,9.759
2015-06-17 12:00:00+00:00,19.72,13.263,13.536,9.934
2015-06-17 13:00:00+00:00,19.941,13.289,13.294,10.112
2015-06-17 14:00:00+00:00,19.894,13.32,12.972,10.268
2015-06-17 15:00:00+00:00,19.642,13.354,12.528,10.296
2015-06-17 16:00:00+00:00,19.154,13.382,12.012,10.242
2015-06-17 17:00:00+00:00,18.289,13.371,11.563,10.104
2015-06-17 18:00:00+00:00,16.772,13.299,11.141,9.816
2015-06-17 19:00:00+00:00,15.305,13.074,10.743,9.22
2015-06-17 20:00:00+00:00,14.601,12.724,10.448,8.642
2015-06-17 21:00:00+00:00,14.099,12.512,10.297,8.347
2015-06-17 22:00:00+00:00,13.72,12.284,10.182,8.153
2015-06-17 23:00:00+00:00,13.379,12.006,10.003,7.899
2015-06-18 00:00:00+00:00,13.1,11.743,9.846,7.665
2015-06-18 01:00:00+00:00,12.842,11.554,9.714,7.489
2015-06-18 02:00:00+00:00,12.622,11.423,9.774,7.41
2015-06-18 03:00:00+00:00,12.54,11.488,10.05,7.672
2015-06-18 04:00:00+00:00,12.971,11.664,10.452,8.139
2015-06-18 05:00:00+00:00,13.554,11.835,10.992,8.674
2015-06-18 06:00:00+00:00,14.388,12.102,11.549,9.366
2015-06-18 07:00:00+00:00,15.401,12.528,12.091,10.119
2015-06-18 08:00:00+00:00,16.416,13.073,12.617,10.814
2015-06-18 09:00:00+00:00,17.288,13.575,13.122,11.176
2015-06-18 10:00:00+00:00,18.066,13.957,13.492,11.565
2015-06-18 11:00:00+00:00,18.535,14.089,13.671,11.911
2015-06-18 12:00:00+00:00,18.704,14.063,13.639,12.104
2015-06-18 13:00:00+00:00,18.634,13.997,13.378,12.144
2015-06-18 14:00:00+00:00,18.215,13.839,13.056,12.055
2015-06-18 15:00:00+00:00,17.567,13.574,12.726,11.828
2015-06-18 16:00:00+00:00,16.789,13.129,12.321,11.572
2015-06-18 17:00:00+00:00,15.845,12.581,11.785,11.089
2015-06-18 18:00:00+00:00,14.652,11.935,11.167,10.426
2015-06-18 19:00:00+00:00,13.346,11.257,10.507,9.708
2015-06-18 20:00:00+00:00,12.414,10.795,10.027,9.011
2015-06-18 21:00:00+00:00,11.66,10.553,9.748,8.522
2015-06-18 22:00:00+00:00,10.989,10.399,9.509,8.159
2015-06-18 23:00:00+00:00,10.337,10.307,9.309,7.868
2015-06-19 00:00:00+00:00,9.741,10.268,9.145,7.61
2015-06-19 01:00:00+00:00,9.279,10.292,9.044,7.36
2015-06-19 02:00:00+00:00,8.947,10.324,9.071,7.232
2015-06-19 03:00:00+00:00,8.86,10.536,9.328,7.615
2015-06-19 04:00:00+00:00,9.546,10.961,9.735,8.235
2015-06-19 05:00:00+00:00,10.576,11.484,10.291,9.076
2015-06-19 06:00:00+00:00,11.681,12.037,10.942,10.17
2015-06-19 07:00:00+00:00,12.802,12.616,11.708,11.421
2015-06-19 08:00:00+00:00,13.939,13.211,12.461,12.366
2015-06-19 09:00:00+00:00,14.946,13.697,13.023,13.038
2015-06-19 10:00:00+00:00,15.651,14.068,13.42,13.551
2015-06-19 11:00:00+00:00,16.071,14.338,13.709,13.912
2015-06-19 12:00:00+00:00,16.241,14.462,13.854,14.089
2015-06-19 13:00:00+00:00,16.222,14.484,13.861,14.145
2015-06-19 14:00:00+00:00,15.971,14.375,13.756,14.084
2015-06-19 15:00:00+00:00,15.523,14.187,13.562,13.917
2015-06-19 16:00:00+00:00,14.849,14.0,13.257,13.648
2015-06-19 17:00:00+00:00,13.979,13.687,12.799,13.368
2015-06-19 18:00:00+00:00,12.874,13.107,12.13,12.441
2015-06-19 19:00:00+00:00,11.531,12.022,11.262,11.269
2015-06-19 20:00:00+00:00,10.78,11.198,10.691,10.087
2015-06-19 21:00:00+00:00,10.274,10.915,10.388,9.156
2015-06-19 22:00:00+00:00,9.829,10.729,10.117,8.6
2015-06-19 23:00:00+00:00,9.446,10.609,9.87,8.276
2015-06-20 00:00:00+00:00,9.189,10.539,9.696,8.08
2015-06-20 01:00:00+00:00,8.984,10.578,9.573,7.982
2015-06-20 02:00:00+00:00,8.762,10.657,9.764,7.973
2015-06-20 03:00:00+00:00,8.763,11.099,10.398,8.419
2015-06-20 04:00:00+00:00,9.331,11.871,11.102,9.237
2015-06-20 05:00:00+00:00,10.08,12.57,11.846,10.365
2015-06-20 06:00:00+00:00,10.984,13.281,12.636,11.711
2015-06-20 07:00:00+00:00,12.115,14.007,13.44,12.983
2015-06-20 08:00:00+00:00,13.356,14.715,14.057,14.0
2015-06-20 09:00:00+00:00,14.471,15.318,14.584,14.779
2015-06-20 10:00:00+00:00,15.287,15.812,15.046,15.407
2015-06-20 11:00:00+00:00,15.868,16.154,15.399,15.9
2015-06-20 12:00:00+00:00,16.173,16.362,15.583,16.166
2015-06-20 13:00:00+00:00,16.243,16.454,15.716,16.257
2015-06-20 14:00:00+00:00,16.114,16.442,15.665,16.1
2015-06-20 15:00:00+00:00,15.75,16.258,15.452,15.667
2015-06-20 16:00:00+00:00,15.192,15.817,15.241,15.393
2015-06-20 17:00:00+00:00,14.43,15.111,14.833,14.975
2015-06-20 18:00:00+00:00,13.307,14.082,13.84,13.605
2015-06-20 19:00:00+00:00,11.847,12.866,12.614,12.187
2015-06-20 20:00:00+00:00,11.222,12.068,11.875,10.867
2015-06-20 21:00:00+00:00,10.786,11.591,11.462,10.089
2015-06-20 22:00:00+00:00,10.375,11.168,11.111,9.731
2015-06-20 23:00:00+00:00,9.991,10.856,10.808,9.466
2015-06-21 00:00:00+00:00,9.613,10.58,10.564,9.249
2015-06-21 01:00:00+00:00,9.298,10.338,10.367,9.079
2015-06-21 02:00:00+00:00,9.039,10.103,10.342,9.045
2015-06-21 03:00:00+00:00,9.04,10.213,11.025,9.473
2015-06-21 04:00:00+00:00,9.942,10.672,12.1,10.359
2015-06-21 05:00:00+00:00,11.04,11.144,13.235,11.424
2015-06-21 06:00:00+00:00,12.484,11.866,14.02,12.759
2015-06-21 07:00:00+00:00,13.816,12.641,14.847,13.778
2015-06-21 08:00:00+00:00,14.997,13.404,15.459,14.56
2015-06-21 09:00:00+00:00,16.019,14.09,15.88,15.123
2015-06-21 10:00:00+00:00,16.92,14.728,16.215,15.504
2015-06-21 11:00:00+00:00,17.663,15.279,16.388,15.74
2015-06-21 12:00:00+00:00,18.111,15.693,16.532,15.819
2015-06-21 13:00:00+00:00,18.321,15.922,16.383,15.717
2015-06-21 14:00:00+00:00,18.253,15.946,16.152,15.436
2015-06-21 15:00:00+00:00,18.036,15.786,15.9,15.063
2015-06-21 16:00:00+00:00,17.649,15.451,15.473,14.5
2015-06-21 17:00:00+00:00,16.997,14.993,14.801,13.787
2015-06-21 18:00:00+00:00,15.843,14.356,13.781,12.791
2015-06-21 19:00:00+00:00,14.486,13.511,12.404,11.658
2015-06-21 20:00:00+00:00,13.71,12.973,11.533,10.715
2015-06-21 21:00:00+00:00,13.062,12.656,11.116,10.268
2015-06-21 22:00:00+00:00,12.437,12.369,10.761,10.093
2015-06-21 23:00:00+00:00,11.942,12.114,10.444,9.905
2015-06-22 00:00:00+00:00,11.491,11.945,10.154,9.692
2015-06-22 01:00:00+00:00,11.1,11.765,9.901,9.515
2015-06-22 02:00:00+00:00,10.838,11.662,10.032,9.486
2015-06-22 03:00:00+00:00,10.881,11.898,11.088,9.805
2015-06-22 04:00:00+00:00,11.62,12.187,11.996,10.379
2015-06-22 05:00:00+00:00,12.413,12.512,12.851,11.14
2015-06-22 06:00:00+00:00,13.324,12.886,13.616,12.159
2015-06-22 07:00:00+00:00,14.211,13.215,14.306,13.084
2015-06-22 08:00:00+00:00,14.89,13.617,14.903,13.821
2015-06-22 09:00:00+00:00,15.322,14.099,15.405,14.428
2015-06-22 10:00:00+00:00,15.511,14.439,15.759,14.879
2015-06-22 11:00:00+00:00,15.495,14.619,15.922,15.179
2015-06-22 12:00:00+00:00,15.263,14.648,15.96,15.247
2015-06-22 13:00:00+00:00,14.935,14.618,15.833,15.252
2015-06-22 14:00:00+00:00,14.569,14.513,15.567,14.975
2015-06-22 15:00:00+00:00,14.129,14.328,15.2,14.674
2015-06-22 16:00:00+00:00,13.61,14.123,14.746,14.313
2015-06-22 17:00:00+00:00,13.047,13.77,14.14,13.759
2015-06-22 18:00:00+00:00,12.318,13.171,13.309,13.021
2015-06-22 19:00:00+00:00,11.538,12.083,12.096,12.082
2015-06-22 20:00:00+00:00,11.086,11.358,11.359,11.275
2015-06-22 21:00:00+00:00,10.755,11.067,11.028,10.761
2015-06-22 22:00:00+00:00,10.401,10.878,10.711,10.39
2015-06-22 23:00:00+00:00,10.022,10.804,10.474,10.078
2015-06-23 00:00:00+00:00,9.66,10.738,10.247,9.832
2015-06-23 01:00:00+00:00,9.308,10.596,10.088,9.634
2015-06-23 02:00:00+00:00,8.95,10.448,10.325,9.554
2015-06-23 03:00:00+00:00,8.811,10.656,11.161,9.845
2015-06-23 04:00:00+00:00,9.093,11.468,11.901,10.427
2015-06-23 05:00:00+00:00,9.633,12.29,12.574,11.153
2015-06-23 06:00:00+00:00,10.482,13.024,13.324,12.122
2015-06-23 07:00:00+00:00,11.517,13.725,14.136,12.729
2015-06-23 08:00:00+00:00,12.66,14.404,14.861,13.604
2015-06-23 09:00:00+00:00,13.593,15.06,15.463,14.764
2015-06-23 10:00:00+00:00,14.317,15.654,15.907,15.699
2015-06-23 11:00:00+00:00,14.791,16.128,16.041,15.875
2015-06-23 12:00:00+00:00,15.016,16.431,15.942,15.819
2015-06-23 13:00:00+00:00,15.038,16.578,15.747,15.631
2015-06-23 14:00:00+00:00,14.938,16.598,15.44,15.287
2015-06-23 15:00:00+00:00,14.711,16.483,15.086,14.808
2015-06-23 16:00:00+00:00,14.243,16.225,14.727,14.444
2015-06-23 17:00:00+00:00,13.628,15.743,14.327,13.775
2015-06-23 18:00:00+00:00,12.596,14.868,13.678,12.858
2015-06-23 19:00:00+00:00,11.136,13.647,12.849,11.971
2015-06-23 20:00:00+00:00,10.504,12.803,12.246,11.15
2015-06-23 21:00:00+00:00,10.162,12.282,11.926,10.598
2015-06-23 22:00:00+00:00,9.887,11.881,11.661,10.272
2015-06-23 23:00:00+00:00,9.604,11.548,11.42,9.945
2015-06-24 00:00:00+00:00,9.379,11.206,11.212,9.622
2015-06-24 01:00:00+00:00,9.214,10.925,11.038,9.332
2015-06-24 02:00:00+00:00,9.091,10.703,11.117,9.175
2015-06-24 03:00:00+00:00,9.115,10.634,11.593,9.527
2015-06-24 04:00:00+00:00,9.867,10.877,11.999,10.131
2015-06-24 05:00:00+00:00,10.787,11.322,12.427,10.805
2015-06-24 06:00:00+00:00,11.824,11.896,13.004,11.44
2015-06-24 07:00:00+00:00,12.857,12.262,13.69,12.112
2015-06-24 08:00:00+00:00,14.026,12.637,14.321,12.671
2015-06-24 09:00:00+00:00,15.144,12.806,14.742,13.233
2015-06-24 10:00:00+00:00,16.141,12.865,14.828,13.672
2015-06-24 11:00:00+00:00,17.021,12.852,14.817,14.076
2015-06-24 12:00:00+00:00,17.69,12.811,14.713,14.164
2015-06-24 13:00:00+00:00,18.162,12.795,14.611,14.281
2015-06-24 14:00:00+00:00,18.307,12.825,14.453,14.111
2015-06-24 15:00:00+00:00,18.24,12.671,14.276,13.816
2015-06-24 16:00:00+00:00,17.951,12.547,14.122,13.322
2015-06-24 17:00:00+00:00,17.366,12.348,13.709,12.934
2015-06-24 18:00:00+00:00,15.944,12.032,13.097,12.086
2015-06-24 19:00:00+00:00,14.091,11.49,12.456,11.033
2015-06-24 20:00:00+00:00,13.2,11.024,11.982,9.915
2015-06-24 21:00:00+00:00,12.448,10.721,11.667,9.118
2015-06-24 22:00:00+00:00,11.749,10.536,11.339,8.733
2015-06-24 23:00:00+00:00,11.2,10.418,11.09,8.256
2015-06-25 00:00:00+00:00,10.735,10.149,10.912,7.818
2015-06-25 01:00:00+00:00,10.302,9.763,10.652,7.389
2015-06-25 02:00:00+00:00,9.992,9.54,10.452,7.067
2015-06-25 03:00:00+00:00,10.103,9.785,10.571,7.236
2015-06-25 04:00:00+00:00,11.431,10.42,10.921,7.789
2015-06-25 05:00:00+00:00,12.981,11.261,11.546,8.621
2015-06-25 06:00:00+00:00,14.819,12.092,12.377,9.543
2015-06-25 07:00:00+00:00,17.024,12.879,13.215,10.398
2015-06-25 08:00:00+00:00,18.658,13.576,13.923,11.207
2015-06-25 09:00:00+00:00,19.831,14.099,14.554,11.863
2015-06-25 10:00:00+00:00,20.785,14.589,15.102,12.35
2015-06-25 11:00:00+00:00,21.511,14.949,15.453,12.614
2015-06-25 12:00:00+00:00,21.975,15.187,15.617,12.613
2015-06-25 13:00:00+00:00,22.164,15.242,15.644,12.462
2015-06-25 14:00:00+00:00,22.177,15.226,15.437,12.139
2015-06-25 15:00:00+00:00,22.015,15.095,15.146,11.791
2015-06-25 16:00:00+00:00,21.582,14.714,14.669,11.481
2015-06-25 17:00:00+00:00,20.799,14.156,14.022,11.075
2015-06-25 18:00:00+00:00,19.015,13.436,13.178,10.403
2015-06-25 19:00:00+00:00,17.341,12.581,12.237,9.3
2015-06-25 20:00:00+00:00,16.643,11.918,11.513,8.202
2015-06-25 21:00:00+00:00,16.079,11.432,11.082,7.7
2015-06-25 22:00:00+00:00,15.396,10.954,10.717,7.417
2015-06-25 23:00:00+00:00,14.738,10.465,10.273,7.172
2015-06-26 00:00:00+00:00,14.219,10.132,9.858,7.105
2015-06-26 01:00:00+00:00,13.682,9.873,9.5,6.92
2015-06-26 02:00:00+00:00,13.11,9.743,9.516,6.744
2015-06-26 03:00:00+00:00,12.87,10.359,10.089,7.111
2015-06-26 04:00:00+00:00,14.008,11.226,10.83,7.886
2015-06-26 05:00:00+00:00,15.619,12.043,11.559,9.009
2015-06-26 06:00:00+00:00,17.494,12.909,12.316,10.032
2015-06-26 07:00:00+00:00,19.702,13.727,13.052,11.055
2015-06-26 08:00:00+00:00,21.089,14.428,13.685,12.092
2015-06-26 09:00:00+00:00,22.086,15.005,14.272,12.928
2015-06-26 10:00:00+00:00,22.922,15.47,14.766,13.556
2015-06-26 11:00:00+00:00,23.466,15.809,15.276,14.008
2015-06-26 12:00:00+00:00,23.78,16.03,15.62,14.324
2015-06-26 13:00:00+00:00,23.836,16.233,15.747,14.42
2015-06-26 14:00:00+00:00,23.58,16.411,15.657,14.397
2015-06-26 15:00:00+00:00,23.047,16.463,15.36,14.157
2015-06-26 16:00:00+00:00,22.28,16.264,14.917,13.789
2015-06-26 17:00:00+00:00,21.196,15.87,14.378,13.24
2015-06-26 18:00:00+00:00,19.712,15.192,13.502,12.328
2015-06-26 19:00:00+00:00,18.646,14.474,12.338,11.195
2015-06-26 20:00:00+00:00,18.051,13.995,11.599,10.159
2015-06-26 21:00:00+00:00,17.526,13.724,11.238,9.592
2015-06-26 22:00:00+00:00,17.011,13.511,10.847,9.224
2015-06-26 23:00:00+00:00,16.513,13.328,10.553,9.01
2015-06-27 00:00:00+00:00,16.055,13.181,10.302,8.863
2015-06-27 01:00:00+00:00,15.696,13.034,10.099,8.74
2015-06-27 02:00:00+00:00,15.434,12.883,10.289,8.717
2015-06-27 03:00:00+00:00,15.316,13.072,10.969,9.124
2015-06-27 04:00:00+00:00,15.825,13.973,11.772,9.809
2015-06-27 05:00:00+00:00,16.574,14.62,12.718,10.673
2015-06-27 06:00:00+00:00,17.384,15.435,13.816,11.843
2015-06-27 07:00:00+00:00,18.432,16.267,14.84,13.055
2015-06-27 08:00:00+00:00,19.415,17.071,15.678,14.166
2015-06-27 09:00:00+00:00,20.185,17.739,16.402,15.08
2015-06-27 10:00:00+00:00,20.86,18.254,16.93,15.802
2015-06-27 11:00:00+00:00,21.306,18.63,17.303,16.267
2015-06-27 12:00:00+00:00,21.495,18.768,17.569,16.466
2015-06-27 13:00:00+00:00,21.373,18.67,17.698,16.424
2015-06-27 14:00:00+00:00,21.073,18.301,17.771,16.193
2015-06-27 15:00:00+00:00,20.712,17.851,17.509,15.89
2015-06-27 16:00:00+00:00,20.163,17.288,17.184,15.47
2015-06-27 17:00:00+00:00,19.309,16.663,16.725,14.826
2015-06-27 18:00:00+00:00,17.941,15.91,15.509,13.893
2015-06-27 19:00:00+00:00,16.043,15.059,13.95,12.563
2015-06-27 20:00:00+00:00,14.852,14.436,12.859,11.1
2015-06-27 21:00:00+00:00,13.97,14.136,12.268,10.347
2015-06-27 22:00:00+00:00,13.147,13.772,11.825,9.953
2015-06-27 23:00:00+00:00,12.431,13.485,11.481,9.647
2015-06-28 00:00:00+00:00,11.848,13.299,11.259,9.369
2015-06-28 01:00:00+00:00,11.381,13.144,11.138,9.14
2015-06-28 02:00:00+00:00,11.014,13.022,11.384,9.174
2015-06-28 03:00:00+00:00,10.85,13.108,12.54,10.018
2015-06-28 04:00:00+00:00,12.105,13.372,13.832,11.097
2015-06-28 05:00:00+00:00,13.757,13.659,15.155,12.167
2015-06-28 06:00:00+00:00,15.993,14.101,16.486,13.308
2015-06-28 07:00:00+00:00,17.71,14.779,17.469,14.332
2015-06-28 08:00:00+00:00,19.022,15.58,18.192,15.234
2015-06-28 09:00:00+00:00,20.158,16.391,18.725,15.901
2015-06-28 10:00:00+00:00,21.105,17.203,19.13,16.215
2015-06-28 11:00:00+00:00,21.8,17.759,19.435,16.162
2015-06-28 12:00:00+00:00,22.159,18.039,19.487,15.838
2015-06-28 13:00:00+00:00,22.245,18.103,19.351,15.238
2015-06-28 14:00:00+00:00,22.128,17.859,19.027,14.551
2015-06-28 15:00:00+00:00,21.75,17.397,18.582,13.912
2015-06-28 16:00:00+00:00,21.216,16.867,18.068,13.31
2015-06-28 17:00:00+00:00,20.398,16.164,17.265,12.741
2015-06-28 18:00:00+00:00,18.851,15.371,16.189,12.227
2015-06-28 19:00:00+00:00,17.456,14.759,15.004,11.718
2015-06-28 20:00:00+00:00,16.623,14.4,14.197,11.256
2015-06-28 21:00:00+00:00,15.991,14.142,13.73,10.996
2015-06-28 22:00:00+00:00,15.443,13.925,13.42,10.86
2015-06-28 23:00:00+00:00,14.955,13.738,13.169,10.756
2015-06-29 00:00:00+00:00,14.553,13.602,12.933,10.658
2015-06-29 01:00:00+00:00,14.211,13.524,12.824,10.539
2015-06-29 02:00:00+00:00,13.843,13.485,12.996,10.466
2015-06-29 03:00:00+00:00,13.656,13.737,13.33,10.579
2015-06-29 04:00:00+00:00,14.684,14.181,13.716,10.861
2015-06-29 05:00:00+00:00,15.987,14.753,14.166,11.279
2015-06-29 06:00:00+00:00,17.745,15.528,14.777,11.997
2015-06-29 07:00:00+00:00,19.975,16.523,15.704,12.992
2015-06-29 08:00:00+00:00,21.581,17.488,16.62,13.918
2015-06-29 09:00:00+00:00,22.764,18.254,17.288,14.72
2015-06-29 10:00:00+00:00,23.658,18.706,17.725,15.304
2015-06-29 11:00:00+00:00,24.312,18.844,17.864,15.663
2015-06-29 12:00:00+00:00,24.688,18.969,17.888,15.884
2015-06-29 13:00:00+00:00,24.82,18.958,17.911,15.933
2015-06-29 14:00:00+00:00,24.64,18.668,17.903,15.609
2015-06-29 15:00:00+00:00,24.257,18.325,17.801,15.193
2015-06-29 16:00:00+00:00,23.536,17.78,17.492,14.819
2015-06-29 17:00:00+00:00,22.405,17.108,16.888,14.235
2015-06-29 18:00:00+00:00,20.748,16.262,15.966,13.353
2015-06-29 19:00:00+00:00,19.137,15.246,14.883,12.468
2015-06-29 20:00:00+00:00,18.217,14.476,14.249,11.66
2015-06-29 21:00:00+00:00,17.434,14.037,13.916,11.102
2015-06-29 22:00:00+00:00,16.575,13.681,13.563,10.604
2015-06-29 23:00:00+00:00,15.779,13.292,13.262,10.221
2015-06-30 00:00:00+00:00,15.046,12.843,12.962,9.894
2015-06-30 01:00:00+00:00,14.448,12.495,12.675,9.677
2015-06-30 02:00:00+00:00,13.933,12.204,12.626,9.658
2015-06-30 03:00:00+00:00,13.697,12.664,13.092,9.992
2015-06-30 04:00:00+00:00,15.162,13.578,13.778,10.518
2015-06-30 05:00:00+00:00,17.038,14.428,14.64,11.278
2015-06-30 06:00:00+00:00,19.422,15.28,15.657,12.361
2015-06-30 07:00:00+00:00,21.539,16.079,16.579,13.55
2015-06-30 08:00:00+00:00,22.884,16.806,17.302,14.666
2015-06-30 09:00:00+00:00,24.011,17.499,17.795,15.567
2015-06-30 10:00:00+00:00,24.933,18.074,18.037,16.262
2015-06-30 11:00:00+00:00,25.646,18.449,18.312,16.77
2015-06-30 12:00:00+00:00,26.142,18.681,18.513,17.07
2015-06-30 13:00:00+00:00,26.398,18.837,18.529,17.168
2015-06-30 14:00:00+00:00,26.38,18.844,18.588,17.074
2015-06-30 15:00:00+00:00,26.146,18.692,18.434,16.745
2015-06-30 16:00:00+00:00,25.677,18.445,18.145,16.373
2015-06-30 17:00:00+00:00,24.738,17.997,17.87,16.205
2015-06-30 18:00:00+00:00,22.17,17.079,16.879,15.247
2015-06-30 19:00:00+00:00,19.373,15.529,15.856,13.906
2015-06-30 20:00:00+00:00,18.191,14.665,15.136,12.749
2015-06-30 21:00:00+00:00,17.348,14.211,14.498,12.1
2015-06-30 22:00:00+00:00,16.572,13.747,13.783,11.665
2015-06-30 23:00:00+00:00,15.907,13.327,13.15,11.428
2015-07-01 00:00:00+00:00,15.32,12.973,12.662,11.25
2015-07-01 01:00:00+00:00,14.784,12.706,12.304,11.035
2015-07-01 02:00:00+00:00,14.296,12.507,12.342,10.931
2015-07-01 03:00:00+00:00,14.224,12.935,13.425,11.71
2015-07-01 04:00:00+00:00,15.781,14.334,14.923,12.801
2015-07-01 05:00:00+00:00,17.685,15.476,16.646,14.045
2015-07-01 06:00:00+00:00,20.241,17.049,18.405,15.457
2015-07-01 07:00:00+00:00,22.957,18.37,19.565,16.753
2015-07-01 08:00:00+00:00,25.014,19.432,20.369,17.83
2015-07-01 09:00:00+00:00,26.471,20.282,21.131,18.712
2015-07-01 10:00:00+00:00,27.552,20.931,21.719,19.442
2015-07-01 11:00:00+00:00,28.359,21.37,22.071,19.954
2015-07-01 12:00:00+00:00,28.93,21.619,22.204,20.253
2015-07-01 13:00:00+00:00,29.232,21.688,22.17,20.356
2015-07-01 14:00:00+00:00,29.254,21.568,22.008,20.293
2015-07-01 15:00:00+00:00,28.985,21.282,21.981,20.038
2015-07-01 16:00:00+00:00,28.434,20.802,21.772,19.531
2015-07-01 17:00:00+00:00,27.188,20.032,21.117,18.785
2015-07-01 18:00:00+00:00,24.407,18.816,19.552,17.773
2015-07-01 19:00:00+00:00,21.849,17.227,18.035,16.426
2015-07-01 20:00:00+00:00,20.866,16.309,17.072,15.081
2015-07-01 21:00:00+00:00,20.123,15.861,16.46,14.26
2015-07-01 22:00:00+00:00,19.401,15.443,15.912,13.647
2015-07-01 23:00:00+00:00,18.738,15.08,15.415,13.173
2015-07-02 00:00:00+00:00,18.121,14.775,14.996,12.791
2015-07-02 01:00:00+00:00,17.577,14.544,14.687,12.457
2015-07-02 02:00:00+00:00,17.089,14.411,14.834,12.438
2015-07-02 03:00:00+00:00,16.932,15.068,15.816,13.327
2015-07-02 04:00:00+00:00,18.158,16.066,17.058,14.357
2015-07-02 05:00:00+00:00,19.995,17.243,18.595,15.593
2015-07-02 06:00:00+00:00,22.653,18.621,20.198,16.967
2015-07-02 07:00:00+00:00,25.623,19.744,21.349,18.154
2015-07-02 08:00:00+00:00,27.828,20.601,22.259,19.119
2015-07-02 09:00:00+00:00,29.352,21.251,22.988,19.932
2015-07-02 10:00:00+00:00,30.479,21.723,23.572,20.583
2015-07-02 11:00:00+00:00,31.309,21.987,23.965,21.036
2015-07-02 12:00:00+00:00,31.844,22.072,24.163,21.289
2015-07-02 13:00:00+00:00,32.093,22.026,24.167,21.341
2015-07-02 14:00:00+00:00,32.014,21.826,23.976,21.188
2015-07-02 15:00:00+00:00,31.696,21.425,23.605,20.92
2015-07-02 16:00:00+00:00,31.075,20.776,23.024,20.44
2015-07-02 17:00:00+00:00,29.658,19.869,22.027,19.671
2015-07-02 18:00:00+00:00,26.728,18.718,20.553,18.594
2015-07-02 19:00:00+00:00,24.267,17.454,18.929,17.107
2015-07-02 20:00:00+00:00,23.147,16.533,17.913,15.817
2015-07-02 21:00:00+00:00,22.212,16.072,17.332,15.176
2015-07-02 22:00:00+00:00,21.302,15.763,16.861,14.724
2015-07-02 23:00:00+00:00,20.484,15.549,16.47,14.348
2015-07-03 00:00:00+00:00,19.81,15.391,16.123,13.965
2015-07-03 01:00:00+00:00,19.196,15.269,15.856,13.597
2015-07-03 02:00:00+00:00,18.683,15.181,15.791,13.468
2015-07-03 03:00:00+00:00,18.499,15.73,16.395,14.052
2015-07-03 04:00:00+00:00,19.527,16.716,17.42,14.839
2015-07-03 05:00:00+00:00,21.064,17.764,18.711,15.743
2015-07-03 06:00:00+00:00,23.203,19.098,19.953,16.647
2015-07-03 07:00:00+00:00,25.561,20.41,21.057,17.501
2015-07-03 08:00:00+00:00,27.624,21.437,21.98,18.278
2015-07-03 09:00:00+00:00,29.149,22.232,22.745,18.795
2015-07-03 10:00:00+00:00,30.275,22.799,23.365,19.15
2015-07-03 11:00:00+00:00,31.091,23.09,23.817,19.302
2015-07-03 12:00:00+00:00,31.649,23.2,24.099,19.325
2015-07-03 13:00:00+00:00,31.93,23.258,24.19,19.248
2015-07-03 14:00:00+00:00,31.897,23.362,24.086,18.912
2015-07-03 15:00:00+00:00,31.629,23.479,23.719,18.38
2015-07-03 16:00:00+00:00,31.045,23.391,23.055,17.849
2015-07-03 17:00:00+00:00,29.771,23.05,22.101,17.323
2015-07-03 18:00:00+00:00,27.339,21.966,20.794,16.67
2015-07-03 19:00:00+00:00,25.096,20.311,19.386,15.703
2015-07-03 20:00:00+00:00,23.807,19.174,18.559,14.596
2015-07-03 21:00:00+00:00,22.897,18.452,18.199,13.93
2015-07-03 22:00:00+00:00,22.156,17.835,17.923,13.371
2015-07-03 23:00:00+00:00,21.493,17.406,17.704,12.985
2015-07-04 00:00:00+00:00,20.916,17.143,17.541,12.688
2015-07-04 01:00:00+00:00,20.436,16.914,17.341,12.457
2015-07-04 02:00:00+00:00,20.038,16.637,17.3,12.333
2015-07-04 03:00:00+00:00,19.974,16.695,17.758,12.879
2015-07-04 04:00:00+00:00,21.399,17.542,18.524,13.737
2015-07-04 05:00:00+00:00,23.06,18.206,19.412,14.742
2015-07-04 06:00:00+00:00,25.076,19.317,20.522,16.071
2015-07-04 07:00:00+00:00,27.779,21.043,21.651,17.366
2015-07-04 08:00:00+00:00,29.98,22.745,22.574,18.407
2015-07-04 09:00:00+00:00,31.609,23.669,23.218,19.249
2015-07-04 10:00:00+00:00,32.792,24.215,23.643,19.833
2015-07-04 11:00:00+00:00,33.606,24.676,23.957,20.084
2015-07-04 12:00:00+00:00,34.086,25.059,24.17,20.147
2015-07-04 13:00:00+00:00,34.29,25.278,24.217,20.047
2015-07-04 14:00:00+00:00,34.162,25.287,24.116,19.713
2015-07-04 15:00:00+00:00,33.764,25.003,23.774,19.27
2015-07-04 16:00:00+00:00,32.947,24.61,23.457,18.617
2015-07-04 17:00:00+00:00,31.18,23.891,22.572,17.839
2015-07-04 18:00:00+00:00,28.474,22.493,20.955,16.803
2015-07-04 19:00:00+00:00,26.259,21.111,19.506,15.668
2015-07-04 20:00:00+00:00,24.927,20.215,18.492,14.596
2015-07-04 21:00:00+00:00,23.865,19.761,17.917,13.956
2015-07-04 22:00:00+00:00,23.092,19.406,17.609,13.622
2015-07-04 23:00:00+00:00,22.406,18.974,17.357,13.495
2015-07-05 00:00:00+00:00,21.749,18.643,17.094,13.437
2015-07-05 01:00:00+00:00,21.137,18.413,16.83,13.403
2015-07-05 02:00:00+00:00,20.623,18.267,16.711,13.483
2015-07-05 03:00:00+00:00,20.325,18.371,16.983,13.849
2015-07-05 04:00:00+00:00,21.203,18.732,17.585,14.755
2015-07-05 05:00:00+00:00,22.508,19.083,18.463,15.813
2015-07-05 06:00:00+00:00,24.529,19.692,19.678,17.028
2015-07-05 07:00:00+00:00,27.223,20.672,20.952,18.092
2015-07-05 08:00:00+00:00,29.443,22.001,21.887,19.013
2015-07-05 09:00:00+00:00,30.872,23.464,22.802,19.762
2015-07-05 10:00:00+00:00,31.912,24.554,23.599,20.299
2015-07-05 11:00:00+00:00,32.637,25.171,24.106,20.526
2015-07-05 12:00:00+00:00,33.032,25.565,24.318,20.441
2015-07-05 13:00:00+00:00,33.286,25.728,24.413,20.367
2015-07-05 14:00:00+00:00,33.37,25.61,24.278,20.311
2015-07-05 15:00:00+00:00,32.903,25.141,24.08,20.251
2015-07-05 16:00:00+00:00,31.95,24.19,23.252,19.876
2015-07-05 17:00:00+00:00,30.05,22.872,21.814,19.196
2015-07-05 18:00:00+00:00,27.132,21.504,20.086,18.022
2015-07-05 19:00:00+00:00,24.714,20.391,18.616,16.549
2015-07-05 20:00:00+00:00,23.179,19.687,17.733,15.583
2015-07-05 21:00:00+00:00,21.99,19.247,17.138,15.082
2015-07-05 22:00:00+00:00,20.995,18.954,16.736,14.649
2015-07-05 23:00:00+00:00,20.029,18.646,16.419,14.44
2015-07-06 00:00:00+00:00,19.124,18.262,16.197,14.354
2015-07-06 01:00:00+00:00,18.298,17.685,16.084,14.249
2015-07-06 02:00:00+00:00,17.483,16.944,16.148,14.263
2015-07-06 03:00:00+00:00,16.814,16.261,16.349,14.45
2015-07-06 04:00:00+00:00,16.883,15.856,16.548,14.664
2015-07-06 05:00:00+00:00,17.543,15.993,16.638,14.886
2015-07-06 06:00:00+00:00,18.848,16.584,16.743,15.14
2015-07-06 07:00:00+00:00,20.362,17.222,16.994,15.315
2015-07-06 08:00:00+00:00,21.754,17.667,17.386,15.416
2015-07-06 09:00:00+00:00,23.013,17.928,17.631,15.551
2015-07-06 10:00:00+00:00,24.077,18.119,17.75,15.805
2015-07-06 11:00:00+00:00,24.911,18.155,17.776,15.99
2015-07-06 12:00:00+00:00,25.489,18.178,17.787,15.92
2015-07-06 13:00:00+00:00,25.788,18.071,17.726,15.564
2015-07-06 14:00:00+00:00,25.825,17.871,17.639,14.986
2015-07-06 15:00:00+00:00,25.607,17.641,17.495,14.468
2015-07-06 16:00:00+00:00,25.101,17.322,17.207,14.007
2015-07-06 17:00:00+00:00,24.281,16.839,16.641,13.483
2015-07-06 18:00:00+00:00,22.412,16.165,15.898,12.892
2015-07-06 19:00:00+00:00,20.421,15.497,15.121,12.276
2015-07-06 20:00:00+00:00,19.326,15.033,14.63,11.692
2015-07-06 21:00:00+00:00,18.4,14.681,14.316,11.229
2015-07-06 22:00:00+00:00,17.582,14.353,13.992,10.854
2015-07-06 23:00:00+00:00,16.871,14.117,13.734,10.549
2015-07-07 00:00:00+00:00,16.26,13.919,13.537,10.357
2015-07-07 01:00:00+00:00,15.744,13.702,13.397,10.204
2015-07-07 02:00:00+00:00,15.342,13.556,13.345,10.091
2015-07-07 03:00:00+00:00,15.374,13.846,13.561,10.225
2015-07-07 04:00:00+00:00,17.381,14.55,13.978,10.663
2015-07-07 05:00:00+00:00,19.355,15.416,14.628,11.293
2015-07-07 06:00:00+00:00,21.749,16.356,15.358,11.977
2015-07-07 07:00:00+00:00,24.632,17.308,16.025,12.7
2015-07-07 08:00:00+00:00,26.54,18.228,16.719,13.491
2015-07-07 09:00:00+00:00,27.875,19.078,17.407,14.283
2015-07-07 10:00:00+00:00,28.923,19.828,18.009,14.903
2015-07-07 11:00:00+00:00,29.736,20.441,18.441,15.268
2015-07-07 12:00:00+00:00,30.337,20.856,18.592,15.428
2015-07-07 13:00:00+00:00,30.615,20.981,18.657,15.504
2015-07-07 14:00:00+00:00,30.381,20.645,18.542,15.315
2015-07-07 15:00:00+00:00,29.49,20.078,18.379,14.85
2015-07-07 16:00:00+00:00,28.193,19.567,18.055,14.217
2015-07-07 17:00:00+00:00,26.48,19.012,17.486,13.526
2015-07-07 18:00:00+00:00,24.423,18.244,16.682,12.82
2015-07-07 19:00:00+00:00,22.66,17.419,15.83,12.208
2015-07-07 20:00:00+00:00,21.417,16.957,15.209,11.743
2015-07-07 21:00:00+00:00,20.333,16.637,14.832,11.393
2015-07-07 22:00:00+00:00,19.414,16.349,14.477,11.174
2015-07-07 23:00:00+00:00,18.496,16.055,14.189,10.975
2015-07-08 00:00:00+00:00,17.631,15.723,13.965,10.8
2015-07-08 01:00:00+00:00,16.855,15.421,13.855,10.627
2015-07-08 02:00:00+00:00,16.14,15.267,13.843,10.525
2015-07-08 03:00:00+00:00,15.557,15.391,14.126,10.63
2015-07-08 04:00:00+00:00,15.572,15.591,14.519,10.969
2015-07-08 05:00:00+00:00,16.077,15.913,14.969,11.53
2015-07-08 06:00:00+00:00,16.947,16.323,15.475,11.88
2015-07-08 07:00:00+00:00,17.953,16.819,16.05,12.416
2015-07-08 08:00:00+00:00,18.958,17.229,16.425,12.839
2015-07-08 09:00:00+00:00,19.755,17.384,16.639,13.216
2015-07-08 10:00:00+00:00,20.311,17.42,16.86,13.268
2015-07-08 11:00:00+00:00,20.657,17.326,17.109,13.185
2015-07-08 12:00:00+00:00,20.836,17.163,17.181,13.152
2015-07-08 13:00:00+00:00,20.877,17.015,17.002,12.99
2015-07-08 14:00:00+00:00,20.704,16.779,16.64,12.704
2015-07-08 15:00:00+00:00,20.277,16.445,16.216,12.368
2015-07-08 16:00:00+00:00,19.601,16.15,15.789,11.984
2015-07-08 17:00:00+00:00,18.665,15.75,15.34,11.506
2015-07-08 18:00:00+00:00,17.412,15.158,14.786,10.926
2015-07-08 19:00:00+00:00,16.004,14.446,14.097,10.312
2015-07-08 20:00:00+00:00,15.207,13.838,13.514,9.735
2015-07-08 21:00:00+00:00,14.684,13.34,13.176,9.339
2015-07-08 22:00:00+00:00,14.265,12.825,12.899,9.068
2015-07-08 23:00:00+00:00,13.857,12.364,12.571,8.847
2015-07-09 00:00:00+00:00,13.426,12.006,12.284,8.669
2015-07-09 01:00:00+00:00,12.933,11.701,12.073,8.52
2015-07-09 02:00:00+00:00,12.415,11.413,12.049,8.387
2015-07-09 03:00:00+00:00,11.989,11.287,12.345,8.388
2015-07-09 04:00:00+00:00,12.228,11.487,12.641,8.585
2015-07-09 05:00:00+00:00,12.937,11.903,13.138,8.966
2015-07-09 06:00:00+00:00,13.948,12.397,13.658,9.5
2015-07-09 07:00:00+00:00,15.104,12.866,14.135,10.158
2015-07-09 08:00:00+00:00,16.212,13.317,14.555,10.87
2015-07-09 09:00:00+00:00,17.075,13.613,14.853,11.573
2015-07-09 10:00:00+00:00,17.711,13.805,15.045,12.28
2015-07-09 11:00:00+00:00,18.205,14.023,15.158,12.934
2015-07-09 12:00:00+00:00,18.521,14.191,15.003,13.38
2015-07-09 13:00:00+00:00,18.639,14.343,14.771,13.525
2015-07-09 14:00:00+00:00,18.51,14.455,14.506,13.441
2015-07-09 15:00:00+00:00,18.156,14.312,14.277,13.143
2015-07-09 16:00:00+00:00,17.531,13.992,13.991,12.637
2015-07-09 17:00:00+00:00,16.598,13.529,13.627,11.943
2015-07-09 18:00:00+00:00,15.184,12.909,13.128,11.022
2015-07-09 19:00:00+00:00,13.248,12.15,12.513,9.949
2015-07-09 20:00:00+00:00,12.137,11.588,12.088,9.127
2015-07-09 21:00:00+00:00,11.312,11.329,11.824,8.792
2015-07-09 22:00:00+00:00,10.666,11.167,11.599,8.478
2015-07-09 23:00:00+00:00,10.139,10.999,11.345,8.198
2015-07-10 00:00:00+00:00,9.709,10.87,11.056,8.017
2015-07-10 01:00:00+00:00,9.336,10.798,10.782,7.807
2015-07-10 02:00:00+00:00,8.993,10.775,10.595,7.659
2015-07-10 03:00:00+00:00,8.819,10.868,10.538,7.834
2015-07-10 04:00:00+00:00,9.944,11.28,10.732,8.346
2015-07-10 05:00:00+00:00,11.728,11.937,11.228,9.081
2015-07-10 06:00:00+00:00,13.763,12.717,11.895,9.893
2015-07-10 07:00:00+00:00,15.402,13.508,12.59,10.765
2015-07-10 08:00:00+00:00,16.855,14.233,13.218,11.663
2015-07-10 09:00:00+00:00,18.177,14.852,13.794,12.518
2015-07-10 10:00:00+00:00,19.323,15.335,14.328,13.275
2015-07-10 11:00:00+00:00,20.319,15.691,14.836,13.865
2015-07-10 12:00:00+00:00,21.059,15.858,15.264,14.263
2015-07-10 13:00:00+00:00,21.515,15.848,15.536,14.518
2015-07-10 14:00:00+00:00,21.663,15.667,15.724,14.571
2015-07-10 15:00:00+00:00,21.538,15.344,15.774,14.415
2015-07-10 16:00:00+00:00,21.1,14.86,15.565,14.079
2015-07-10 17:00:00+00:00,20.265,14.213,15.074,13.522
2015-07-10 18:00:00+00:00,18.167,13.394,14.274,12.553
2015-07-10 19:00:00+00:00,15.592,12.325,13.293,11.202
2015-07-10 20:00:00+00:00,14.502,11.441,12.635,10.023
2015-07-10 21:00:00+00:00,13.72,10.989,12.275,9.508
2015-07-10 22:00:00+00:00,13.037,10.61,12.026,9.154
2015-07-10 23:00:00+00:00,12.412,10.297,11.804,8.919
2015-07-11 00:00:00+00:00,11.853,10.07,11.573,8.659
2015-07-11 01:00:00+00:00,11.345,9.904,11.359,8.42
2015-07-11 02:00:00+00:00,10.96,9.771,11.229,8.292
2015-07-11 03:00:00+00:00,10.933,10.372,11.661,8.693
2015-07-11 04:00:00+00:00,12.533,11.797,12.409,9.488
2015-07-11 05:00:00+00:00,14.446,12.847,13.298,10.408
2015-07-11 06:00:00+00:00,16.853,13.863,14.45,11.444
2015-07-11 07:00:00+00:00,19.551,14.734,15.683,12.462
2015-07-11 08:00:00+00:00,21.706,15.494,16.765,13.339
2015-07-11 09:00:00+00:00,23.376,16.086,17.642,14.075
2015-07-11 10:00:00+00:00,24.615,16.438,18.295,14.718
2015-07-11 11:00:00+00:00,25.524,16.644,18.774,15.255
2015-07-11 12:00:00+00:00,26.118,16.746,19.033,15.546
2015-07-11 13:00:00+00:00,26.422,16.826,19.018,15.651
2015-07-11 14:00:00+00:00,26.475,16.864,18.843,15.576
2015-07-11 15:00:00+00:00,26.269,16.795,18.492,15.414
2015-07-11 16:00:00+00:00,25.705,16.64,18.138,15.181
2015-07-11 17:00:00+00:00,24.543,16.347,17.487,14.762
2015-07-11 18:00:00+00:00,21.982,15.74,16.342,14.046
2015-07-11 19:00:00+00:00,19.574,14.923,15.329,13.102
2015-07-11 20:00:00+00:00,18.54,14.344,14.769,12.314
2015-07-11 21:00:00+00:00,17.694,13.963,14.395,11.889
2015-07-11 22:00:00+00:00,16.857,13.581,14.018,11.612
2015-07-11 23:00:00+00:00,16.127,13.305,13.615,11.381
2015-07-12 00:00:00+00:00,15.533,13.212,13.247,11.25
2015-07-12 01:00:00+00:00,15.017,12.999,12.937,11.154
2015-07-12 02:00:00+00:00,14.518,12.741,12.739,11.11
2015-07-12 03:00:00+00:00,14.254,12.877,13.172,11.478
2015-07-12 04:00:00+00:00,15.405,13.901,13.969,12.341
2015-07-12 05:00:00+00:00,16.861,14.744,15.017,13.398
2015-07-12 06:00:00+00:00,18.824,15.748,16.081,14.364
2015-07-12 07:00:00+00:00,20.563,16.539,16.924,15.238
2015-07-12 08:00:00+00:00,21.707,16.997,17.611,15.935
2015-07-12 09:00:00+00:00,22.531,17.312,18.222,16.455
2015-07-12 10:00:00+00:00,22.971,17.566,18.501,16.804
2015-07-12 11:00:00+00:00,23.016,17.895,18.53,17.116
2015-07-12 12:00:00+00:00,22.778,18.207,18.414,17.181
2015-07-12 13:00:00+00:00,22.343,18.357,18.081,16.902
2015-07-12 14:00:00+00:00,21.651,18.32,17.705,16.564
2015-07-12 15:00:00+00:00,20.757,18.137,17.266,16.298
2015-07-12 16:00:00+00:00,19.777,17.743,16.823,15.896
2015-07-12 17:00:00+00:00,18.673,17.173,16.187,15.288
2015-07-12 18:00:00+00:00,17.526,16.397,15.27,14.543
2015-07-12 19:00:00+00:00,16.43,15.363,14.087,13.629
2015-07-12 20:00:00+00:00,15.808,14.693,13.408,12.71
2015-07-12 21:00:00+00:00,15.409,14.368,13.024,12.166
2015-07-12 22:00:00+00:00,15.035,14.025,12.731,11.73
2015-07-12 23:00:00+00:00,14.699,13.68,12.502,11.425
2015-07-13 00:00:00+00:00,14.451,13.423,12.299,11.157
2015-07-13 01:00:00+00:00,14.23,13.2,12.08,10.952
2015-07-13 02:00:00+00:00,14.033,13.027,12.05,10.843
2015-07-13 03:00:00+00:00,13.927,13.258,12.667,11.299
2015-07-13 04:00:00+00:00,14.503,14.207,13.422,12.215
2015-07-13 05:00:00+00:00,15.347,14.813,14.249,13.339
2015-07-13 06:00:00+00:00,16.418,15.459,15.107,14.251
2015-07-13 07:00:00+00:00,17.472,16.224,15.93,15.021
2015-07-13 08:00:00+00:00,18.412,16.953,16.693,15.619
2015-07-13 09:00:00+00:00,19.151,17.485,17.219,16.223
2015-07-13 10:00:00+00:00,19.653,17.836,17.539,16.504
2015-07-13 11:00:00+00:00,19.929,17.975,17.662,16.431
2015-07-13 12:00:00+00:00,20.052,17.898,17.749,16.344
2015-07-13 13:00:00+00:00,20.087,17.762,17.66,16.093
2015-07-13 14:00:00+00:00,19.983,17.659,17.388,15.775
2015-07-13 15:00:00+00:00,19.71,17.431,17.1,15.456
2015-07-13 16:00:00+00:00,19.291,16.954,16.774,15.055
2015-07-13 17:00:00+00:00,18.668,16.411,16.143,14.476
2015-07-13 18:00:00+00:00,17.663,15.652,15.176,13.699
2015-07-13 19:00:00+00:00,16.544,14.531,14.247,12.64
2015-07-13 20:00:00+00:00,16.066,13.833,13.695,11.786
2015-07-13 21:00:00+00:00,15.774,13.492,13.362,11.454
2015-07-13 22:00:00+00:00,15.507,13.124,13.032,11.203
2015-07-13 23:00:00+00:00,15.289,12.661,12.635,10.98
2015-07-14 00:00:00+00:00,15.112,12.234,12.283,10.775
2015-07-14 01:00:00+00:00,14.956,11.86,12.013,10.588
2015-07-14 02:00:00+00:00,14.838,11.613,11.991,10.471
2015-07-14 03:00:00+00:00,14.828,11.998,12.719,10.723
2015-07-14 04:00:00+00:00,15.509,13.537,13.859,11.443
2015-07-14 05:00:00+00:00,16.451,14.546,14.991,12.404
2015-07-14 06:00:00+00:00,17.592,15.47,15.871,13.144
2015-07-14 07:00:00+00:00,18.752,16.372,16.729,13.843
2015-07-14 08:00:00+00:00,19.919,17.092,17.483,14.622
2015-07-14 09:00:00+00:00,20.977,17.668,18.143,15.346
2015-07-14 10:00:00+00:00,21.937,18.14,18.679,15.62
2015-07-14 11:00:00+00:00,22.739,18.483,19.048,15.868
2015-07-14 12:00:00+00:00,23.23,18.664,19.234,16.125
2015-07-14 13:00:00+00:00,23.302,18.671,19.27,16.062
2015-07-14 14:00:00+00:00,23.165,18.508,19.039,15.914
2015-07-14 15:00:00+00:00,22.788,18.166,18.622,15.668
2015-07-14 16:00:00+00:00,22.135,17.64,18.188,15.235
2015-07-14 17:00:00+00:00,21.21,16.903,17.396,14.931
2015-07-14 18:00:00+00:00,19.742,15.867,16.093,13.948
2015-07-14 19:00:00+00:00,18.062,14.642,14.814,13.058
2015-07-14 20:00:00+00:00,17.169,13.864,13.986,12.354
2015-07-14 21:00:00+00:00,16.45,13.366,13.452,11.849
2015-07-14 22:00:00+00:00,15.78,12.88,13.006,11.477
2015-07-14 23:00:00+00:00,15.16,12.483,12.592,11.169
2015-07-15 00:00:00+00:00,14.654,12.196,12.235,10.875
2015-07-15 01:00:00+00:00,14.235,12.022,11.986,10.639
2015-07-15 02:00:00+00:00,13.903,11.919,12.002,10.473
2015-07-15 03:00:00+00:00,13.742,12.166,12.912,10.695
2015-07-15 04:00:00+00:00,14.869,12.876,13.891,11.251
2015-07-15 05:00:00+00:00,16.374,13.691,15.05,11.995
2015-07-15 06:00:00+00:00,18.013,14.508,16.188,13.015
2015-07-15 07:00:00+00:00,19.614,15.23,17.158,13.673
2015-07-15 08:00:00+00:00,21.171,15.788,17.836,14.374
2015-07-15 09:00:00+00:00,22.539,16.303,18.306,14.974
2015-07-15 10:00:00+00:00,23.686,16.808,18.52,15.173
2015-07-15 11:00:00+00:00,24.591,17.213,18.699,15.076
2015-07-15 12:00:00+00:00,25.181,17.456,18.765,15.069
2015-07-15 13:00:00+00:00,25.452,17.547,18.65,15.083
2015-07-15 14:00:00+00:00,25.395,17.467,18.363,14.915
2015-07-15 15:00:00+00:00,25.099,17.22,17.965,14.676
2015-07-15 16:00:00+00:00,24.532,16.816,17.422,14.541
2015-07-15 17:00:00+00:00,23.662,16.206,16.677,13.713
2015-07-15 18:00:00+00:00,21.936,15.175,15.654,12.848
2015-07-15 19:00:00+00:00,20.126,13.9,14.655,11.902
2015-07-15 20:00:00+00:00,19.108,13.196,14.003,11.035
2015-07-15 21:00:00+00:00,18.33,12.855,13.526,10.572
2015-07-15 22:00:00+00:00,17.674,12.582,13.086,10.231
2015-07-15 23:00:00+00:00,17.116,12.283,12.722,9.789
2015-07-16 00:00:00+00:00,16.633,12.03,12.418,9.373
2015-07-16 01:00:00+00:00,16.245,11.85,12.175,8.966
2015-07-16 02:00:00+00:00,15.876,11.689,12.095,8.606
2015-07-16 03:00:00+00:00,15.608,11.944,12.818,8.652
2015-07-16 04:00:00+00:00,16.629,12.875,13.695,9.133
2015-07-16 05:00:00+00:00,17.972,13.704,14.646,9.892
2015-07-16 06:00:00+00:00,19.923,14.525,15.628,10.817
2015-07-16 07:00:00+00:00,21.914,15.332,16.502,11.682
2015-07-16 08:00:00+00:00,23.572,16.117,17.201,12.417
2015-07-16 09:00:00+00:00,24.889,16.881,17.721,12.988
2015-07-16 10:00:00+00:00,25.91,17.513,18.059,13.48
2015-07-16 11:00:00+00:00,26.708,17.954,18.111,13.792
2015-07-16 12:00:00+00:00,27.281,18.208,18.032,14.01
2015-07-16 13:00:00+00:00,27.624,18.287,17.833,14.021
2015-07-16 14:00:00+00:00,27.668,18.182,17.539,13.854
2015-07-16 15:00:00+00:00,27.488,17.877,17.142,13.528
2015-07-16 16:00:00+00:00,27.111,17.377,16.641,13.028
2015-07-16 17:00:00+00:00,26.197,16.641,15.921,12.332
2015-07-16 18:00:00+00:00,23.889,15.396,14.962,11.41
2015-07-16 19:00:00+00:00,21.508,13.673,13.83,10.165
2015-07-16 20:00:00+00:00,20.372,12.735,13.201,8.989
2015-07-16 21:00:00+00:00,19.555,12.128,12.712,8.357
2015-07-16 22:00:00+00:00,18.96,11.54,12.24,7.995
2015-07-16 23:00:00+00:00,18.466,11.043,11.818,7.725
2015-07-17 00:00:00+00:00,17.992,10.656,11.369,7.449
2015-07-17 01:00:00+00:00,17.614,10.403,10.983,7.129
2015-07-17 02:00:00+00:00,17.353,10.293,10.684,6.884
2015-07-17 03:00:00+00:00,17.32,10.701,10.862,7.382
2015-07-17 04:00:00+00:00,18.465,12.314,11.573,8.376
2015-07-17 05:00:00+00:00,20.147,13.559,12.426,9.582
2015-07-17 06:00:00+00:00,22.203,14.791,13.495,10.773
2015-07-17 07:00:00+00:00,24.888,16.294,14.652,11.973
2015-07-17 08:00:00+00:00,27.081,17.664,15.715,13.078
2015-07-17 09:00:00+00:00,28.714,18.383,16.589,13.987
2015-07-17 10:00:00+00:00,29.897,18.761,17.28,14.762
2015-07-17 11:00:00+00:00,30.665,18.969,17.846,15.372
2015-07-17 12:00:00+00:00,31.089,18.974,18.193,15.706
2015-07-17 13:00:00+00:00,31.258,18.906,18.466,15.734
2015-07-17 14:00:00+00:00,31.124,18.725,18.48,15.582
2015-07-17 15:00:00+00:00,30.676,18.413,18.22,15.332
2015-07-17 16:00:00+00:00,29.772,18.001,17.646,14.764
2015-07-17 17:00:00+00:00,28.094,17.489,16.875,13.842
2015-07-17 18:00:00+00:00,25.482,16.908,15.618,12.877
2015-07-17 19:00:00+00:00,23.183,16.426,14.596,12.048
2015-07-17 20:00:00+00:00,22.105,16.17,14.018,11.431
2015-07-17 21:00:00+00:00,21.284,16.094,13.672,11.092
2015-07-17 22:00:00+00:00,20.603,16.036,13.507,11.02
2015-07-17 23:00:00+00:00,19.975,15.878,13.328,10.881
2015-07-18 00:00:00+00:00,19.371,15.815,13.142,10.758
2015-07-18 01:00:00+00:00,18.826,15.777,13.094,10.773
2015-07-18 02:00:00+00:00,18.296,15.615,13.189,10.904
2015-07-18 03:00:00+00:00,17.905,15.668,13.505,11.127
2015-07-18 04:00:00+00:00,18.566,16.215,13.955,11.425
2015-07-18 05:00:00+00:00,19.759,16.839,14.46,11.823
2015-07-18 06:00:00+00:00,21.347,17.5,15.014,12.382
2015-07-18 07:00:00+00:00,22.836,18.109,15.731,13.018
2015-07-18 08:00:00+00:00,23.955,18.551,16.468,13.694
2015-07-18 09:00:00+00:00,24.775,18.865,17.232,14.316
2015-07-18 10:00:00+00:00,25.388,19.186,17.825,14.463
2015-07-18 11:00:00+00:00,25.702,19.302,18.443,14.331
2015-07-18 12:00:00+00:00,25.713,19.202,18.781,14.467
2015-07-18 13:00:00+00:00,25.634,18.931,18.897,14.5
2015-07-18 14:00:00+00:00,25.455,18.507,18.752,14.226
2015-07-18 15:00:00+00:00,25.103,17.943,18.321,13.627
2015-07-18 16:00:00+00:00,24.507,17.232,17.632,12.86
2015-07-18 17:00:00+00:00,23.549,16.395,16.688,12.173
2015-07-18 18:00:00+00:00,21.831,15.423,15.544,11.605
2015-07-18 19:00:00+00:00,20.064,14.415,14.45,11.116
2015-07-18 20:00:00+00:00,19.18,13.794,13.645,10.698
2015-07-18 21:00:00+00:00,18.447,13.36,13.101,10.454
2015-07-18 22:00:00+00:00,17.796,13.02,12.732,10.262
2015-07-18 23:00:00+00:00,17.289,12.791,12.425,10.151
2015-07-19 00:00:00+00:00,16.827,12.633,12.185,10.058
2015-07-19 01:00:00+00:00,16.484,12.31,11.975,9.936
2015-07-19 02:00:00+00:00,16.261,12.066,11.873,9.907
2015-07-19 03:00:00+00:00,16.164,12.401,12.188,10.106
2015-07-19 04:00:00+00:00,16.701,13.675,12.903,10.567
2015-07-19 05:00:00+00:00,17.572,14.712,13.763,11.309
2015-07-19 06:00:00+00:00,18.792,15.685,14.709,12.309
2015-07-19 07:00:00+00:00,20.231,16.356,15.623,13.322
2015-07-19 08:00:00+00:00,21.479,16.661,16.357,14.204
2015-07-19 09:00:00+00:00,22.362,17.007,16.917,14.903
2015-07-19 10:00:00+00:00,23.018,17.295,17.326,15.397
2015-07-19 11:00:00+00:00,23.534,17.191,17.606,15.675
2015-07-19 12:00:00+00:00,23.881,16.699,17.669,15.716
2015-07-19 13:00:00+00:00,23.977,16.1,17.596,15.559
2015-07-19 14:00:00+00:00,23.734,15.435,17.331,15.263
2015-07-19 15:00:00+00:00,23.197,14.922,16.864,14.755
2015-07-19 16:00:00+00:00,22.332,14.654,16.304,14.132
2015-07-19 17:00:00+00:00,21.215,14.435,15.619,13.35
2015-07-19 18:00:00+00:00,19.863,13.92,14.656,12.593
2015-07-19 19:00:00+00:00,18.337,13.147,13.679,11.895
2015-07-19 20:00:00+00:00,17.44,12.947,13.312,11.293
2015-07-19 21:00:00+00:00,16.753,12.709,13.027,10.954
2015-07-19 22:00:00+00:00,16.209,12.399,12.709,10.64
2015-07-19 23:00:00+00:00,15.741,12.083,12.479,10.396
2015-07-20 00:00:00+00:00,15.191,11.755,12.234,10.197
2015-07-20 01:00:00+00:00,14.672,11.525,12.029,9.997
2015-07-20 02:00:00+00:00,14.243,11.423,11.982,9.855
2015-07-20 03:00:00+00:00,14.016,11.688,12.314,9.986
2015-07-20 04:00:00+00:00,15.247,12.662,12.823,10.443
2015-07-20 05:00:00+00:00,16.923,13.338,13.308,11.121
2015-07-20 06:00:00+00:00,18.647,14.039,13.894,12.316
2015-07-20 07:00:00+00:00,20.12,14.894,14.63,13.708
2015-07-20 08:00:00+00:00,21.421,15.782,15.427,14.525
2015-07-20 09:00:00+00:00,22.454,16.565,16.081,15.504
2015-07-20 10:00:00+00:00,23.367,17.177,16.617,16.22
2015-07-20 11:00:00+00:00,24.158,17.62,17.05,16.145
2015-07-20 12:00:00+00:00,24.838,17.905,17.396,16.131
2015-07-20 13:00:00+00:00,25.278,18.014,17.663,16.097
2015-07-20 14:00:00+00:00,25.386,17.954,17.7,15.816
2015-07-20 15:00:00+00:00,25.23,17.744,17.569,15.495
2015-07-20 16:00:00+00:00,24.823,17.342,17.24,15.041
2015-07-20 17:00:00+00:00,24.12,16.701,16.612,14.459
2015-07-20 18:00:00+00:00,22.515,15.71,15.472,13.529
2015-07-20 19:00:00+00:00,20.786,14.653,14.348,12.234
2015-07-20 20:00:00+00:00,20.018,14.173,13.711,11.282
2015-07-20 21:00:00+00:00,19.483,13.851,13.135,10.859
2015-07-20 22:00:00+00:00,19.058,13.537,12.634,10.458
2015-07-20 23:00:00+00:00,18.712,13.355,12.227,10.208
2015-07-21 00:00:00+00:00,18.415,13.515,11.917,10.193
2015-07-21 01:00:00+00:00,18.229,13.832,11.708,10.208
2015-07-21 02:00:00+00:00,18.095,14.271,11.786,10.237
2015-07-21 03:00:00+00:00,18.048,14.743,12.664,10.401
2015-07-21 04:00:00+00:00,19.076,15.417,13.377,10.613
2015-07-21 05:00:00+00:00,20.554,16.265,14.162,10.838
2015-07-21 06:00:00+00:00,22.204,17.194,14.983,10.987
2015-07-21 07:00:00+00:00,23.611,18.164,15.639,11.156
2015-07-21 08:00:00+00:00,24.938,19.102,16.067,11.588
2015-07-21 09:00:00+00:00,26.069,19.755,16.465,12.089
2015-07-21 10:00:00+00:00,26.913,20.023,16.863,12.511
2015-07-21 11:00:00+00:00,27.529,20.07,17.213,12.821
2015-07-21 12:00:00+00:00,27.884,20.003,17.501,13.115
2015-07-21 13:00:00+00:00,28.044,19.816,17.687,13.341
2015-07-21 14:00:00+00:00,27.914,19.488,17.411,13.574
2015-07-21 15:00:00+00:00,27.63,19.035,16.99,13.697
2015-07-21 16:00:00+00:00,27.123,18.432,16.434,13.673
2015-07-21 17:00:00+00:00,26.198,17.748,15.816,13.461
2015-07-21 18:00:00+00:00,24.074,16.883,15.116,12.947
2015-07-21 19:00:00+00:00,22.13,15.79,14.356,12.05
2015-07-21 20:00:00+00:00,21.421,15.035,13.82,11.324
2015-07-21 21:00:00+00:00,20.81,14.614,13.466,10.99
2015-07-21 22:00:00+00:00,20.202,14.338,13.138,10.674
2015-07-21 23:00:00+00:00,19.563,14.171,12.831,10.47
2015-07-22 00:00:00+00:00,18.954,14.068,12.574,10.375
2015-07-22 01:00:00+00:00,18.506,14.063,12.393,10.343
2015-07-22 02:00:00+00:00,18.154,14.068,12.358,10.332
2015-07-22 03:00:00+00:00,17.905,14.452,12.782,10.623
2015-07-22 04:00:00+00:00,18.912,15.394,13.555,11.09
2015-07-22 05:00:00+00:00,20.398,16.375,14.455,11.835
2015-07-22 06:00:00+00:00,22.595,17.461,15.423,12.941
2015-07-22 07:00:00+00:00,24.807,18.446,16.376,14.059
2015-07-22 08:00:00+00:00,26.184,19.193,17.342,14.953
2015-07-22 09:00:00+00:00,27.168,19.808,18.13,15.564
2015-07-22 10:00:00+00:00,28.038,20.322,18.585,15.953
2015-07-22 11:00:00+00:00,28.683,20.594,18.849,16.091
2015-07-22 12:00:00+00:00,29.069,20.668,18.989,15.968
2015-07-22 13:00:00+00:00,29.037,20.533,18.902,15.999
2015-07-22 14:00:00+00:00,28.572,20.341,18.528,15.957
2015-07-22 15:00:00+00:00,27.771,20.039,18.352,15.715
2015-07-22 16:00:00+00:00,26.654,19.488,18.106,15.252
2015-07-22 17:00:00+00:00,25.013,18.675,17.467,14.555
2015-07-22 18:00:00+00:00,22.957,17.656,16.376,13.477
2015-07-22 19:00:00+00:00,21.189,16.508,15.211,12.094
2015-07-22 20:00:00+00:00,20.132,15.789,14.927,11.039
2015-07-22 21:00:00+00:00,19.281,15.235,14.658,10.542
2015-07-22 22:00:00+00:00,18.61,14.683,14.338,10.157
2015-07-22 23:00:00+00:00,18.034,14.107,14.0,9.768
2015-07-23 00:00:00+00:00,17.397,13.578,13.684,9.497
2015-07-23 01:00:00+00:00,16.733,13.174,13.377,9.158
2015-07-23 02:00:00+00:00,16.09,12.898,13.159,8.896
2015-07-23 03:00:00+00:00,15.558,12.854,13.391,9.067
2015-07-23 04:00:00+00:00,15.979,13.364,13.877,9.669
2015-07-23 05:00:00+00:00,17.023,14.025,14.501,10.614
2015-07-23 06:00:00+00:00,18.566,14.699,15.117,11.746
2015-07-23 07:00:00+00:00,20.001,15.383,15.702,12.725
2015-07-23 08:00:00+00:00,21.283,16.001,16.255,13.49
2015-07-23 09:00:00+00:00,22.292,16.595,16.741,14.127
2015-07-23 10:00:00+00:00,23.067,17.082,17.143,14.52
2015-07-23 11:00:00+00:00,23.623,17.411,17.364,14.785
2015-07-23 12:00:00+00:00,23.934,17.589,17.497,15.065
2015-07-23 13:00:00+00:00,23.987,17.593,17.482,15.184
2015-07-23 14:00:00+00:00,23.672,17.405,17.283,15.012
2015-07-23 15:00:00+00:00,23.151,17.104,16.878,14.777
2015-07-23 16:00:00+00:00,22.446,16.709,16.445,14.351
2015-07-23 17:00:00+00:00,21.489,16.225,15.804,13.653
2015-07-23 18:00:00+00:00,19.902,15.327,14.873,12.597
2015-07-23 19:00:00+00:00,18.206,14.082,13.866,11.232
2015-07-23 20:00:00+00:00,17.369,13.403,13.248,10.222
2015-07-23 21:00:00+00:00,16.695,12.995,12.819,9.711
2015-07-23 22:00:00+00:00,16.159,12.604,12.49,9.312
2015-07-23 23:00:00+00:00,15.682,12.251,12.214,8.948
2015-07-24 00:00:00+00:00,15.158,11.915,11.923,8.666
2015-07-24 01:00:00+00:00,14.679,11.646,11.676,8.468
2015-07-24 02:00:00+00:00,14.317,11.431,11.491,8.271
2015-07-24 03:00:00+00:00,14.133,11.551,11.784,8.616
2015-07-24 04:00:00+00:00,15.245,13.009,12.729,9.525
2015-07-24 05:00:00+00:00,16.861,14.013,13.828,10.548
2015-07-24 06:00:00+00:00,19.046,14.752,14.872,11.5
2015-07-24 07:00:00+00:00,21.169,15.395,15.799,12.271
2015-07-24 08:00:00+00:00,22.938,16.004,16.523,12.96
2015-07-24 09:00:00+00:00,24.328,16.626,17.021,13.524
2015-07-24 10:00:00+00:00,25.438,17.271,17.409,13.912
2015-07-24 11:00:00+00:00,26.281,17.944,17.757,14.13
2015-07-24 12:00:00+00:00,26.828,18.348,17.993,14.289
2015-07-24 13:00:00+00:00,27.07,18.541,18.06,14.395
2015-07-24 14:00:00+00:00,27.014,18.583,17.934,14.352
2015-07-24 15:00:00+00:00,26.724,18.474,17.615,14.063
2015-07-24 16:00:00+00:00,26.145,18.205,17.077,13.673
2015-07-24 17:00:00+00:00,25.082,17.778,16.261,13.114
2015-07-24 18:00:00+00:00,23.188,16.817,14.886,12.224
2015-07-24 19:00:00+00:00,21.893,15.686,13.509,11.004
2015-07-24 20:00:00+00:00,21.097,15.041,12.997,10.18
2015-07-24 21:00:00+00:00,20.211,14.659,12.64,9.7
2015-07-24 22:00:00+00:00,19.445,14.407,12.235,9.265
2015-07-24 23:00:00+00:00,18.869,14.297,11.843,8.857
2015-07-25 00:00:00+00:00,18.422,14.314,11.521,8.61
2015-07-25 01:00:00+00:00,18.099,14.387,11.265,8.491
2015-07-25 02:00:00+00:00,17.812,14.397,11.13,8.399
2015-07-25 03:00:00+00:00,17.534,14.314,11.872,8.642
2015-07-25 04:00:00+00:00,17.691,14.298,12.816,9.338
2015-07-25 05:00:00+00:00,18.441,14.514,13.858,10.094
2015-07-25 06:00:00+00:00,19.499,14.78,14.775,10.997
2015-07-25 07:00:00+00:00,20.717,15.043,15.477,11.758
2015-07-25 08:00:00+00:00,21.619,15.395,15.939,12.36
2015-07-25 09:00:00+00:00,21.715,15.86,16.124,12.879
2015-07-25 10:00:00+00:00,21.663,16.526,16.235,13.246
2015-07-25 11:00:00+00:00,21.577,17.385,16.324,13.447
2015-07-25 12:00:00+00:00,21.279,18.146,16.236,13.504
2015-07-25 13:00:00+00:00,20.751,18.732,15.922,13.515
2015-07-25 14:00:00+00:00,19.931,19.043,15.607,13.464
2015-07-25 15:00:00+00:00,18.949,19.017,15.311,13.273
2015-07-25 16:00:00+00:00,17.881,18.717,14.923,12.89
2015-07-25 17:00:00+00:00,16.707,18.105,14.526,12.363
2015-07-25 18:00:00+00:00,15.407,17.176,14.032,11.703
2015-07-25 19:00:00+00:00,14.186,16.361,13.626,11.054
2015-07-25 20:00:00+00:00,13.366,15.735,13.424,10.622
2015-07-25 21:00:00+00:00,12.717,15.085,13.298,10.376
2015-07-25 22:00:00+00:00,12.153,14.562,13.213,10.206
2015-07-25 23:00:00+00:00,11.596,14.105,13.169,10.051
2015-07-26 00:00:00+00:00,11.08,13.785,13.164,9.921
2015-07-26 01:00:00+00:00,10.596,13.589,13.194,9.835
2015-07-26 02:00:00+00:00,10.168,13.387,13.256,9.785
2015-07-26 03:00:00+00:00,9.792,13.097,13.537,9.8
2015-07-26 04:00:00+00:00,10.427,12.956,13.91,9.96
2015-07-26 05:00:00+00:00,11.968,13.253,14.426,10.225
2015-07-26 06:00:00+00:00,13.874,13.889,14.959,10.616
2015-07-26 07:00:00+00:00,15.653,14.605,15.503,11.125
2015-07-26 08:00:00+00:00,17.187,15.193,16.064,11.64
2015-07-26 09:00:00+00:00,18.481,15.643,16.535,12.135
2015-07-26 10:00:00+00:00,19.537,16.025,16.768,12.551
2015-07-26 11:00:00+00:00,20.396,16.24,16.89,12.836
2015-07-26 12:00:00+00:00,21.044,16.268,16.89,13.021
2015-07-26 13:00:00+00:00,21.463,16.21,16.672,13.114
2015-07-26 14:00:00+00:00,21.554,16.099,16.461,13.123
2015-07-26 15:00:00+00:00,21.066,15.868,16.095,13.058
2015-07-26 16:00:00+00:00,20.109,15.474,15.639,12.872
2015-07-26 17:00:00+00:00,18.701,14.891,15.02,12.554
2015-07-26 18:00:00+00:00,16.849,13.997,14.227,11.949
2015-07-26 19:00:00+00:00,15.632,12.798,13.461,10.943
2015-07-26 20:00:00+00:00,14.955,12.214,12.865,10.204
2015-07-26 21:00:00+00:00,14.464,11.91,12.409,9.771
2015-07-26 22:00:00+00:00,14.046,11.76,12.095,9.506
2015-07-26 23:00:00+00:00,13.708,11.702,11.897,9.279
2015-07-27 00:00:00+00:00,13.448,11.748,11.781,9.036
2015-07-27 01:00:00+00:00,13.241,11.954,11.707,8.757
2015-07-27 02:00:00+00:00,13.075,12.167,11.634,8.486
2015-07-27 03:00:00+00:00,12.938,12.389,11.739,8.698
2015-07-27 04:00:00+00:00,13.29,13.137,12.209,9.685
2015-07-27 05:00:00+00:00,14.301,13.956,12.869,10.662
2015-07-27 06:00:00+00:00,15.722,14.667,13.67,12.163
2015-07-27 07:00:00+00:00,17.101,15.385,14.595,13.275
2015-07-27 08:00:00+00:00,18.402,16.148,15.374,14.072
2015-07-27 09:00:00+00:00,19.458,16.784,15.975,14.638
2015-07-27 10:00:00+00:00,20.187,17.13,16.371,15.006
2015-07-27 11:00:00+00:00,20.687,17.248,16.484,15.266
2015-07-27 12:00:00+00:00,20.937,17.192,16.402,15.273
2015-07-27 13:00:00+00:00,20.963,17.045,16.302,15.065
2015-07-27 14:00:00+00:00,20.774,16.987,16.215,14.767
2015-07-27 15:00:00+00:00,20.372,16.849,15.958,14.414
2015-07-27 16:00:00+00:00,19.818,16.551,15.46,13.977
2015-07-27 17:00:00+00:00,18.976,16.05,14.708,13.416
2015-07-27 18:00:00+00:00,17.64,15.436,13.845,12.501
2015-07-27 19:00:00+00:00,16.391,14.987,13.116,11.125
2015-07-27 20:00:00+00:00,15.7,14.829,12.763,10.271
2015-07-27 21:00:00+00:00,15.197,14.822,12.45,9.94
2015-07-27 22:00:00+00:00,14.794,14.837,12.244,9.72
2015-07-27 23:00:00+00:00,14.412,14.75,12.094,9.608
2015-07-28 00:00:00+00:00,14.122,14.599,12.004,9.575
2015-07-28 01:00:00+00:00,13.795,14.386,11.915,9.525
2015-07-28 02:00:00+00:00,13.471,14.189,11.936,9.41
2015-07-28 03:00:00+00:00,13.191,14.098,12.575,9.58
2015-07-28 04:00:00+00:00,13.416,14.568,13.268,10.379
2015-07-28 05:00:00+00:00,14.297,15.073,13.925,11.073
2015-07-28 06:00:00+00:00,15.42,15.649,14.663,11.842
2015-07-28 07:00:00+00:00,16.572,16.345,15.452,12.759
2015-07-28 08:00:00+00:00,17.648,17.066,16.21,13.683
2015-07-28 09:00:00+00:00,18.548,17.623,16.788,14.485
2015-07-28 10:00:00+00:00,19.191,18.088,17.187,15.079
2015-07-28 11:00:00+00:00,19.623,18.371,17.439,15.392
2015-07-28 12:00:00+00:00,19.87,18.355,17.465,15.51
2015-07-28 13:00:00+00:00,20.04,18.239,17.385,15.423
2015-07-28 14:00:00+00:00,19.963,18.011,17.191,15.226
2015-07-28 15:00:00+00:00,19.592,17.673,16.874,14.946
2015-07-28 16:00:00+00:00,18.853,17.257,16.463,14.559
2015-07-28 17:00:00+00:00,17.835,16.688,15.865,14.013
2015-07-28 18:00:00+00:00,16.407,15.96,15.049,13.256
2015-07-28 19:00:00+00:00,15.105,15.237,14.292,12.309
2015-07-28 20:00:00+00:00,14.342,14.807,13.898,11.808
2015-07-28 21:00:00+00:00,13.695,14.561,13.667,11.639
2015-07-28 22:00:00+00:00,13.176,14.388,13.482,11.468
2015-07-28 23:00:00+00:00,12.67,14.232,13.323,11.305
2015-07-29 00:00:00+00:00,12.228,14.062,13.151,11.192
2015-07-29 01:00:00+00:00,11.783,13.909,13.018,11.107
2015-07-29 02:00:00+00:00,11.404,13.755,12.983,11.028
2015-07-29 03:00:00+00:00,11.053,13.709,13.213,11.092
2015-07-29 04:00:00+00:00,11.466,14.053,13.656,11.414
2015-07-29 05:00:00+00:00,12.799,14.538,14.194,11.896
2015-07-29 06:00:00+00:00,14.346,15.029,14.806,12.465
2015-07-29 07:00:00+00:00,15.763,15.618,15.502,13.076
2015-07-29 08:00:00+00:00,16.914,16.168,16.161,13.658
2015-07-29 09:00:00+00:00,17.711,16.53,16.685,14.181
2015-07-29 10:00:00+00:00,18.243,16.772,16.969,14.618
2015-07-29 11:00:00+00:00,18.549,16.888,17.028,14.903
2015-07-29 12:00:00+00:00,18.669,16.839,16.895,15.027
2015-07-29 13:00:00+00:00,18.6,16.694,16.678,15.043
2015-07-29 14:00:00+00:00,18.311,16.381,16.383,14.871
2015-07-29 15:00:00+00:00,17.904,16.011,16.03,14.601
2015-07-29 16:00:00+00:00,17.324,15.556,15.587,14.249
2015-07-29 17:00:00+00:00,16.429,15.019,15.013,13.758
2015-07-29 18:00:00+00:00,14.834,14.261,14.277,13.132
2015-07-29 19:00:00+00:00,13.056,13.244,13.577,12.415
2015-07-29 20:00:00+00:00,12.216,12.761,13.275,11.928
2015-07-29 21:00:00+00:00,11.658,12.432,13.052,11.589
2015-07-29 22:00:00+00:00,11.241,12.136,12.826,11.174
2015-07-29 23:00:00+00:00,10.828,11.946,12.614,10.89
2015-07-30 00:00:00+00:00,10.419,11.994,12.391,10.757
2015-07-30 01:00:00+00:00,10.051,12.121,12.166,10.691
2015-07-30 02:00:00+00:00,9.711,12.268,12.057,10.616
2015-07-30 03:00:00+00:00,9.385,12.476,12.317,10.824
2015-07-30 04:00:00+00:00,10.121,13.326,12.991,11.256
2015-07-30 05:00:00+00:00,11.807,14.126,13.606,11.673
2015-07-30 06:00:00+00:00,14.007,14.768,14.199,12.261
2015-07-30 07:00:00+00:00,15.59,15.486,14.832,12.952
2015-07-30 08:00:00+00:00,16.752,16.259,15.464,13.855
2015-07-30 09:00:00+00:00,17.694,16.98,16.067,14.719
2015-07-30 10:00:00+00:00,18.473,17.551,16.483,15.387
2015-07-30 11:00:00+00:00,19.073,17.907,16.682,15.821
2015-07-30 12:00:00+00:00,19.373,18.062,16.805,16.018
2015-07-30 13:00:00+00:00,19.396,18.04,16.714,16.056
2015-07-30 14:00:00+00:00,19.166,17.846,16.357,15.811
2015-07-30 15:00:00+00:00,18.634,17.547,16.052,15.842
2015-07-30 16:00:00+00:00,17.851,17.071,15.731,15.239
2015-07-30 17:00:00+00:00,16.812,16.358,15.246,14.212
2015-07-30 18:00:00+00:00,15.003,15.416,14.565,13.121
2015-07-30 19:00:00+00:00,13.352,14.635,13.901,12.167
2015-07-30 20:00:00+00:00,12.543,14.147,13.594,11.509
2015-07-30 21:00:00+00:00,11.841,13.779,13.325,11.038
2015-07-30 22:00:00+00:00,11.165,13.433,13.076,10.676
2015-07-30 23:00:00+00:00,10.509,13.026,12.862,10.399
2015-07-31 00:00:00+00:00,9.911,12.657,12.59,10.116
2015-07-31 01:00:00+00:00,9.382,12.361,12.333,9.893
2015-07-31 02:00:00+00:00,8.915,12.164,12.133,9.69
2015-07-31 03:00:00+00:00,8.515,12.037,12.209,9.56
2015-07-31 04:00:00+00:00,9.279,12.289,12.647,9.603
2015-07-31 05:00:00+00:00,11.112,12.819,13.275,9.879
2015-07-31 06:00:00+00:00,13.456,13.483,13.995,10.334
2015-07-31 07:00:00+00:00,15.353,14.126,14.767,11.114
2015-07-31 08:00:00+00:00,16.844,14.701,15.484,12.106
2015-07-31 09:00:00+00:00,18.071,15.109,16.026,13.013
2015-07-31 10:00:00+00:00,19.109,15.581,16.384,13.671
2015-07-31 11:00:00+00:00,19.942,15.877,16.587,14.115
2015-07-31 12:00:00+00:00,20.494,15.999,16.69,14.383
2015-07-31 13:00:00+00:00,20.749,15.832,16.668,14.466
2015-07-31 14:00:00+00:00,20.702,15.545,16.48,14.334
2015-07-31 15:00:00+00:00,20.411,15.228,16.163,14.117
2015-07-31 16:00:00+00:00,19.793,14.817,15.714,13.97
2015-07-31 17:00:00+00:00,18.61,14.227,15.07,13.411
2015-07-31 18:00:00+00:00,15.808,13.339,14.216,12.214
2015-07-31 19:00:00+00:00,13.932,12.141,13.336,11.149
2015-07-31 20:00:00+00:00,13.369,11.629,12.805,10.38
2015-07-31 21:00:00+00:00,12.86,11.342,12.394,9.832
2015-07-31 22:00:00+00:00,12.425,11.02,12.088,9.403
2015-07-31 23:00:00+00:00,12.05,10.712,11.821,9.084
2015-08-01 00:00:00+00:00,11.733,10.382,11.45,8.843
2015-08-01 01:00:00+00:00,11.432,10.168,11.037,8.66
2015-08-01 02:00:00+00:00,11.048,10.018,10.664,8.387
2015-08-01 03:00:00+00:00,10.599,10.111,10.816,8.234
2015-08-01 04:00:00+00:00,11.087,11.522,11.606,9.036
2015-08-01 05:00:00+00:00,12.562,12.916,12.553,10.144
2015-08-01 06:00:00+00:00,14.691,13.927,13.613,11.376
2015-08-01 07:00:00+00:00,17.406,14.818,14.803,12.55
2015-08-01 08:00:00+00:00,19.758,15.635,15.862,13.557
2015-08-01 09:00:00+00:00,21.589,16.369,16.695,14.3
2015-08-01 10:00:00+00:00,22.852,16.959,17.324,14.742
2015-08-01 11:00:00+00:00,23.748,17.333,17.755,14.933
2015-08-01 12:00:00+00:00,24.315,17.521,17.995,14.92
2015-08-01 13:00:00+00:00,24.473,17.582,18.036,14.887
2015-08-01 14:00:00+00:00,24.246,17.449,17.845,14.746
2015-08-01 15:00:00+00:00,23.788,17.164,17.438,14.449
2015-08-01 16:00:00+00:00,23.038,16.71,16.846,13.983
2015-08-01 17:00:00+00:00,21.623,16.012,15.887,13.322
2015-08-01 18:00:00+00:00,19.376,14.986,14.426,12.454
2015-08-01 19:00:00+00:00,17.723,13.92,13.497,11.501
2015-08-01 20:00:00+00:00,16.776,13.308,13.243,10.849
2015-08-01 21:00:00+00:00,15.931,12.673,12.842,10.639
2015-08-01 22:00:00+00:00,15.203,12.298,12.417,10.518
2015-08-01 23:00:00+00:00,14.598,12.104,12.16,10.399
2015-08-02 00:00:00+00:00,14.091,11.949,11.996,10.207
2015-08-02 01:00:00+00:00,13.558,11.801,11.823,9.94
2015-08-02 02:00:00+00:00,13.016,11.803,11.655,9.671
2015-08-02 03:00:00+00:00,12.538,11.903,11.954,9.56
2015-08-02 04:00:00+00:00,13.229,12.732,12.676,9.817
2015-08-02 05:00:00+00:00,15.004,13.885,13.435,10.332
2015-08-02 06:00:00+00:00,17.13,14.805,14.326,10.984
2015-08-02 07:00:00+00:00,20.096,16.015,15.211,11.776
2015-08-02 08:00:00+00:00,22.135,17.382,15.992,12.712
2015-08-02 09:00:00+00:00,23.579,18.381,16.625,13.528
2015-08-02 10:00:00+00:00,24.734,19.092,17.143,13.99
2015-08-02 11:00:00+00:00,25.652,19.551,17.584,14.247
2015-08-02 12:00:00+00:00,26.281,19.784,17.861,14.326
2015-08-02 13:00:00+00:00,26.581,19.749,17.899,14.229
2015-08-02 14:00:00+00:00,26.531,19.482,17.782,14.093
2015-08-02 15:00:00+00:00,26.164,18.991,17.453,13.947
2015-08-02 16:00:00+00:00,25.424,18.325,16.922,13.678
2015-08-02 17:00:00+00:00,23.915,17.479,16.099,13.092
2015-08-02 18:00:00+00:00,20.894,16.306,14.937,11.898
2015-08-02 19:00:00+00:00,18.961,15.297,13.945,10.387
2015-08-02 20:00:00+00:00,18.044,14.816,13.426,9.668
2015-08-02 21:00:00+00:00,17.229,14.395,12.97,9.249
2015-08-02 22:00:00+00:00,16.493,13.908,12.46,8.861
2015-08-02 23:00:00+00:00,15.858,13.457,12.053,8.467
2015-08-03 00:00:00+00:00,15.298,13.238,11.696,8.108
2015-08-03 01:00:00+00:00,14.801,13.032,11.383,7.768
2015-08-03 02:00:00+00:00,14.397,12.801,11.093,7.567
2015-08-03 03:00:00+00:00,14.061,12.474,11.209,7.67
2015-08-03 04:00:00+00:00,14.943,13.261,12.135,8.734
2015-08-03 05:00:00+00:00,17.04,14.719,13.361,9.846
2015-08-03 06:00:00+00:00,19.649,16.193,14.959,11.118
2015-08-03 07:00:00+00:00,22.878,17.705,16.42,12.087
2015-08-03 08:00:00+00:00,25.517,18.736,17.487,12.788
2015-08-03 09:00:00+00:00,27.32,19.58,18.208,13.419
2015-08-03 10:00:00+00:00,28.606,20.276,18.84,14.31
2015-08-03 11:00:00+00:00,29.537,20.788,19.208,15.136
2015-08-03 12:00:00+00:00,30.169,21.171,19.423,15.619
2015-08-03 13:00:00+00:00,30.502,21.348,19.519,15.846
2015-08-03 14:00:00+00:00,30.514,21.275,19.487,16.026
2015-08-03 15:00:00+00:00,30.219,20.94,19.277,15.943
2015-08-03 16:00:00+00:00,29.618,20.25,19.312,15.575
2015-08-03 17:00:00+00:00,27.786,19.233,18.049,15.045
2015-08-03 18:00:00+00:00,24.664,18.136,16.568,13.698
2015-08-03 19:00:00+00:00,22.81,17.248,15.412,12.516
2015-08-03 20:00:00+00:00,21.72,16.786,14.624,11.988
2015-08-03 21:00:00+00:00,20.776,16.501,14.053,11.527
2015-08-03 22:00:00+00:00,19.966,16.284,13.55,11.03
2015-08-03 23:00:00+00:00,19.24,16.151,13.115,10.576
2015-08-04 00:00:00+00:00,18.656,16.051,12.713,10.309
2015-08-04 01:00:00+00:00,18.205,16.021,12.409,10.148
2015-08-04 02:00:00+00:00,17.874,16.049,12.254,10.068
2015-08-04 03:00:00+00:00,17.62,16.139,12.759,10.348
2015-08-04 04:00:00+00:00,18.278,16.627,13.923,11.187
2015-08-04 05:00:00+00:00,19.705,17.368,15.179,12.006
2015-08-04 06:00:00+00:00,21.345,18.503,16.723,12.94
2015-08-04 07:00:00+00:00,23.704,19.961,18.21,14.012
2015-08-04 08:00:00+00:00,25.901,21.222,19.388,15.016
2015-08-04 09:00:00+00:00,27.108,22.135,20.274,15.653
2015-08-04 10:00:00+00:00,27.296,22.808,20.914,16.316
2015-08-04 11:00:00+00:00,26.879,23.296,21.246,16.858
2015-08-04 12:00:00+00:00,26.178,23.42,21.385,17.08
2015-08-04 13:00:00+00:00,25.471,23.207,21.32,17.059
2015-08-04 14:00:00+00:00,24.788,22.775,21.003,16.967
2015-08-04 15:00:00+00:00,23.971,22.101,20.357,16.748
2015-08-04 16:00:00+00:00,22.981,21.192,19.422,16.289
2015-08-04 17:00:00+00:00,21.712,20.066,18.259,15.677
2015-08-04 18:00:00+00:00,20.148,19.097,16.963,15.136
2015-08-04 19:00:00+00:00,18.675,18.361,15.991,14.649
2015-08-04 20:00:00+00:00,17.688,17.804,15.473,14.327
2015-08-04 21:00:00+00:00,16.814,17.36,15.061,14.2
2015-08-04 22:00:00+00:00,16.119,16.931,14.76,14.066
2015-08-04 23:00:00+00:00,15.515,16.381,14.626,13.9
2015-08-05 00:00:00+00:00,14.945,15.768,14.624,13.617
2015-08-05 01:00:00+00:00,14.402,15.156,14.719,13.402
2015-08-05 02:00:00+00:00,13.901,14.588,14.752,13.206
2015-08-05 03:00:00+00:00,13.421,14.257,14.989,13.062
2015-08-05 04:00:00+00:00,13.894,14.75,15.414,13.204
2015-08-05 05:00:00+00:00,15.616,15.35,15.943,13.608
2015-08-05 06:00:00+00:00,17.731,16.227,16.601,14.202
2015-08-05 07:00:00+00:00,19.99,17.454,17.267,14.873
2015-08-05 08:00:00+00:00,21.839,18.579,17.944,15.53
2015-08-05 09:00:00+00:00,23.346,19.38,18.685,16.134
2015-08-05 10:00:00+00:00,24.565,19.916,19.314,16.649
2015-08-05 11:00:00+00:00,25.566,20.181,19.763,17.071
2015-08-05 12:00:00+00:00,26.315,20.279,20.042,17.397
2015-08-05 13:00:00+00:00,26.775,20.279,20.117,17.448
2015-08-05 14:00:00+00:00,26.929,20.164,20.012,16.875
2015-08-05 15:00:00+00:00,26.794,19.918,19.734,16.173
2015-08-05 16:00:00+00:00,26.219,19.542,19.269,15.791
2015-08-05 17:00:00+00:00,24.796,18.912,18.445,15.453
2015-08-05 18:00:00+00:00,21.856,17.691,17.163,14.682
2015-08-05 19:00:00+00:00,20.117,16.717,16.156,13.563
2015-08-05 20:00:00+00:00,19.35,16.308,15.751,13.085
2015-08-05 21:00:00+00:00,18.71,16.062,15.421,12.692
2015-08-05 22:00:00+00:00,18.174,15.833,15.063,12.331
2015-08-05 23:00:00+00:00,17.655,15.501,14.639,12.025
2015-08-06 00:00:00+00:00,17.206,15.142,14.311,11.731
2015-08-06 01:00:00+00:00,16.763,14.786,13.989,11.481
2015-08-06 02:00:00+00:00,16.406,14.537,13.603,11.332
2015-08-06 03:00:00+00:00,16.123,14.282,13.896,11.425
2015-08-06 04:00:00+00:00,16.93,15.048,14.822,11.992
2015-08-06 05:00:00+00:00,19.14,16.503,15.681,12.621
2015-08-06 06:00:00+00:00,21.288,17.917,16.899,13.4
2015-08-06 07:00:00+00:00,24.42,19.31,18.173,14.178
2015-08-06 08:00:00+00:00,27.348,20.38,19.035,15.059
2015-08-06 09:00:00+00:00,29.382,21.181,19.668,15.849
2015-08-06 10:00:00+00:00,30.74,21.67,20.368,16.587
2015-08-06 11:00:00+00:00,31.675,21.991,20.932,17.072
2015-08-06 12:00:00+00:00,32.198,22.222,21.203,17.277
2015-08-06 13:00:00+00:00,32.268,22.322,21.218,17.395
2015-08-06 14:00:00+00:00,32.077,22.201,20.999,17.359
2015-08-06 15:00:00+00:00,31.657,21.863,20.675,17.128
2015-08-06 16:00:00+00:00,30.946,21.374,20.239,16.684
2015-08-06 17:00:00+00:00,29.006,20.587,19.093,15.771
2015-08-06 18:00:00+00:00,26.457,19.292,17.626,14.683
2015-08-06 19:00:00+00:00,24.924,18.439,16.757,13.753
2015-08-06 20:00:00+00:00,23.919,18.201,16.316,13.354
2015-08-06 21:00:00+00:00,22.901,17.89,15.885,13.139
2015-08-06 22:00:00+00:00,21.924,17.536,15.563,12.909
2015-08-06 23:00:00+00:00,21.101,17.212,15.208,12.743
2015-08-07 00:00:00+00:00,20.453,16.992,14.785,12.646
2015-08-07 01:00:00+00:00,19.976,16.801,14.594,12.611
2015-08-07 02:00:00+00:00,19.554,16.552,14.492,12.657
2015-08-07 03:00:00+00:00,19.132,16.359,14.749,12.787
2015-08-07 04:00:00+00:00,19.427,17.018,15.766,13.285
2015-08-07 05:00:00+00:00,20.993,17.908,16.915,13.976
2015-08-07 06:00:00+00:00,22.47,18.869,18.534,14.833
2015-08-07 07:00:00+00:00,24.92,19.976,20.074,15.75
2015-08-07 08:00:00+00:00,27.459,20.903,21.253,16.61
2015-08-07 09:00:00+00:00,29.262,21.533,22.113,17.267
2015-08-07 10:00:00+00:00,30.746,21.931,22.714,17.719
2015-08-07 11:00:00+00:00,31.859,22.166,23.072,17.925
2015-08-07 12:00:00+00:00,32.521,22.162,23.138,17.877
2015-08-07 13:00:00+00:00,32.894,21.99,22.893,17.797
2015-08-07 14:00:00+00:00,32.856,21.831,22.332,17.698
2015-08-07 15:00:00+00:00,32.531,21.867,21.72,17.393
2015-08-07 16:00:00+00:00,31.642,21.617,21.079,16.933
2015-08-07 17:00:00+00:00,29.536,20.936,20.057,16.238
2015-08-07 18:00:00+00:00,26.786,19.55,18.671,15.126
2015-08-07 19:00:00+00:00,25.124,18.543,17.692,13.793
2015-08-07 20:00:00+00:00,24.066,18.056,17.31,13.139
2015-08-07 21:00:00+00:00,23.124,17.603,17.011,12.723
2015-08-07 22:00:00+00:00,22.349,17.204,16.575,12.454
2015-08-07 23:00:00+00:00,21.663,16.882,16.231,12.229
2015-08-08 00:00:00+00:00,21.012,16.63,15.892,11.907
2015-08-08 01:00:00+00:00,20.409,16.42,15.58,11.63
2015-08-08 02:00:00+00:00,19.881,16.029,15.373,11.319
2015-08-08 03:00:00+00:00,19.393,15.595,15.573,11.124
2015-08-08 04:00:00+00:00,19.463,16.015,16.339,11.784
2015-08-08 05:00:00+00:00,20.462,16.604,17.124,12.597
2015-08-08 06:00:00+00:00,21.894,17.128,18.065,13.458
2015-08-08 07:00:00+00:00,23.912,17.796,19.025,14.335
2015-08-08 08:00:00+00:00,25.763,18.418,19.773,15.288
2015-08-08 09:00:00+00:00,27.187,19.055,20.349,15.945
2015-08-08 10:00:00+00:00,28.267,19.611,20.668,16.407
2015-08-08 11:00:00+00:00,28.97,20.024,20.761,16.69
2015-08-08 12:00:00+00:00,29.285,20.256,20.755,16.797
2015-08-08 13:00:00+00:00,29.23,20.296,20.679,16.819
2015-08-08 14:00:00+00:00,28.785,20.054,20.472,16.686
2015-08-08 15:00:00+00:00,27.829,19.539,20.069,16.535
2015-08-08 16:00:00+00:00,26.511,18.78,19.402,16.321
2015-08-08 17:00:00+00:00,24.753,17.725,18.339,15.498
2015-08-08 18:00:00+00:00,22.702,16.304,16.687,14.019
2015-08-08 19:00:00+00:00,21.127,15.113,15.671,12.766
2015-08-08 20:00:00+00:00,20.038,14.46,15.122,12.176
2015-08-08 21:00:00+00:00,19.104,13.831,14.503,11.733
2015-08-08 22:00:00+00:00,18.36,13.353,13.888,11.204
2015-08-08 23:00:00+00:00,17.704,13.001,13.373,10.728
2015-08-09 00:00:00+00:00,17.155,12.701,12.927,10.309
2015-08-09 01:00:00+00:00,16.695,12.46,12.538,9.94
2015-08-09 02:00:00+00:00,16.262,12.293,12.214,9.756
2015-08-09 03:00:00+00:00,15.836,12.227,12.433,9.896
2015-08-09 04:00:00+00:00,16.034,13.166,13.638,10.58
2015-08-09 05:00:00+00:00,17.366,14.865,14.917,11.257
2015-08-09 06:00:00+00:00,19.241,16.06,16.373,11.924
2015-08-09 07:00:00+00:00,21.305,17.245,17.606,12.704
2015-08-09 08:00:00+00:00,23.028,18.236,18.548,13.569
2015-08-09 09:00:00+00:00,24.437,19.069,19.302,14.678
2015-08-09 10:00:00+00:00,25.599,19.688,19.842,15.558
2015-08-09 11:00:00+00:00,26.511,20.138,20.221,16.045
2015-08-09 12:00:00+00:00,27.128,20.453,20.434,16.261
2015-08-09 13:00:00+00:00,27.456,20.621,20.458,16.206
2015-08-09 14:00:00+00:00,27.498,20.604,20.228,16.192
2015-08-09 15:00:00+00:00,27.239,20.371,19.916,16.079
2015-08-09 16:00:00+00:00,26.536,19.923,19.145,15.752
2015-08-09 17:00:00+00:00,25.039,19.137,18.051,15.092
2015-08-09 18:00:00+00:00,22.907,17.408,16.46,14.095
2015-08-09 19:00:00+00:00,21.687,16.384,15.334,13.01
2015-08-09 20:00:00+00:00,20.874,15.878,14.807,12.56
2015-08-09 21:00:00+00:00,20.043,15.498,14.336,12.337
2015-08-09 22:00:00+00:00,19.415,15.145,13.831,12.115
2015-08-09 23:00:00+00:00,18.863,14.764,13.418,11.853
2015-08-10 00:00:00+00:00,18.367,14.401,13.035,11.582
2015-08-10 01:00:00+00:00,17.897,14.039,12.684,11.381
2015-08-10 02:00:00+00:00,17.445,13.772,12.443,11.3
2015-08-10 03:00:00+00:00,16.968,13.555,12.686,11.418
2015-08-10 04:00:00+00:00,17.047,14.248,13.662,12.057
2015-08-10 05:00:00+00:00,18.225,15.615,14.783,12.71
2015-08-10 06:00:00+00:00,20.087,16.695,16.062,13.315
2015-08-10 07:00:00+00:00,22.292,18.178,17.675,13.909
2015-08-10 08:00:00+00:00,24.269,19.241,19.074,14.475
2015-08-10 09:00:00+00:00,25.91,19.986,20.104,15.29
2015-08-10 10:00:00+00:00,27.176,20.558,20.789,16.487
2015-08-10 11:00:00+00:00,28.053,21.022,21.224,17.286
2015-08-10 12:00:00+00:00,28.501,21.326,21.408,17.57
2015-08-10 13:00:00+00:00,28.57,21.427,21.4,17.596
2015-08-10 14:00:00+00:00,28.264,21.307,21.192,17.552
2015-08-10 15:00:00+00:00,27.652,20.891,20.913,17.283
2015-08-10 16:00:00+00:00,26.655,20.214,20.376,16.815
2015-08-10 17:00:00+00:00,24.892,19.227,18.969,16.089
2015-08-10 18:00:00+00:00,22.656,18.134,17.57,14.896
2015-08-10 19:00:00+00:00,21.343,17.543,16.83,13.924
2015-08-10 20:00:00+00:00,20.443,17.158,16.486,13.594
2015-08-10 21:00:00+00:00,19.73,16.825,16.096,13.342
2015-08-10 22:00:00+00:00,19.157,16.622,15.667,13.094
2015-08-10 23:00:00+00:00,18.649,16.499,15.297,12.958
2015-08-11 00:00:00+00:00,18.2,16.384,15.039,12.835
2015-08-11 01:00:00+00:00,17.807,16.24,14.836,12.703
2015-08-11 02:00:00+00:00,17.436,16.122,14.617,12.634
2015-08-11 03:00:00+00:00,17.035,15.987,14.723,12.74
2015-08-11 04:00:00+00:00,17.08,16.204,15.512,13.171
2015-08-11 05:00:00+00:00,18.085,16.67,16.289,13.674
2015-08-11 06:00:00+00:00,19.652,17.191,17.195,14.278
2015-08-11 07:00:00+00:00,21.695,17.932,18.078,14.956
2015-08-11 08:00:00+00:00,23.609,18.787,18.631,15.679
2015-08-11 09:00:00+00:00,25.228,19.45,19.025,16.31
2015-08-11 10:00:00+00:00,26.5,20.109,19.327,16.695
2015-08-11 11:00:00+00:00,27.42,20.688,19.49,16.897
2015-08-11 12:00:00+00:00,27.986,21.052,19.519,17.111
2015-08-11 13:00:00+00:00,28.169,21.129,19.546,17.12
2015-08-11 14:00:00+00:00,28.003,20.947,19.465,17.044
2015-08-11 15:00:00+00:00,27.52,20.631,19.107,16.799
2015-08-11 16:00:00+00:00,26.701,20.162,18.658,16.259
2015-08-11 17:00:00+00:00,25.262,19.317,17.994,15.405
2015-08-11 18:00:00+00:00,23.099,17.988,16.802,14.107
2015-08-11 19:00:00+00:00,21.784,17.205,16.102,12.858
2015-08-11 20:00:00+00:00,21.022,16.808,15.819,12.3
2015-08-11 21:00:00+00:00,20.29,16.434,15.498,11.798
2015-08-11 22:00:00+00:00,19.661,16.091,15.243,11.283
2015-08-11 23:00:00+00:00,19.114,15.778,15.024,10.759
2015-08-12 00:00:00+00:00,18.641,15.561,14.626,10.233
2015-08-12 01:00:00+00:00,18.199,15.3,14.318,9.86
2015-08-12 02:00:00+00:00,17.777,15.005,14.139,9.549
2015-08-12 03:00:00+00:00,17.402,14.916,14.151,9.288
2015-08-12 04:00:00+00:00,17.512,15.162,14.824,9.896
2015-08-12 05:00:00+00:00,18.78,15.739,15.455,10.703
2015-08-12 06:00:00+00:00,20.501,16.229,16.124,11.742
2015-08-12 07:00:00+00:00,22.698,16.793,17.026,12.77
2015-08-12 08:00:00+00:00,24.626,17.407,17.884,13.698
2015-08-12 09:00:00+00:00,26.143,18.025,18.446,14.389
2015-08-12 10:00:00+00:00,27.268,18.552,18.911,14.898
2015-08-12 11:00:00+00:00,28.057,18.913,19.339,15.294
2015-08-12 12:00:00+00:00,28.461,19.172,19.632,15.576
2015-08-12 13:00:00+00:00,28.503,19.318,19.796,15.706
2015-08-12 14:00:00+00:00,28.236,19.25,19.697,15.643
2015-08-12 15:00:00+00:00,27.741,18.978,19.317,15.41
2015-08-12 16:00:00+00:00,26.887,18.524,18.638,15.36
2015-08-12 17:00:00+00:00,25.351,17.692,17.449,14.379
2015-08-12 18:00:00+00:00,23.425,16.02,15.742,12.948
2015-08-12 19:00:00+00:00,22.237,14.852,15.003,11.687
2015-08-12 20:00:00+00:00,21.381,14.35,14.619,10.945
2015-08-12 21:00:00+00:00,20.569,13.873,13.963,10.426
2015-08-12 22:00:00+00:00,19.88,13.366,13.287,9.975
2015-08-12 23:00:00+00:00,19.291,12.854,12.75,9.666
2015-08-13 00:00:00+00:00,18.775,12.376,12.261,9.444
2015-08-13 01:00:00+00:00,18.303,11.971,11.798,9.168
2015-08-13 02:00:00+00:00,17.888,11.689,11.392,8.863
2015-08-13 03:00:00+00:00,17.47,11.644,11.254,8.726
2015-08-13 04:00:00+00:00,17.38,12.462,12.027,9.475
2015-08-13 05:00:00+00:00,18.589,14.333,13.133,10.789
2015-08-13 06:00:00+00:00,20.535,15.508,14.451,12.257
2015-08-13 07:00:00+00:00,22.889,16.599,15.981,13.64
2015-08-13 08:00:00+00:00,25.169,17.65,17.281,14.889
2015-08-13 09:00:00+00:00,27.164,18.65,18.285,15.886
2015-08-13 10:00:00+00:00,28.75,19.519,19.055,16.589
2015-08-13 11:00:00+00:00,29.884,20.191,19.631,17.047
2015-08-13 12:00:00+00:00,30.627,20.662,19.994,17.309
2015-08-13 13:00:00+00:00,30.96,20.886,20.117,17.365
2015-08-13 14:00:00+00:00,30.895,20.862,19.983,17.254
2015-08-13 15:00:00+00:00,30.493,20.548,19.687,16.981
2015-08-13 16:00:00+00:00,29.518,19.937,19.443,16.548
2015-08-13 17:00:00+00:00,27.531,18.922,18.115,15.741
2015-08-13 18:00:00+00:00,25.356,17.354,16.666,14.07
2015-08-13 19:00:00+00:00,24.186,16.347,15.641,12.797
2015-08-13 20:00:00+00:00,23.283,15.968,14.792,12.419
2015-08-13 21:00:00+00:00,22.459,15.722,14.037,12.161
2015-08-13 22:00:00+00:00,21.803,15.615,13.42,11.9
2015-08-13 23:00:00+00:00,21.246,15.59,12.976,11.65
2015-08-14 00:00:00+00:00,20.746,15.626,12.579,11.457
2015-08-14 01:00:00+00:00,20.208,15.654,12.23,11.252
2015-08-14 02:00:00+00:00,19.63,15.674,11.942,10.978
2015-08-14 03:00:00+00:00,19.068,15.722,12.015,10.779
2015-08-14 04:00:00+00:00,18.896,16.035,13.371,11.309
2015-08-14 05:00:00+00:00,19.567,16.753,14.698,12.684
2015-08-14 06:00:00+00:00,20.867,17.73,16.334,14.13
2015-08-14 07:00:00+00:00,22.738,18.776,17.749,15.623
2015-08-14 08:00:00+00:00,24.678,19.701,18.825,16.763
2015-08-14 09:00:00+00:00,26.269,20.456,19.672,17.623
2015-08-14 10:00:00+00:00,27.512,21.095,20.333,18.288
2015-08-14 11:00:00+00:00,28.314,21.535,20.777,18.725
2015-08-14 12:00:00+00:00,28.683,21.742,20.986,19.006
2015-08-14 13:00:00+00:00,28.621,21.712,20.972,19.051
2015-08-14 14:00:00+00:00,28.188,21.391,20.733,18.878
2015-08-14 15:00:00+00:00,27.453,20.784,20.294,18.555
2015-08-14 16:00:00+00:00,26.453,20.011,19.481,17.909
2015-08-14 17:00:00+00:00,24.876,19.131,17.78,16.74
2015-08-14 18:00:00+00:00,23.091,18.236,15.694,15.033
2015-08-14 19:00:00+00:00,22.066,17.589,14.65,13.882
2015-08-14 20:00:00+00:00,21.35,17.177,14.082,13.512
2015-08-14 21:00:00+00:00,20.763,16.92,13.584,13.199
2015-08-14 22:00:00+00:00,20.192,16.794,13.111,12.782
2015-08-14 23:00:00+00:00,19.679,16.761,12.78,12.389
2015-08-15 00:00:00+00:00,19.246,16.773,12.584,12.054
2015-08-15 01:00:00+00:00,18.797,16.784,12.521,11.805
2015-08-15 02:00:00+00:00,18.355,16.76,12.511,11.553
2015-08-15 03:00:00+00:00,17.904,16.751,12.679,11.391
2015-08-15 04:00:00+00:00,17.756,16.858,13.746,12.108
2015-08-15 05:00:00+00:00,18.296,17.44,15.119,13.085
2015-08-15 06:00:00+00:00,19.315,18.418,16.706,14.178
2015-08-15 07:00:00+00:00,20.66,19.727,18.258,15.21
2015-08-15 08:00:00+00:00,22.028,20.761,19.511,16.121
2015-08-15 09:00:00+00:00,23.173,21.345,20.479,16.926
2015-08-15 10:00:00+00:00,24.081,21.564,21.186,17.624
2015-08-15 11:00:00+00:00,24.675,21.648,21.625,18.228
2015-08-15 12:00:00+00:00,24.842,21.712,21.782,18.675
2015-08-15 13:00:00+00:00,24.613,21.679,21.67,18.878
2015-08-15 14:00:00+00:00,24.058,21.483,21.298,18.829
2015-08-15 15:00:00+00:00,23.282,21.147,20.632,18.555
2015-08-15 16:00:00+00:00,22.33,20.653,19.627,17.99
2015-08-15 17:00:00+00:00,21.116,19.976,18.22,17.067
2015-08-15 18:00:00+00:00,19.662,19.182,16.55,15.864
2015-08-15 19:00:00+00:00,18.716,18.71,15.635,14.908
2015-08-15 20:00:00+00:00,18.011,18.406,15.068,14.502
2015-08-15 21:00:00+00:00,17.414,18.123,14.569,14.16
2015-08-15 22:00:00+00:00,16.921,17.858,14.092,13.86
2015-08-15 23:00:00+00:00,16.509,17.59,13.736,13.677
2015-08-16 00:00:00+00:00,16.166,17.331,13.498,13.515
2015-08-16 01:00:00+00:00,15.881,17.092,13.314,13.29
2015-08-16 02:00:00+00:00,15.672,16.868,13.171,13.032
2015-08-16 03:00:00+00:00,15.503,16.64,13.325,12.787
2015-08-16 04:00:00+00:00,15.602,16.819,14.306,12.791
2015-08-16 05:00:00+00:00,16.134,17.491,15.253,13.165
2015-08-16 06:00:00+00:00,16.917,18.006,16.528,13.882
2015-08-16 07:00:00+00:00,17.779,18.623,17.87,14.747
2015-08-16 08:00:00+00:00,18.513,19.26,18.997,15.594
2015-08-16 09:00:00+00:00,19.089,19.86,19.89,16.357
2015-08-16 10:00:00+00:00,19.572,20.361,20.552,17.025
2015-08-16 11:00:00+00:00,19.919,20.699,20.987,17.629
2015-08-16 12:00:00+00:00,20.064,20.859,21.154,18.114
2015-08-16 13:00:00+00:00,19.978,20.893,21.065,18.396
2015-08-16 14:00:00+00:00,19.712,20.798,20.713,18.444
2015-08-16 15:00:00+00:00,19.312,20.514,20.129,18.251
2015-08-16 16:00:00+00:00,18.689,20.017,19.273,17.803
2015-08-16 17:00:00+00:00,17.862,19.401,17.969,16.957
2015-08-16 18:00:00+00:00,16.908,18.831,16.281,15.909
2015-08-16 19:00:00+00:00,16.296,18.519,15.394,15.224
2015-08-16 20:00:00+00:00,15.849,18.3,14.777,14.934
2015-08-16 21:00:00+00:00,15.507,18.08,14.205,14.684
2015-08-16 22:00:00+00:00,15.241,17.841,13.706,14.417
2015-08-16 23:00:00+00:00,14.995,17.667,13.294,13.998
2015-08-17 00:00:00+00:00,14.775,17.372,12.997,13.545
2015-08-17 01:00:00+00:00,14.584,17.171,12.79,12.973
2015-08-17 02:00:00+00:00,14.424,17.035,12.619,12.456
2015-08-17 03:00:00+00:00,14.276,16.96,12.691,12.151
2015-08-17 04:00:00+00:00,14.295,16.874,13.733,12.588
2015-08-17 05:00:00+00:00,14.713,17.143,14.919,13.432
2015-08-17 06:00:00+00:00,15.4,17.796,16.319,14.454
2015-08-17 07:00:00+00:00,16.275,18.698,17.597,15.562
2015-08-17 08:00:00+00:00,17.157,19.647,18.585,16.635
2015-08-17 09:00:00+00:00,17.829,20.503,19.322,17.575
2015-08-17 10:00:00+00:00,18.318,21.131,19.826,18.312
2015-08-17 11:00:00+00:00,18.63,21.309,20.112,18.907
2015-08-17 12:00:00+00:00,18.709,21.214,20.185,19.18
2015-08-17 13:00:00+00:00,18.566,21.068,20.041,19.264
2015-08-17 14:00:00+00:00,18.221,20.855,19.684,19.149
2015-08-17 15:00:00+00:00,17.738,20.497,19.113,18.913
2015-08-17 16:00:00+00:00,17.13,19.845,18.273,18.321
2015-08-17 17:00:00+00:00,16.385,18.982,16.91,17.16
2015-08-17 18:00:00+00:00,15.515,18.002,15.195,15.718
2015-08-17 19:00:00+00:00,14.996,17.249,14.342,14.591
2015-08-17 20:00:00+00:00,14.633,16.714,13.811,13.96
2015-08-17 21:00:00+00:00,14.363,16.287,13.353,13.394
2015-08-17 22:00:00+00:00,14.087,15.941,12.938,12.793
2015-08-17 23:00:00+00:00,13.792,15.736,12.678,12.232
2015-08-18 00:00:00+00:00,13.501,15.645,12.491,11.675
2015-08-18 01:00:00+00:00,13.225,15.658,12.368,11.214
2015-08-18 02:00:00+00:00,12.971,15.734,12.296,10.939
2015-08-18 03:00:00+00:00,12.729,15.787,12.424,10.789
2015-08-18 04:00:00+00:00,12.654,16.005,13.603,11.413
2015-08-18 05:00:00+00:00,13.361,16.578,14.896,12.531
2015-08-18 06:00:00+00:00,14.332,17.381,16.392,13.908
2015-08-18 07:00:00+00:00,15.388,18.283,17.759,15.192
2015-08-18 08:00:00+00:00,16.523,19.162,18.825,16.295
2015-08-18 09:00:00+00:00,17.493,19.992,19.683,17.264
2015-08-18 10:00:00+00:00,18.274,20.678,20.349,18.073
2015-08-18 11:00:00+00:00,18.903,21.076,20.783,18.656
2015-08-18 12:00:00+00:00,19.329,21.146,20.964,19.013
2015-08-18 13:00:00+00:00,19.501,21.019,20.907,19.186
2015-08-18 14:00:00+00:00,19.404,20.759,20.597,19.193
2015-08-18 15:00:00+00:00,19.04,20.259,19.999,19.029
2015-08-18 16:00:00+00:00,18.378,19.482,19.017,18.476
2015-08-18 17:00:00+00:00,17.271,18.472,17.311,17.397
2015-08-18 18:00:00+00:00,15.486,17.356,15.263,15.762
2015-08-18 19:00:00+00:00,14.535,16.576,14.339,14.583
2015-08-18 20:00:00+00:00,13.881,16.126,13.735,14.07
2015-08-18 21:00:00+00:00,13.344,15.894,13.22,13.593
2015-08-18 22:00:00+00:00,12.922,15.805,12.846,13.021
2015-08-18 23:00:00+00:00,12.555,15.741,12.551,12.603
2015-08-19 00:00:00+00:00,12.22,15.626,12.338,12.186
2015-08-19 01:00:00+00:00,11.908,15.468,12.197,11.822
2015-08-19 02:00:00+00:00,11.638,15.307,12.115,11.545
2015-08-19 03:00:00+00:00,11.396,15.207,12.179,11.359
2015-08-19 04:00:00+00:00,11.346,15.476,13.485,11.956
2015-08-19 05:00:00+00:00,12.531,16.528,14.878,13.358
2015-08-19 06:00:00+00:00,14.028,17.669,16.52,14.623
2015-08-19 07:00:00+00:00,16.074,18.866,18.06,15.98
2015-08-19 08:00:00+00:00,17.569,19.834,19.165,17.191
2015-08-19 09:00:00+00:00,18.698,20.599,19.982,18.2
2015-08-19 10:00:00+00:00,19.555,21.163,20.581,19.006
2015-08-19 11:00:00+00:00,20.18,21.494,20.946,19.572
2015-08-19 12:00:00+00:00,20.589,21.615,21.087,19.907
2015-08-19 13:00:00+00:00,20.751,21.544,21.013,20.008
2015-08-19 14:00:00+00:00,20.672,21.303,20.711,19.945
2015-08-19 15:00:00+00:00,20.337,20.828,20.121,19.715
2015-08-19 16:00:00+00:00,19.686,20.057,19.134,19.054
2015-08-19 17:00:00+00:00,18.443,18.822,17.368,17.806
2015-08-19 18:00:00+00:00,16.736,17.09,15.212,15.903
2015-08-19 19:00:00+00:00,15.844,16.186,14.439,14.821
2015-08-19 20:00:00+00:00,15.165,15.645,13.861,14.348
2015-08-19 21:00:00+00:00,14.564,15.185,13.303,13.887
2015-08-19 22:00:00+00:00,14.029,14.759,12.781,13.496
2015-08-19 23:00:00+00:00,13.572,14.367,12.41,13.161
2015-08-20 00:00:00+00:00,13.19,14.005,12.145,12.792
2015-08-20 01:00:00+00:00,12.872,13.8,11.976,12.383
2015-08-20 02:00:00+00:00,12.587,13.702,11.846,12.012
2015-08-20 03:00:00+00:00,12.276,13.599,11.737,11.708
2015-08-20 04:00:00+00:00,12.222,14.071,12.847,12.116
2015-08-20 05:00:00+00:00,13.604,15.914,14.625,13.586
2015-08-20 06:00:00+00:00,15.295,17.12,16.238,14.95
2015-08-20 07:00:00+00:00,17.571,18.341,17.745,16.371
2015-08-20 08:00:00+00:00,19.359,19.481,18.957,17.589
2015-08-20 09:00:00+00:00,20.543,20.476,19.992,18.407
2015-08-20 10:00:00+00:00,21.38,21.273,20.806,18.974
2015-08-20 11:00:00+00:00,21.93,21.798,21.35,19.416
2015-08-20 12:00:00+00:00,22.206,22.067,21.624,19.605
2015-08-20 13:00:00+00:00,22.258,22.114,21.646,19.63
2015-08-20 14:00:00+00:00,22.064,21.942,21.439,19.487
2015-08-20 15:00:00+00:00,21.642,21.53,21.02,19.238
2015-08-20 16:00:00+00:00,20.922,20.745,20.061,18.662
2015-08-20 17:00:00+00:00,19.425,19.31,18.041,17.5
2015-08-20 18:00:00+00:00,17.314,17.397,16.096,15.972
2015-08-20 19:00:00+00:00,16.23,16.481,15.409,15.12
2015-08-20 20:00:00+00:00,15.435,15.919,14.845,14.67
2015-08-20 21:00:00+00:00,14.763,15.386,14.302,14.221
2015-08-20 22:00:00+00:00,14.203,14.909,13.816,13.778
2015-08-20 23:00:00+00:00,13.74,14.484,13.301,13.433
2015-08-21 00:00:00+00:00,13.34,14.114,12.815,13.191
2015-08-21 01:00:00+00:00,13.001,13.805,12.414,13.031
2015-08-21 02:00:00+00:00,12.698,13.554,12.078,12.836
2015-08-21 03:00:00+00:00,12.26,13.353,11.868,12.591
2015-08-21 04:00:00+00:00,11.995,13.81,13.119,12.655
2015-08-21 05:00:00+00:00,13.782,15.771,14.678,13.696
2015-08-21 06:00:00+00:00,15.808,17.04,16.283,15.043
2015-08-21 07:00:00+00:00,18.586,18.428,17.943,16.54
2015-08-21 08:00:00+00:00,20.832,19.77,19.196,17.72
2015-08-21 09:00:00+00:00,22.28,20.861,20.169,18.621
2015-08-21 10:00:00+00:00,23.318,21.595,20.912,19.259
2015-08-21 11:00:00+00:00,24.038,22.055,21.405,19.629
2015-08-21 12:00:00+00:00,24.471,22.317,21.631,19.759
2015-08-21 13:00:00+00:00,24.624,22.393,21.623,19.674
2015-08-21 14:00:00+00:00,24.477,22.287,21.419,19.403
2015-08-21 15:00:00+00:00,24.039,21.886,21.015,19.007
2015-08-21 16:00:00+00:00,23.237,21.183,20.23,18.275
2015-08-21 17:00:00+00:00,21.04,19.45,18.157,16.932
2015-08-21 18:00:00+00:00,18.406,17.454,16.359,15.272
2015-08-21 19:00:00+00:00,17.27,16.588,15.57,14.536
2015-08-21 20:00:00+00:00,16.443,16.008,14.906,14.272
2015-08-21 21:00:00+00:00,15.707,15.475,14.323,14.053
2015-08-21 22:00:00+00:00,15.026,15.008,13.822,13.861
2015-08-21 23:00:00+00:00,14.403,14.614,13.383,13.614
2015-08-22 00:00:00+00:00,13.825,14.268,13.005,13.249
2015-08-22 01:00:00+00:00,13.277,13.973,12.632,12.758
2015-08-22 02:00:00+00:00,12.79,13.716,12.283,12.21
2015-08-22 03:00:00+00:00,12.324,13.502,12.139,11.754
2015-08-22 04:00:00+00:00,12.073,13.844,13.073,11.832
2015-08-22 05:00:00+00:00,14.009,15.776,14.871,13.043
2015-08-22 06:00:00+00:00,16.053,17.092,16.458,14.305
2015-08-22 07:00:00+00:00,18.921,18.69,18.475,15.861
2015-08-22 08:00:00+00:00,21.766,20.064,19.959,17.272
2015-08-22 09:00:00+00:00,23.397,20.944,20.891,18.29
2015-08-22 10:00:00+00:00,24.353,21.51,21.551,19.046
2015-08-22 11:00:00+00:00,24.978,21.842,21.983,19.548
2015-08-22 12:00:00+00:00,25.341,21.989,22.203,19.835
2015-08-22 13:00:00+00:00,25.403,21.955,22.216,19.898
2015-08-22 14:00:00+00:00,25.146,21.718,22.04,19.766
2015-08-22 15:00:00+00:00,24.553,21.25,22.04,19.794
2015-08-22 16:00:00+00:00,23.457,20.444,21.13,19.486
2015-08-22 17:00:00+00:00,20.902,19.004,18.869,18.049
2015-08-22 18:00:00+00:00,18.08,17.249,17.103,17.022
2015-08-22 19:00:00+00:00,17.148,16.491,16.157,16.422
2015-08-22 20:00:00+00:00,16.459,16.006,15.44,16.057
2015-08-22 21:00:00+00:00,15.726,15.581,14.806,15.609
2015-08-22 22:00:00+00:00,15.024,15.129,14.227,15.164
2015-08-22 23:00:00+00:00,14.365,14.805,13.888,14.756
2015-08-23 00:00:00+00:00,13.756,14.658,13.769,14.3
2015-08-23 01:00:00+00:00,13.216,14.591,13.718,13.813
2015-08-23 02:00:00+00:00,12.707,14.554,13.588,13.416
2015-08-23 03:00:00+00:00,12.222,14.521,13.237,12.884
2015-08-23 04:00:00+00:00,12.037,14.928,13.49,12.495
2015-08-23 05:00:00+00:00,13.47,16.232,15.084,13.576
2015-08-23 06:00:00+00:00,15.603,17.263,16.532,14.952
2015-08-23 07:00:00+00:00,18.631,18.489,18.148,16.508
2015-08-23 08:00:00+00:00,21.113,19.6,19.421,17.921
2015-08-23 09:00:00+00:00,22.747,20.454,20.45,18.974
2015-08-23 10:00:00+00:00,23.802,21.099,21.232,19.753
2015-08-23 11:00:00+00:00,24.461,21.529,21.737,20.266
2015-08-23 12:00:00+00:00,24.774,21.76,21.984,20.559
2015-08-23 13:00:00+00:00,24.726,21.799,21.992,20.644
2015-08-23 14:00:00+00:00,24.315,21.663,21.753,20.52
2015-08-23 15:00:00+00:00,23.462,21.325,21.18,20.326
2015-08-23 16:00:00+00:00,22.123,20.68,20.112,19.679
2015-08-23 17:00:00+00:00,20.272,19.598,18.171,18.155
2015-08-23 18:00:00+00:00,18.69,18.341,16.453,16.268
2015-08-23 19:00:00+00:00,17.944,17.762,15.84,15.315
2015-08-23 20:00:00+00:00,17.304,17.419,15.356,14.819
2015-08-23 21:00:00+00:00,16.758,17.15,14.985,14.299
2015-08-23 22:00:00+00:00,16.262,16.957,14.617,13.772
2015-08-23 23:00:00+00:00,15.725,16.755,14.351,13.279
2015-08-24 00:00:00+00:00,15.227,16.669,14.237,12.944
2015-08-24 01:00:00+00:00,14.784,16.476,14.13,12.664
2015-08-24 02:00:00+00:00,14.45,16.325,14.091,12.455
2015-08-24 03:00:00+00:00,14.165,16.246,14.143,12.246
2015-08-24 04:00:00+00:00,14.017,16.547,15.081,12.522
2015-08-24 05:00:00+00:00,14.968,17.209,16.129,13.516
2015-08-24 06:00:00+00:00,16.231,18.121,17.326,14.784
2015-08-24 07:00:00+00:00,18.057,19.164,18.797,16.21
2015-08-24 08:00:00+00:00,20.04,20.09,19.957,17.495
2015-08-24 09:00:00+00:00,21.673,20.695,20.721,18.4
2015-08-24 10:00:00+00:00,22.91,21.021,21.239,18.881
2015-08-24 11:00:00+00:00,23.675,21.097,21.512,19.027
2015-08-24 12:00:00+00:00,24.096,20.937,21.609,18.801
2015-08-24 13:00:00+00:00,24.162,20.467,21.509,18.403
2015-08-24 14:00:00+00:00,23.909,19.786,21.248,17.928
2015-08-24 15:00:00+00:00,23.278,19.392,20.723,17.532
2015-08-24 16:00:00+00:00,22.186,19.277,19.92,17.093
2015-08-24 17:00:00+00:00,20.586,18.958,18.834,16.433
2015-08-24 18:00:00+00:00,19.094,18.361,17.783,15.751
2015-08-24 19:00:00+00:00,18.158,18.237,17.295,15.329
2015-08-24 20:00:00+00:00,17.337,18.255,17.029,15.096
2015-08-24 21:00:00+00:00,16.652,18.24,16.829,14.858
2015-08-24 22:00:00+00:00,16.069,18.164,16.65,14.582
2015-08-24 23:00:00+00:00,15.523,18.072,16.436,14.37
2015-08-25 00:00:00+00:00,14.977,17.991,16.272,14.211
2015-08-25 01:00:00+00:00,14.434,17.849,16.162,14.105
2015-08-25 02:00:00+00:00,13.943,17.673,16.159,14.014
2015-08-25 03:00:00+00:00,13.611,17.502,15.99,13.967
2015-08-25 04:00:00+00:00,13.387,17.427,16.36,14.121
2015-08-25 05:00:00+00:00,13.691,17.387,17.032,14.562
2015-08-25 06:00:00+00:00,14.527,17.368,18.009,15.083
2015-08-25 07:00:00+00:00,15.758,17.397,19.131,15.684
2015-08-25 08:00:00+00:00,17.155,17.561,20.068,16.307
2015-08-25 09:00:00+00:00,18.333,17.973,20.69,16.933
2015-08-25 10:00:00+00:00,19.206,18.632,21.083,17.353
2015-08-25 11:00:00+00:00,19.85,19.225,21.237,17.484
2015-08-25 12:00:00+00:00,20.17,19.519,21.178,17.531
2015-08-25 13:00:00+00:00,20.268,19.258,20.915,17.52
2015-08-25 14:00:00+00:00,20.176,18.62,20.449,17.361
2015-08-25 15:00:00+00:00,19.857,18.029,19.748,17.068
2015-08-25 16:00:00+00:00,19.138,17.481,18.844,16.629
2015-08-25 17:00:00+00:00,17.417,16.749,17.857,16.045
2015-08-25 18:00:00+00:00,15.43,15.85,17.038,15.316
2015-08-25 19:00:00+00:00,14.869,15.275,16.503,14.72
2015-08-25 20:00:00+00:00,14.403,14.856,16.012,14.309
2015-08-25 21:00:00+00:00,14.027,14.513,15.578,13.974
2015-08-25 22:00:00+00:00,13.706,14.295,15.246,13.713
2015-08-25 23:00:00+00:00,13.424,14.177,14.977,13.503
2015-08-26 00:00:00+00:00,13.203,14.179,14.747,13.342
2015-08-26 01:00:00+00:00,12.985,14.351,14.555,13.272
2015-08-26 02:00:00+00:00,12.786,14.484,14.41,13.134
2015-08-26 03:00:00+00:00,12.566,14.434,14.173,12.973
2015-08-26 04:00:00+00:00,12.463,14.589,14.192,12.884
2015-08-26 05:00:00+00:00,13.732,15.056,14.693,13.196
2015-08-26 06:00:00+00:00,15.667,15.677,15.453,13.728
2015-08-26 07:00:00+00:00,18.522,16.449,16.494,14.4
2015-08-26 08:00:00+00:00,20.778,17.16,17.324,15.251
2015-08-26 09:00:00+00:00,22.348,17.779,17.885,16.114
2015-08-26 10:00:00+00:00,23.625,18.415,18.276,16.671
2015-08-26 11:00:00+00:00,24.661,19.01,18.598,16.886
2015-08-26 12:00:00+00:00,25.401,19.506,18.891,16.738
2015-08-26 13:00:00+00:00,25.794,19.809,19.07,16.328
2015-08-26 14:00:00+00:00,25.814,19.902,18.979,16.042
2015-08-26 15:00:00+00:00,25.492,19.848,18.651,15.707
2015-08-26 16:00:00+00:00,24.503,19.599,18.057,15.268
2015-08-26 17:00:00+00:00,21.977,19.063,17.103,14.796
2015-08-26 18:00:00+00:00,19.788,18.547,16.457,14.308
2015-08-26 19:00:00+00:00,19.178,18.419,16.285,14.035
2015-08-26 20:00:00+00:00,18.63,18.336,16.097,13.941
2015-08-26 21:00:00+00:00,18.106,18.253,15.928,13.922
2015-08-26 22:00:00+00:00,17.685,18.211,15.804,13.966
2015-08-26 23:00:00+00:00,17.214,18.162,15.653,13.974
2015-08-27 00:00:00+00:00,16.852,18.029,15.55,13.915
2015-08-27 01:00:00+00:00,16.542,17.972,15.55,13.834
2015-08-27 02:00:00+00:00,16.253,17.727,15.539,13.747
2015-08-27 03:00:00+00:00,15.934,17.443,15.613,13.679
2015-08-27 04:00:00+00:00,15.729,17.168,15.862,13.719
2015-08-27 05:00:00+00:00,16.698,17.298,16.263,14.129
2015-08-27 06:00:00+00:00,18.085,17.419,16.849,14.635
2015-08-27 07:00:00+00:00,19.647,17.529,17.67,15.137
2015-08-27 08:00:00+00:00,20.997,17.861,18.392,15.723
2015-08-27 09:00:00+00:00,21.966,18.48,18.91,16.262
2015-08-27 10:00:00+00:00,22.869,19.005,19.153,16.666
2015-08-27 11:00:00+00:00,23.417,19.089,19.314,16.745
2015-08-27 12:00:00+00:00,23.608,18.857,19.232,16.632
2015-08-27 13:00:00+00:00,23.533,18.628,18.971,16.567
2015-08-27 14:00:00+00:00,23.207,18.388,18.743,16.326
2015-08-27 15:00:00+00:00,22.416,17.928,18.388,15.849
2015-08-27 16:00:00+00:00,21.188,17.251,17.693,15.236
2015-08-27 17:00:00+00:00,19.635,16.479,17.01,14.471
2015-08-27 18:00:00+00:00,18.518,15.866,16.337,13.713
2015-08-27 19:00:00+00:00,17.844,15.484,15.906,13.267
2015-08-27 20:00:00+00:00,17.159,15.106,15.581,12.895
2015-08-27 21:00:00+00:00,16.537,14.739,15.351,12.51
2015-08-27 22:00:00+00:00,16.041,14.43,15.118,12.142
2015-08-27 23:00:00+00:00,15.598,14.099,14.794,11.839
2015-08-28 00:00:00+00:00,15.211,13.845,14.489,11.497
2015-08-28 01:00:00+00:00,14.784,13.619,14.19,11.149
2015-08-28 02:00:00+00:00,14.401,13.369,13.952,10.845
2015-08-28 03:00:00+00:00,14.032,13.183,13.77,10.492
2015-08-28 04:00:00+00:00,13.748,13.273,13.792,10.364
2015-08-28 05:00:00+00:00,14.561,14.396,14.248,10.88
2015-08-28 06:00:00+00:00,15.727,15.307,14.8,11.531
2015-08-28 07:00:00+00:00,17.238,16.299,15.516,12.408
2015-08-28 08:00:00+00:00,18.755,17.272,16.619,13.406
2015-08-28 09:00:00+00:00,20.016,18.001,17.504,14.276
2015-08-28 10:00:00+00:00,21.061,18.524,18.068,14.959
2015-08-28 11:00:00+00:00,21.89,18.881,18.432,15.39
2015-08-28 12:00:00+00:00,22.449,19.057,18.594,15.562
2015-08-28 13:00:00+00:00,22.742,19.064,18.563,15.523
2015-08-28 14:00:00+00:00,22.745,18.91,18.349,15.348
2015-08-28 15:00:00+00:00,22.417,18.562,17.899,14.926
2015-08-28 16:00:00+00:00,21.622,17.936,17.181,14.269
2015-08-28 17:00:00+00:00,19.871,16.785,16.062,13.344
2015-08-28 18:00:00+00:00,17.812,15.47,15.003,12.164
2015-08-28 19:00:00+00:00,17.007,15.073,14.484,11.498
2015-08-28 20:00:00+00:00,16.384,14.788,14.073,11.038
2015-08-28 21:00:00+00:00,15.803,14.52,13.74,10.634
2015-08-28 22:00:00+00:00,15.175,14.22,13.482,10.335
2015-08-28 23:00:00+00:00,14.606,13.908,13.233,10.208
2015-08-29 00:00:00+00:00,14.057,13.651,13.01,10.045
2015-08-29 01:00:00+00:00,13.559,13.407,12.819,9.84
2015-08-29 02:00:00+00:00,13.151,13.205,12.65,9.62
2015-08-29 03:00:00+00:00,12.827,13.045,12.475,9.393
2015-08-29 04:00:00+00:00,12.666,13.144,12.641,9.471
2015-08-29 05:00:00+00:00,14.365,14.546,13.595,10.489
2015-08-29 06:00:00+00:00,16.665,15.649,14.796,11.559
2015-08-29 07:00:00+00:00,19.385,16.691,15.977,12.745
2015-08-29 08:00:00+00:00,21.65,17.66,16.949,13.769
2015-08-29 09:00:00+00:00,23.399,18.433,17.787,14.596
2015-08-29 10:00:00+00:00,24.73,19.009,18.497,15.212
2015-08-29 11:00:00+00:00,25.715,19.373,18.977,15.599
2015-08-29 12:00:00+00:00,26.4,19.548,19.226,15.779
2015-08-29 13:00:00+00:00,26.743,19.557,19.258,15.728
2015-08-29 14:00:00+00:00,26.724,19.414,19.059,15.408
2015-08-29 15:00:00+00:00,26.398,19.054,18.593,15.04
2015-08-29 16:00:00+00:00,25.621,18.377,17.783,14.517
2015-08-29 17:00:00+00:00,23.661,17.138,16.424,13.661
2015-08-29 18:00:00+00:00,21.456,15.985,15.155,12.492
2015-08-29 19:00:00+00:00,20.251,15.535,14.506,11.877
2015-08-29 20:00:00+00:00,19.513,15.134,14.053,11.598
2015-08-29 21:00:00+00:00,18.953,14.839,13.683,11.316
2015-08-29 22:00:00+00:00,18.466,14.652,13.34,11.029
2015-08-29 23:00:00+00:00,18.072,14.561,13.133,10.768
2015-08-30 00:00:00+00:00,17.765,14.47,12.959,10.632
2015-08-30 01:00:00+00:00,17.549,14.45,12.814,10.478
2015-08-30 02:00:00+00:00,17.389,14.352,12.728,10.284
2015-08-30 03:00:00+00:00,17.195,14.272,12.642,10.006
2015-08-30 04:00:00+00:00,17.022,14.363,12.972,9.917
2015-08-30 05:00:00+00:00,18.408,15.106,13.872,10.974
2015-08-30 06:00:00+00:00,20.113,16.037,14.869,11.971
2015-08-30 07:00:00+00:00,22.493,16.602,15.856,13.131
2015-08-30 08:00:00+00:00,25.222,17.263,16.782,14.305
2015-08-30 09:00:00+00:00,27.188,17.953,17.596,15.292
2015-08-30 10:00:00+00:00,28.641,18.527,18.308,15.956
2015-08-30 11:00:00+00:00,29.685,18.885,18.794,16.347
2015-08-30 12:00:00+00:00,30.358,19.088,19.067,16.498
2015-08-30 13:00:00+00:00,30.549,19.222,19.124,16.435
2015-08-30 14:00:00+00:00,30.296,19.17,18.928,16.197
2015-08-30 15:00:00+00:00,29.754,18.985,18.518,15.785
2015-08-30 16:00:00+00:00,28.609,18.581,17.683,15.136
2015-08-30 17:00:00+00:00,26.537,17.695,15.933,13.872
2015-08-30 18:00:00+00:00,25.148,16.765,14.835,12.452
2015-08-30 19:00:00+00:00,24.266,16.457,14.563,11.963
2015-08-30 20:00:00+00:00,23.446,16.183,14.253,11.55
2015-08-30 21:00:00+00:00,22.858,15.945,14.01,11.176
2015-08-30 22:00:00+00:00,22.254,15.722,13.792,10.852
2015-08-30 23:00:00+00:00,21.605,15.549,13.527,10.577
2015-08-31 00:00:00+00:00,20.957,15.419,13.344,10.239
2015-08-31 01:00:00+00:00,20.241,15.343,13.147,9.979
2015-08-31 02:00:00+00:00,19.566,15.309,12.951,9.753
2015-08-31 03:00:00+00:00,18.979,15.243,12.732,9.557
2015-08-31 04:00:00+00:00,18.524,15.194,12.903,9.474
2015-08-31 05:00:00+00:00,19.547,15.682,13.879,10.244
2015-08-31 06:00:00+00:00,21.146,16.23,14.875,11.131
2015-08-31 07:00:00+00:00,23.195,16.731,16.329,12.16
2015-08-31 08:00:00+00:00,25.738,17.215,17.508,13.075
2015-08-31 09:00:00+00:00,27.75,17.54,18.13,13.976
2015-08-31 10:00:00+00:00,29.196,17.752,18.393,14.747
2015-08-31 11:00:00+00:00,30.172,18.022,18.424,15.353
2015-08-31 12:00:00+00:00,30.736,18.277,18.301,15.675
2015-08-31 13:00:00+00:00,30.881,18.444,18.116,15.718
2015-08-31 14:00:00+00:00,30.614,18.481,17.697,15.539
2015-08-31 15:00:00+00:00,29.93,18.293,17.121,15.585
2015-08-31 16:00:00+00:00,28.443,17.817,16.418,15.077
2015-08-31 17:00:00+00:00,25.539,17.047,15.635,14.203
2015-08-31 18:00:00+00:00,23.332,16.514,15.029,13.462
2015-08-31 19:00:00+00:00,22.586,16.331,14.716,12.919
2015-08-31 20:00:00+00:00,21.986,16.237,14.453,12.204
2015-08-31 21:00:00+00:00,21.34,16.17,14.203,11.38
2015-08-31 22:00:00+00:00,20.643,16.09,13.964,10.884
2015-08-31 23:00:00+00:00,19.97,16.009,13.731,10.773
2015-09-01 00:00:00+00:00,19.336,15.881,13.525,10.711
2015-09-01 01:00:00+00:00,18.787,15.751,13.356,10.534
2015-09-01 02:00:00+00:00,18.321,15.603,13.232,10.308
2015-09-01 03:00:00+00:00,17.963,15.675,13.117,10.139
2015-09-01 04:00:00+00:00,17.699,15.908,13.124,10.121
2015-09-01 05:00:00+00:00,18.382,16.54,13.46,10.566
2015-09-01 06:00:00+00:00,19.563,17.103,13.892,11.231
2015-09-01 07:00:00+00:00,20.963,17.729,14.451,11.994
2015-09-01 08:00:00+00:00,22.097,18.332,15.038,12.764
2015-09-01 09:00:00+00:00,22.788,18.807,15.514,13.451
2015-09-01 10:00:00+00:00,23.128,19.165,15.904,13.894
2015-09-01 11:00:00+00:00,23.011,19.352,16.218,14.107
2015-09-01 12:00:00+00:00,22.431,19.224,16.414,14.079
2015-09-01 13:00:00+00:00,21.456,18.982,16.432,13.867
2015-09-01 14:00:00+00:00,20.351,18.605,16.256,13.551
2015-09-01 15:00:00+00:00,19.244,18.075,15.944,13.182
2015-09-01 16:00:00+00:00,18.154,17.445,15.496,12.752
2015-09-01 17:00:00+00:00,16.974,16.702,14.979,12.193
2015-09-01 18:00:00+00:00,15.579,15.988,14.62,11.602
2015-09-01 19:00:00+00:00,14.655,15.562,14.382,11.264
2015-09-01 20:00:00+00:00,13.864,15.22,14.183,11.056
2015-09-01 21:00:00+00:00,13.211,14.937,14.064,10.858
2015-09-01 22:00:00+00:00,12.685,14.681,13.965,10.669
2015-09-01 23:00:00+00:00,12.24,14.448,13.845,10.496
2015-09-02 00:00:00+00:00,11.866,14.271,13.723,10.421
2015-09-02 01:00:00+00:00,11.529,14.108,13.634,10.376
2015-09-02 02:00:00+00:00,11.247,13.984,13.515,10.321
2015-09-02 03:00:00+00:00,10.986,13.856,13.328,10.267
2015-09-02 04:00:00+00:00,10.76,13.796,13.197,10.254
2015-09-02 05:00:00+00:00,11.554,14.166,13.354,10.432
2015-09-02 06:00:00+00:00,13.184,14.821,13.686,10.679
2015-09-02 07:00:00+00:00,15.195,15.531,14.097,11.033
2015-09-02 08:00:00+00:00,16.848,16.211,14.643,11.493
2015-09-02 09:00:00+00:00,18.014,16.761,15.164,11.977
2015-09-02 10:00:00+00:00,18.831,17.196,15.56,12.484
2015-09-02 11:00:00+00:00,19.38,17.487,15.86,12.911
2015-09-02 12:00:00+00:00,19.642,17.571,16.053,13.216
2015-09-02 13:00:00+00:00,19.669,17.479,16.109,13.309
2015-09-02 14:00:00+00:00,19.384,17.223,15.938,13.298
2015-09-02 15:00:00+00:00,18.84,16.811,15.628,13.141
2015-09-02 16:00:00+00:00,18.062,16.198,15.1,12.776
2015-09-02 17:00:00+00:00,16.479,15.304,14.152,12.168
2015-09-02 18:00:00+00:00,14.817,14.403,13.377,11.555
2015-09-02 19:00:00+00:00,14.12,13.918,12.954,11.203
2015-09-02 20:00:00+00:00,13.506,13.61,12.588,10.969
2015-09-02 21:00:00+00:00,12.95,13.351,12.313,10.75
2015-09-02 22:00:00+00:00,12.466,13.117,12.056,10.578
2015-09-02 23:00:00+00:00,12.07,12.91,11.869,10.375
2015-09-03 00:00:00+00:00,11.708,12.72,11.704,10.207
2015-09-03 01:00:00+00:00,11.437,12.517,11.521,10.062
2015-09-03 02:00:00+00:00,11.235,12.336,11.371,9.923
2015-09-03 03:00:00+00:00,11.029,12.189,11.244,9.793
2015-09-03 04:00:00+00:00,10.763,12.147,11.379,9.731
2015-09-03 05:00:00+00:00,11.43,13.056,12.295,10.122
2015-09-03 06:00:00+00:00,12.84,13.927,13.23,10.724
2015-09-03 07:00:00+00:00,14.787,14.763,14.194,11.404
2015-09-03 08:00:00+00:00,16.313,15.484,15.153,12.179
2015-09-03 09:00:00+00:00,17.425,16.072,15.972,12.861
2015-09-03 10:00:00+00:00,18.156,16.473,16.536,13.427
2015-09-03 11:00:00+00:00,18.582,16.766,16.866,13.875
2015-09-03 12:00:00+00:00,18.713,16.901,17.019,14.353
2015-09-03 13:00:00+00:00,18.595,16.837,16.965,14.577
2015-09-03 14:00:00+00:00,18.26,16.598,16.699,14.492
2015-09-03 15:00:00+00:00,17.752,16.233,16.163,14.42
2015-09-03 16:00:00+00:00,16.933,15.64,15.312,13.763
2015-09-03 17:00:00+00:00,15.378,14.46,13.738,12.602
2015-09-03 18:00:00+00:00,13.882,13.391,12.816,11.58
2015-09-03 19:00:00+00:00,13.177,13.025,12.397,11.061
2015-09-03 20:00:00+00:00,12.499,12.726,12.035,10.613
2015-09-03 21:00:00+00:00,11.847,12.515,11.734,10.187
2015-09-03 22:00:00+00:00,11.274,12.342,11.51,9.852
2015-09-03 23:00:00+00:00,10.776,12.184,11.329,9.605
2015-09-04 00:00:00+00:00,10.349,12.011,11.13,9.385
2015-09-04 01:00:00+00:00,9.951,11.899,10.91,9.171
2015-09-04 02:00:00+00:00,9.592,11.868,10.707,8.932
2015-09-04 03:00:00+00:00,9.209,11.84,10.483,8.662
2015-09-04 04:00:00+00:00,8.878,11.785,10.5,8.541
2015-09-04 05:00:00+00:00,9.934,12.515,11.371,9.097
2015-09-04 06:00:00+00:00,11.679,13.447,12.527,9.949
2015-09-04 07:00:00+00:00,14.036,14.116,13.651,10.998
2015-09-04 08:00:00+00:00,15.699,14.632,14.412,11.88
2015-09-04 09:00:00+00:00,16.74,15.023,15.01,12.549
2015-09-04 10:00:00+00:00,17.472,15.325,15.617,13.19
2015-09-04 11:00:00+00:00,17.947,15.564,15.993,13.504
2015-09-04 12:00:00+00:00,18.208,15.65,16.115,13.625
2015-09-04 13:00:00+00:00,18.233,15.571,16.031,13.557
2015-09-04 14:00:00+00:00,17.942,15.356,15.716,13.301
2015-09-04 15:00:00+00:00,17.414,15.076,15.237,12.819
2015-09-04 16:00:00+00:00,16.535,14.621,14.383,12.077
2015-09-04 17:00:00+00:00,14.73,13.982,12.797,10.997
2015-09-04 18:00:00+00:00,12.933,13.431,12.047,10.136
2015-09-04 19:00:00+00:00,12.178,13.335,11.875,9.772
2015-09-04 20:00:00+00:00,11.609,13.272,11.635,9.506
2015-09-04 21:00:00+00:00,11.17,13.162,11.371,9.297
2015-09-04 22:00:00+00:00,10.798,12.936,11.126,9.176
2015-09-04 23:00:00+00:00,10.499,12.692,10.97,9.045
2015-09-05 00:00:00+00:00,10.275,12.564,10.835,8.851
2015-09-05 01:00:00+00:00,10.086,12.444,10.686,8.659
2015-09-05 02:00:00+00:00,9.9,12.362,10.57,8.488
2015-09-05 03:00:00+00:00,9.718,12.32,10.489,8.276
2015-09-05 04:00:00+00:00,9.617,12.394,10.662,8.145
2015-09-05 05:00:00+00:00,10.226,12.88,11.522,8.18
2015-09-05 06:00:00+00:00,11.46,13.275,12.289,8.346
2015-09-05 07:00:00+00:00,12.852,13.582,13.004,8.537
2015-09-05 08:00:00+00:00,14.146,13.968,13.604,8.826
2015-09-05 09:00:00+00:00,15.29,14.386,13.992,9.257
2015-09-05 10:00:00+00:00,16.092,14.595,14.229,9.706
2015-09-05 11:00:00+00:00,16.52,14.765,14.339,10.059
2015-09-05 12:00:00+00:00,16.739,14.843,14.477,10.361
2015-09-05 13:00:00+00:00,16.647,14.769,14.407,10.623
2015-09-05 14:00:00+00:00,16.217,14.562,14.167,10.811
2015-09-05 15:00:00+00:00,15.504,14.22,13.739,10.9
2015-09-05 16:00:00+00:00,14.501,13.673,13.089,10.725
2015-09-05 17:00:00+00:00,13.175,13.056,12.253,10.28
2015-09-05 18:00:00+00:00,11.965,12.673,11.752,9.771
2015-09-05 19:00:00+00:00,11.276,12.545,11.49,9.462
2015-09-05 20:00:00+00:00,10.692,12.538,11.311,9.196
2015-09-05 21:00:00+00:00,10.245,12.638,11.252,8.968
2015-09-05 22:00:00+00:00,9.877,12.724,11.248,8.741
2015-09-05 23:00:00+00:00,9.537,12.715,11.217,8.494
2015-09-06 00:00:00+00:00,9.267,12.634,11.144,8.201
2015-09-06 01:00:00+00:00,9.042,12.591,11.041,7.871
2015-09-06 02:00:00+00:00,8.834,12.553,10.923,7.547
2015-09-06 03:00:00+00:00,8.688,12.504,10.771,7.228
2015-09-06 04:00:00+00:00,8.574,12.424,10.633,6.97
2015-09-06 05:00:00+00:00,8.837,12.609,10.743,7.275
2015-09-06 06:00:00+00:00,9.762,13.164,11.053,8.109
2015-09-06 07:00:00+00:00,11.16,13.933,11.537,8.986
2015-09-06 08:00:00+00:00,12.627,14.654,12.114,9.789
2015-09-06 09:00:00+00:00,13.9,15.192,12.656,10.554
2015-09-06 10:00:00+00:00,14.755,15.644,13.114,11.253
2015-09-06 11:00:00+00:00,15.37,15.945,13.436,11.807
2015-09-06 12:00:00+00:00,15.705,16.126,13.6,12.163
2015-09-06 13:00:00+00:00,15.754,16.119,13.598,12.29
2015-09-06 14:00:00+00:00,15.511,15.91,13.407,12.184
2015-09-06 15:00:00+00:00,14.97,15.43,13.021,11.858
2015-09-06 16:00:00+00:00,14.161,14.649,12.394,11.107
2015-09-06 17:00:00+00:00,12.719,13.419,11.516,9.466
2015-09-06 18:00:00+00:00,11.319,12.288,10.861,8.109
2015-09-06 19:00:00+00:00,10.634,11.823,10.446,7.792
2015-09-06 20:00:00+00:00,10.085,11.469,10.043,7.475
2015-09-06 21:00:00+00:00,9.646,11.152,9.753,7.155
2015-09-06 22:00:00+00:00,9.349,10.825,9.521,6.838
2015-09-06 23:00:00+00:00,9.13,10.593,9.248,6.567
2015-09-07 00:00:00+00:00,8.952,10.399,9.024,6.405
2015-09-07 01:00:00+00:00,8.824,10.29,8.783,6.301
2015-09-07 02:00:00+00:00,8.732,10.201,8.534,6.247
2015-09-07 03:00:00+00:00,8.65,9.948,8.194,6.144
2015-09-07 04:00:00+00:00,8.597,9.685,7.919,6.154
2015-09-07 05:00:00+00:00,9.248,10.701,8.477,7.139
2015-09-07 06:00:00+00:00,10.537,12.144,9.534,8.359
2015-09-07 07:00:00+00:00,12.042,13.249,10.842,9.833
2015-09-07 08:00:00+00:00,13.404,14.325,12.055,11.227
2015-09-07 09:00:00+00:00,14.564,15.076,13.049,12.3
2015-09-07 10:00:00+00:00,15.507,15.617,13.807,13.122
2015-09-07 11:00:00+00:00,16.308,15.98,14.345,13.675
2015-09-07 12:00:00+00:00,16.915,16.186,14.668,14.081
2015-09-07 13:00:00+00:00,17.215,16.215,14.778,14.255
2015-09-07 14:00:00+00:00,17.117,16.043,14.636,14.15
2015-09-07 15:00:00+00:00,16.654,15.674,14.179,13.764
2015-09-07 16:00:00+00:00,15.701,14.977,13.334,13.029
2015-09-07 17:00:00+00:00,13.708,13.484,12.356,11.904
2015-09-07 18:00:00+00:00,12.145,12.483,11.778,10.903
2015-09-07 19:00:00+00:00,11.483,12.216,11.55,10.351
2015-09-07 20:00:00+00:00,10.834,11.952,11.359,9.803
2015-09-07 21:00:00+00:00,10.224,11.829,11.155,9.375
2015-09-07 22:00:00+00:00,9.706,11.779,10.865,8.915
2015-09-07 23:00:00+00:00,9.314,11.694,10.496,8.449
2015-09-08 00:00:00+00:00,9.029,11.612,10.134,8.212
2015-09-08 01:00:00+00:00,8.819,11.562,9.74,7.987
2015-09-08 02:00:00+00:00,8.672,11.605,9.375,7.755
2015-09-08 03:00:00+00:00,8.52,11.594,9.033,7.539
2015-09-08 04:00:00+00:00,8.39,11.387,8.749,7.415
2015-09-08 05:00:00+00:00,9.327,12.255,9.306,8.274
2015-09-08 06:00:00+00:00,11.31,13.488,10.328,9.463
2015-09-08 07:00:00+00:00,13.552,14.246,11.556,10.893
2015-09-08 08:00:00+00:00,15.326,14.996,12.765,12.382
2015-09-08 09:00:00+00:00,16.584,15.653,13.751,13.406
2015-09-08 10:00:00+00:00,17.411,16.188,14.455,14.042
2015-09-08 11:00:00+00:00,18.079,16.575,14.904,14.492
2015-09-08 12:00:00+00:00,18.546,16.806,15.169,14.728
2015-09-08 13:00:00+00:00,18.715,16.856,15.192,14.801
2015-09-08 14:00:00+00:00,18.523,16.719,14.97,14.74
2015-09-08 15:00:00+00:00,17.971,16.378,14.445,14.548
2015-09-08 16:00:00+00:00,16.932,15.681,13.375,14.012
2015-09-08 17:00:00+00:00,14.724,13.996,11.539,12.872
2015-09-08 18:00:00+00:00,13.091,12.821,10.55,12.006
2015-09-08 19:00:00+00:00,12.396,12.366,10.074,11.578
2015-09-08 20:00:00+00:00,11.7,11.956,9.697,11.144
2015-09-08 21:00:00+00:00,11.02,11.47,9.309,10.573
2015-09-08 22:00:00+00:00,10.458,10.97,8.867,9.968
2015-09-08 23:00:00+00:00,9.956,10.525,8.461,9.465
2015-09-09 00:00:00+00:00,9.464,10.131,8.369,9.194
2015-09-09 01:00:00+00:00,8.99,9.821,8.22,8.92
2015-09-09 02:00:00+00:00,8.537,9.589,7.98,8.673
2015-09-09 03:00:00+00:00,8.106,9.411,7.699,8.531
2015-09-09 04:00:00+00:00,7.709,9.358,7.745,8.438
2015-09-09 05:00:00+00:00,8.648,10.247,8.886,9.108
2015-09-09 06:00:00+00:00,11.109,12.016,10.221,10.474
2015-09-09 07:00:00+00:00,13.757,13.592,12.08,11.998
2015-09-09 08:00:00+00:00,15.727,15.163,13.9,13.366
2015-09-09 09:00:00+00:00,16.951,16.11,15.006,14.582
2015-09-09 10:00:00+00:00,17.856,16.743,15.728,15.605
2015-09-09 11:00:00+00:00,18.524,17.181,16.268,16.382
2015-09-09 12:00:00+00:00,18.879,17.438,16.576,16.887
2015-09-09 13:00:00+00:00,18.937,17.513,16.626,17.09
2015-09-09 14:00:00+00:00,18.681,17.4,16.388,16.963
2015-09-09 15:00:00+00:00,18.102,17.052,16.075,16.895
2015-09-09 16:00:00+00:00,16.976,16.254,14.931,16.018
2015-09-09 17:00:00+00:00,14.221,14.567,13.606,14.759
2015-09-09 18:00:00+00:00,12.415,13.512,12.827,13.847
2015-09-09 19:00:00+00:00,11.819,12.934,12.266,13.381
2015-09-09 20:00:00+00:00,11.118,12.484,11.708,12.922
2015-09-09 21:00:00+00:00,10.449,12.078,11.203,12.403
2015-09-09 22:00:00+00:00,9.808,11.697,10.777,11.802
2015-09-09 23:00:00+00:00,9.191,11.403,10.364,11.192
2015-09-10 00:00:00+00:00,8.631,11.17,9.988,10.647
2015-09-10 01:00:00+00:00,8.131,10.9,9.657,10.201
2015-09-10 02:00:00+00:00,7.734,10.629,9.415,9.811
2015-09-10 03:00:00+00:00,7.406,10.498,9.179,9.426
2015-09-10 04:00:00+00:00,7.126,10.475,9.02,8.936
2015-09-10 05:00:00+00:00,7.841,11.205,10.007,9.517
2015-09-10 06:00:00+00:00,9.674,12.625,11.238,11.054
2015-09-10 07:00:00+00:00,12.317,13.473,12.627,12.547
2015-09-10 08:00:00+00:00,14.748,14.493,14.441,14.053
2015-09-10 09:00:00+00:00,16.422,15.418,15.86,15.591
2015-09-10 10:00:00+00:00,17.559,16.125,16.726,16.782
2015-09-10 11:00:00+00:00,18.301,16.513,17.275,17.491
2015-09-10 12:00:00+00:00,18.648,16.702,17.601,17.823
2015-09-10 13:00:00+00:00,18.665,16.732,17.667,17.891
2015-09-10 14:00:00+00:00,18.361,16.593,17.514,17.696
2015-09-10 15:00:00+00:00,17.748,16.21,17.151,17.466
2015-09-10 16:00:00+00:00,16.615,15.563,15.458,16.266
2015-09-10 17:00:00+00:00,14.122,14.603,13.544,14.684
2015-09-10 18:00:00+00:00,12.386,13.89,12.5,13.575
2015-09-10 19:00:00+00:00,11.67,13.501,11.914,12.922
2015-09-10 20:00:00+00:00,10.921,13.155,11.425,12.357
2015-09-10 21:00:00+00:00,10.243,12.906,10.9,11.711
2015-09-10 22:00:00+00:00,9.684,12.618,10.43,11.072
2015-09-10 23:00:00+00:00,9.18,12.41,10.155,10.481
2015-09-11 00:00:00+00:00,8.709,12.272,10.013,10.012
2015-09-11 01:00:00+00:00,8.274,12.223,9.849,9.629
2015-09-11 02:00:00+00:00,7.877,12.223,9.647,9.447
2015-09-11 03:00:00+00:00,7.504,12.212,9.514,9.437
2015-09-11 04:00:00+00:00,7.163,12.195,9.462,9.419
2015-09-11 05:00:00+00:00,7.894,12.798,10.58,9.922
2015-09-11 06:00:00+00:00,9.824,13.834,12.036,11.061
2015-09-11 07:00:00+00:00,12.332,14.875,13.596,12.43
2015-09-11 08:00:00+00:00,15.015,15.759,15.103,13.823
2015-09-11 09:00:00+00:00,16.954,16.352,16.262,15.024
2015-09-11 10:00:00+00:00,18.21,16.647,17.005,15.812
2015-09-11 11:00:00+00:00,19.01,16.728,17.401,16.253
2015-09-11 12:00:00+00:00,19.463,16.784,17.535,16.467
2015-09-11 13:00:00+00:00,19.581,16.804,17.397,16.496
2015-09-11 14:00:00+00:00,19.412,16.665,16.936,16.246
2015-09-11 15:00:00+00:00,18.979,16.312,16.196,15.746
2015-09-11 16:00:00+00:00,17.924,15.776,14.91,14.758
2015-09-11 17:00:00+00:00,15.46,15.112,13.3,13.108
2015-09-11 18:00:00+00:00,13.864,14.674,12.649,12.121
2015-09-11 19:00:00+00:00,12.958,14.444,12.152,11.712
2015-09-11 20:00:00+00:00,12.18,14.296,11.722,11.304
2015-09-11 21:00:00+00:00,11.531,14.177,11.409,11.068
2015-09-11 22:00:00+00:00,11.035,14.126,11.283,10.915
2015-09-11 23:00:00+00:00,10.653,14.099,11.303,10.733
2015-09-12 00:00:00+00:00,10.359,14.149,11.339,10.552
2015-09-12 01:00:00+00:00,10.056,14.141,11.293,10.26
2015-09-12 02:00:00+00:00,9.804,14.161,11.36,10.059
2015-09-12 03:00:00+00:00,9.62,14.132,11.45,9.875
2015-09-12 04:00:00+00:00,9.514,13.986,11.649,9.833
2015-09-12 05:00:00+00:00,10.356,14.129,12.354,10.169
2015-09-12 06:00:00+00:00,12.127,14.732,13.212,11.008
2015-09-12 07:00:00+00:00,13.973,15.351,14.13,11.915
2015-09-12 08:00:00+00:00,16.479,15.87,14.995,12.764
2015-09-12 09:00:00+00:00,19.041,16.269,15.657,13.5
2015-09-12 10:00:00+00:00,20.954,16.67,16.143,14.156
2015-09-12 11:00:00+00:00,22.242,17.027,16.401,14.69
2015-09-12 12:00:00+00:00,23.029,17.237,16.374,14.822
2015-09-12 13:00:00+00:00,23.282,17.284,16.172,14.748
2015-09-12 14:00:00+00:00,23.002,17.163,15.879,14.571
2015-09-12 15:00:00+00:00,22.227,16.83,15.394,14.15
2015-09-12 16:00:00+00:00,20.234,16.247,14.603,13.385
2015-09-12 17:00:00+00:00,17.841,15.209,13.555,12.462
2015-09-12 18:00:00+00:00,16.981,14.528,12.854,11.961
2015-09-12 19:00:00+00:00,16.519,14.209,12.51,11.768
2015-09-12 20:00:00+00:00,15.951,14.228,12.351,11.586
2015-09-12 21:00:00+00:00,15.484,14.339,12.249,11.478
2015-09-12 22:00:00+00:00,15.129,14.461,12.149,11.4
2015-09-12 23:00:00+00:00,14.831,14.634,12.051,11.283
2015-09-13 00:00:00+00:00,14.488,14.69,11.963,11.139
2015-09-13 01:00:00+00:00,14.119,14.709,11.89,11.025
2015-09-13 02:00:00+00:00,13.75,14.774,11.807,10.961
2015-09-13 03:00:00+00:00,13.442,14.698,11.786,10.957
2015-09-13 04:00:00+00:00,13.185,14.584,11.807,10.983
2015-09-13 05:00:00+00:00,13.453,14.534,12.379,11.157
2015-09-13 06:00:00+00:00,14.929,14.643,13.013,11.563
2015-09-13 07:00:00+00:00,16.382,14.893,13.697,12.108
2015-09-13 08:00:00+00:00,18.097,15.233,14.363,12.689
2015-09-13 09:00:00+00:00,19.475,15.657,15.037,13.215
2015-09-13 10:00:00+00:00,20.47,16.027,15.597,13.604
2015-09-13 11:00:00+00:00,21.076,16.31,15.921,13.874
2015-09-13 12:00:00+00:00,21.37,16.57,16.019,14.018
2015-09-13 13:00:00+00:00,21.402,16.752,15.904,14.088
2015-09-13 14:00:00+00:00,21.223,16.795,15.583,14.013
2015-09-13 15:00:00+00:00,20.746,16.635,15.091,13.717
2015-09-13 16:00:00+00:00,19.655,16.225,14.414,13.266
2015-09-13 17:00:00+00:00,17.985,15.769,13.693,12.684
2015-09-13 18:00:00+00:00,17.156,15.591,13.223,12.288
2015-09-13 19:00:00+00:00,16.676,15.508,12.923,12.115
2015-09-13 20:00:00+00:00,16.218,15.47,12.845,11.993
2015-09-13 21:00:00+00:00,15.793,15.494,12.92,11.851
2015-09-13 22:00:00+00:00,15.43,15.519,12.962,11.67
2015-09-13 23:00:00+00:00,15.099,15.449,12.935,11.532
2015-09-14 00:00:00+00:00,14.847,15.354,12.909,11.436
2015-09-14 01:00:00+00:00,14.551,15.279,12.891,11.323
2015-09-14 02:00:00+00:00,14.206,15.2,12.859,11.219
2015-09-14 03:00:00+00:00,13.861,15.101,12.88,11.182
2015-09-14 04:00:00+00:00,13.518,14.996,12.923,11.187
2015-09-14 05:00:00+00:00,13.657,15.024,13.285,11.344
2015-09-14 06:00:00+00:00,14.526,15.34,13.838,11.701
2015-09-14 07:00:00+00:00,15.424,15.84,14.495,12.15
2015-09-14 08:00:00+00:00,16.279,16.586,15.167,12.736
2015-09-14 09:00:00+00:00,17.11,17.341,15.721,13.394
2015-09-14 10:00:00+00:00,18.102,17.839,16.18,14.088
2015-09-14 11:00:00+00:00,18.897,18.023,16.403,14.697
2015-09-14 12:00:00+00:00,19.241,17.922,16.285,15.107
2015-09-14 13:00:00+00:00,19.116,17.542,15.958,15.279
2015-09-14 14:00:00+00:00,18.645,17.104,15.557,15.171
2015-09-14 15:00:00+00:00,18.037,16.671,15.119,14.817
2015-09-14 16:00:00+00:00,17.046,16.182,14.631,14.274
2015-09-14 17:00:00+00:00,15.404,15.74,14.209,13.697
2015-09-14 18:00:00+00:00,14.23,15.561,13.984,13.252
2015-09-14 19:00:00+00:00,13.451,15.485,13.83,12.894
2015-09-14 20:00:00+00:00,12.756,15.402,13.74,12.587
2015-09-14 21:00:00+00:00,12.186,15.232,13.661,12.295
2015-09-14 22:00:00+00:00,11.728,14.961,13.569,12.015
2015-09-14 23:00:00+00:00,11.255,14.851,13.479,11.786
2015-09-15 00:00:00+00:00,10.822,14.754,13.393,11.597
2015-09-15 01:00:00+00:00,10.432,14.487,13.274,11.446
2015-09-15 02:00:00+00:00,10.13,14.081,13.192,11.336
2015-09-15 03:00:00+00:00,9.88,13.622,13.131,11.315
2015-09-15 04:00:00+00:00,9.738,13.136,13.076,11.394
2015-09-15 05:00:00+00:00,10.06,12.93,13.249,11.545
2015-09-15 06:00:00+00:00,11.276,13.263,13.567,11.79
2015-09-15 07:00:00+00:00,12.962,13.866,13.897,12.065
2015-09-15 08:00:00+00:00,14.589,14.666,14.178,12.355
2015-09-15 09:00:00+00:00,15.742,15.272,14.471,12.632
2015-09-15 10:00:00+00:00,16.507,15.543,14.81,12.906
2015-09-15 11:00:00+00:00,17.013,15.539,15.235,13.159
2015-09-15 12:00:00+00:00,17.357,15.278,15.661,13.378
2015-09-15 13:00:00+00:00,17.518,14.925,15.889,13.39
2015-09-15 14:00:00+00:00,17.405,14.638,15.688,13.1
2015-09-15 15:00:00+00:00,17.046,14.337,15.117,12.539
2015-09-15 16:00:00+00:00,16.135,13.776,14.198,11.877
2015-09-15 17:00:00+00:00,14.096,13.194,13.237,11.237
2015-09-15 18:00:00+00:00,12.652,12.874,12.705,10.786
2015-09-15 19:00:00+00:00,11.999,12.694,12.32,10.463
2015-09-15 20:00:00+00:00,11.669,12.647,12.069,10.192
2015-09-15 21:00:00+00:00,11.476,12.755,11.807,9.96
2015-09-15 22:00:00+00:00,11.403,12.911,11.523,9.745
2015-09-15 23:00:00+00:00,11.315,13.026,11.401,9.563
2015-09-16 00:00:00+00:00,11.262,13.006,11.366,9.409
2015-09-16 01:00:00+00:00,11.215,12.926,11.294,9.288
2015-09-16 02:00:00+00:00,11.163,12.931,11.439,9.215
2015-09-16 03:00:00+00:00,11.068,12.862,11.593,9.164
2015-09-16 04:00:00+00:00,11.066,12.779,11.607,9.141
2015-09-16 05:00:00+00:00,11.48,12.866,11.966,9.231
2015-09-16 06:00:00+00:00,12.563,13.389,12.631,9.613
2015-09-16 07:00:00+00:00,14.012,14.159,13.405,10.127
2015-09-16 08:00:00+00:00,15.848,15.052,14.192,10.711
2015-09-16 09:00:00+00:00,17.415,15.777,14.938,11.267
2015-09-16 10:00:00+00:00,18.576,16.013,15.566,11.82
2015-09-16 11:00:00+00:00,19.584,16.008,15.913,12.295
2015-09-16 12:00:00+00:00,20.287,15.901,15.936,12.692
2015-09-16 13:00:00+00:00,20.625,15.668,15.845,12.988
2015-09-16 14:00:00+00:00,20.668,15.313,15.576,12.981
2015-09-16 15:00:00+00:00,20.373,14.991,14.948,12.707
2015-09-16 16:00:00+00:00,19.325,14.77,14.142,12.086
2015-09-16 17:00:00+00:00,18.028,14.659,13.497,11.14
2015-09-16 18:00:00+00:00,17.466,14.813,13.281,10.652
2015-09-16 19:00:00+00:00,17.076,15.084,13.248,10.315
2015-09-16 20:00:00+00:00,16.592,15.282,13.293,10.039
2015-09-16 21:00:00+00:00,16.247,15.433,13.383,9.901
2015-09-16 22:00:00+00:00,15.942,15.529,13.482,9.84
2015-09-16 23:00:00+00:00,15.746,15.47,13.526,9.87
2015-09-17 00:00:00+00:00,15.5,15.568,13.557,9.852
2015-09-17 01:00:00+00:00,15.169,15.74,13.687,9.83
2015-09-17 02:00:00+00:00,14.721,15.633,13.842,9.902
2015-09-17 03:00:00+00:00,14.314,15.395,13.936,9.977
2015-09-17 04:00:00+00:00,13.99,15.209,14.068,10.2
2015-09-17 05:00:00+00:00,14.1,15.116,14.279,10.42
2015-09-17 06:00:00+00:00,15.434,15.502,14.533,10.984
2015-09-17 07:00:00+00:00,16.99,16.168,14.824,11.693
2015-09-17 08:00:00+00:00,18.265,17.056,15.248,12.409
2015-09-17 09:00:00+00:00,18.961,17.778,15.843,13.01
2015-09-17 10:00:00+00:00,19.354,18.169,16.468,13.563
2015-09-17 11:00:00+00:00,19.496,17.959,16.896,13.976
2015-09-17 12:00:00+00:00,19.375,17.765,17.128,14.093
2015-09-17 13:00:00+00:00,18.902,17.454,17.2,14.066
2015-09-17 14:00:00+00:00,18.065,17.098,16.949,13.983
2015-09-17 15:00:00+00:00,16.902,16.552,16.483,13.734
2015-09-17 16:00:00+00:00,15.476,15.795,15.817,13.174
2015-09-17 17:00:00+00:00,13.927,15.185,15.223,12.381
2015-09-17 18:00:00+00:00,12.896,14.842,14.863,12.119
2015-09-17 19:00:00+00:00,12.235,14.603,14.658,12.004
2015-09-17 20:00:00+00:00,11.722,14.4,14.565,11.858
2015-09-17 21:00:00+00:00,11.35,14.201,14.411,11.759
2015-09-17 22:00:00+00:00,11.049,13.953,14.226,11.597
2015-09-17 23:00:00+00:00,10.793,13.76,14.015,11.43
2015-09-18 00:00:00+00:00,10.6,13.681,13.855,11.352
2015-09-18 01:00:00+00:00,10.403,13.669,13.671,11.372
2015-09-18 02:00:00+00:00,10.154,13.597,13.522,11.232
2015-09-18 03:00:00+00:00,9.855,13.43,13.398,11.047
2015-09-18 04:00:00+00:00,9.595,13.205,13.272,10.869
2015-09-18 05:00:00+00:00,9.844,13.133,13.304,10.837
2015-09-18 06:00:00+00:00,11.352,13.692,13.568,11.187
2015-09-18 07:00:00+00:00,13.12,14.475,13.893,11.564
2015-09-18 08:00:00+00:00,15.036,15.191,14.256,12.066
2015-09-18 09:00:00+00:00,16.4,15.763,14.721,12.728
2015-09-18 10:00:00+00:00,17.318,16.288,15.075,13.559
2015-09-18 11:00:00+00:00,17.926,16.665,15.431,14.309
2015-09-18 12:00:00+00:00,18.283,16.903,15.722,14.604
2015-09-18 13:00:00+00:00,18.365,16.983,15.848,14.468
2015-09-18 14:00:00+00:00,18.116,16.858,15.791,13.965
2015-09-18 15:00:00+00:00,17.578,16.404,15.421,13.306
2015-09-18 16:00:00+00:00,16.333,15.573,14.767,12.563
2015-09-18 17:00:00+00:00,13.888,14.429,14.087,11.74
2015-09-18 18:00:00+00:00,12.828,13.789,13.655,11.24
2015-09-18 19:00:00+00:00,12.311,13.361,13.282,10.835
2015-09-18 20:00:00+00:00,11.856,13.042,12.936,10.376
2015-09-18 21:00:00+00:00,11.389,12.778,12.656,9.983
2015-09-18 22:00:00+00:00,10.938,12.516,12.473,9.46
2015-09-18 23:00:00+00:00,10.541,12.262,12.32,9.012
2015-09-19 00:00:00+00:00,10.134,12.023,12.201,8.664
2015-09-19 01:00:00+00:00,9.756,11.828,12.094,8.271
2015-09-19 02:00:00+00:00,9.465,11.648,11.947,7.953
2015-09-19 03:00:00+00:00,9.261,11.459,11.738,7.693
2015-09-19 04:00:00+00:00,9.104,11.305,11.491,7.443
2015-09-19 05:00:00+00:00,9.458,11.571,11.61,7.543
2015-09-19 06:00:00+00:00,11.157,13.045,12.269,8.447
2015-09-19 07:00:00+00:00,13.141,13.998,13.042,9.471
2015-09-19 08:00:00+00:00,15.28,14.807,13.906,10.627
2015-09-19 09:00:00+00:00,16.526,15.445,14.756,11.631
2015-09-19 10:00:00+00:00,17.25,15.929,15.418,12.41
2015-09-19 11:00:00+00:00,17.666,16.244,15.762,12.93
2015-09-19 12:00:00+00:00,17.768,16.334,15.868,13.145
2015-09-19 13:00:00+00:00,17.576,16.174,15.767,13.077
2015-09-19 14:00:00+00:00,17.148,15.889,15.447,12.755
2015-09-19 15:00:00+00:00,16.47,15.459,14.812,12.192
2015-09-19 16:00:00+00:00,15.356,14.603,13.487,11.117
2015-09-19 17:00:00+00:00,13.272,13.183,12.01,10.039
2015-09-19 18:00:00+00:00,12.173,12.631,11.507,9.626
2015-09-19 19:00:00+00:00,11.441,12.346,11.012,9.31
2015-09-19 20:00:00+00:00,10.729,12.099,10.598,9.012
2015-09-19 21:00:00+00:00,10.108,11.912,10.335,8.773
2015-09-19 22:00:00+00:00,9.631,11.755,10.111,8.507
2015-09-19 23:00:00+00:00,9.217,11.719,9.903,8.23
2015-09-20 00:00:00+00:00,8.9,11.761,9.773,7.913
2015-09-20 01:00:00+00:00,8.668,11.714,9.605,7.572
2015-09-20 02:00:00+00:00,8.484,11.679,9.348,7.188
2015-09-20 03:00:00+00:00,8.351,11.597,9.013,6.853
2015-09-20 04:00:00+00:00,8.227,11.455,8.813,6.599
2015-09-20 05:00:00+00:00,8.456,11.542,9.287,6.67
2015-09-20 06:00:00+00:00,9.883,12.233,10.081,7.458
2015-09-20 07:00:00+00:00,11.596,13.006,11.003,8.406
2015-09-20 08:00:00+00:00,13.263,13.739,12.043,9.512
2015-09-20 09:00:00+00:00,14.527,14.26,12.993,10.508
2015-09-20 10:00:00+00:00,15.464,14.713,13.81,11.263
2015-09-20 11:00:00+00:00,16.073,15.157,14.345,11.748
2015-09-20 12:00:00+00:00,16.327,15.495,14.598,11.911
2015-09-20 13:00:00+00:00,16.299,15.64,14.6,11.858
2015-09-20 14:00:00+00:00,16.035,15.542,14.353,11.803
2015-09-20 15:00:00+00:00,15.476,15.141,13.762,11.362
2015-09-20 16:00:00+00:00,14.43,14.186,12.569,10.382
2015-09-20 17:00:00+00:00,12.343,12.642,11.539,9.299
2015-09-20 18:00:00+00:00,11.436,12.083,11.122,8.855
2015-09-20 19:00:00+00:00,10.932,11.718,10.753,8.685
2015-09-20 20:00:00+00:00,10.49,11.353,10.407,8.534
2015-09-20 21:00:00+00:00,10.055,11.067,10.109,8.327
2015-09-20 22:00:00+00:00,9.652,10.839,9.85,8.13
2015-09-20 23:00:00+00:00,9.238,10.687,9.619,7.996
2015-09-21 00:00:00+00:00,8.846,10.519,9.386,7.884
2015-09-21 01:00:00+00:00,8.497,10.26,9.168,7.714
2015-09-21 02:00:00+00:00,8.15,10.024,8.995,7.568
2015-09-21 03:00:00+00:00,7.811,9.801,8.926,7.444
2015-09-21 04:00:00+00:00,7.517,9.652,8.917,7.326
2015-09-21 05:00:00+00:00,7.574,9.91,9.235,7.353
2015-09-21 06:00:00+00:00,9.405,11.487,10.369,8.164
2015-09-21 07:00:00+00:00,11.452,12.495,11.599,9.255
2015-09-21 08:00:00+00:00,13.898,13.359,12.343,10.165
2015-09-21 09:00:00+00:00,15.507,14.056,13.097,11.19
2015-09-21 10:00:00+00:00,16.614,14.416,13.629,11.967
2015-09-21 11:00:00+00:00,17.419,14.538,13.896,12.326
2015-09-21 12:00:00+00:00,17.942,14.537,13.925,12.545
2015-09-21 13:00:00+00:00,18.13,14.375,13.743,12.538
2015-09-21 14:00:00+00:00,17.912,14.109,13.499,12.259
2015-09-21 15:00:00+00:00,17.271,13.653,12.93,11.735
2015-09-21 16:00:00+00:00,15.614,13.052,11.872,10.75
2015-09-21 17:00:00+00:00,13.432,12.471,10.972,9.256
2015-09-21 18:00:00+00:00,12.464,12.388,10.583,8.685
2015-09-21 19:00:00+00:00,11.861,12.421,10.264,8.297
2015-09-21 20:00:00+00:00,11.469,12.467,9.982,7.958
2015-09-21 21:00:00+00:00,11.2,12.519,9.69,7.804
2015-09-21 22:00:00+00:00,10.964,12.604,9.458,7.729
2015-09-21 23:00:00+00:00,10.717,12.637,9.267,7.717
2015-09-22 00:00:00+00:00,10.438,12.68,9.099,7.719
2015-09-22 01:00:00+00:00,10.162,12.677,9.063,7.712
2015-09-22 02:00:00+00:00,9.81,12.618,9.084,7.736
2015-09-22 03:00:00+00:00,9.534,12.547,9.089,7.778
2015-09-22 04:00:00+00:00,9.403,12.38,9.082,7.771
2015-09-22 05:00:00+00:00,9.568,12.416,9.517,7.834
2015-09-22 06:00:00+00:00,10.675,12.811,10.378,8.278
2015-09-22 07:00:00+00:00,12.042,13.176,11.048,8.924
2015-09-22 08:00:00+00:00,13.65,13.573,11.761,9.57
2015-09-22 09:00:00+00:00,14.868,13.983,12.461,10.196
2015-09-22 10:00:00+00:00,15.509,14.364,12.955,10.753
2015-09-22 11:00:00+00:00,15.844,14.689,13.141,11.234
2015-09-22 12:00:00+00:00,15.976,15.028,13.106,11.609
2015-09-22 13:00:00+00:00,15.941,15.201,12.904,11.795
2015-09-22 14:00:00+00:00,15.643,15.121,12.668,11.779
2015-09-22 15:00:00+00:00,14.99,14.82,12.378,11.482
2015-09-22 16:00:00+00:00,13.914,14.208,11.919,10.795
2015-09-22 17:00:00+00:00,12.575,13.473,11.559,10.007
2015-09-22 18:00:00+00:00,11.989,13.282,11.49,9.832
2015-09-22 19:00:00+00:00,11.494,13.202,11.434,9.609
2015-09-22 20:00:00+00:00,10.984,13.122,11.347,9.366
2015-09-22 21:00:00+00:00,10.487,13.035,11.216,9.139
2015-09-22 22:00:00+00:00,10.044,12.919,11.141,8.859
2015-09-22 23:00:00+00:00,9.705,12.78,11.055,8.616
2015-09-23 00:00:00+00:00,9.399,12.636,11.023,8.482
2015-09-23 01:00:00+00:00,9.145,12.495,10.99,8.436
2015-09-23 02:00:00+00:00,8.913,12.376,10.951,8.421
2015-09-23 03:00:00+00:00,8.71,12.184,10.939,8.408
2015-09-23 04:00:00+00:00,8.604,11.958,10.914,8.418
2015-09-23 05:00:00+00:00,8.683,11.853,11.027,8.52
2015-09-23 06:00:00+00:00,9.364,12.841,11.513,9.205
2015-09-23 07:00:00+00:00,10.198,13.786,12.097,10.1
2015-09-23 08:00:00+00:00,11.268,14.521,12.771,11.119
2015-09-23 09:00:00+00:00,12.345,15.221,13.426,12.107
2015-09-23 10:00:00+00:00,13.355,15.782,14.108,12.873
2015-09-23 11:00:00+00:00,14.15,16.112,14.742,13.25
2015-09-23 12:00:00+00:00,14.594,16.224,15.182,13.429
2015-09-23 13:00:00+00:00,14.787,16.118,15.326,13.432
2015-09-23 14:00:00+00:00,14.726,15.876,15.055,13.203
2015-09-23 15:00:00+00:00,14.322,15.418,14.483,12.733
2015-09-23 16:00:00+00:00,13.217,14.511,13.092,11.833
2015-09-23 17:00:00+00:00,11.295,13.161,11.999,10.493
2015-09-23 18:00:00+00:00,10.492,12.632,11.684,10.119
2015-09-23 19:00:00+00:00,10.02,12.249,11.383,9.881
2015-09-23 20:00:00+00:00,9.63,11.95,11.128,9.71
2015-09-23 21:00:00+00:00,9.301,11.754,10.936,9.627
2015-09-23 22:00:00+00:00,8.979,11.613,10.76,9.555
2015-09-23 23:00:00+00:00,8.611,11.489,10.634,9.451
2015-09-24 00:00:00+00:00,8.276,11.363,10.573,9.433
2015-09-24 01:00:00+00:00,7.996,11.238,10.547,9.512
2015-09-24 02:00:00+00:00,7.749,11.165,10.643,9.562
2015-09-24 03:00:00+00:00,7.556,11.117,10.691,9.553
2015-09-24 04:00:00+00:00,7.441,11.088,10.694,9.658
2015-09-24 05:00:00+00:00,7.698,11.313,11.072,9.779
2015-09-24 06:00:00+00:00,9.179,12.397,11.883,10.202
2015-09-24 07:00:00+00:00,10.956,13.287,12.46,10.743
2015-09-24 08:00:00+00:00,13.111,14.166,12.979,11.335
2015-09-24 09:00:00+00:00,14.909,14.887,13.525,11.958
2015-09-24 10:00:00+00:00,16.238,15.35,14.031,12.553
2015-09-24 11:00:00+00:00,17.099,15.58,14.388,12.984
2015-09-24 12:00:00+00:00,17.581,15.658,14.629,13.175
2015-09-24 13:00:00+00:00,17.731,15.663,14.666,13.077
2015-09-24 14:00:00+00:00,17.542,15.54,14.402,12.776
2015-09-24 15:00:00+00:00,16.962,15.144,13.858,12.188
2015-09-24 16:00:00+00:00,15.424,14.505,12.929,11.341
2015-09-24 17:00:00+00:00,13.328,13.853,12.09,10.721
2015-09-24 18:00:00+00:00,12.519,13.545,11.774,10.496
2015-09-24 19:00:00+00:00,11.894,13.19,11.625,10.249
2015-09-24 20:00:00+00:00,11.256,12.737,11.587,9.948
2015-09-24 21:00:00+00:00,10.677,12.424,11.581,9.585
2015-09-24 22:00:00+00:00,10.171,12.175,11.58,9.242
2015-09-24 23:00:00+00:00,9.712,11.919,11.537,8.973
2015-09-25 00:00:00+00:00,9.278,11.559,11.411,8.71
2015-09-25 01:00:00+00:00,8.886,11.081,11.248,8.496
2015-09-25 02:00:00+00:00,8.506,10.723,11.063,8.309
2015-09-25 03:00:00+00:00,8.146,10.498,10.952,8.168
2015-09-25 04:00:00+00:00,7.845,10.352,10.775,8.053
2015-09-25 05:00:00+00:00,7.865,10.467,10.76,8.004
2015-09-25 06:00:00+00:00,9.779,11.779,11.335,8.236
2015-09-25 07:00:00+00:00,11.716,12.799,12.017,8.687
2015-09-25 08:00:00+00:00,14.025,13.858,12.798,9.249
2015-09-25 09:00:00+00:00,15.541,14.772,13.609,9.84
2015-09-25 10:00:00+00:00,16.544,15.359,14.187,10.474
2015-09-25 11:00:00+00:00,17.09,15.645,14.548,11.004
2015-09-25 12:00:00+00:00,17.348,15.71,14.692,11.238
2015-09-25 13:00:00+00:00,17.329,15.6,14.602,11.159
2015-09-25 14:00:00+00:00,17.017,15.329,14.257,10.851
2015-09-25 15:00:00+00:00,16.354,14.83,13.505,10.378
2015-09-25 16:00:00+00:00,14.814,13.654,12.135,9.649
2015-09-25 17:00:00+00:00,12.656,12.016,11.159,8.731
2015-09-25 18:00:00+00:00,11.833,11.419,10.807,8.306
2015-09-25 19:00:00+00:00,11.218,10.947,10.402,8.044
2015-09-25 20:00:00+00:00,10.622,10.529,10.09,7.864
2015-09-25 21:00:00+00:00,10.061,10.197,9.799,7.687
2015-09-25 22:00:00+00:00,9.451,9.939,9.47,7.512
2015-09-25 23:00:00+00:00,8.894,9.754,9.256,7.336
2015-09-26 00:00:00+00:00,8.385,9.618,9.124,7.192
2015-09-26 01:00:00+00:00,7.903,9.492,9.02,6.886
2015-09-26 02:00:00+00:00,7.494,9.366,8.954,6.632
2015-09-26 03:00:00+00:00,7.199,9.25,8.857,6.382
2015-09-26 04:00:00+00:00,6.969,9.14,8.711,6.166
2015-09-26 05:00:00+00:00,6.999,9.252,8.86,6.059
2015-09-26 06:00:00+00:00,9.008,11.069,9.742,6.981
2015-09-26 07:00:00+00:00,11.274,12.476,10.635,7.84
2015-09-26 08:00:00+00:00,13.899,13.609,11.729,8.825
2015-09-26 09:00:00+00:00,15.398,14.394,12.751,9.726
2015-09-26 10:00:00+00:00,16.298,14.888,13.487,10.411
2015-09-26 11:00:00+00:00,16.796,15.189,13.935,10.979
2015-09-26 12:00:00+00:00,16.981,15.3,14.099,11.365
2015-09-26 13:00:00+00:00,16.876,15.225,13.974,11.502
2015-09-26 14:00:00+00:00,16.494,14.946,13.561,11.356
2015-09-26 15:00:00+00:00,15.816,14.429,12.773,10.853
2015-09-26 16:00:00+00:00,14.237,13.337,11.262,9.431
2015-09-26 17:00:00+00:00,11.797,11.792,10.056,7.976
2015-09-26 18:00:00+00:00,10.878,11.296,9.566,7.423
2015-09-26 19:00:00+00:00,10.142,11.026,9.113,7.196
2015-09-26 20:00:00+00:00,9.452,10.685,8.717,6.98
2015-09-26 21:00:00+00:00,8.833,10.196,8.3,6.814
2015-09-26 22:00:00+00:00,8.322,9.783,7.925,6.64
2015-09-26 23:00:00+00:00,7.855,9.47,7.696,6.385
2015-09-27 00:00:00+00:00,7.443,9.278,7.582,6.165
2015-09-27 01:00:00+00:00,7.049,9.159,7.459,5.999
2015-09-27 02:00:00+00:00,6.673,9.064,7.094,5.884
2015-09-27 03:00:00+00:00,6.385,8.955,6.921,5.847
2015-09-27 04:00:00+00:00,6.192,8.836,6.785,5.684
2015-09-27 05:00:00+00:00,6.264,8.88,7.013,5.651
2015-09-27 06:00:00+00:00,7.973,10.665,8.105,6.537
2015-09-27 07:00:00+00:00,10.247,12.326,9.473,7.762
2015-09-27 08:00:00+00:00,12.907,13.578,11.123,9.391
2015-09-27 09:00:00+00:00,14.734,14.658,12.699,10.803
2015-09-27 10:00:00+00:00,15.763,15.397,13.725,11.728
2015-09-27 11:00:00+00:00,16.416,15.826,14.306,12.336
2015-09-27 12:00:00+00:00,16.778,16.017,14.531,12.647
2015-09-27 13:00:00+00:00,16.829,15.986,14.409,12.71
2015-09-27 14:00:00+00:00,16.521,15.719,14.025,12.572
2015-09-27 15:00:00+00:00,15.769,15.074,13.209,12.215
2015-09-27 16:00:00+00:00,13.754,13.382,11.43,11.085
2015-09-27 17:00:00+00:00,10.83,11.582,10.384,10.099
2015-09-27 18:00:00+00:00,9.856,10.931,9.988,9.626
2015-09-27 19:00:00+00:00,9.061,10.414,9.446,9.251
2015-09-27 20:00:00+00:00,8.283,9.979,9.046,8.906
2015-09-27 21:00:00+00:00,7.603,9.637,8.713,8.479
2015-09-27 22:00:00+00:00,7.016,9.429,8.414,7.981
2015-09-27 23:00:00+00:00,6.519,9.27,8.111,7.398
2015-09-28 00:00:00+00:00,6.089,9.1,7.821,6.871
2015-09-28 01:00:00+00:00,5.72,8.911,7.662,6.509
2015-09-28 02:00:00+00:00,5.409,8.746,7.5,6.149
2015-09-28 03:00:00+00:00,5.157,8.633,7.427,5.946
2015-09-28 04:00:00+00:00,4.964,8.61,7.336,5.957
2015-09-28 05:00:00+00:00,5.043,8.697,7.317,5.98
2015-09-28 06:00:00+00:00,6.902,10.019,8.172,6.725
2015-09-28 07:00:00+00:00,9.142,11.596,9.357,8.138
2015-09-28 08:00:00+00:00,12.156,12.799,10.892,9.674
2015-09-28 09:00:00+00:00,14.377,14.062,12.407,11.132
2015-09-28 10:00:00+00:00,15.591,14.991,13.362,12.047
2015-09-28 11:00:00+00:00,16.336,15.533,13.881,12.654
2015-09-28 12:00:00+00:00,16.776,15.834,14.123,12.973
2015-09-28 13:00:00+00:00,16.881,15.986,14.108,12.999
2015-09-28 14:00:00+00:00,16.603,15.874,13.755,12.698
2015-09-28 15:00:00+00:00,15.832,15.369,12.765,12.165
2015-09-28 16:00:00+00:00,13.676,13.868,10.732,10.708
2015-09-28 17:00:00+00:00,10.723,12.384,9.564,9.324
2015-09-28 18:00:00+00:00,9.876,11.638,8.96,8.604
2015-09-28 19:00:00+00:00,9.193,11.07,8.407,8.11
2015-09-28 20:00:00+00:00,8.42,10.604,7.963,7.78
2015-09-28 21:00:00+00:00,7.668,10.199,7.588,7.515
2015-09-28 22:00:00+00:00,7.055,9.865,7.236,7.415
2015-09-28 23:00:00+00:00,6.55,9.628,6.995,7.364
2015-09-29 00:00:00+00:00,6.132,9.434,6.709,7.366
2015-09-29 01:00:00+00:00,5.788,9.46,6.516,7.536
2015-09-29 02:00:00+00:00,5.526,9.47,6.463,7.474
2015-09-29 03:00:00+00:00,5.323,9.384,6.524,7.455
2015-09-29 04:00:00+00:00,5.184,9.283,6.546,7.426
2015-09-29 05:00:00+00:00,5.199,9.198,6.759,7.412
2015-09-29 06:00:00+00:00,6.767,9.787,8.025,7.903
2015-09-29 07:00:00+00:00,9.169,11.018,9.473,8.866
2015-09-29 08:00:00+00:00,12.016,12.436,11.22,10.081
2015-09-29 09:00:00+00:00,14.139,13.785,12.793,11.319
2015-09-29 10:00:00+00:00,15.382,14.729,13.699,12.376
2015-09-29 11:00:00+00:00,16.128,15.24,14.183,13.042
2015-09-29 12:00:00+00:00,16.544,15.481,14.405,13.343
2015-09-29 13:00:00+00:00,16.616,15.507,14.334,13.31
2015-09-29 14:00:00+00:00,16.31,15.333,13.97,12.951
2015-09-29 15:00:00+00:00,15.516,14.899,13.136,12.236
2015-09-29 16:00:00+00:00,13.569,13.852,11.694,11.095
2015-09-29 17:00:00+00:00,11.016,12.928,10.792,10.167
2015-09-29 18:00:00+00:00,10.162,12.505,10.408,9.786
2015-09-29 19:00:00+00:00,9.449,12.048,10.021,9.292
2015-09-29 20:00:00+00:00,8.74,11.687,9.717,8.746
2015-09-29 21:00:00+00:00,8.105,11.298,9.52,8.319
2015-09-29 22:00:00+00:00,7.486,10.692,9.356,8.018
2015-09-29 23:00:00+00:00,6.95,10.211,9.211,7.792
2015-09-30 00:00:00+00:00,6.494,9.725,9.02,7.61
2015-09-30 01:00:00+00:00,6.108,9.256,8.834,7.47
2015-09-30 02:00:00+00:00,5.781,8.925,8.666,7.341
2015-09-30 03:00:00+00:00,5.446,8.681,8.447,7.258
2015-09-30 04:00:00+00:00,5.148,8.509,8.287,7.159
2015-09-30 05:00:00+00:00,5.028,8.462,8.294,7.158
2015-09-30 06:00:00+00:00,6.418,9.871,9.124,7.95
2015-09-30 07:00:00+00:00,8.68,11.758,10.163,9.154
2015-09-30 08:00:00+00:00,11.503,13.302,11.472,10.278
2015-09-30 09:00:00+00:00,13.653,14.389,12.961,11.609
2015-09-30 10:00:00+00:00,15.004,15.039,14.298,12.661
2015-09-30 11:00:00+00:00,15.837,15.488,15.131,13.305
2015-09-30 12:00:00+00:00,16.307,15.731,15.501,13.552
2015-09-30 13:00:00+00:00,16.395,15.746,15.442,13.508
2015-09-30 14:00:00+00:00,16.066,15.49,14.933,13.235
2015-09-30 15:00:00+00:00,15.209,14.821,13.741,12.538
2015-09-30 16:00:00+00:00,12.964,13.146,12.026,11.34
2015-09-30 17:00:00+00:00,10.075,11.779,11.389,10.379
2015-09-30 18:00:00+00:00,9.125,11.313,11.135,10.081
2015-09-30 19:00:00+00:00,8.316,10.927,10.769,9.695
2015-09-30 20:00:00+00:00,7.504,10.566,10.521,9.256
2015-09-30 21:00:00+00:00,6.787,10.267,10.412,8.843
2015-09-30 22:00:00+00:00,6.171,10.158,10.441,8.552
2015-09-30 23:00:00+00:00,5.608,10.105,10.405,8.375
2015-10-01 00:00:00+00:00,5.115,9.869,10.248,8.149
2015-10-01 01:00:00+00:00,4.667,9.603,10.181,8.036
2015-10-01 02:00:00+00:00,4.276,9.577,10.055,7.915
2015-10-01 03:00:00+00:00,3.916,9.633,9.942,7.801
2015-10-01 04:00:00+00:00,3.559,9.583,9.827,7.801
2015-10-01 05:00:00+00:00,3.312,9.711,9.852,7.817
2015-10-01 06:00:00+00:00,5.065,10.859,10.377,8.368
2015-10-01 07:00:00+00:00,7.47,12.052,11.239,9.223
2015-10-01 08:00:00+00:00,10.501,13.082,12.381,10.185
2015-10-01 09:00:00+00:00,13.039,13.904,13.317,11.031
2015-10-01 10:00:00+00:00,14.473,14.582,13.924,11.553
2015-10-01 11:00:00+00:00,15.512,15.083,14.315,12.143
2015-10-01 12:00:00+00:00,16.205,15.336,14.529,12.504
2015-10-01 13:00:00+00:00,16.509,15.323,14.464,12.494
2015-10-01 14:00:00+00:00,16.358,14.997,14.043,12.13
2015-10-01 15:00:00+00:00,15.549,14.404,13.331,11.473
2015-10-01 16:00:00+00:00,12.804,13.3,12.362,10.587
2015-10-01 17:00:00+00:00,9.951,12.056,11.714,9.853
2015-10-01 18:00:00+00:00,9.049,11.49,11.353,9.466
2015-10-01 19:00:00+00:00,8.284,11.1,11.141,9.143
2015-10-01 20:00:00+00:00,7.556,10.772,10.994,8.809
2015-10-01 21:00:00+00:00,6.891,10.553,10.911,8.534
2015-10-01 22:00:00+00:00,6.325,10.338,10.777,8.264
2015-10-01 23:00:00+00:00,5.802,10.202,10.593,8.022
2015-10-02 00:00:00+00:00,5.324,10.125,10.416,7.859
2015-10-02 01:00:00+00:00,4.844,10.034,10.221,7.735
2015-10-02 02:00:00+00:00,4.396,9.972,10.017,7.603
2015-10-02 03:00:00+00:00,3.993,9.871,9.812,7.536
2015-10-02 04:00:00+00:00,3.625,9.753,9.658,7.399
2015-10-02 05:00:00+00:00,3.406,9.654,9.598,7.327
2015-10-02 06:00:00+00:00,5.205,10.568,10.17,7.889
2015-10-02 07:00:00+00:00,7.704,11.804,11.287,8.713
2015-10-02 08:00:00+00:00,10.607,12.89,12.55,9.669
2015-10-02 09:00:00+00:00,13.706,14.1,13.62,10.522
2015-10-02 10:00:00+00:00,15.757,15.196,14.444,11.179
2015-10-02 11:00:00+00:00,17.199,15.928,14.966,11.612
2015-10-02 12:00:00+00:00,18.164,16.359,15.216,11.825
2015-10-02 13:00:00+00:00,18.624,16.419,15.173,11.816
2015-10-02 14:00:00+00:00,18.517,16.099,14.828,11.544
2015-10-02 15:00:00+00:00,17.518,15.3,14.126,10.942
2015-10-02 16:00:00+00:00,14.345,13.476,13.053,9.965
2015-10-02 17:00:00+00:00,11.601,11.76,12.192,8.935
2015-10-02 18:00:00+00:00,10.733,11.052,11.592,8.364
2015-10-02 19:00:00+00:00,9.989,10.455,11.06,7.88
2015-10-02 20:00:00+00:00,9.259,9.931,10.473,7.409
2015-10-02 21:00:00+00:00,8.595,9.535,9.832,6.968
2015-10-02 22:00:00+00:00,8.052,9.272,9.192,6.613
2015-10-02 23:00:00+00:00,7.602,9.059,8.754,6.271
2015-10-03 00:00:00+00:00,7.225,8.93,8.301,6.0
2015-10-03 01:00:00+00:00,6.881,8.845,7.868,5.769
2015-10-03 02:00:00+00:00,6.585,8.847,7.516,5.528
2015-10-03 03:00:00+00:00,6.384,8.829,7.196,5.209
2015-10-03 04:00:00+00:00,6.236,8.705,7.016,4.849
2015-10-03 05:00:00+00:00,6.158,8.616,7.096,4.548
2015-10-03 06:00:00+00:00,7.963,9.353,8.143,5.224
2015-10-03 07:00:00+00:00,10.16,10.756,9.346,6.743
2015-10-03 08:00:00+00:00,12.727,11.461,10.847,7.926
2015-10-03 09:00:00+00:00,15.276,12.187,12.015,9.322
2015-10-03 10:00:00+00:00,17.0,12.948,12.801,10.112
2015-10-03 11:00:00+00:00,18.14,13.65,13.243,10.487
2015-10-03 12:00:00+00:00,18.845,14.171,13.357,10.591
2015-10-03 13:00:00+00:00,19.133,14.421,13.18,10.412
2015-10-03 14:00:00+00:00,18.998,14.327,12.643,9.975
2015-10-03 15:00:00+00:00,18.114,13.776,11.497,9.154
2015-10-03 16:00:00+00:00,15.878,12.027,10.225,7.943
2015-10-03 17:00:00+00:00,14.406,10.805,9.883,7.243
2015-10-03 18:00:00+00:00,13.733,10.366,9.627,7.011
2015-10-03 19:00:00+00:00,13.052,10.061,9.437,6.817
2015-10-03 20:00:00+00:00,12.36,9.937,9.365,6.737
2015-10-03 21:00:00+00:00,11.644,9.877,9.322,6.758
2015-10-03 22:00:00+00:00,11.051,9.907,9.312,6.776
2015-10-03 23:00:00+00:00,10.518,9.997,9.262,6.717
2015-10-04 00:00:00+00:00,10.001,10.115,9.103,6.643
2015-10-04 01:00:00+00:00,9.579,10.258,9.03,6.462
2015-10-04 02:00:00+00:00,9.258,10.398,9.003,6.255
2015-10-04 03:00:00+00:00,9.005,10.486,8.9,6.178
2015-10-04 04:00:00+00:00,8.773,10.464,8.799,6.068
2015-10-04 05:00:00+00:00,8.637,10.459,8.821,5.969
2015-10-04 06:00:00+00:00,9.656,10.872,9.365,6.133
2015-10-04 07:00:00+00:00,11.182,11.912,9.958,6.857
2015-10-04 08:00:00+00:00,12.791,12.781,10.487,7.886
2015-10-04 09:00:00+00:00,14.512,13.67,11.095,9.097
2015-10-04 10:00:00+00:00,15.753,14.33,11.864,10.041
2015-10-04 11:00:00+00:00,16.504,14.81,12.547,10.688
2015-10-04 12:00:00+00:00,16.838,15.015,12.894,11.021
2015-10-04 13:00:00+00:00,16.827,15.001,12.886,11.09
2015-10-04 14:00:00+00:00,16.502,14.725,12.496,10.888
2015-10-04 15:00:00+00:00,15.71,14.191,11.536,10.215
2015-10-04 16:00:00+00:00,13.876,12.907,10.233,9.091
2015-10-04 17:00:00+00:00,12.148,12.018,9.464,8.205
2015-10-04 18:00:00+00:00,11.257,11.573,8.919,7.538
2015-10-04 19:00:00+00:00,10.489,11.256,8.47,6.88
2015-10-04 20:00:00+00:00,9.892,11.048,8.147,6.259
2015-10-04 21:00:00+00:00,9.412,10.867,7.934,5.724
2015-10-04 22:00:00+00:00,9.007,10.629,7.757,5.221
2015-10-04 23:00:00+00:00,8.717,10.409,7.589,4.8
2015-10-05 00:00:00+00:00,8.492,10.284,7.4,4.472
2015-10-05 01:00:00+00:00,8.288,10.109,7.34,4.216
2015-10-05 02:00:00+00:00,8.094,9.925,7.165,4.123
2015-10-05 03:00:00+00:00,7.871,9.732,6.935,4.053
2015-10-05 04:00:00+00:00,7.606,9.635,6.749,3.981
2015-10-05 05:00:00+00:00,7.4,9.51,6.648,4.081
2015-10-05 06:00:00+00:00,8.544,9.906,7.075,4.605
2015-10-05 07:00:00+00:00,10.396,11.25,7.959,5.721
2015-10-05 08:00:00+00:00,12.666,12.316,9.179,6.81
2015-10-05 09:00:00+00:00,15.061,13.479,10.348,7.957
2015-10-05 10:00:00+00:00,16.812,14.288,11.305,9.002
2015-10-05 11:00:00+00:00,17.951,14.849,11.984,9.758
2015-10-05 12:00:00+00:00,18.573,15.138,12.305,10.266
2015-10-05 13:00:00+00:00,18.691,15.191,12.248,10.488
2015-10-05 14:00:00+00:00,18.311,14.965,11.768,10.328
2015-10-05 15:00:00+00:00,17.165,14.312,10.624,9.642
2015-10-05 16:00:00+00:00,14.885,12.991,8.906,8.35
2015-10-05 17:00:00+00:00,13.621,12.221,8.23,7.682
2015-10-05 18:00:00+00:00,13.34,11.917,7.745,7.429
2015-10-05 19:00:00+00:00,13.005,11.719,7.384,7.171
2015-10-05 20:00:00+00:00,12.606,11.702,7.098,6.932
2015-10-05 21:00:00+00:00,12.283,11.767,6.791,6.844
2015-10-05 22:00:00+00:00,12.089,11.871,6.512,6.735
2015-10-05 23:00:00+00:00,11.918,11.973,6.353,6.682
2015-10-06 00:00:00+00:00,11.833,12.054,6.0,6.61
2015-10-06 01:00:00+00:00,11.808,12.078,5.813,6.476
2015-10-06 02:00:00+00:00,11.828,12.142,5.583,6.308
2015-10-06 03:00:00+00:00,11.813,12.222,5.323,6.124
2015-10-06 04:00:00+00:00,11.766,12.258,5.393,5.925
2015-10-06 05:00:00+00:00,11.657,12.275,5.592,5.704
2015-10-06 06:00:00+00:00,12.167,12.452,6.438,5.66
2015-10-06 07:00:00+00:00,13.238,12.888,7.419,5.945
2015-10-06 08:00:00+00:00,14.556,13.391,8.501,6.495
2015-10-06 09:00:00+00:00,16.015,13.798,9.344,7.159
2015-10-06 10:00:00+00:00,17.237,14.058,9.91,7.814
2015-10-06 11:00:00+00:00,17.973,14.081,10.205,8.353
2015-10-06 12:00:00+00:00,18.263,13.966,10.246,8.671
2015-10-06 13:00:00+00:00,18.238,13.737,10.019,8.685
2015-10-06 14:00:00+00:00,17.791,13.351,9.487,8.358
2015-10-06 15:00:00+00:00,16.94,12.831,8.444,7.699
2015-10-06 16:00:00+00:00,15.774,12.271,6.935,6.888
2015-10-06 17:00:00+00:00,14.983,11.842,6.369,6.326
2015-10-06 18:00:00+00:00,14.649,11.582,5.905,6.018
2015-10-06 19:00:00+00:00,14.284,11.463,5.605,5.807
2015-10-06 20:00:00+00:00,13.886,11.46,5.392,5.63
2015-10-06 21:00:00+00:00,13.531,11.541,5.332,5.365
2015-10-06 22:00:00+00:00,13.227,11.622,5.324,5.054
2015-10-06 23:00:00+00:00,12.964,11.629,5.338,4.777
2015-10-07 00:00:00+00:00,12.722,11.537,5.235,4.533
2015-10-07 01:00:00+00:00,12.493,11.396,5.098,4.372
2015-10-07 02:00:00+00:00,12.295,11.277,5.052,4.243
2015-10-07 03:00:00+00:00,12.137,11.174,5.023,4.197
2015-10-07 04:00:00+00:00,11.997,11.08,4.935,4.216
2015-10-07 05:00:00+00:00,11.841,10.997,4.868,4.228
2015-10-07 06:00:00+00:00,12.227,10.996,5.754,4.346
2015-10-07 07:00:00+00:00,13.089,11.131,6.712,4.77
2015-10-07 08:00:00+00:00,14.049,11.295,7.579,5.347
2015-10-07 09:00:00+00:00,15.019,11.405,8.288,5.983
2015-10-07 10:00:00+00:00,15.862,11.538,8.767,6.63
2015-10-07 11:00:00+00:00,16.401,11.733,9.034,7.232
2015-10-07 12:00:00+00:00,16.638,11.911,9.083,7.655
2015-10-07 13:00:00+00:00,16.546,11.981,8.943,7.839
2015-10-07 14:00:00+00:00,16.112,11.957,8.564,7.671
2015-10-07 15:00:00+00:00,15.297,11.769,7.735,7.129
2015-10-07 16:00:00+00:00,14.022,11.426,6.631,6.378
2015-10-07 17:00:00+00:00,12.889,11.219,6.266,5.88
2015-10-07 18:00:00+00:00,12.368,11.174,6.074,5.606
2015-10-07 19:00:00+00:00,11.904,11.179,5.89,5.427
2015-10-07 20:00:00+00:00,11.451,11.173,5.687,5.277
2015-10-07 21:00:00+00:00,11.055,11.151,5.532,5.109
2015-10-07 22:00:00+00:00,10.715,11.057,5.327,4.864
2015-10-07 23:00:00+00:00,10.419,10.858,5.149,4.607
2015-10-08 00:00:00+00:00,10.178,10.605,5.0,4.368
2015-10-08 01:00:00+00:00,9.974,10.355,4.96,4.176
2015-10-08 02:00:00+00:00,9.818,10.143,4.888,4.027
2015-10-08 03:00:00+00:00,9.684,9.97,4.729,4.01
2015-10-08 04:00:00+00:00,9.528,9.853,4.555,4.062
2015-10-08 05:00:00+00:00,9.367,9.769,4.504,4.106
2015-10-08 06:00:00+00:00,9.632,9.824,5.318,4.262
2015-10-08 07:00:00+00:00,10.384,10.089,6.51,4.729
2015-10-08 08:00:00+00:00,11.554,10.42,7.584,5.35
2015-10-08 09:00:00+00:00,12.666,10.704,8.4,6.003
2015-10-08 10:00:00+00:00,13.591,10.927,8.953,6.643
2015-10-08 11:00:00+00:00,14.253,11.082,9.263,7.19
2015-10-08 12:00:00+00:00,14.612,11.144,9.362,7.558
2015-10-08 13:00:00+00:00,14.656,11.095,9.213,7.701
2015-10-08 14:00:00+00:00,14.387,10.92,8.748,7.553
2015-10-08 15:00:00+00:00,13.758,10.629,7.581,7.035
2015-10-08 16:00:00+00:00,12.444,10.254,6.306,6.199
2015-10-08 17:00:00+00:00,11.393,10.028,5.854,5.734
2015-10-08 18:00:00+00:00,10.964,9.944,5.458,5.484
2015-10-08 19:00:00+00:00,10.581,9.919,5.147,5.231
2015-10-08 20:00:00+00:00,10.213,9.939,4.891,5.048
2015-10-08 21:00:00+00:00,9.875,9.958,4.677,4.876
2015-10-08 22:00:00+00:00,9.58,9.957,4.475,4.69
2015-10-08 23:00:00+00:00,9.301,9.946,4.291,4.565
2015-10-09 00:00:00+00:00,9.036,9.942,4.112,4.501
2015-10-09 01:00:00+00:00,8.801,9.947,3.944,4.443
2015-10-09 02:00:00+00:00,8.581,9.935,3.794,4.413
2015-10-09 03:00:00+00:00,8.397,9.912,3.62,4.419
2015-10-09 04:00:00+00:00,8.268,9.885,3.474,4.458
2015-10-09 05:00:00+00:00,8.171,9.856,3.373,4.434
2015-10-09 06:00:00+00:00,8.665,9.978,4.203,4.556
2015-10-09 07:00:00+00:00,9.843,10.313,5.439,5.061
2015-10-09 08:00:00+00:00,11.222,10.641,6.4,5.713
2015-10-09 09:00:00+00:00,12.508,10.951,7.288,6.354
2015-10-09 10:00:00+00:00,13.441,11.185,7.962,6.901
2015-10-09 11:00:00+00:00,14.087,11.34,8.368,7.303
2015-10-09 12:00:00+00:00,14.454,11.431,8.518,7.513
2015-10-09 13:00:00+00:00,14.508,11.392,8.41,7.497
2015-10-09 14:00:00+00:00,14.195,11.177,8.004,7.246
2015-10-09 15:00:00+00:00,13.47,10.696,6.804,6.709
2015-10-09 16:00:00+00:00,11.857,9.943,5.552,5.929
2015-10-09 17:00:00+00:00,10.569,9.545,5.084,5.568
2015-10-09 18:00:00+00:00,10.036,9.345,4.812,5.417
2015-10-09 19:00:00+00:00,9.533,9.148,4.647,5.251
2015-10-09 20:00:00+00:00,9.012,8.947,4.558,5.097
2015-10-09 21:00:00+00:00,8.512,8.74,4.496,4.945
2015-10-09 22:00:00+00:00,8.009,8.542,4.366,4.81
2015-10-09 23:00:00+00:00,7.507,8.346,4.186,4.71
2015-10-10 00:00:00+00:00,7.065,8.16,3.973,4.622
2015-10-10 01:00:00+00:00,6.66,7.94,3.731,4.591
2015-10-10 02:00:00+00:00,6.329,7.69,3.492,4.585
2015-10-10 03:00:00+00:00,6.04,7.469,3.293,4.636
2015-10-10 04:00:00+00:00,5.747,7.257,3.114,4.695
2015-10-10 05:00:00+00:00,5.479,7.092,3.035,4.733
2015-10-10 06:00:00+00:00,5.881,7.588,3.828,4.852
2015-10-10 07:00:00+00:00,7.143,9.015,5.276,5.555
2015-10-10 08:00:00+00:00,8.941,9.888,6.561,6.563
2015-10-10 09:00:00+00:00,10.685,10.448,7.796,7.388
2015-10-10 10:00:00+00:00,11.956,10.798,8.624,8.182
2015-10-10 11:00:00+00:00,12.764,11.025,8.947,8.698
2015-10-10 12:00:00+00:00,13.191,11.095,8.993,9.001
2015-10-10 13:00:00+00:00,13.224,10.978,8.846,9.029
2015-10-10 14:00:00+00:00,12.833,10.643,8.455,8.787
2015-10-10 15:00:00+00:00,11.918,9.924,7.469,8.074
2015-10-10 16:00:00+00:00,9.803,8.367,6.436,7.06
2015-10-10 17:00:00+00:00,8.199,7.582,5.907,6.609
2015-10-10 18:00:00+00:00,7.438,7.282,5.496,6.414
2015-10-10 19:00:00+00:00,6.605,6.993,5.107,6.265
2015-10-10 20:00:00+00:00,5.784,6.741,4.805,6.107
2015-10-10 21:00:00+00:00,5.057,6.574,4.592,5.929
2015-10-10 22:00:00+00:00,4.428,6.502,4.431,5.736
2015-10-10 23:00:00+00:00,3.853,6.492,4.26,5.514
2015-10-11 00:00:00+00:00,3.333,6.517,4.1,5.316
2015-10-11 01:00:00+00:00,2.862,6.547,3.929,5.146
2015-10-11 02:00:00+00:00,2.471,6.545,3.782,5.008
2015-10-11 03:00:00+00:00,2.129,6.496,3.615,4.914
2015-10-11 04:00:00+00:00,1.77,6.352,3.481,4.849
2015-10-11 05:00:00+00:00,1.44,6.204,3.398,4.748
2015-10-11 06:00:00+00:00,1.857,6.784,4.098,4.863
2015-10-11 07:00:00+00:00,3.544,8.368,5.628,5.614
2015-10-11 08:00:00+00:00,6.105,9.514,7.059,6.592
2015-10-11 09:00:00+00:00,8.347,10.337,8.293,7.544
2015-10-11 10:00:00+00:00,9.99,10.802,9.085,8.267
2015-10-11 11:00:00+00:00,11.167,11.036,9.471,8.655
2015-10-11 12:00:00+00:00,11.86,11.111,9.595,8.805
2015-10-11 13:00:00+00:00,12.044,11.025,9.463,8.72
2015-10-11 14:00:00+00:00,11.685,10.752,8.99,8.434
2015-10-11 15:00:00+00:00,10.673,10.124,7.839,7.819
2015-10-11 16:00:00+00:00,8.08,8.82,6.587,6.972
2015-10-11 17:00:00+00:00,5.991,8.311,5.97,6.519
2015-10-11 18:00:00+00:00,5.118,8.167,5.44,6.249
2015-10-11 19:00:00+00:00,4.182,8.053,4.987,6.04
2015-10-11 20:00:00+00:00,3.292,7.942,4.613,5.86
2015-10-11 21:00:00+00:00,2.521,7.803,4.343,5.64
2015-10-11 22:00:00+00:00,1.836,7.683,4.15,5.428
2015-10-11 23:00:00+00:00,1.227,7.587,4.048,5.236
2015-10-12 00:00:00+00:00,0.695,7.48,3.963,5.045
2015-10-12 01:00:00+00:00,0.195,7.288,3.943,4.887
2015-10-12 02:00:00+00:00,-0.294,7.173,3.832,4.848
2015-10-12 03:00:00+00:00,-0.758,6.934,3.821,4.843
2015-10-12 04:00:00+00:00,-1.126,6.829,3.897,4.838
2015-10-12 05:00:00+00:00,-1.436,6.856,3.937,4.745
2015-10-12 06:00:00+00:00,-0.685,7.228,4.404,4.737
2015-10-12 07:00:00+00:00,1.286,8.46,5.353,5.486
2015-10-12 08:00:00+00:00,4.215,9.157,6.516,6.281
2015-10-12 09:00:00+00:00,6.955,9.679,7.805,6.952
2015-10-12 10:00:00+00:00,8.743,9.984,8.627,7.544
2015-10-12 11:00:00+00:00,9.93,10.07,9.032,7.976
2015-10-12 12:00:00+00:00,10.601,10.044,9.144,8.204
2015-10-12 13:00:00+00:00,10.722,9.834,9.018,8.144
2015-10-12 14:00:00+00:00,10.304,9.469,8.462,7.842
2015-10-12 15:00:00+00:00,9.123,8.884,7.196,7.102
2015-10-12 16:00:00+00:00,6.68,7.976,6.1,6.001
2015-10-12 17:00:00+00:00,5.495,7.537,5.751,5.59
2015-10-12 18:00:00+00:00,4.914,7.333,5.413,5.324
2015-10-12 19:00:00+00:00,4.259,7.214,5.176,5.103
2015-10-12 20:00:00+00:00,3.687,7.078,4.972,4.872
2015-10-12 21:00:00+00:00,3.215,6.95,4.857,4.692
2015-10-12 22:00:00+00:00,2.8,6.858,4.855,4.565
2015-10-12 23:00:00+00:00,2.448,6.792,4.859,4.445
2015-10-13 00:00:00+00:00,2.148,6.647,4.858,4.323
2015-10-13 01:00:00+00:00,1.807,6.555,4.989,4.209
2015-10-13 02:00:00+00:00,1.446,6.497,5.045,3.992
2015-10-13 03:00:00+00:00,1.125,6.548,4.965,3.754
2015-10-13 04:00:00+00:00,0.885,6.507,4.819,3.609
2015-10-13 05:00:00+00:00,0.774,6.429,4.739,3.534
2015-10-13 06:00:00+00:00,1.45,6.59,4.971,3.576
2015-10-13 07:00:00+00:00,3.155,7.265,5.744,4.302
2015-10-13 08:00:00+00:00,5.272,7.717,6.476,5.263
2015-10-13 09:00:00+00:00,7.008,8.122,7.273,6.317
2015-10-13 10:00:00+00:00,8.235,8.477,7.986,7.402
2015-10-13 11:00:00+00:00,9.092,8.715,8.479,7.996
2015-10-13 12:00:00+00:00,9.468,8.767,8.73,8.297
2015-10-13 13:00:00+00:00,9.357,8.688,8.73,8.341
2015-10-13 14:00:00+00:00,8.8,8.488,8.361,8.114
2015-10-13 15:00:00+00:00,7.899,8.232,7.6,7.232
2015-10-13 16:00:00+00:00,6.358,7.915,6.907,6.107
2015-10-13 17:00:00+00:00,5.299,7.792,6.564,5.562
2015-10-13 18:00:00+00:00,4.605,7.745,6.285,5.168
2015-10-13 19:00:00+00:00,3.899,7.712,6.07,4.757
2015-10-13 20:00:00+00:00,3.244,7.688,5.914,4.351
2015-10-13 21:00:00+00:00,2.798,7.643,5.782,4.041
2015-10-13 22:00:00+00:00,2.507,7.636,5.635,3.777
2015-10-13 23:00:00+00:00,2.234,7.681,5.499,3.501
2015-10-14 00:00:00+00:00,1.959,7.709,5.373,3.216
2015-10-14 01:00:00+00:00,1.811,7.759,5.167,2.903
2015-10-14 02:00:00+00:00,1.745,7.8,4.905,2.583
2015-10-14 03:00:00+00:00,1.7,7.772,4.672,2.32
2015-10-14 04:00:00+00:00,1.654,7.744,4.533,2.146
2015-10-14 05:00:00+00:00,1.608,7.71,4.466,2.147
2015-10-14 06:00:00+00:00,1.776,7.886,4.781,2.431
2015-10-14 07:00:00+00:00,2.389,8.45,5.694,3.495
2015-10-14 08:00:00+00:00,3.107,9.057,6.821,4.707
2015-10-14 09:00:00+00:00,3.799,9.648,8.336,6.023
2015-10-14 10:00:00+00:00,4.476,10.162,9.587,7.287
2015-10-14 11:00:00+00:00,5.045,10.516,10.244,8.14
2015-10-14 12:00:00+00:00,5.453,10.663,10.459,8.586
2015-10-14 13:00:00+00:00,5.629,10.624,10.338,8.648
2015-10-14 14:00:00+00:00,5.541,10.407,9.805,8.328
2015-10-14 15:00:00+00:00,5.182,9.923,8.702,7.29
2015-10-14 16:00:00+00:00,4.167,9.113,7.412,6.148
2015-10-14 17:00:00+00:00,3.282,8.741,6.746,5.389
2015-10-14 18:00:00+00:00,2.88,8.518,6.104,4.8
2015-10-14 19:00:00+00:00,2.53,8.391,5.618,4.293
2015-10-14 20:00:00+00:00,2.232,8.319,5.299,3.874
2015-10-14 21:00:00+00:00,2.084,8.303,5.078,3.598
2015-10-14 22:00:00+00:00,2.058,8.322,4.976,3.478
2015-10-14 23:00:00+00:00,2.037,8.285,4.865,3.416
2015-10-15 00:00:00+00:00,2.037,8.181,4.658,3.296
2015-10-15 01:00:00+00:00,2.023,8.057,4.46,3.151
2015-10-15 02:00:00+00:00,2.005,7.922,4.33,3.101
2015-10-15 03:00:00+00:00,1.996,7.905,4.183,3.167
2015-10-15 04:00:00+00:00,2.075,7.824,4.02,3.181
2015-10-15 05:00:00+00:00,2.164,7.664,3.958,3.162
2015-10-15 06:00:00+00:00,2.339,7.785,4.421,3.222
2015-10-15 07:00:00+00:00,2.832,8.542,5.635,3.858
2015-10-15 08:00:00+00:00,3.478,9.534,6.945,4.859
2015-10-15 09:00:00+00:00,4.137,10.558,8.329,5.895
2015-10-15 10:00:00+00:00,4.822,11.254,9.421,7.095
2015-10-15 11:00:00+00:00,5.461,11.607,10.068,7.907
2015-10-15 12:00:00+00:00,5.841,11.725,10.273,8.258
2015-10-15 13:00:00+00:00,5.985,11.581,10.074,8.212
2015-10-15 14:00:00+00:00,5.92,11.206,9.22,7.709
2015-10-15 15:00:00+00:00,5.598,10.603,7.469,6.435
2015-10-15 16:00:00+00:00,4.948,9.889,6.254,5.371
2015-10-15 17:00:00+00:00,4.5,9.457,5.884,5.048
2015-10-15 18:00:00+00:00,4.293,9.162,5.53,4.895
2015-10-15 19:00:00+00:00,4.102,8.878,5.187,4.67
2015-10-15 20:00:00+00:00,3.94,8.52,4.885,4.411
2015-10-15 21:00:00+00:00,3.869,8.313,4.682,4.131
2015-10-15 22:00:00+00:00,3.801,8.187,4.649,3.866
2015-10-15 23:00:00+00:00,3.746,8.131,4.708,3.507
2015-10-16 00:00:00+00:00,3.696,8.054,4.802,3.143
2015-10-16 01:00:00+00:00,3.631,7.988,4.811,2.957
2015-10-16 02:00:00+00:00,3.608,7.973,4.748,2.935
2015-10-16 03:00:00+00:00,3.618,7.952,4.608,2.938
2015-10-16 04:00:00+00:00,3.623,7.877,4.511,2.923
2015-10-16 05:00:00+00:00,3.609,7.844,4.435,2.882
2015-10-16 06:00:00+00:00,3.773,7.96,4.64,2.776
2015-10-16 07:00:00+00:00,4.35,8.475,5.488,3.135
2015-10-16 08:00:00+00:00,4.946,9.153,6.628,4.028
2015-10-16 09:00:00+00:00,5.553,9.878,7.733,4.786
2015-10-16 10:00:00+00:00,6.071,10.45,8.774,5.566
2015-10-16 11:00:00+00:00,6.475,10.738,9.528,6.402
2015-10-16 12:00:00+00:00,6.714,10.796,9.903,7.135
2015-10-16 13:00:00+00:00,6.767,10.629,9.851,7.432
2015-10-16 14:00:00+00:00,6.631,10.32,9.099,7.155
2015-10-16 15:00:00+00:00,6.249,9.874,7.612,5.872
2015-10-16 16:00:00+00:00,5.398,9.41,6.45,4.354
2015-10-16 17:00:00+00:00,4.904,9.207,5.884,3.757
2015-10-16 18:00:00+00:00,4.639,9.099,5.537,3.391
2015-10-16 19:00:00+00:00,4.38,9.04,5.304,3.204
2015-10-16 20:00:00+00:00,4.149,9.029,5.23,3.091
2015-10-16 21:00:00+00:00,3.952,9.058,5.268,2.865
2015-10-16 22:00:00+00:00,3.758,9.081,5.397,2.978
2015-10-16 23:00:00+00:00,3.573,9.082,5.452,3.045
2015-10-17 00:00:00+00:00,3.403,9.068,5.399,3.018
2015-10-17 01:00:00+00:00,3.249,9.091,5.299,2.966
2015-10-17 02:00:00+00:00,3.122,9.168,5.172,2.862
2015-10-17 03:00:00+00:00,3.023,9.247,4.984,2.763
2015-10-17 04:00:00+00:00,2.909,9.286,4.689,2.644
2015-10-17 05:00:00+00:00,2.786,9.313,4.526,2.578
2015-10-17 06:00:00+00:00,3.061,9.422,4.685,2.567
2015-10-17 07:00:00+00:00,4.316,9.743,5.328,3.522
2015-10-17 08:00:00+00:00,5.536,10.108,5.803,4.799
2015-10-17 09:00:00+00:00,6.67,10.483,6.501,5.969
2015-10-17 10:00:00+00:00,7.577,10.827,7.392,7.155
2015-10-17 11:00:00+00:00,8.281,11.055,8.181,8.103
2015-10-17 12:00:00+00:00,8.721,11.151,8.693,8.644
2015-10-17 13:00:00+00:00,8.837,11.112,8.885,8.731
2015-10-17 14:00:00+00:00,8.628,10.94,8.415,8.222
2015-10-17 15:00:00+00:00,7.964,10.646,7.162,6.639
2015-10-17 16:00:00+00:00,6.567,10.236,6.036,5.175
2015-10-17 17:00:00+00:00,5.793,10.066,5.578,4.679
2015-10-17 18:00:00+00:00,5.292,9.957,5.297,4.359
2015-10-17 19:00:00+00:00,4.871,9.861,5.211,4.128
2015-10-17 20:00:00+00:00,4.543,9.789,5.198,3.958
2015-10-17 21:00:00+00:00,4.319,9.708,5.386,3.803
2015-10-17 22:00:00+00:00,4.174,9.585,5.478,3.646
2015-10-17 23:00:00+00:00,4.016,9.493,5.447,3.57
2015-10-18 00:00:00+00:00,3.827,9.421,5.394,3.444
2015-10-18 01:00:00+00:00,3.678,9.305,5.341,3.548
2015-10-18 02:00:00+00:00,3.538,9.169,5.294,3.621
2015-10-18 03:00:00+00:00,3.444,8.98,5.258,3.69
2015-10-18 04:00:00+00:00,3.368,8.777,5.117,3.64
2015-10-18 05:00:00+00:00,3.315,8.611,4.944,3.608
2015-10-18 06:00:00+00:00,3.527,8.576,4.934,3.627
2015-10-18 07:00:00+00:00,4.683,8.968,5.281,4.485
2015-10-18 08:00:00+00:00,6.1,9.412,5.886,5.603
2015-10-18 09:00:00+00:00,7.571,9.91,6.782,6.833
2015-10-18 10:00:00+00:00,8.507,10.545,7.773,8.091
2015-10-18 11:00:00+00:00,9.104,11.183,8.672,8.98
2015-10-18 12:00:00+00:00,9.454,11.615,9.352,9.482
2015-10-18 13:00:00+00:00,9.501,11.786,9.636,9.556
2015-10-18 14:00:00+00:00,9.222,11.617,9.026,9.117
2015-10-18 15:00:00+00:00,8.435,10.655,7.369,8.014
2015-10-18 16:00:00+00:00,6.988,9.128,6.205,7.174
2015-10-18 17:00:00+00:00,6.32,8.572,5.839,6.757
2015-10-18 18:00:00+00:00,5.964,8.055,5.504,6.325
2015-10-18 19:00:00+00:00,5.68,7.512,5.4,5.903
2015-10-18 20:00:00+00:00,5.406,7.151,5.503,5.573
2015-10-18 21:00:00+00:00,5.136,7.218,5.545,5.199
2015-10-18 22:00:00+00:00,4.91,7.265,5.483,4.79
2015-10-18 23:00:00+00:00,4.693,7.258,5.411,4.434
2015-10-19 00:00:00+00:00,4.475,7.327,5.352,4.147
2015-10-19 01:00:00+00:00,4.263,7.29,5.31,3.965
2015-10-19 02:00:00+00:00,4.111,7.248,5.25,3.914
2015-10-19 03:00:00+00:00,4.054,7.152,5.225,3.912
2015-10-19 04:00:00+00:00,3.995,7.041,5.215,3.844
2015-10-19 05:00:00+00:00,3.931,6.934,5.223,3.795
2015-10-19 06:00:00+00:00,4.117,6.953,5.377,3.706
2015-10-19 07:00:00+00:00,5.069,7.576,5.817,4.106
2015-10-19 08:00:00+00:00,6.269,8.281,6.378,5.027
2015-10-19 09:00:00+00:00,7.734,9.077,7.028,6.05
2015-10-19 10:00:00+00:00,8.874,10.009,7.656,6.904
2015-10-19 11:00:00+00:00,9.625,10.887,8.203,7.506
2015-10-19 12:00:00+00:00,10.051,11.396,8.711,7.82
2015-10-19 13:00:00+00:00,10.187,11.537,8.88,7.837
2015-10-19 14:00:00+00:00,9.944,11.356,8.617,7.46
2015-10-19 15:00:00+00:00,9.092,10.571,7.839,6.427
2015-10-19 16:00:00+00:00,7.233,9.598,7.223,5.459
2015-10-19 17:00:00+00:00,6.432,9.246,6.926,5.121
2015-10-19 18:00:00+00:00,6.032,9.007,6.687,5.053
2015-10-19 19:00:00+00:00,5.676,8.834,6.482,5.111
2015-10-19 20:00:00+00:00,5.392,8.725,6.325,5.101
2015-10-19 21:00:00+00:00,5.226,8.604,6.23,4.954
2015-10-19 22:00:00+00:00,5.094,8.516,6.174,4.763
2015-10-19 23:00:00+00:00,5.003,8.461,6.083,4.617
2015-10-20 00:00:00+00:00,4.886,8.408,5.988,4.508
2015-10-20 01:00:00+00:00,4.799,8.329,5.916,4.407
2015-10-20 02:00:00+00:00,4.657,8.237,5.847,4.337
2015-10-20 03:00:00+00:00,4.51,8.147,5.818,4.329
2015-10-20 04:00:00+00:00,4.363,8.079,5.744,4.33
2015-10-20 05:00:00+00:00,4.273,7.996,5.691,4.368
2015-10-20 06:00:00+00:00,4.488,7.983,5.832,4.382
2015-10-20 07:00:00+00:00,5.545,8.805,6.506,4.764
2015-10-20 08:00:00+00:00,6.683,9.555,7.118,5.36
2015-10-20 09:00:00+00:00,8.118,10.214,7.757,5.946
2015-10-20 10:00:00+00:00,9.311,10.759,8.328,6.545
2015-10-20 11:00:00+00:00,10.065,11.037,8.665,7.054
2015-10-20 12:00:00+00:00,10.449,11.168,8.76,7.431
2015-10-20 13:00:00+00:00,10.493,11.11,8.622,7.532
2015-10-20 14:00:00+00:00,10.227,10.883,8.229,7.272
2015-10-20 15:00:00+00:00,9.358,10.008,7.355,6.543
2015-10-20 16:00:00+00:00,7.487,8.72,6.792,5.735
2015-10-20 17:00:00+00:00,6.774,8.241,6.626,5.367
2015-10-20 18:00:00+00:00,6.424,7.863,6.519,5.189
2015-10-20 19:00:00+00:00,6.026,7.498,6.39,5.011
2015-10-20 20:00:00+00:00,5.624,7.195,6.256,4.712
2015-10-20 21:00:00+00:00,5.381,7.0,6.171,4.421
2015-10-20 22:00:00+00:00,5.205,6.884,6.113,4.232
2015-10-20 23:00:00+00:00,5.032,6.836,6.039,4.156
2015-10-21 00:00:00+00:00,4.83,6.771,6.006,4.177
2015-10-21 01:00:00+00:00,4.739,6.795,6.003,4.232
2015-10-21 02:00:00+00:00,4.782,6.847,5.976,4.323
2015-10-21 03:00:00+00:00,4.737,6.947,5.962,4.36
2015-10-21 04:00:00+00:00,4.655,6.936,5.976,4.207
2015-10-21 05:00:00+00:00,4.552,7.038,6.0,4.021
2015-10-21 06:00:00+00:00,4.637,7.388,6.111,3.93
2015-10-21 07:00:00+00:00,5.434,8.434,6.525,4.271
2015-10-21 08:00:00+00:00,6.531,9.326,6.935,4.669
2015-10-21 09:00:00+00:00,8.08,10.332,7.368,5.106
2015-10-21 10:00:00+00:00,9.657,11.114,7.822,5.648
2015-10-21 11:00:00+00:00,10.745,11.519,8.231,6.191
2015-10-21 12:00:00+00:00,11.335,11.622,8.493,6.756
2015-10-21 13:00:00+00:00,11.436,11.464,8.571,7.134
2015-10-21 14:00:00+00:00,11.12,11.106,8.413,7.32
2015-10-21 15:00:00+00:00,10.019,10.57,8.064,7.405
2015-10-21 16:00:00+00:00,8.007,10.151,7.804,7.429
2015-10-21 17:00:00+00:00,7.237,10.029,7.736,7.498
2015-10-21 18:00:00+00:00,6.823,10.044,7.755,7.554
2015-10-21 19:00:00+00:00,6.502,10.17,7.842,7.534
2015-10-21 20:00:00+00:00,6.21,10.327,7.939,7.283
2015-10-21 21:00:00+00:00,6.014,10.485,8.027,7.092
2015-10-21 22:00:00+00:00,5.785,10.599,8.111,6.953
2015-10-21 23:00:00+00:00,5.581,10.632,8.181,6.823
2015-10-22 00:00:00+00:00,5.399,10.631,8.239,6.764
2015-10-22 01:00:00+00:00,5.264,10.617,8.287,6.839
2015-10-22 02:00:00+00:00,5.178,10.67,8.329,6.915
2015-10-22 03:00:00+00:00,5.144,10.767,8.371,7.0
2015-10-22 04:00:00+00:00,5.144,10.803,8.432,7.088
2015-10-22 05:00:00+00:00,5.197,10.84,8.482,7.163
2015-10-22 06:00:00+00:00,5.582,10.92,8.577,7.305
2015-10-22 07:00:00+00:00,6.806,11.211,8.839,7.706
2015-10-22 08:00:00+00:00,8.087,11.574,9.232,8.202
2015-10-22 09:00:00+00:00,9.437,11.993,9.679,8.696
2015-10-22 10:00:00+00:00,10.313,12.369,10.086,9.241
2015-10-22 11:00:00+00:00,10.89,12.584,10.404,9.681
2015-10-22 12:00:00+00:00,11.192,12.706,10.62,9.841
2015-10-22 13:00:00+00:00,11.247,12.71,10.73,9.657
2015-10-22 14:00:00+00:00,11.064,12.544,10.69,9.272
2015-10-22 15:00:00+00:00,10.544,12.039,10.461,8.719
2015-10-22 16:00:00+00:00,9.792,11.299,10.14,8.253
2015-10-22 17:00:00+00:00,9.44,10.779,9.821,8.018
2015-10-22 18:00:00+00:00,9.181,10.369,9.552,7.853
2015-10-22 19:00:00+00:00,8.908,10.159,9.276,7.706
2015-10-22 20:00:00+00:00,8.679,10.078,9.091,7.645
2015-10-22 21:00:00+00:00,8.453,10.102,9.06,7.652
2015-10-22 22:00:00+00:00,8.224,10.204,9.145,7.675
2015-10-22 23:00:00+00:00,7.976,10.289,9.252,7.662
2015-10-23 00:00:00+00:00,7.7,10.383,9.366,7.584
2015-10-23 01:00:00+00:00,7.359,10.54,9.417,7.455
2015-10-23 02:00:00+00:00,7.013,10.584,9.396,7.316
2015-10-23 03:00:00+00:00,6.722,10.454,9.267,7.13
2015-10-23 04:00:00+00:00,6.545,10.234,8.978,6.837
2015-10-23 05:00:00+00:00,6.416,10.008,8.749,6.509
2015-10-23 06:00:00+00:00,6.424,9.862,8.661,6.06
2015-10-23 07:00:00+00:00,7.751,10.286,9.132,6.226
2015-10-23 08:00:00+00:00,9.368,11.096,10.044,7.177
2015-10-23 09:00:00+00:00,11.156,11.937,10.958,8.019
2015-10-23 10:00:00+00:00,12.61,12.493,11.636,8.704
2015-10-23 11:00:00+00:00,13.482,12.81,11.995,9.157
2015-10-23 12:00:00+00:00,13.947,12.911,12.07,9.391
2015-10-23 13:00:00+00:00,14.001,12.785,11.829,9.326
2015-10-23 14:00:00+00:00,13.563,12.361,11.126,8.637
2015-10-23 15:00:00+00:00,11.903,11.252,9.704,7.397
2015-10-23 16:00:00+00:00,9.535,9.791,8.325,6.529
2015-10-23 17:00:00+00:00,8.529,9.466,7.477,6.065
2015-10-23 18:00:00+00:00,7.811,9.334,6.887,5.593
2015-10-23 19:00:00+00:00,7.095,9.205,6.613,5.217
2015-10-23 20:00:00+00:00,6.464,9.072,6.394,4.955
2015-10-23 21:00:00+00:00,5.952,8.98,6.281,4.724
2015-10-23 22:00:00+00:00,5.62,8.976,6.099,4.537
2015-10-23 23:00:00+00:00,5.338,9.156,6.118,4.639
2015-10-24 00:00:00+00:00,4.948,9.342,6.018,4.704
2015-10-24 01:00:00+00:00,4.588,9.441,6.055,4.573
2015-10-24 02:00:00+00:00,4.396,9.48,6.178,4.577
2015-10-24 03:00:00+00:00,4.338,9.551,6.294,4.638
2015-10-24 04:00:00+00:00,4.232,9.609,6.486,4.913
2015-10-24 05:00:00+00:00,4.146,9.72,6.524,5.334
2015-10-24 06:00:00+00:00,4.466,9.799,6.662,5.668
2015-10-24 07:00:00+00:00,6.048,10.109,7.046,6.069
2015-10-24 08:00:00+00:00,7.721,10.426,7.462,6.521
2015-10-24 09:00:00+00:00,9.773,10.734,8.004,7.002
2015-10-24 10:00:00+00:00,11.63,11.001,8.594,7.457
2015-10-24 11:00:00+00:00,12.792,11.165,9.085,7.816
2015-10-24 12:00:00+00:00,13.407,11.217,9.344,8.05
2015-10-24 13:00:00+00:00,13.556,11.161,9.366,8.128
2015-10-24 14:00:00+00:00,13.128,10.988,9.207,8.066
2015-10-24 15:00:00+00:00,11.481,10.593,8.942,7.946
2015-10-24 16:00:00+00:00,9.598,10.244,8.743,7.853
2015-10-24 17:00:00+00:00,8.825,10.197,8.701,7.739
2015-10-24 18:00:00+00:00,8.375,10.247,8.699,7.553
2015-10-24 19:00:00+00:00,8.1,10.279,8.712,7.336
2015-10-24 20:00:00+00:00,7.92,10.264,8.729,7.174
2015-10-24 21:00:00+00:00,7.833,10.278,8.743,7.038
2015-10-24 22:00:00+00:00,7.813,10.309,8.698,6.946
2015-10-24 23:00:00+00:00,7.785,10.334,8.739,6.875
2015-10-25 00:00:00+00:00,7.689,10.312,8.729,6.724
2015-10-25 01:00:00+00:00,7.604,10.166,8.743,6.422
2015-10-25 02:00:00+00:00,7.515,9.835,8.778,5.94
2015-10-25 03:00:00+00:00,7.452,9.472,8.759,5.469
2015-10-25 04:00:00+00:00,7.435,9.028,8.684,5.033
2015-10-25 05:00:00+00:00,7.337,8.651,8.584,4.7
2015-10-25 06:00:00+00:00,7.344,8.453,8.461,4.448
2015-10-25 07:00:00+00:00,8.568,9.061,8.511,4.518
2015-10-25 08:00:00+00:00,9.918,9.836,8.798,4.984
2015-10-25 09:00:00+00:00,11.454,10.722,9.21,5.6
2015-10-25 10:00:00+00:00,12.677,11.402,9.634,6.135
2015-10-25 11:00:00+00:00,13.392,11.755,9.968,6.533
2015-10-25 12:00:00+00:00,13.63,11.784,10.155,6.819
2015-10-25 13:00:00+00:00,13.569,11.542,9.995,6.939
2015-10-25 14:00:00+00:00,13.084,11.038,9.463,6.666
2015-10-25 15:00:00+00:00,11.673,10.036,8.604,5.914
2015-10-25 16:00:00+00:00,9.978,8.778,7.853,5.256
2015-10-25 17:00:00+00:00,9.302,8.151,7.313,4.774
2015-10-25 18:00:00+00:00,8.818,7.602,6.774,4.139
2015-10-25 19:00:00+00:00,8.365,7.146,6.259,3.513
2015-10-25 20:00:00+00:00,7.951,6.906,5.812,3.15
2015-10-25 21:00:00+00:00,7.513,6.857,5.604,3.136
2015-10-25 22:00:00+00:00,7.058,6.962,5.391,3.139
2015-10-25 23:00:00+00:00,6.732,6.953,5.116,3.043
2015-10-26 00:00:00+00:00,6.532,6.76,4.737,2.96
2015-10-26 01:00:00+00:00,6.329,6.55,4.507,3.019
2015-10-26 02:00:00+00:00,6.191,6.515,4.293,3.09
2015-10-26 03:00:00+00:00,6.138,6.484,4.017,3.189
2015-10-26 04:00:00+00:00,6.17,6.417,3.814,3.235
2015-10-26 05:00:00+00:00,6.225,6.332,3.74,3.297
2015-10-26 06:00:00+00:00,6.374,6.435,3.642,3.367
2015-10-26 07:00:00+00:00,7.221,7.391,4.375,3.945
2015-10-26 08:00:00+00:00,8.543,8.375,5.47,5.021
2015-10-26 09:00:00+00:00,10.4,9.44,6.66,5.817
2015-10-26 10:00:00+00:00,12.238,10.347,7.703,6.633
2015-10-26 11:00:00+00:00,13.524,10.877,8.397,7.196
2015-10-26 12:00:00+00:00,14.244,11.173,8.701,7.433
2015-10-26 13:00:00+00:00,14.445,11.241,8.55,7.427
2015-10-26 14:00:00+00:00,14.04,10.887,7.707,7.16
2015-10-26 15:00:00+00:00,12.078,9.458,6.557,6.327
2015-10-26 16:00:00+00:00,9.082,8.291,6.432,5.733
2015-10-26 17:00:00+00:00,8.196,7.81,6.27,5.569
2015-10-26 18:00:00+00:00,7.563,7.329,6.108,5.448
2015-10-26 19:00:00+00:00,6.956,6.993,6.006,5.307
2015-10-26 20:00:00+00:00,6.435,6.793,5.915,5.042
2015-10-26 21:00:00+00:00,6.056,6.657,5.887,4.729
2015-10-26 22:00:00+00:00,5.805,6.536,5.885,4.503
2015-10-26 23:00:00+00:00,5.632,6.411,5.875,4.244
2015-10-27 00:00:00+00:00,5.498,6.326,5.862,4.105
2015-10-27 01:00:00+00:00,5.393,6.346,5.851,3.939
2015-10-27 02:00:00+00:00,5.249,6.378,5.836,3.596
2015-10-27 03:00:00+00:00,5.169,6.422,5.823,3.505
2015-10-27 04:00:00+00:00,5.118,6.435,5.788,3.413
2015-10-27 05:00:00+00:00,5.079,6.444,5.75,3.303
2015-10-27 06:00:00+00:00,5.196,6.52,5.697,3.102
2015-10-27 07:00:00+00:00,5.971,7.241,5.908,3.39
2015-10-27 08:00:00+00:00,7.268,8.349,6.397,4.289
2015-10-27 09:00:00+00:00,9.0,9.211,7.037,5.168
2015-10-27 10:00:00+00:00,10.678,9.904,7.67,6.047
2015-10-27 11:00:00+00:00,12.085,10.394,8.144,6.815
2015-10-27 12:00:00+00:00,13.029,10.641,8.291,7.242
2015-10-27 13:00:00+00:00,13.434,10.592,8.013,7.255
2015-10-27 14:00:00+00:00,13.105,10.084,7.171,6.579
2015-10-27 15:00:00+00:00,11.118,8.926,5.88,5.428
2015-10-27 16:00:00+00:00,8.545,7.923,5.19,4.656
2015-10-27 17:00:00+00:00,7.8,7.792,4.732,4.308
2015-10-27 18:00:00+00:00,7.222,7.713,4.314,4.143
2015-10-27 19:00:00+00:00,6.699,7.764,3.971,4.136
2015-10-27 20:00:00+00:00,6.32,7.831,3.728,4.162
2015-10-27 21:00:00+00:00,6.081,7.911,3.562,4.242
2015-10-27 22:00:00+00:00,5.936,7.962,3.411,4.28
2015-10-27 23:00:00+00:00,5.86,8.061,3.305,4.234
2015-10-28 00:00:00+00:00,5.738,8.103,3.212,4.172
2015-10-28 01:00:00+00:00,5.573,8.155,3.169,4.103
2015-10-28 02:00:00+00:00,5.455,8.152,3.155,4.084
2015-10-28 03:00:00+00:00,5.382,8.187,3.14,4.143
2015-10-28 04:00:00+00:00,5.297,8.203,3.116,4.183
2015-10-28 05:00:00+00:00,5.173,8.231,3.107,4.198
2015-10-28 06:00:00+00:00,5.152,8.268,3.195,4.176
2015-10-28 07:00:00+00:00,5.847,8.668,4.033,4.237
2015-10-28 08:00:00+00:00,7.086,9.35,5.209,4.612
2015-10-28 09:00:00+00:00,8.605,10.162,6.19,5.019
2015-10-28 10:00:00+00:00,9.992,10.907,7.033,5.358
2015-10-28 11:00:00+00:00,11.114,11.445,7.545,5.644
2015-10-28 12:00:00+00:00,11.836,11.641,7.719,5.832
2015-10-28 13:00:00+00:00,12.093,11.471,7.485,5.791
2015-10-28 14:00:00+00:00,11.756,10.925,6.433,5.39
2015-10-28 15:00:00+00:00,10.199,9.972,5.06,4.728
2015-10-28 16:00:00+00:00,8.318,9.039,4.546,4.278
2015-10-28 17:00:00+00:00,7.685,8.677,4.233,4.079
2015-10-28 18:00:00+00:00,7.234,8.435,4.027,3.891
2015-10-28 19:00:00+00:00,6.87,8.212,3.915,3.67
2015-10-28 20:00:00+00:00,6.572,8.036,3.847,3.459
2015-10-28 21:00:00+00:00,6.324,7.929,3.754,3.3
2015-10-28 22:00:00+00:00,6.103,7.793,3.632,3.081
2015-10-28 23:00:00+00:00,6.0,7.723,3.511,2.914
2015-10-29 00:00:00+00:00,5.979,7.552,3.475,2.752
2015-10-29 01:00:00+00:00,5.984,7.311,3.479,2.709
2015-10-29 02:00:00+00:00,5.974,7.049,3.451,2.668
2015-10-29 03:00:00+00:00,5.966,6.882,3.491,2.665
2015-10-29 04:00:00+00:00,5.95,6.772,3.513,2.717
2015-10-29 05:00:00+00:00,5.888,6.679,3.494,2.743
2015-10-29 06:00:00+00:00,5.851,6.625,3.512,2.721
2015-10-29 07:00:00+00:00,6.726,7.59,4.056,2.889
2015-10-29 08:00:00+00:00,7.809,8.809,4.901,3.507
2015-10-29 09:00:00+00:00,9.18,9.608,5.816,4.174
2015-10-29 10:00:00+00:00,10.671,10.249,6.74,4.756
2015-10-29 11:00:00+00:00,11.824,10.63,7.313,5.164
2015-10-29 12:00:00+00:00,12.592,10.754,7.496,5.371
2015-10-29 13:00:00+00:00,12.887,10.625,7.215,5.31
2015-10-29 14:00:00+00:00,12.623,10.179,6.354,4.882
2015-10-29 15:00:00+00:00,11.234,9.108,5.038,4.124
2015-10-29 16:00:00+00:00,9.785,8.294,4.445,3.791
2015-10-29 17:00:00+00:00,9.132,8.048,4.187,3.687
2015-10-29 18:00:00+00:00,8.471,7.871,4.03,3.592
2015-10-29 19:00:00+00:00,7.856,7.649,3.974,3.501
2015-10-29 20:00:00+00:00,7.344,7.52,3.969,3.467
2015-10-29 21:00:00+00:00,7.026,7.482,3.972,3.451
2015-10-29 22:00:00+00:00,6.794,7.511,3.938,3.357
2015-10-29 23:00:00+00:00,6.566,7.551,3.869,3.274
2015-10-30 00:00:00+00:00,6.289,7.536,3.781,3.21
2015-10-30 01:00:00+00:00,6.019,7.463,3.676,3.186
2015-10-30 02:00:00+00:00,5.893,7.497,3.554,3.222
2015-10-30 03:00:00+00:00,5.868,7.459,3.477,3.25
2015-10-30 04:00:00+00:00,5.863,7.47,3.497,3.332
2015-10-30 05:00:00+00:00,5.899,7.513,3.548,3.394
2015-10-30 06:00:00+00:00,6.021,7.606,3.651,3.428
2015-10-30 07:00:00+00:00,7.038,8.259,4.273,3.65
2015-10-30 08:00:00+00:00,8.376,8.983,5.227,4.079
2015-10-30 09:00:00+00:00,9.784,9.484,5.976,4.574
2015-10-30 10:00:00+00:00,11.172,9.931,6.7,5.049
2015-10-30 11:00:00+00:00,12.184,10.278,7.174,5.413
2015-10-30 12:00:00+00:00,12.767,10.475,7.388,5.61
2015-10-30 13:00:00+00:00,12.875,10.501,7.286,5.614
2015-10-30 14:00:00+00:00,12.364,10.276,6.674,5.474
2015-10-30 15:00:00+00:00,10.598,9.745,5.848,5.294
2015-10-30 16:00:00+00:00,8.629,9.384,5.577,5.301
2015-10-30 17:00:00+00:00,8.106,9.214,5.466,5.371
2015-10-30 18:00:00+00:00,7.683,9.035,5.457,5.44
2015-10-30 19:00:00+00:00,7.236,8.899,5.553,5.504
2015-10-30 20:00:00+00:00,6.813,8.69,5.732,5.586
2015-10-30 21:00:00+00:00,6.527,8.534,5.926,5.678
2015-10-30 22:00:00+00:00,6.29,8.341,5.921,5.772
2015-10-30 23:00:00+00:00,6.056,8.217,5.849,5.9
2015-10-31 00:00:00+00:00,5.854,8.109,5.79,6.009
2015-10-31 01:00:00+00:00,5.714,7.888,5.797,6.111
2015-10-31 02:00:00+00:00,5.586,7.704,5.783,6.209
2015-10-31 03:00:00+00:00,5.527,7.583,5.776,6.324
2015-10-31 04:00:00+00:00,5.533,7.445,5.798,6.459
2015-10-31 05:00:00+00:00,5.514,7.312,5.778,6.616
2015-10-31 06:00:00+00:00,5.528,7.356,5.781,6.712
2015-10-31 07:00:00+00:00,6.187,8.178,6.184,6.817
2015-10-31 08:00:00+00:00,7.434,9.148,6.765,7.056
2015-10-31 09:00:00+00:00,9.093,9.881,7.406,7.358
2015-10-31 10:00:00+00:00,10.719,10.589,8.026,7.67
2015-10-31 11:00:00+00:00,12.078,11.094,8.525,7.925
2015-10-31 12:00:00+00:00,13.041,11.292,8.742,8.053
2015-10-31 13:00:00+00:00,13.439,11.222,8.648,8.072
2015-10-31 14:00:00+00:00,12.962,10.808,8.247,7.995
2015-10-31 15:00:00+00:00,10.74,9.591,7.635,7.824
2015-10-31 16:00:00+00:00,8.207,8.574,7.385,7.68
2015-10-31 17:00:00+00:00,7.476,8.489,7.448,7.585
2015-10-31 18:00:00+00:00,6.88,8.489,7.488,7.536
2015-10-31 19:00:00+00:00,6.24,8.373,7.508,7.532
2015-10-31 20:00:00+00:00,5.664,8.173,7.505,7.57
2015-10-31 21:00:00+00:00,5.351,8.011,7.513,7.65
2015-10-31 22:00:00+00:00,5.103,7.801,7.499,7.748
2015-10-31 23:00:00+00:00,4.923,7.61,7.412,7.822
2015-11-01 00:00:00+00:00,4.766,7.464,7.354,7.828
2015-11-01 01:00:00+00:00,4.575,7.336,7.289,7.722
2015-11-01 02:00:00+00:00,4.343,7.323,7.248,7.372
2015-11-01 03:00:00+00:00,4.158,7.378,7.217,7.094
2015-11-01 04:00:00+00:00,4.032,7.476,7.185,7.004
2015-11-01 05:00:00+00:00,3.91,7.586,7.154,6.903
2015-11-01 06:00:00+00:00,3.924,7.672,7.147,6.748
2015-11-01 07:00:00+00:00,5.03,8.074,7.358,6.729
2015-11-01 08:00:00+00:00,6.5,8.876,7.763,6.931
2015-11-01 09:00:00+00:00,8.292,9.647,8.229,7.195
2015-11-01 10:00:00+00:00,10.156,10.423,8.687,7.445
2015-11-01 11:00:00+00:00,11.666,11.083,9.133,7.773
2015-11-01 12:00:00+00:00,12.736,11.673,9.476,8.073
2015-11-01 13:00:00+00:00,13.221,11.841,9.552,8.091
2015-11-01 14:00:00+00:00,12.72,11.516,9.304,7.792
2015-11-01 15:00:00+00:00,10.703,10.487,8.845,7.227
2015-11-01 16:00:00+00:00,8.714,9.839,8.51,7.017
2015-11-01 17:00:00+00:00,7.736,9.653,8.271,6.903
2015-11-01 18:00:00+00:00,6.866,9.459,8.167,6.825
2015-11-01 19:00:00+00:00,6.118,9.274,8.051,6.803
2015-11-01 20:00:00+00:00,5.495,9.131,7.989,6.697
2015-11-01 21:00:00+00:00,5.018,9.094,8.02,6.563
2015-11-01 22:00:00+00:00,4.634,9.077,8.018,6.477
2015-11-01 23:00:00+00:00,4.309,9.041,7.988,6.328
2015-11-02 00:00:00+00:00,4.071,8.989,7.942,6.286
2015-11-02 01:00:00+00:00,3.874,8.925,7.844,6.195
2015-11-02 02:00:00+00:00,3.719,8.882,7.69,6.132
2015-11-02 03:00:00+00:00,3.561,8.87,7.633,6.04
2015-11-02 04:00:00+00:00,3.337,8.957,7.644,5.994
2015-11-02 05:00:00+00:00,3.091,9.097,7.666,5.924
2015-11-02 06:00:00+00:00,2.895,9.192,7.754,5.9
2015-11-02 07:00:00+00:00,3.997,9.628,8.139,5.967
2015-11-02 08:00:00+00:00,5.705,10.353,8.799,6.569
2015-11-02 09:00:00+00:00,7.469,10.919,9.561,7.348
2015-11-02 10:00:00+00:00,9.452,11.467,10.299,8.261
2015-11-02 11:00:00+00:00,11.096,11.859,10.853,9.019
2015-11-02 12:00:00+00:00,12.139,11.993,11.086,9.454
2015-11-02 13:00:00+00:00,12.51,11.948,10.966,9.463
2015-11-02 14:00:00+00:00,11.867,11.59,10.433,8.903
2015-11-02 15:00:00+00:00,9.525,10.369,9.549,7.811
2015-11-02 16:00:00+00:00,7.043,9.593,8.926,7.268
2015-11-02 17:00:00+00:00,5.905,9.233,8.526,7.028
2015-11-02 18:00:00+00:00,5.099,8.844,8.225,6.742
2015-11-02 19:00:00+00:00,4.426,8.441,7.962,6.504
2015-11-02 20:00:00+00:00,3.919,8.084,7.701,6.281
2015-11-02 21:00:00+00:00,3.564,7.887,7.458,6.121
2015-11-02 22:00:00+00:00,3.187,7.675,7.323,6.041
2015-11-02 23:00:00+00:00,2.88,7.463,7.203,5.94
2015-11-03 00:00:00+00:00,2.729,7.31,7.093,5.855
2015-11-03 01:00:00+00:00,2.538,7.232,7.043,5.778
2015-11-03 02:00:00+00:00,2.344,7.171,6.823,5.716
2015-11-03 03:00:00+00:00,2.144,7.135,6.792,5.722
2015-11-03 04:00:00+00:00,1.976,7.097,6.825,5.777
2015-11-03 05:00:00+00:00,1.761,6.976,6.756,5.842
2015-11-03 06:00:00+00:00,1.595,6.798,6.762,5.886
2015-11-03 07:00:00+00:00,2.733,6.665,6.927,5.985
2015-11-03 08:00:00+00:00,4.478,6.545,7.159,6.487
2015-11-03 09:00:00+00:00,6.423,6.525,7.43,6.997
2015-11-03 10:00:00+00:00,8.57,6.671,7.755,7.404
2015-11-03 11:00:00+00:00,10.347,6.814,8.053,7.795
2015-11-03 12:00:00+00:00,11.532,6.85,8.289,8.061
2015-11-03 13:00:00+00:00,12.018,6.743,8.147,8.083
2015-11-03 14:00:00+00:00,11.429,6.333,7.651,7.835
2015-11-03 15:00:00+00:00,9.25,5.587,7.109,7.442
2015-11-03 16:00:00+00:00,7.134,5.291,6.945,7.278
2015-11-03 17:00:00+00:00,6.08,5.151,6.84,7.124
2015-11-03 18:00:00+00:00,5.277,4.973,6.742,6.955
2015-11-03 19:00:00+00:00,4.782,4.821,6.629,6.79
2015-11-03 20:00:00+00:00,4.415,4.733,6.531,6.668
2015-11-03 21:00:00+00:00,4.224,4.741,6.509,6.564
2015-11-03 22:00:00+00:00,4.059,4.774,6.553,6.376
2015-11-03 23:00:00+00:00,3.966,4.802,6.614,6.192
2015-11-04 00:00:00+00:00,3.924,4.832,6.657,5.946
2015-11-04 01:00:00+00:00,3.928,4.885,6.675,5.728
2015-11-04 02:00:00+00:00,3.932,4.892,6.649,5.502
2015-11-04 03:00:00+00:00,3.92,4.893,6.627,5.256
2015-11-04 04:00:00+00:00,3.951,4.943,6.553,5.101
2015-11-04 05:00:00+00:00,3.995,5.019,6.493,4.887
2015-11-04 06:00:00+00:00,4.085,5.089,6.454,4.725
2015-11-04 07:00:00+00:00,5.217,5.359,6.597,4.657
2015-11-04 08:00:00+00:00,7.155,5.809,6.864,5.121
2015-11-04 09:00:00+00:00,9.07,6.323,7.204,5.701
2015-11-04 10:00:00+00:00,11.181,6.912,7.628,6.246
2015-11-04 11:00:00+00:00,12.833,7.499,8.005,6.758
2015-11-04 12:00:00+00:00,13.807,7.991,8.174,7.004
2015-11-04 13:00:00+00:00,13.98,8.262,7.966,6.891
2015-11-04 14:00:00+00:00,13.147,8.027,7.027,6.405
2015-11-04 15:00:00+00:00,11.203,6.789,6.282,5.826
2015-11-04 16:00:00+00:00,9.764,6.019,6.098,5.405
2015-11-04 17:00:00+00:00,9.237,5.774,5.845,5.108
2015-11-04 18:00:00+00:00,8.821,5.785,5.64,4.873
2015-11-04 19:00:00+00:00,8.463,5.864,5.518,4.638
2015-11-04 20:00:00+00:00,8.184,5.959,5.421,4.445
2015-11-04 21:00:00+00:00,8.01,6.061,5.316,4.311
2015-11-04 22:00:00+00:00,7.91,6.196,5.334,4.234
2015-11-04 23:00:00+00:00,7.79,6.362,5.32,4.12
2015-11-05 00:00:00+00:00,7.652,6.543,5.342,3.976
2015-11-05 01:00:00+00:00,7.48,6.714,5.336,3.892
2015-11-05 02:00:00+00:00,7.294,6.854,5.343,3.851
2015-11-05 03:00:00+00:00,7.127,7.034,5.356,3.837
2015-11-05 04:00:00+00:00,6.932,7.229,5.354,3.83
2015-11-05 05:00:00+00:00,6.74,7.444,5.337,3.817
2015-11-05 06:00:00+00:00,6.561,7.683,5.369,3.81
2015-11-05 07:00:00+00:00,7.684,8.102,5.548,3.831
2015-11-05 08:00:00+00:00,9.639,8.69,5.872,4.056
2015-11-05 09:00:00+00:00,11.49,9.262,6.308,4.521
2015-11-05 10:00:00+00:00,13.652,9.801,6.736,5.042
2015-11-05 11:00:00+00:00,15.169,10.336,7.043,5.432
2015-11-05 12:00:00+00:00,15.924,10.782,7.197,5.636
2015-11-05 13:00:00+00:00,16.044,10.946,7.136,5.627
2015-11-05 14:00:00+00:00,15.28,10.665,6.853,5.36
2015-11-05 15:00:00+00:00,13.075,10.013,6.566,4.978
2015-11-05 16:00:00+00:00,11.354,9.827,6.554,4.855
2015-11-05 17:00:00+00:00,10.669,9.791,6.544,4.792
2015-11-05 18:00:00+00:00,10.121,9.76,6.575,4.707
2015-11-05 19:00:00+00:00,9.782,9.742,6.6,4.678
2015-11-05 20:00:00+00:00,9.556,9.749,6.601,4.639
2015-11-05 21:00:00+00:00,9.435,9.788,6.595,4.561
2015-11-05 22:00:00+00:00,9.362,9.767,6.608,4.44
2015-11-05 23:00:00+00:00,9.344,9.703,6.635,4.332
2015-11-06 00:00:00+00:00,9.331,9.636,6.656,4.248
2015-11-06 01:00:00+00:00,9.291,9.723,6.647,4.191
2015-11-06 02:00:00+00:00,9.254,9.862,6.608,4.165
2015-11-06 03:00:00+00:00,9.226,9.941,6.607,4.193
2015-11-06 04:00:00+00:00,9.23,9.98,6.625,4.245
2015-11-06 05:00:00+00:00,9.17,9.937,6.638,4.283
2015-11-06 06:00:00+00:00,9.086,9.866,6.648,4.398
2015-11-06 07:00:00+00:00,10.0,9.939,6.807,4.551
2015-11-06 08:00:00+00:00,11.368,10.182,7.167,4.955
2015-11-06 09:00:00+00:00,12.857,10.462,7.568,5.413
2015-11-06 10:00:00+00:00,14.374,10.836,7.967,5.797
2015-11-06 11:00:00+00:00,15.464,11.192,8.273,6.135
2015-11-06 12:00:00+00:00,15.983,11.404,8.427,6.328
2015-11-06 13:00:00+00:00,15.934,11.434,8.367,6.36
2015-11-06 14:00:00+00:00,15.275,11.209,8.012,6.189
2015-11-06 15:00:00+00:00,13.671,10.703,7.671,5.988
2015-11-06 16:00:00+00:00,12.462,10.535,7.634,5.986
2015-11-06 17:00:00+00:00,12.27,10.585,7.62,6.086
2015-11-06 18:00:00+00:00,12.091,10.678,7.588,6.194
2015-11-06 19:00:00+00:00,12.028,10.756,7.546,6.319
2015-11-06 20:00:00+00:00,12.077,10.88,7.516,6.45
2015-11-06 21:00:00+00:00,12.119,11.029,7.48,6.558
2015-11-06 22:00:00+00:00,12.184,11.186,7.471,6.633
2015-11-06 23:00:00+00:00,12.286,11.239,7.475,6.707
2015-11-07 00:00:00+00:00,12.314,11.222,7.476,6.773
2015-11-07 01:00:00+00:00,12.376,11.293,7.472,6.838
2015-11-07 02:00:00+00:00,12.421,11.444,7.496,6.843
2015-11-07 03:00:00+00:00,12.409,11.619,7.593,6.87
2015-11-07 04:00:00+00:00,12.328,11.583,7.772,6.914
2015-11-07 05:00:00+00:00,12.219,11.388,7.961,6.864
2015-11-07 06:00:00+00:00,12.143,11.071,8.097,6.677
2015-11-07 07:00:00+00:00,12.702,11.119,8.285,6.524
2015-11-07 08:00:00+00:00,13.719,11.628,8.651,6.835
2015-11-07 09:00:00+00:00,14.816,12.173,9.111,7.454
2015-11-07 10:00:00+00:00,15.977,12.613,9.584,7.846
2015-11-07 11:00:00+00:00,16.857,12.76,9.901,8.124
2015-11-07 12:00:00+00:00,17.419,12.733,10.039,8.188
2015-11-07 13:00:00+00:00,17.471,12.592,9.999,7.888
2015-11-07 14:00:00+00:00,16.88,12.311,9.699,7.386
2015-11-07 15:00:00+00:00,15.71,12.037,9.208,6.845
2015-11-07 16:00:00+00:00,14.962,12.084,8.917,6.512
2015-11-07 17:00:00+00:00,14.76,12.502,8.962,6.321
2015-11-07 18:00:00+00:00,14.583,13.021,8.887,5.936
2015-11-07 19:00:00+00:00,14.526,13.518,8.844,5.529
2015-11-07 20:00:00+00:00,14.462,13.709,8.922,5.327
2015-11-07 21:00:00+00:00,14.292,13.453,9.064,5.334
2015-11-07 22:00:00+00:00,13.946,12.735,9.162,5.055
2015-11-07 23:00:00+00:00,13.405,11.815,9.284,4.702
2015-11-08 00:00:00+00:00,12.827,10.981,9.05,4.488
2015-11-08 01:00:00+00:00,12.244,10.226,8.654,4.253
2015-11-08 02:00:00+00:00,11.584,9.805,8.298,4.108
2015-11-08 03:00:00+00:00,10.892,9.646,7.962,4.201
2015-11-08 04:00:00+00:00,10.304,9.711,7.743,4.416
2015-11-08 05:00:00+00:00,9.832,9.836,7.648,4.443
2015-11-08 06:00:00+00:00,9.535,9.85,7.536,4.199
2015-11-08 07:00:00+00:00,10.367,9.845,7.425,3.89
2015-11-08 08:00:00+00:00,12.106,10.353,7.5,4.469
2015-11-08 09:00:00+00:00,13.416,11.052,7.701,5.208
2015-11-08 10:00:00+00:00,14.651,11.681,7.986,5.905
2015-11-08 11:00:00+00:00,15.536,12.02,8.278,6.447
2015-11-08 12:00:00+00:00,16.075,12.086,8.408,6.684
2015-11-08 13:00:00+00:00,16.186,11.861,8.17,6.32
2015-11-08 14:00:00+00:00,15.373,10.978,7.299,5.154
2015-11-08 15:00:00+00:00,13.294,9.387,5.94,4.362
2015-11-08 16:00:00+00:00,12.027,8.923,5.379,4.142
2015-11-08 17:00:00+00:00,11.706,8.892,5.178,4.454
2015-11-08 18:00:00+00:00,11.435,9.081,5.343,4.888
2015-11-08 19:00:00+00:00,11.216,9.401,5.224,5.076
2015-11-08 20:00:00+00:00,11.073,9.707,5.339,5.074
2015-11-08 21:00:00+00:00,11.081,10.003,5.454,5.169
2015-11-08 22:00:00+00:00,11.199,10.324,5.55,5.435
2015-11-08 23:00:00+00:00,11.384,10.696,5.772,5.777
2015-11-09 00:00:00+00:00,11.633,11.056,6.061,5.833
2015-11-09 01:00:00+00:00,11.847,11.398,6.324,5.821
2015-11-09 02:00:00+00:00,11.966,11.53,6.587,5.878
2015-11-09 03:00:00+00:00,11.966,11.462,6.838,5.921
2015-11-09 04:00:00+00:00,11.922,11.187,7.114,5.647
2015-11-09 05:00:00+00:00,11.81,10.808,7.381,5.197
2015-11-09 06:00:00+00:00,11.673,10.358,7.473,4.76
2015-11-09 07:00:00+00:00,12.097,9.957,7.41,4.646
2015-11-09 08:00:00+00:00,13.098,9.782,7.447,4.708
2015-11-09 09:00:00+00:00,14.152,9.741,7.599,4.845
2015-11-09 10:00:00+00:00,14.88,9.981,7.803,5.063
2015-11-09 11:00:00+00:00,15.168,10.237,7.976,5.28
2015-11-09 12:00:00+00:00,15.068,10.263,8.057,5.375
2015-11-09 13:00:00+00:00,14.648,10.206,7.93,5.6
2015-11-09 14:00:00+00:00,13.96,10.251,7.608,5.76
2015-11-09 15:00:00+00:00,13.1,10.43,7.271,5.733
2015-11-09 16:00:00+00:00,12.382,10.765,7.174,5.719
2015-11-09 17:00:00+00:00,11.965,11.031,7.233,5.7
2015-11-09 18:00:00+00:00,11.613,11.229,7.336,5.658
2015-11-09 19:00:00+00:00,11.344,11.386,7.474,5.526
2015-11-09 20:00:00+00:00,11.158,11.398,7.573,5.351
2015-11-09 21:00:00+00:00,11.061,11.319,7.633,5.16
2015-11-09 22:00:00+00:00,11.032,11.21,7.607,5.039
2015-11-09 23:00:00+00:00,11.017,11.185,7.525,4.975
2015-11-10 00:00:00+00:00,10.931,11.242,7.438,4.888
2015-11-10 01:00:00+00:00,10.854,11.249,7.406,4.741
2015-11-10 02:00:00+00:00,10.802,11.258,7.315,4.52
2015-11-10 03:00:00+00:00,10.757,11.384,7.184,4.371
2015-11-10 04:00:00+00:00,10.673,11.642,7.033,4.264
2015-11-10 05:00:00+00:00,10.547,11.997,6.879,4.108
2015-11-10 06:00:00+00:00,10.431,12.346,6.794,3.95
2015-11-10 07:00:00+00:00,10.787,12.551,6.838,3.913
2015-11-10 08:00:00+00:00,11.755,12.767,7.161,4.534
2015-11-10 09:00:00+00:00,12.834,12.985,7.573,5.366
2015-11-10 10:00:00+00:00,13.83,13.235,7.949,5.979
2015-11-10 11:00:00+00:00,14.633,13.473,8.224,6.391
2015-11-10 12:00:00+00:00,15.051,13.644,8.331,6.64
2015-11-10 13:00:00+00:00,15.01,13.641,8.192,6.554
2015-11-10 14:00:00+00:00,14.477,13.377,7.606,5.842
2015-11-10 15:00:00+00:00,13.282,12.917,7.138,5.309
2015-11-10 16:00:00+00:00,12.281,12.565,6.906,5.126
2015-11-10 17:00:00+00:00,11.839,12.412,6.97,4.924
2015-11-10 18:00:00+00:00,11.45,12.402,7.256,4.897
2015-11-10 19:00:00+00:00,11.083,12.444,7.349,4.775
2015-11-10 20:00:00+00:00,10.767,12.507,7.274,4.506
2015-11-10 21:00:00+00:00,10.527,12.528,7.232,4.184
2015-11-10 22:00:00+00:00,10.312,12.528,7.21,3.957
2015-11-10 23:00:00+00:00,10.063,12.436,7.152,3.69
2015-11-11 00:00:00+00:00,9.824,12.323,7.079,3.572
2015-11-11 01:00:00+00:00,9.567,12.268,7.021,3.549
2015-11-11 02:00:00+00:00,9.303,12.194,6.93,3.322
2015-11-11 03:00:00+00:00,9.056,12.158,6.79,3.286
2015-11-11 04:00:00+00:00,8.787,12.108,6.621,3.159
2015-11-11 05:00:00+00:00,8.498,12.047,6.432,2.952
2015-11-11 06:00:00+00:00,8.249,11.975,6.314,2.954
2015-11-11 07:00:00+00:00,8.784,11.93,6.321,3.101
2015-11-11 08:00:00+00:00,9.908,12.052,6.56,3.782
2015-11-11 09:00:00+00:00,11.101,12.174,6.934,4.608
2015-11-11 10:00:00+00:00,12.086,12.314,7.384,5.225
2015-11-11 11:00:00+00:00,12.742,12.394,7.809,5.699
2015-11-11 12:00:00+00:00,13.098,12.377,7.957,5.868
2015-11-11 13:00:00+00:00,13.074,12.271,7.626,5.565
2015-11-11 14:00:00+00:00,12.52,12.053,6.658,4.981
2015-11-11 15:00:00+00:00,10.868,11.802,6.054,4.387
2015-11-11 16:00:00+00:00,9.404,11.738,5.868,4.372
2015-11-11 17:00:00+00:00,8.83,11.704,5.789,4.473
2015-11-11 18:00:00+00:00,8.326,11.707,5.964,4.534
2015-11-11 19:00:00+00:00,7.839,11.679,6.215,4.441
2015-11-11 20:00:00+00:00,7.481,11.655,6.204,4.354
2015-11-11 21:00:00+00:00,7.281,11.679,6.135,4.257
2015-11-11 22:00:00+00:00,7.203,11.72,6.119,4.224
2015-11-11 23:00:00+00:00,7.201,11.738,6.153,4.166
2015-11-12 00:00:00+00:00,7.25,11.699,6.238,4.086
2015-11-12 01:00:00+00:00,7.37,11.596,6.399,4.015
2015-11-12 02:00:00+00:00,7.454,11.47,6.562,3.981
2015-11-12 03:00:00+00:00,7.521,11.315,6.738,4.021
2015-11-12 04:00:00+00:00,7.555,11.146,6.884,4.014
2015-11-12 05:00:00+00:00,7.621,10.904,6.965,3.899
2015-11-12 06:00:00+00:00,7.631,10.608,6.975,3.796
2015-11-12 07:00:00+00:00,8.188,10.391,7.026,3.683
2015-11-12 08:00:00+00:00,9.425,10.561,7.234,3.792
2015-11-12 09:00:00+00:00,10.754,10.946,7.46,4.121
2015-11-12 10:00:00+00:00,12.127,11.444,7.648,4.624
2015-11-12 11:00:00+00:00,13.161,11.838,7.731,5.079
2015-11-12 12:00:00+00:00,13.736,11.943,7.577,5.331
2015-11-12 13:00:00+00:00,13.779,11.737,7.206,5.18
2015-11-12 14:00:00+00:00,13.086,11.147,6.743,4.479
2015-11-12 15:00:00+00:00,11.054,10.023,6.345,3.894
2015-11-12 16:00:00+00:00,9.618,9.277,6.103,3.793
2015-11-12 17:00:00+00:00,8.902,8.925,5.875,3.847
2015-11-12 18:00:00+00:00,8.417,8.546,5.593,3.858
2015-11-12 19:00:00+00:00,8.104,8.33,5.297,3.764
2015-11-12 20:00:00+00:00,7.899,8.206,5.124,3.651
2015-11-12 21:00:00+00:00,7.697,8.072,5.069,3.602
2015-11-12 22:00:00+00:00,7.571,7.989,5.012,3.658
2015-11-12 23:00:00+00:00,7.438,8.002,4.849,3.756
2015-11-13 00:00:00+00:00,7.379,8.264,4.723,3.9
2015-11-13 01:00:00+00:00,7.421,8.653,4.717,4.231
2015-11-13 02:00:00+00:00,7.523,8.988,4.822,4.699
2015-11-13 03:00:00+00:00,7.627,9.313,5.02,5.112
2015-11-13 04:00:00+00:00,7.668,9.563,5.352,5.365
2015-11-13 05:00:00+00:00,7.669,9.792,5.678,5.607
2015-11-13 06:00:00+00:00,7.654,10.085,6.028,5.902
2015-11-13 07:00:00+00:00,8.121,10.469,6.38,6.075
2015-11-13 08:00:00+00:00,9.006,10.798,6.774,5.955
2015-11-13 09:00:00+00:00,9.997,11.068,7.148,5.85
2015-11-13 10:00:00+00:00,11.004,11.228,7.53,5.881
2015-11-13 11:00:00+00:00,11.821,11.347,7.881,5.949
2015-11-13 12:00:00+00:00,12.164,11.338,8.134,5.831
2015-11-13 13:00:00+00:00,11.895,10.944,8.213,5.285
2015-11-13 14:00:00+00:00,11.217,10.27,8.033,4.224
2015-11-13 15:00:00+00:00,10.271,9.523,7.761,3.344
2015-11-13 16:00:00+00:00,9.569,9.043,7.555,3.042
2015-11-13 17:00:00+00:00,9.281,8.656,7.312,2.935
2015-11-13 18:00:00+00:00,9.026,8.379,6.999,2.804
2015-11-13 19:00:00+00:00,8.675,8.106,6.641,2.856
2015-11-13 20:00:00+00:00,8.273,7.84,6.357,2.862
2015-11-13 21:00:00+00:00,7.768,7.496,6.05,2.734
2015-11-13 22:00:00+00:00,7.233,7.123,5.703,2.61
2015-11-13 23:00:00+00:00,6.693,6.908,5.343,2.514
2015-11-14 00:00:00+00:00,6.121,6.705,5.043,2.414
2015-11-14 01:00:00+00:00,5.611,6.602,4.813,2.249
2015-11-14 02:00:00+00:00,5.239,6.62,4.655,1.992
2015-11-14 03:00:00+00:00,5.043,6.733,4.568,1.656
2015-11-14 04:00:00+00:00,4.987,6.924,4.536,1.331
2015-11-14 05:00:00+00:00,5.016,7.105,4.51,1.037
2015-11-14 06:00:00+00:00,5.045,7.257,4.466,0.774
2015-11-14 07:00:00+00:00,5.386,7.418,4.456,0.791
2015-11-14 08:00:00+00:00,6.232,7.765,4.665,1.569
2015-11-14 09:00:00+00:00,7.26,8.214,4.947,2.203
2015-11-14 10:00:00+00:00,8.164,8.66,5.259,2.714
2015-11-14 11:00:00+00:00,8.781,8.912,5.523,3.157
2015-11-14 12:00:00+00:00,9.013,8.937,5.664,3.463
2015-11-14 13:00:00+00:00,8.874,8.756,5.553,3.581
2015-11-14 14:00:00+00:00,8.377,8.396,5.241,3.437
2015-11-14 15:00:00+00:00,7.471,7.971,4.917,3.274
2015-11-14 16:00:00+00:00,6.704,7.687,4.755,3.209
2015-11-14 17:00:00+00:00,6.425,7.44,4.672,3.203
2015-11-14 18:00:00+00:00,6.258,7.242,4.656,3.152
2015-11-14 19:00:00+00:00,6.109,7.072,4.681,3.142
2015-11-14 20:00:00+00:00,5.995,6.929,4.676,3.149
2015-11-14 21:00:00+00:00,5.974,6.873,4.637,3.101
2015-11-14 22:00:00+00:00,6.034,6.892,4.591,3.043
2015-11-14 23:00:00+00:00,6.168,6.895,4.528,2.838
2015-11-15 00:00:00+00:00,6.364,6.875,4.447,2.719
2015-11-15 01:00:00+00:00,6.66,6.8,4.378,2.597
2015-11-15 02:00:00+00:00,6.965,6.686,4.321,2.487
2015-11-15 03:00:00+00:00,7.291,6.525,4.268,2.421
2015-11-15 04:00:00+00:00,7.63,6.446,4.205,2.391
2015-11-15 05:00:00+00:00,7.968,6.373,4.178,2.403
2015-11-15 06:00:00+00:00,8.32,6.313,4.141,2.281
2015-11-15 07:00:00+00:00,8.854,6.436,4.176,2.215
2015-11-15 08:00:00+00:00,9.614,6.967,4.542,2.423
2015-11-15 09:00:00+00:00,10.385,7.37,5.0,2.946
2015-11-15 10:00:00+00:00,11.082,7.619,5.444,3.51
2015-11-15 11:00:00+00:00,11.678,7.895,5.756,3.981
2015-11-15 12:00:00+00:00,12.129,8.253,5.879,4.147
2015-11-15 13:00:00+00:00,12.369,8.347,5.712,3.754
2015-11-15 14:00:00+00:00,12.346,7.594,5.049,2.574
2015-11-15 15:00:00+00:00,11.967,6.626,4.481,1.765
2015-11-15 16:00:00+00:00,11.518,6.355,4.197,1.506
2015-11-15 17:00:00+00:00,11.242,6.132,3.933,1.212
2015-11-15 18:00:00+00:00,10.975,5.851,3.653,0.923
2015-11-15 19:00:00+00:00,10.699,5.501,3.396,0.737
2015-11-15 20:00:00+00:00,10.419,5.262,3.16,0.726
2015-11-15 21:00:00+00:00,10.147,5.267,3.046,0.465
2015-11-15 22:00:00+00:00,9.848,5.371,2.987,0.28
2015-11-15 23:00:00+00:00,9.504,5.6,2.98,0.228
2015-11-16 00:00:00+00:00,9.159,5.74,2.873,0.185
2015-11-16 01:00:00+00:00,8.868,5.896,2.708,0.328
2015-11-16 02:00:00+00:00,8.668,6.215,2.597,0.419
2015-11-16 03:00:00+00:00,8.57,6.683,2.568,0.549
2015-11-16 04:00:00+00:00,8.53,7.207,2.646,0.74
2015-11-16 05:00:00+00:00,8.464,7.838,2.708,0.95
2015-11-16 06:00:00+00:00,8.365,8.504,2.794,1.084
2015-11-16 07:00:00+00:00,8.7,9.14,2.897,1.27
2015-11-16 08:00:00+00:00,9.567,9.785,3.193,1.562
2015-11-16 09:00:00+00:00,10.442,10.451,3.597,1.939
2015-11-16 10:00:00+00:00,11.307,11.01,4.086,2.241
2015-11-16 11:00:00+00:00,12.01,11.393,4.538,2.401
2015-11-16 12:00:00+00:00,12.307,11.314,4.881,2.565
2015-11-16 13:00:00+00:00,12.176,10.927,5.11,2.651
2015-11-16 14:00:00+00:00,11.525,10.386,5.301,2.657
2015-11-16 15:00:00+00:00,10.118,9.816,5.476,2.552
2015-11-16 16:00:00+00:00,9.218,9.289,5.685,2.365
2015-11-16 17:00:00+00:00,8.936,8.737,5.84,2.033
2015-11-16 18:00:00+00:00,8.749,8.297,5.858,1.665
2015-11-16 19:00:00+00:00,8.62,7.817,5.823,1.423
2015-11-16 20:00:00+00:00,8.51,7.322,5.823,1.238
2015-11-16 21:00:00+00:00,8.447,7.06,5.795,1.192
2015-11-16 22:00:00+00:00,8.404,6.987,5.698,1.196
2015-11-16 23:00:00+00:00,8.37,6.971,5.528,1.201
2015-11-17 00:00:00+00:00,8.435,6.942,5.281,1.21
2015-11-17 01:00:00+00:00,8.548,6.918,4.992,1.199
2015-11-17 02:00:00+00:00,8.658,7.138,4.769,1.169
2015-11-17 03:00:00+00:00,8.75,7.347,4.672,1.198
2015-11-17 04:00:00+00:00,8.814,7.412,4.636,1.246
2015-11-17 05:00:00+00:00,8.929,7.407,4.584,1.301
2015-11-17 06:00:00+00:00,9.081,7.419,4.578,1.39
2015-11-17 07:00:00+00:00,9.445,7.433,4.652,1.448
2015-11-17 08:00:00+00:00,10.263,7.84,4.882,1.586
2015-11-17 09:00:00+00:00,11.111,8.356,5.149,1.989
2015-11-17 10:00:00+00:00,11.852,8.853,5.378,2.359
2015-11-17 11:00:00+00:00,12.392,9.245,5.543,2.634
2015-11-17 12:00:00+00:00,12.674,9.372,5.596,2.808
2015-11-17 13:00:00+00:00,12.599,9.187,5.514,2.849
2015-11-17 14:00:00+00:00,12.26,8.685,5.331,2.782
2015-11-17 15:00:00+00:00,11.903,7.993,5.246,2.737
2015-11-17 16:00:00+00:00,11.798,7.809,5.251,2.734
2015-11-17 17:00:00+00:00,11.826,7.719,5.203,2.668
2015-11-17 18:00:00+00:00,11.93,7.599,5.138,2.624
2015-11-17 19:00:00+00:00,12.166,7.536,5.082,2.661
2015-11-17 20:00:00+00:00,12.43,7.685,5.009,2.571
2015-11-17 21:00:00+00:00,12.579,8.191,4.983,2.521
2015-11-17 22:00:00+00:00,12.587,8.811,4.987,2.431
2015-11-17 23:00:00+00:00,12.508,9.456,5.056,2.262
2015-11-18 00:00:00+00:00,12.322,9.977,5.069,2.088
2015-11-18 01:00:00+00:00,12.097,10.241,5.097,1.826
2015-11-18 02:00:00+00:00,11.85,10.222,5.11,1.508
2015-11-18 03:00:00+00:00,11.59,9.965,5.043,1.238
2015-11-18 04:00:00+00:00,11.265,9.463,4.963,1.025
2015-11-18 05:00:00+00:00,10.899,8.821,4.854,0.776
2015-11-18 06:00:00+00:00,10.499,8.354,4.791,0.549
2015-11-18 07:00:00+00:00,10.201,7.893,4.737,0.218
2015-11-18 08:00:00+00:00,10.426,7.722,4.811,0.435
2015-11-18 09:00:00+00:00,10.946,8.246,4.942,1.137
2015-11-18 10:00:00+00:00,11.58,9.043,5.183,1.737
2015-11-18 11:00:00+00:00,12.123,9.589,5.416,2.142
2015-11-18 12:00:00+00:00,12.439,9.812,5.506,2.287
2015-11-18 13:00:00+00:00,12.381,9.683,5.423,2.06
2015-11-18 14:00:00+00:00,11.82,9.25,4.991,1.416
2015-11-18 15:00:00+00:00,10.616,8.8,4.729,1.017
2015-11-18 16:00:00+00:00,9.728,8.639,4.603,0.821
2015-11-18 17:00:00+00:00,9.403,8.635,4.54,0.697
2015-11-18 18:00:00+00:00,9.146,8.774,4.433,0.398
2015-11-18 19:00:00+00:00,8.993,9.119,4.313,0.11
2015-11-18 20:00:00+00:00,8.967,9.693,4.182,-0.073
2015-11-18 21:00:00+00:00,9.043,10.098,4.139,-0.186
2015-11-18 22:00:00+00:00,9.2,10.18,4.105,-0.238
2015-11-18 23:00:00+00:00,9.477,10.015,4.104,-0.273
2015-11-19 00:00:00+00:00,9.766,9.681,4.103,-0.284
2015-11-19 01:00:00+00:00,9.914,9.444,3.991,-0.292
2015-11-19 02:00:00+00:00,10.013,9.364,3.881,-0.341
2015-11-19 03:00:00+00:00,10.099,9.386,3.749,-0.431
2015-11-19 04:00:00+00:00,10.13,9.325,3.66,-0.558
2015-11-19 05:00:00+00:00,10.067,9.192,3.657,-0.699
2015-11-19 06:00:00+00:00,9.976,9.078,3.667,-0.82
2015-11-19 07:00:00+00:00,10.08,8.949,3.672,-0.942
2015-11-19 08:00:00+00:00,10.604,8.997,3.754,-0.908
2015-11-19 09:00:00+00:00,11.115,9.114,3.861,-0.601
2015-11-19 10:00:00+00:00,11.532,9.249,3.91,-0.266
2015-11-19 11:00:00+00:00,11.846,9.261,3.81,-0.036
2015-11-19 12:00:00+00:00,11.969,9.085,3.553,0.049
2015-11-19 13:00:00+00:00,11.704,8.862,3.235,-0.075
2015-11-19 14:00:00+00:00,11.092,8.521,2.854,-0.492
2015-11-19 15:00:00+00:00,10.315,8.156,2.5,-0.931
2015-11-19 16:00:00+00:00,9.844,7.871,2.207,-1.216
2015-11-19 17:00:00+00:00,9.672,7.56,1.947,-1.504
2015-11-19 18:00:00+00:00,9.583,7.226,1.714,-1.89
2015-11-19 19:00:00+00:00,9.533,7.048,1.501,-2.228
2015-11-19 20:00:00+00:00,9.474,6.975,1.306,-2.5
2015-11-19 21:00:00+00:00,9.394,6.897,1.076,-2.771
2015-11-19 22:00:00+00:00,9.25,6.734,0.82,-3.043
2015-11-19 23:00:00+00:00,9.062,6.546,0.544,-3.324
2015-11-20 00:00:00+00:00,8.836,6.369,0.254,-3.563
2015-11-20 01:00:00+00:00,8.591,6.209,-0.021,-3.779
2015-11-20 02:00:00+00:00,8.341,6.049,-0.279,-3.932
2015-11-20 03:00:00+00:00,8.075,5.811,-0.464,-3.986
2015-11-20 04:00:00+00:00,7.819,5.545,-0.619,-4.004
2015-11-20 05:00:00+00:00,7.552,5.267,-0.761,-3.952
2015-11-20 06:00:00+00:00,7.287,4.922,-0.94,-3.893
2015-11-20 07:00:00+00:00,7.102,4.551,-1.103,-3.848
2015-11-20 08:00:00+00:00,7.225,4.911,-0.767,-3.504
2015-11-20 09:00:00+00:00,7.433,5.395,-0.305,-2.65
2015-11-20 10:00:00+00:00,7.614,5.632,0.156,-1.7
2015-11-20 11:00:00+00:00,7.624,5.754,0.473,-1.124
2015-11-20 12:00:00+00:00,7.462,5.685,0.504,-1.008
2015-11-20 13:00:00+00:00,7.162,5.357,0.043,-1.402
2015-11-20 14:00:00+00:00,6.687,4.501,-1.2,-2.345
2015-11-20 15:00:00+00:00,6.103,3.628,-1.973,-3.116
2015-11-20 16:00:00+00:00,5.651,3.357,-2.266,-3.485
2015-11-20 17:00:00+00:00,5.179,3.153,-2.345,-3.783
2015-11-20 18:00:00+00:00,4.727,2.979,-2.431,-4.034
2015-11-20 19:00:00+00:00,4.249,2.87,-2.436,-4.2
2015-11-20 20:00:00+00:00,3.768,2.8,-2.533,-4.29
2015-11-20 21:00:00+00:00,3.357,2.768,-2.584,-4.415
2015-11-20 22:00:00+00:00,3.107,2.773,-2.57,-4.642
2015-11-20 23:00:00+00:00,2.987,2.725,-2.572,-4.895
2015-11-21 00:00:00+00:00,2.902,2.679,-2.53,-5.113
2015-11-21 01:00:00+00:00,2.831,2.583,-2.528,-5.239
2015-11-21 02:00:00+00:00,2.755,2.479,-2.572,-5.284
2015-11-21 03:00:00+00:00,2.729,2.376,-2.557,-5.19
2015-11-21 04:00:00+00:00,2.662,2.325,-2.588,-4.966
2015-11-21 05:00:00+00:00,2.53,2.285,-2.655,-4.73
2015-11-21 06:00:00+00:00,2.392,2.197,-2.637,-4.609
2015-11-21 07:00:00+00:00,2.421,2.104,-2.614,-4.605
2015-11-21 08:00:00+00:00,2.769,2.46,-2.178,-4.476
2015-11-21 09:00:00+00:00,3.241,2.887,-1.534,-3.95
2015-11-21 10:00:00+00:00,3.802,3.179,-0.942,-3.286
2015-11-21 11:00:00+00:00,4.251,3.36,-0.579,-2.868
2015-11-21 12:00:00+00:00,4.39,3.269,-0.592,-2.789
2015-11-21 13:00:00+00:00,4.217,2.953,-1.112,-3.062
2015-11-21 14:00:00+00:00,3.678,2.385,-1.915,-3.668
2015-11-21 15:00:00+00:00,2.585,1.979,-2.189,-4.167
2015-11-21 16:00:00+00:00,2.003,1.872,-2.238,-4.354
2015-11-21 17:00:00+00:00,1.741,1.786,-2.276,-4.519
2015-11-21 18:00:00+00:00,1.476,1.654,-2.319,-4.662
2015-11-21 19:00:00+00:00,1.172,1.526,-2.343,-4.775
2015-11-21 20:00:00+00:00,0.81,1.438,-2.347,-4.949
2015-11-21 21:00:00+00:00,0.486,1.418,-2.325,-5.243
2015-11-21 22:00:00+00:00,0.246,1.465,-2.304,-5.599
2015-11-21 23:00:00+00:00,0.113,1.444,-2.309,-5.964
2015-11-22 00:00:00+00:00,0.061,1.479,-2.311,-6.303
2015-11-22 01:00:00+00:00,0.062,1.588,-2.329,-6.624
2015-11-22 02:00:00+00:00,0.021,1.638,-2.372,-6.918
2015-11-22 03:00:00+00:00,-0.019,1.676,-2.4,-7.059
2015-11-22 04:00:00+00:00,-0.106,1.707,-2.431,-7.06
2015-11-22 05:00:00+00:00,-0.189,1.789,-2.462,-7.024
2015-11-22 06:00:00+00:00,-0.271,1.856,-2.502,-6.994
2015-11-22 07:00:00+00:00,-0.147,1.958,-2.504,-6.966
2015-11-22 08:00:00+00:00,0.413,2.08,-2.186,-6.651
2015-11-22 09:00:00+00:00,1.098,2.218,-1.621,-5.537
2015-11-22 10:00:00+00:00,1.796,2.356,-1.112,-4.265
2015-11-22 11:00:00+00:00,2.23,2.477,-0.814,-3.471
2015-11-22 12:00:00+00:00,2.38,2.553,-0.813,-3.174
2015-11-22 13:00:00+00:00,2.262,2.517,-1.27,-3.601
2015-11-22 14:00:00+00:00,1.784,2.377,-2.05,-4.656
2015-11-22 15:00:00+00:00,0.803,2.163,-2.432,-5.289
2015-11-22 16:00:00+00:00,0.241,1.876,-2.817,-5.485
2015-11-22 17:00:00+00:00,0.008,1.551,-3.228,-5.592
2015-11-22 18:00:00+00:00,-0.141,1.231,-3.551,-5.637
2015-11-22 19:00:00+00:00,-0.208,0.944,-3.824,-5.623
2015-11-22 20:00:00+00:00,-0.274,0.619,-4.128,-5.603
2015-11-22 21:00:00+00:00,-0.298,0.209,-4.541,-5.557
2015-11-22 22:00:00+00:00,-0.318,-0.252,-4.931,-5.481
2015-11-22 23:00:00+00:00,-0.352,-0.615,-5.239,-5.377
2015-11-23 00:00:00+00:00,-0.45,-0.856,-5.559,-5.238
2015-11-23 01:00:00+00:00,-0.584,-1.05,-5.781,-5.083
2015-11-23 02:00:00+00:00,-0.741,-1.231,-5.894,-4.939
2015-11-23 03:00:00+00:00,-0.942,-1.418,-5.998,-4.833
2015-11-23 04:00:00+00:00,-1.185,-1.702,-6.059,-4.746
2015-11-23 05:00:00+00:00,-1.458,-1.869,-6.003,-4.612
2015-11-23 06:00:00+00:00,-1.733,-1.938,-5.973,-4.422
2015-11-23 07:00:00+00:00,-1.646,-1.776,-5.804,-4.232
2015-11-23 08:00:00+00:00,-0.456,-0.492,-4.929,-3.906
2015-11-23 09:00:00+00:00,0.742,1.042,-3.825,-3.194
2015-11-23 10:00:00+00:00,1.845,2.183,-2.839,-2.42
2015-11-23 11:00:00+00:00,2.66,2.924,-2.108,-1.843
2015-11-23 12:00:00+00:00,3.04,3.255,-1.862,-1.594
2015-11-23 13:00:00+00:00,3.01,3.01,-2.33,-1.849
2015-11-23 14:00:00+00:00,2.174,2.179,-3.423,-2.567
2015-11-23 15:00:00+00:00,0.122,1.84,-3.713,-2.864
2015-11-23 16:00:00+00:00,-0.592,2.212,-3.656,-2.768
2015-11-23 17:00:00+00:00,-0.792,2.722,-3.54,-2.537
2015-11-23 18:00:00+00:00,-1.04,3.116,-3.487,-2.268
2015-11-23 19:00:00+00:00,-1.301,3.391,-3.349,-2.008
2015-11-23 20:00:00+00:00,-1.538,3.544,-3.137,-1.757
2015-11-23 21:00:00+00:00,-1.639,3.689,-2.919,-1.511
2015-11-23 22:00:00+00:00,-1.704,3.834,-2.552,-1.242
2015-11-23 23:00:00+00:00,-1.801,4.022,-2.099,-0.869
2015-11-24 00:00:00+00:00,-1.988,4.18,-1.748,-0.416
2015-11-24 01:00:00+00:00,-2.107,4.402,-1.325,0.029
2015-11-24 02:00:00+00:00,-2.174,4.545,-0.971,0.443
2015-11-24 03:00:00+00:00,-2.173,4.603,-0.652,0.808
2015-11-24 04:00:00+00:00,-2.168,4.623,-0.263,1.03
2015-11-24 05:00:00+00:00,-2.134,4.615,0.092,1.201
2015-11-24 06:00:00+00:00,-2.116,4.596,0.39,1.311
2015-11-24 07:00:00+00:00,-1.738,4.532,0.649,1.358
2015-11-24 08:00:00+00:00,-0.701,4.454,0.957,1.394
2015-11-24 09:00:00+00:00,0.47,4.351,1.4,1.549
2015-11-24 10:00:00+00:00,1.405,4.201,1.832,1.797
2015-11-24 11:00:00+00:00,1.982,4.091,2.118,1.948
2015-11-24 12:00:00+00:00,2.186,4.101,2.215,1.963
2015-11-24 13:00:00+00:00,2.016,4.188,2.22,1.839
2015-11-24 14:00:00+00:00,1.348,4.256,2.177,1.653
2015-11-24 15:00:00+00:00,0.178,4.188,2.111,1.567
2015-11-24 16:00:00+00:00,-0.241,4.1,2.037,1.544
2015-11-24 17:00:00+00:00,-0.344,4.066,1.965,1.526
2015-11-24 18:00:00+00:00,-0.416,4.032,1.892,1.552
2015-11-24 19:00:00+00:00,-0.447,3.98,1.831,1.613
2015-11-24 20:00:00+00:00,-0.445,3.901,1.785,1.64
2015-11-24 21:00:00+00:00,-0.416,3.913,1.78,1.577
2015-11-24 22:00:00+00:00,-0.361,3.961,1.808,1.436
2015-11-24 23:00:00+00:00,-0.266,3.973,1.825,1.259
2015-11-25 00:00:00+00:00,-0.132,3.958,1.84,1.067
2015-11-25 01:00:00+00:00,0.005,3.93,1.862,0.844
2015-11-25 02:00:00+00:00,0.153,3.936,1.877,0.62
2015-11-25 03:00:00+00:00,0.296,3.932,1.857,0.385
2015-11-25 04:00:00+00:00,0.449,3.917,1.815,0.208
2015-11-25 05:00:00+00:00,0.595,3.913,1.791,0.046
2015-11-25 06:00:00+00:00,0.765,3.904,1.782,-0.171
2015-11-25 07:00:00+00:00,1.004,3.86,1.784,-0.375
2015-11-25 08:00:00+00:00,1.485,4.091,1.839,-0.446
2015-11-25 09:00:00+00:00,2.047,4.608,1.988,-0.094
2015-11-25 10:00:00+00:00,2.638,5.026,2.166,0.33
2015-11-25 11:00:00+00:00,3.127,5.313,2.278,0.544
2015-11-25 12:00:00+00:00,3.41,5.508,2.292,0.527
2015-11-25 13:00:00+00:00,3.404,5.475,2.192,0.227
2015-11-25 14:00:00+00:00,2.968,5.074,2.033,-0.326
2015-11-25 15:00:00+00:00,2.205,4.782,1.911,-0.739
2015-11-25 16:00:00+00:00,1.937,4.732,1.823,-0.947
2015-11-25 17:00:00+00:00,1.855,4.71,1.728,-1.084
2015-11-25 18:00:00+00:00,1.778,4.732,1.655,-1.284
2015-11-25 19:00:00+00:00,1.718,4.75,1.6,-1.588
2015-11-25 20:00:00+00:00,1.672,4.714,1.526,-1.793
2015-11-25 21:00:00+00:00,1.683,4.603,1.419,-2.008
2015-11-25 22:00:00+00:00,1.701,4.514,1.286,-2.288
2015-11-25 23:00:00+00:00,1.713,4.389,1.136,-2.537
2015-11-26 00:00:00+00:00,1.711,4.118,0.988,-2.767
2015-11-26 01:00:00+00:00,1.691,3.862,0.871,-2.96
2015-11-26 02:00:00+00:00,1.637,3.629,0.775,-3.086
2015-11-26 03:00:00+00:00,1.537,3.353,0.661,-3.16
2015-11-26 04:00:00+00:00,1.414,3.041,0.544,-3.151
2015-11-26 05:00:00+00:00,1.275,2.826,0.414,-3.139
2015-11-26 06:00:00+00:00,1.112,2.675,0.301,-3.112
2015-11-26 07:00:00+00:00,1.149,2.577,0.223,-3.047
2015-11-26 08:00:00+00:00,1.868,3.261,0.432,-2.775
2015-11-26 09:00:00+00:00,2.561,4.338,0.902,-1.998
2015-11-26 10:00:00+00:00,3.203,5.027,1.31,-1.154
2015-11-26 11:00:00+00:00,3.849,5.458,1.537,-0.557
2015-11-26 12:00:00+00:00,4.3,5.645,1.516,-0.237
2015-11-26 13:00:00+00:00,4.361,5.34,1.286,-0.221
2015-11-26 14:00:00+00:00,3.581,4.206,0.972,-0.26
2015-11-26 15:00:00+00:00,1.987,3.35,0.892,0.043
2015-11-26 16:00:00+00:00,1.449,3.046,0.909,0.489
2015-11-26 17:00:00+00:00,1.231,2.859,0.876,0.951
2015-11-26 18:00:00+00:00,1.047,2.794,0.844,1.371
2015-11-26 19:00:00+00:00,0.872,2.836,0.872,1.813
2015-11-26 20:00:00+00:00,0.705,3.093,0.948,2.259
2015-11-26 21:00:00+00:00,0.545,3.646,1.123,2.677
2015-11-26 22:00:00+00:00,0.416,4.203,1.363,3.07
2015-11-26 23:00:00+00:00,0.321,4.582,1.689,3.338
2015-11-27 00:00:00+00:00,0.249,4.773,2.002,3.485
2015-11-27 01:00:00+00:00,0.177,5.006,2.33,3.568
2015-11-27 02:00:00+00:00,0.011,5.157,2.687,3.621
2015-11-27 03:00:00+00:00,-0.152,5.447,3.082,3.654
2015-11-27 04:00:00+00:00,-0.335,5.565,3.45,3.724
2015-11-27 05:00:00+00:00,-0.497,5.826,3.744,3.789
2015-11-27 06:00:00+00:00,-0.618,6.007,3.985,3.887
2015-11-27 07:00:00+00:00,-0.522,6.215,4.233,4.007
2015-11-27 08:00:00+00:00,0.153,6.401,4.51,4.173
2015-11-27 09:00:00+00:00,1.023,6.531,4.785,4.377
2015-11-27 10:00:00+00:00,2.063,6.569,5.026,4.587
2015-11-27 11:00:00+00:00,2.962,6.557,5.189,4.791
2015-11-27 12:00:00+00:00,3.531,6.491,5.28,4.96
2015-11-27 13:00:00+00:00,3.594,6.328,5.291,5.071
2015-11-27 14:00:00+00:00,2.72,6.053,5.235,5.158
2015-11-27 15:00:00+00:00,0.931,5.802,5.178,5.152
2015-11-27 16:00:00+00:00,0.127,5.686,5.128,5.062
2015-11-27 17:00:00+00:00,-0.424,5.593,5.085,4.943
2015-11-27 18:00:00+00:00,-0.884,5.519,5.045,4.922
2015-11-27 19:00:00+00:00,-1.249,5.457,4.987,4.769
2015-11-27 20:00:00+00:00,-1.549,5.407,4.92,4.557
2015-11-27 21:00:00+00:00,-1.775,5.376,4.818,4.331
2015-11-27 22:00:00+00:00,-1.923,5.322,4.692,4.158
2015-11-27 23:00:00+00:00,-1.984,5.25,4.555,4.014
2015-11-28 00:00:00+00:00,-1.983,5.191,4.415,3.859
2015-11-28 01:00:00+00:00,-1.924,5.144,4.297,3.664
2015-11-28 02:00:00+00:00,-1.814,5.053,4.183,3.25
2015-11-28 03:00:00+00:00,-1.611,4.97,4.066,2.88
2015-11-28 04:00:00+00:00,-1.303,4.884,3.947,2.613
2015-11-28 05:00:00+00:00,-0.915,4.824,3.814,2.379
2015-11-28 06:00:00+00:00,-0.521,4.749,3.697,1.968
2015-11-28 07:00:00+00:00,0.022,4.656,3.612,1.507
2015-11-28 08:00:00+00:00,0.982,4.744,3.623,1.039
2015-11-28 09:00:00+00:00,1.959,5.059,3.676,0.967
2015-11-28 10:00:00+00:00,2.798,5.488,3.719,1.204
2015-11-28 11:00:00+00:00,3.384,5.842,3.749,1.402
2015-11-28 12:00:00+00:00,3.658,5.963,3.712,1.437
2015-11-28 13:00:00+00:00,3.626,5.773,3.577,1.218
2015-11-28 14:00:00+00:00,3.152,5.134,3.338,0.772
2015-11-28 15:00:00+00:00,2.097,4.407,3.094,0.512
2015-11-28 16:00:00+00:00,1.566,4.17,2.884,0.346
2015-11-28 17:00:00+00:00,1.324,4.032,2.741,0.129
2015-11-28 18:00:00+00:00,1.199,4.061,2.596,0.178
2015-11-28 19:00:00+00:00,1.149,4.298,2.417,0.398
2015-11-28 20:00:00+00:00,1.132,4.603,2.187,0.708
2015-11-28 21:00:00+00:00,1.144,4.803,2.016,0.968
2015-11-28 22:00:00+00:00,1.165,4.838,1.923,1.129
2015-11-28 23:00:00+00:00,1.22,4.844,1.901,1.258
2015-11-29 00:00:00+00:00,1.432,4.957,1.896,1.341
2015-11-29 01:00:00+00:00,1.701,5.174,1.932,1.352
2015-11-29 02:00:00+00:00,1.955,5.435,1.904,1.279
2015-11-29 03:00:00+00:00,2.198,5.591,1.818,1.208
2015-11-29 04:00:00+00:00,2.517,5.977,1.96,1.187
2015-11-29 05:00:00+00:00,2.873,6.166,2.352,1.135
2015-11-29 06:00:00+00:00,3.263,6.139,2.739,1.077
2015-11-29 07:00:00+00:00,3.707,6.11,3.023,1.086
2015-11-29 08:00:00+00:00,4.247,6.189,3.29,1.102
2015-11-29 09:00:00+00:00,4.777,6.4,3.539,1.133
2015-11-29 10:00:00+00:00,5.287,6.687,3.643,1.167
2015-11-29 11:00:00+00:00,5.716,6.937,3.734,1.22
2015-11-29 12:00:00+00:00,6.047,7.108,3.832,1.243
2015-11-29 13:00:00+00:00,6.297,7.04,3.797,1.106
2015-11-29 14:00:00+00:00,6.482,6.672,3.672,0.846
2015-11-29 15:00:00+00:00,6.576,6.434,3.574,0.523
2015-11-29 16:00:00+00:00,6.722,6.754,3.495,0.248
2015-11-29 17:00:00+00:00,6.935,7.438,3.374,0.081
2015-11-29 18:00:00+00:00,7.17,8.127,3.228,-0.183
2015-11-29 19:00:00+00:00,7.455,7.815,3.275,-0.303
2015-11-29 20:00:00+00:00,7.686,6.984,3.395,-0.4
2015-11-29 21:00:00+00:00,7.723,6.266,3.282,-0.48
2015-11-29 22:00:00+00:00,7.632,5.431,2.97,-0.567
2015-11-29 23:00:00+00:00,7.456,5.316,2.703,-0.668
2015-11-30 00:00:00+00:00,7.157,5.436,2.68,-0.812
2015-11-30 01:00:00+00:00,6.754,5.471,2.939,-0.99
2015-11-30 02:00:00+00:00,6.369,5.361,2.963,-0.962
2015-11-30 03:00:00+00:00,6.107,5.321,2.637,-0.939
2015-11-30 04:00:00+00:00,5.95,5.302,2.535,-0.874
2015-11-30 05:00:00+00:00,5.827,5.211,2.361,-0.818
2015-11-30 06:00:00+00:00,5.728,5.169,2.052,-0.663
2015-11-30 07:00:00+00:00,5.677,5.166,1.902,-0.386
2015-11-30 08:00:00+00:00,5.893,5.291,1.886,-0.138
2015-11-30 09:00:00+00:00,6.298,5.566,2.064,0.282
2015-11-30 10:00:00+00:00,6.707,5.833,2.309,0.724
2015-11-30 11:00:00+00:00,6.971,6.026,2.463,0.979
2015-11-30 12:00:00+00:00,7.078,6.071,2.427,1.014
2015-11-30 13:00:00+00:00,7.09,5.9,2.237,0.837
2015-11-30 14:00:00+00:00,6.994,5.493,1.982,0.343
2015-11-30 15:00:00+00:00,6.842,5.095,1.819,-0.141
2015-11-30 16:00:00+00:00,6.841,4.84,1.682,-0.464
2015-11-30 17:00:00+00:00,6.994,4.669,1.508,-0.655
2015-11-30 18:00:00+00:00,7.209,4.614,1.374,-0.662
2015-11-30 19:00:00+00:00,7.351,4.554,1.254,-0.634
2015-11-30 20:00:00+00:00,7.556,4.505,1.15,-0.664
2015-11-30 21:00:00+00:00,7.828,4.52,1.044,-0.768
2015-11-30 22:00:00+00:00,8.021,4.516,0.907,-1.013
2015-11-30 23:00:00+00:00,8.049,4.478,0.786,-1.223
2015-12-01 00:00:00+00:00,7.869,4.354,0.631,-1.275
2015-12-01 01:00:00+00:00,7.515,4.296,0.419,-1.189
2015-12-01 02:00:00+00:00,7.095,4.394,0.387,-1.086
2015-12-01 03:00:00+00:00,6.723,4.512,0.283,-1.038
2015-12-01 04:00:00+00:00,6.356,4.55,0.154,-0.91
2015-12-01 05:00:00+00:00,6.046,4.579,0.114,-0.722
2015-12-01 06:00:00+00:00,5.869,4.621,0.167,-0.584
2015-12-01 07:00:00+00:00,5.823,4.672,0.245,-0.517
2015-12-01 08:00:00+00:00,6.192,4.909,0.471,-0.447
2015-12-01 09:00:00+00:00,6.704,5.454,1.025,0.019
2015-12-01 10:00:00+00:00,7.211,6.023,1.605,0.6
2015-12-01 11:00:00+00:00,7.61,6.439,2.035,0.974
2015-12-01 12:00:00+00:00,7.849,6.577,2.159,1.083
2015-12-01 13:00:00+00:00,7.831,6.361,1.874,0.897
2015-12-01 14:00:00+00:00,7.536,5.753,1.27,0.5
2015-12-01 15:00:00+00:00,7.189,5.116,0.766,0.271
2015-12-01 16:00:00+00:00,7.108,4.674,0.436,0.031
2015-12-01 17:00:00+00:00,7.099,4.615,0.317,-0.308
2015-12-01 18:00:00+00:00,7.09,4.569,0.1,-0.502
2015-12-01 19:00:00+00:00,7.132,4.645,-0.096,-0.651
2015-12-01 20:00:00+00:00,7.166,4.549,-0.288,-0.752
2015-12-01 21:00:00+00:00,7.163,4.501,-0.339,-0.846
2015-12-01 22:00:00+00:00,7.196,4.461,-0.317,-1.074
2015-12-01 23:00:00+00:00,7.208,4.449,-0.484,-1.143
2015-12-02 00:00:00+00:00,7.22,4.43,-0.632,-1.121
2015-12-02 01:00:00+00:00,7.197,4.6,-0.806,-0.922
2015-12-02 02:00:00+00:00,7.194,4.935,-1.023,-0.563
2015-12-02 03:00:00+00:00,7.194,5.388,-1.062,-0.256
2015-12-02 04:00:00+00:00,7.089,5.881,-1.054,-0.09
2015-12-02 05:00:00+00:00,6.879,6.411,-0.983,0.035
2015-12-02 06:00:00+00:00,6.687,6.841,-0.983,0.284
2015-12-02 07:00:00+00:00,6.612,7.158,-0.985,0.543
2015-12-02 08:00:00+00:00,7.306,7.683,-0.45,0.816
2015-12-02 09:00:00+00:00,8.146,8.294,0.294,1.283
2015-12-02 10:00:00+00:00,9.026,8.729,0.995,1.871
2015-12-02 11:00:00+00:00,9.752,8.965,1.494,2.265
2015-12-02 12:00:00+00:00,10.003,8.994,1.72,2.615
2015-12-02 13:00:00+00:00,9.759,8.791,1.716,2.9
2015-12-02 14:00:00+00:00,8.783,8.369,1.834,3.148
2015-12-02 15:00:00+00:00,7.348,7.936,2.111,3.342
2015-12-02 16:00:00+00:00,6.739,7.81,2.484,3.401
2015-12-02 17:00:00+00:00,6.302,7.877,2.971,3.477
2015-12-02 18:00:00+00:00,5.874,7.977,3.372,3.403
2015-12-02 19:00:00+00:00,5.447,8.069,3.691,3.241
2015-12-02 20:00:00+00:00,5.035,8.232,3.906,3.016
2015-12-02 21:00:00+00:00,4.643,8.445,4.122,2.814
2015-12-02 22:00:00+00:00,4.345,8.671,4.336,2.581
2015-12-02 23:00:00+00:00,4.091,8.824,4.618,2.253
2015-12-03 00:00:00+00:00,3.852,8.925,4.89,1.78
2015-12-03 01:00:00+00:00,3.62,8.949,5.197,1.133
2015-12-03 02:00:00+00:00,3.374,8.787,5.327,0.757
2015-12-03 03:00:00+00:00,3.199,8.534,5.353,0.429
2015-12-03 04:00:00+00:00,3.162,8.239,5.23,0.256
2015-12-03 05:00:00+00:00,3.187,7.993,5.041,0.228
2015-12-03 06:00:00+00:00,3.156,7.828,4.69,0.308
2015-12-03 07:00:00+00:00,3.247,7.749,4.317,0.484
2015-12-03 08:00:00+00:00,4.4,7.822,4.114,0.671
2015-12-03 09:00:00+00:00,5.636,8.056,4.128,1.056
2015-12-03 10:00:00+00:00,6.894,8.251,4.157,1.43
2015-12-03 11:00:00+00:00,7.979,8.276,4.101,1.612
2015-12-03 12:00:00+00:00,8.514,8.172,3.839,1.612
2015-12-03 13:00:00+00:00,8.347,8.031,3.51,1.37
2015-12-03 14:00:00+00:00,7.007,7.927,3.186,1.019
2015-12-03 15:00:00+00:00,4.893,7.934,3.08,0.843
2015-12-03 16:00:00+00:00,4.054,8.004,3.05,0.714
2015-12-03 17:00:00+00:00,3.629,8.02,2.999,0.623
2015-12-03 18:00:00+00:00,3.251,8.024,2.964,0.576
2015-12-03 19:00:00+00:00,2.916,7.952,2.906,0.553
2015-12-03 20:00:00+00:00,2.703,7.84,2.91,0.56
2015-12-03 21:00:00+00:00,2.558,7.734,2.929,0.617
2015-12-03 22:00:00+00:00,2.429,7.618,2.98,0.76
2015-12-03 23:00:00+00:00,2.31,7.461,3.086,0.832
2015-12-04 00:00:00+00:00,2.205,7.335,3.186,0.98
2015-12-04 01:00:00+00:00,2.112,7.169,3.324,1.136
2015-12-04 02:00:00+00:00,2.102,6.929,3.499,1.281
2015-12-04 03:00:00+00:00,2.271,6.646,3.698,1.586
2015-12-04 04:00:00+00:00,2.649,6.408,3.909,1.935
2015-12-04 05:00:00+00:00,2.918,6.369,4.069,2.011
2015-12-04 06:00:00+00:00,3.267,6.674,4.179,2.012
2015-12-04 07:00:00+00:00,3.783,7.273,4.327,1.986
2015-12-04 08:00:00+00:00,4.828,7.525,4.502,1.898
2015-12-04 09:00:00+00:00,5.876,7.783,4.762,1.886
2015-12-04 10:00:00+00:00,6.722,8.124,4.976,1.885
2015-12-04 11:00:00+00:00,7.284,8.244,5.022,1.755
2015-12-04 12:00:00+00:00,7.548,8.269,5.143,1.796
2015-12-04 13:00:00+00:00,7.411,8.13,5.265,1.797
2015-12-04 14:00:00+00:00,6.641,7.902,5.325,1.546
2015-12-04 15:00:00+00:00,5.237,7.679,5.255,1.189
2015-12-04 16:00:00+00:00,4.693,7.531,4.889,0.615
2015-12-04 17:00:00+00:00,4.336,7.447,4.443,0.627
2015-12-04 18:00:00+00:00,4.097,7.38,4.128,0.918
2015-12-04 19:00:00+00:00,3.899,7.352,3.841,1.211
2015-12-04 20:00:00+00:00,3.708,7.381,3.561,1.543
2015-12-04 21:00:00+00:00,3.606,7.563,3.307,1.92
2015-12-04 22:00:00+00:00,3.545,7.867,3.132,2.263
2015-12-04 23:00:00+00:00,3.5,8.188,3.109,2.629
2015-12-05 00:00:00+00:00,3.419,8.432,3.181,3.049
2015-12-05 01:00:00+00:00,3.332,8.597,3.439,3.491
2015-12-05 02:00:00+00:00,3.226,8.697,3.772,3.877
2015-12-05 03:00:00+00:00,3.115,8.725,4.148,4.256
2015-12-05 04:00:00+00:00,3.026,8.719,4.567,4.485
2015-12-05 05:00:00+00:00,2.965,8.702,4.987,4.633
2015-12-05 06:00:00+00:00,2.89,8.649,5.377,4.764
2015-12-05 07:00:00+00:00,2.969,8.596,5.761,4.855
2015-12-05 08:00:00+00:00,3.605,8.579,6.123,4.88
2015-12-05 09:00:00+00:00,4.551,8.626,6.415,4.874
2015-12-05 10:00:00+00:00,5.721,8.671,6.679,4.915
2015-12-05 11:00:00+00:00,6.751,8.672,6.82,5.017
2015-12-05 12:00:00+00:00,7.327,8.645,7.005,5.072
2015-12-05 13:00:00+00:00,7.277,8.617,7.202,5.018
2015-12-05 14:00:00+00:00,6.373,8.574,7.342,4.821
2015-12-05 15:00:00+00:00,4.883,8.502,7.409,4.63
2015-12-05 16:00:00+00:00,4.101,8.473,7.455,4.439
2015-12-05 17:00:00+00:00,3.733,8.443,7.459,4.298
2015-12-05 18:00:00+00:00,3.564,8.419,7.379,4.192
2015-12-05 19:00:00+00:00,3.509,8.385,7.333,4.197
2015-12-05 20:00:00+00:00,3.535,8.37,7.314,4.208
2015-12-05 21:00:00+00:00,3.596,8.372,7.288,4.229
2015-12-05 22:00:00+00:00,3.662,8.377,7.26,4.222
2015-12-05 23:00:00+00:00,3.723,8.392,7.29,4.279
2015-12-06 00:00:00+00:00,3.736,8.378,7.318,4.377
2015-12-06 01:00:00+00:00,3.682,8.337,7.354,4.457
2015-12-06 02:00:00+00:00,3.618,8.285,7.392,4.517
2015-12-06 03:00:00+00:00,3.641,8.285,7.434,4.589
2015-12-06 04:00:00+00:00,3.703,8.361,7.546,4.657
2015-12-06 05:00:00+00:00,3.787,8.502,7.707,4.67
2015-12-06 06:00:00+00:00,3.895,8.68,7.884,4.594
2015-12-06 07:00:00+00:00,4.173,8.824,8.023,4.547
2015-12-06 08:00:00+00:00,5.114,8.944,8.092,4.553
2015-12-06 09:00:00+00:00,6.327,9.061,8.15,4.488
2015-12-06 10:00:00+00:00,7.492,9.199,8.184,4.498
2015-12-06 11:00:00+00:00,8.471,9.354,8.24,4.373
2015-12-06 12:00:00+00:00,9.07,9.492,8.287,4.044
2015-12-06 13:00:00+00:00,9.148,9.58,8.295,3.632
2015-12-06 14:00:00+00:00,8.533,9.578,8.208,3.228
2015-12-06 15:00:00+00:00,7.553,9.459,7.989,3.003
2015-12-06 16:00:00+00:00,7.287,9.196,7.618,2.953
2015-12-06 17:00:00+00:00,7.132,8.816,7.187,3.055
2015-12-06 18:00:00+00:00,7.089,8.384,6.669,3.216
2015-12-06 19:00:00+00:00,7.089,7.759,6.116,3.412
2015-12-06 20:00:00+00:00,6.96,7.174,5.651,3.61
2015-12-06 21:00:00+00:00,6.936,6.76,5.408,3.784
2015-12-06 22:00:00+00:00,6.817,6.412,5.359,3.873
2015-12-06 23:00:00+00:00,6.616,6.123,5.411,3.893
2015-12-07 00:00:00+00:00,6.375,5.908,5.557,3.818
2015-12-07 01:00:00+00:00,6.123,5.74,5.63,3.657
2015-12-07 02:00:00+00:00,5.979,5.563,5.685,3.435
2015-12-07 03:00:00+00:00,5.936,5.407,5.696,3.08
2015-12-07 04:00:00+00:00,5.864,5.315,5.608,2.766
2015-12-07 05:00:00+00:00,5.81,5.167,5.485,2.241
2015-12-07 06:00:00+00:00,5.717,4.955,5.337,1.717
2015-12-07 07:00:00+00:00,5.717,4.69,5.095,1.253
2015-12-07 08:00:00+00:00,6.593,4.97,4.992,0.905
2015-12-07 09:00:00+00:00,7.66,5.905,5.192,1.312
2015-12-07 10:00:00+00:00,8.734,6.536,5.395,1.669
2015-12-07 11:00:00+00:00,9.847,6.903,5.461,1.717
2015-12-07 12:00:00+00:00,10.566,6.983,5.24,1.365
2015-12-07 13:00:00+00:00,10.495,6.356,4.579,0.422
2015-12-07 14:00:00+00:00,9.162,4.873,3.635,-0.43
2015-12-07 15:00:00+00:00,7.579,4.264,3.059,-0.657
2015-12-07 16:00:00+00:00,6.944,4.254,2.572,-0.672
2015-12-07 17:00:00+00:00,6.512,4.432,2.174,-0.545
2015-12-07 18:00:00+00:00,6.142,4.653,1.772,-0.336
2015-12-07 19:00:00+00:00,5.877,4.709,1.377,-0.057
2015-12-07 20:00:00+00:00,5.602,4.783,0.99,0.168
2015-12-07 21:00:00+00:00,5.338,4.87,0.89,0.154
2015-12-07 22:00:00+00:00,5.052,5.019,0.869,0.085
2015-12-07 23:00:00+00:00,4.744,5.3,0.987,0.083
2015-12-08 00:00:00+00:00,4.489,5.547,0.542,0.103
2015-12-08 01:00:00+00:00,4.283,5.818,0.346,0.203
2015-12-08 02:00:00+00:00,4.093,6.109,0.397,0.43
2015-12-08 03:00:00+00:00,3.935,6.404,0.608,0.866
2015-12-08 04:00:00+00:00,3.86,6.588,0.843,1.353
2015-12-08 05:00:00+00:00,3.812,6.74,0.76,1.83
2015-12-08 06:00:00+00:00,3.773,6.756,0.938,2.26
2015-12-08 07:00:00+00:00,3.778,6.721,1.174,2.566
2015-12-08 08:00:00+00:00,4.526,6.784,1.521,2.864
2015-12-08 09:00:00+00:00,5.619,7.077,2.02,3.158
2015-12-08 10:00:00+00:00,6.857,7.379,2.491,3.43
2015-12-08 11:00:00+00:00,8.011,7.545,2.89,3.758
2015-12-08 12:00:00+00:00,8.709,7.62,3.166,4.019
2015-12-08 13:00:00+00:00,8.628,7.595,3.34,4.269
2015-12-08 14:00:00+00:00,7.345,7.401,3.521,4.443
2015-12-08 15:00:00+00:00,5.734,7.247,3.745,4.59
2015-12-08 16:00:00+00:00,5.242,7.173,3.959,4.679
2015-12-08 17:00:00+00:00,4.912,7.119,4.195,4.744
2015-12-08 18:00:00+00:00,4.742,7.047,4.383,4.789
2015-12-08 19:00:00+00:00,4.66,6.984,4.548,4.86
2015-12-08 20:00:00+00:00,4.63,6.991,4.667,4.932
2015-12-08 21:00:00+00:00,4.71,7.034,4.804,4.928
2015-12-08 22:00:00+00:00,4.804,7.128,4.965,4.89
2015-12-08 23:00:00+00:00,4.933,7.284,5.127,4.813
2015-12-09 00:00:00+00:00,5.05,7.379,5.259,4.722
2015-12-09 01:00:00+00:00,5.056,7.498,5.368,4.707
2015-12-09 02:00:00+00:00,5.042,7.48,5.459,4.627
2015-12-09 03:00:00+00:00,4.927,7.404,5.526,4.366
2015-12-09 04:00:00+00:00,4.859,7.356,5.595,4.111
2015-12-09 05:00:00+00:00,4.838,7.465,5.676,4.003
2015-12-09 06:00:00+00:00,4.842,7.538,5.744,4.055
2015-12-09 07:00:00+00:00,4.916,7.412,5.812,3.905
2015-12-09 08:00:00+00:00,5.215,7.348,5.874,3.725
2015-12-09 09:00:00+00:00,5.542,7.369,5.997,3.591
2015-12-09 10:00:00+00:00,6.025,7.503,6.141,3.495
2015-12-09 11:00:00+00:00,6.535,7.623,6.204,3.389
2015-12-09 12:00:00+00:00,6.854,7.52,6.156,3.182
2015-12-09 13:00:00+00:00,6.781,7.025,5.978,2.618
2015-12-09 14:00:00+00:00,5.8,6.19,5.638,2.117
2015-12-09 15:00:00+00:00,4.074,5.73,5.286,2.086
2015-12-09 16:00:00+00:00,3.497,5.431,4.95,2.141
2015-12-09 17:00:00+00:00,3.121,5.391,4.587,2.302
2015-12-09 18:00:00+00:00,2.882,5.406,4.167,2.752
2015-12-09 19:00:00+00:00,2.663,5.532,3.821,3.142
2015-12-09 20:00:00+00:00,2.461,5.643,3.621,3.525
2015-12-09 21:00:00+00:00,2.257,5.79,3.558,3.802
2015-12-09 22:00:00+00:00,2.087,6.009,3.599,4.087
2015-12-09 23:00:00+00:00,1.977,6.275,3.718,4.486
2015-12-10 00:00:00+00:00,1.883,6.512,3.91,4.827
2015-12-10 01:00:00+00:00,1.769,6.676,4.213,4.965
2015-12-10 02:00:00+00:00,1.679,6.734,4.512,5.084
2015-12-10 03:00:00+00:00,1.541,6.783,4.842,5.191
2015-12-10 04:00:00+00:00,1.404,6.857,5.221,5.215
2015-12-10 05:00:00+00:00,1.27,6.924,5.548,5.24
2015-12-10 06:00:00+00:00,1.168,6.964,5.82,5.223
2015-12-10 07:00:00+00:00,1.129,6.977,6.06,5.104
2015-12-10 08:00:00+00:00,1.713,7.016,6.273,4.901
2015-12-10 09:00:00+00:00,2.519,7.083,6.457,4.705
2015-12-10 10:00:00+00:00,3.58,7.114,6.568,4.561
2015-12-10 11:00:00+00:00,4.574,7.089,6.604,4.43
2015-12-10 12:00:00+00:00,5.211,7.029,6.57,4.253
2015-12-10 13:00:00+00:00,5.177,6.962,6.502,4.024
2015-12-10 14:00:00+00:00,3.879,6.925,6.428,3.699
2015-12-10 15:00:00+00:00,1.912,6.901,6.342,3.329
2015-12-10 16:00:00+00:00,1.228,6.88,6.234,2.924
2015-12-10 17:00:00+00:00,0.807,6.841,6.103,2.611
2015-12-10 18:00:00+00:00,0.481,6.748,5.906,2.413
2015-12-10 19:00:00+00:00,0.24,6.598,5.664,2.317
2015-12-10 20:00:00+00:00,-0.005,6.38,5.414,2.229
2015-12-10 21:00:00+00:00,-0.214,6.176,5.129,2.084
2015-12-10 22:00:00+00:00,-0.332,5.933,4.818,1.879
2015-12-10 23:00:00+00:00,-0.36,5.67,4.545,1.753
2015-12-11 00:00:00+00:00,-0.337,5.424,4.292,1.576
2015-12-11 01:00:00+00:00,-0.251,5.255,4.039,1.504
2015-12-11 02:00:00+00:00,-0.142,5.218,3.793,1.434
2015-12-11 03:00:00+00:00,0.054,5.255,3.575,1.361
2015-12-11 04:00:00+00:00,0.183,5.295,3.431,1.271
2015-12-11 05:00:00+00:00,0.204,5.356,3.334,1.261
2015-12-11 06:00:00+00:00,0.188,5.442,3.223,1.108
2015-12-11 07:00:00+00:00,0.37,5.629,3.126,1.043
2015-12-11 08:00:00+00:00,1.319,5.788,3.123,0.999
2015-12-11 09:00:00+00:00,2.357,5.895,3.272,1.09
2015-12-11 10:00:00+00:00,3.41,5.943,3.453,1.187
2015-12-11 11:00:00+00:00,4.223,5.835,3.505,1.209
2015-12-11 12:00:00+00:00,4.678,5.635,3.385,1.053
2015-12-11 13:00:00+00:00,4.685,5.511,3.174,0.426
2015-12-11 14:00:00+00:00,4.34,5.318,3.051,-0.136
2015-12-11 15:00:00+00:00,3.998,4.97,2.9,-0.059
2015-12-11 16:00:00+00:00,3.926,4.663,2.72,-0.428
2015-12-11 17:00:00+00:00,3.932,4.445,2.561,-0.463
2015-12-11 18:00:00+00:00,3.978,4.305,2.409,-0.489
2015-12-11 19:00:00+00:00,4.085,4.193,2.228,-0.642
2015-12-11 20:00:00+00:00,4.212,4.141,2.098,-0.699
2015-12-11 21:00:00+00:00,4.371,4.201,1.964,-0.699
2015-12-11 22:00:00+00:00,4.474,4.326,1.818,-0.729
2015-12-11 23:00:00+00:00,4.463,4.469,1.668,-0.813
2015-12-12 00:00:00+00:00,4.344,4.669,1.553,-0.813
2015-12-12 01:00:00+00:00,4.251,4.859,1.501,-0.823
2015-12-12 02:00:00+00:00,4.128,5.011,1.441,-0.943
2015-12-12 03:00:00+00:00,4.027,5.062,1.466,-0.871
2015-12-12 04:00:00+00:00,3.882,5.035,1.465,-0.815
2015-12-12 05:00:00+00:00,3.757,4.947,1.451,-0.738
2015-12-12 06:00:00+00:00,3.611,4.828,1.407,-0.704
2015-12-12 07:00:00+00:00,3.568,4.715,1.306,-0.836
2015-12-12 08:00:00+00:00,4.09,4.734,1.267,-0.888
2015-12-12 09:00:00+00:00,4.891,5.089,1.454,-0.486
2015-12-12 10:00:00+00:00,5.777,5.509,1.724,-0.038
2015-12-12 11:00:00+00:00,6.525,5.792,1.92,0.245
2015-12-12 12:00:00+00:00,6.887,5.87,1.868,0.18
2015-12-12 13:00:00+00:00,6.755,5.656,1.542,-0.43
2015-12-12 14:00:00+00:00,5.812,5.166,1.126,-1.102
2015-12-12 15:00:00+00:00,4.738,4.885,0.922,-1.244
2015-12-12 16:00:00+00:00,4.697,4.783,0.794,-1.381
2015-12-12 17:00:00+00:00,4.733,4.719,0.571,-1.497
2015-12-12 18:00:00+00:00,4.732,4.639,0.304,-1.588
2015-12-12 19:00:00+00:00,4.743,4.606,0.262,-1.624
2015-12-12 20:00:00+00:00,4.798,4.526,-0.057,-1.648
2015-12-12 21:00:00+00:00,4.885,4.395,-0.169,-1.69
2015-12-12 22:00:00+00:00,4.97,4.212,-0.252,-1.755
2015-12-12 23:00:00+00:00,5.098,3.944,-0.422,-1.844
2015-12-13 00:00:00+00:00,5.248,3.714,-0.588,-1.916
2015-12-13 01:00:00+00:00,5.443,3.509,-0.761,-1.956
2015-12-13 02:00:00+00:00,5.606,3.401,-0.926,-2.006
2015-12-13 03:00:00+00:00,5.634,3.426,-1.113,-2.057
2015-12-13 04:00:00+00:00,5.43,3.48,-1.458,-2.157
2015-12-13 05:00:00+00:00,5.141,3.54,-1.585,-2.287
2015-12-13 06:00:00+00:00,4.854,3.601,-1.723,-2.474
2015-12-13 07:00:00+00:00,4.528,3.581,-1.923,-2.625
2015-12-13 08:00:00+00:00,4.575,3.694,-1.962,-2.716
2015-12-13 09:00:00+00:00,4.986,4.187,-1.703,-2.347
2015-12-13 10:00:00+00:00,5.53,4.721,-1.35,-1.864
2015-12-13 11:00:00+00:00,6.04,5.117,-1.105,-1.563
2015-12-13 12:00:00+00:00,6.305,5.231,-1.135,-1.603
2015-12-13 13:00:00+00:00,6.162,4.826,-1.594,-2.105
2015-12-13 14:00:00+00:00,5.132,3.698,-2.093,-2.68
2015-12-13 15:00:00+00:00,4.047,2.903,-2.242,-2.984
2015-12-13 16:00:00+00:00,3.656,2.563,-2.403,-3.222
2015-12-13 17:00:00+00:00,3.362,2.291,-2.57,-3.459
2015-12-13 18:00:00+00:00,3.073,2.031,-2.81,-3.624
2015-12-13 19:00:00+00:00,2.834,1.793,-3.073,-3.784
2015-12-13 20:00:00+00:00,2.688,1.732,-3.189,-3.935
2015-12-13 21:00:00+00:00,2.561,1.727,-3.245,-4.063
2015-12-13 22:00:00+00:00,2.456,1.95,-3.205,-4.168
2015-12-13 23:00:00+00:00,2.394,2.085,-3.2,-4.265
2015-12-14 00:00:00+00:00,2.396,2.132,-3.13,-4.429
2015-12-14 01:00:00+00:00,2.318,2.203,-3.035,-4.589
2015-12-14 02:00:00+00:00,2.174,2.114,-2.898,-4.724
2015-12-14 03:00:00+00:00,1.982,1.995,-2.872,-4.818
2015-12-14 04:00:00+00:00,1.744,1.981,-2.893,-4.873
2015-12-14 05:00:00+00:00,1.559,2.067,-2.845,-4.88
2015-12-14 06:00:00+00:00,1.443,2.172,-2.84,-4.832
2015-12-14 07:00:00+00:00,1.553,2.347,-2.701,-4.726
2015-12-14 08:00:00+00:00,2.611,2.664,-2.433,-4.563
2015-12-14 09:00:00+00:00,3.677,3.164,-1.915,-4.233
2015-12-14 10:00:00+00:00,4.775,3.53,-1.369,-3.825
2015-12-14 11:00:00+00:00,5.765,3.735,-1.081,-3.483
2015-12-14 12:00:00+00:00,6.307,3.741,-1.191,-3.278
2015-12-14 13:00:00+00:00,6.204,3.513,-1.788,-3.279
2015-12-14 14:00:00+00:00,5.01,3.252,-2.138,-3.4
2015-12-14 15:00:00+00:00,3.518,3.177,-2.215,-3.483
2015-12-14 16:00:00+00:00,3.241,3.182,-2.242,-3.587
2015-12-14 17:00:00+00:00,3.076,3.165,-2.169,-3.712
2015-12-14 18:00:00+00:00,2.966,3.088,-2.166,-3.887
2015-12-14 19:00:00+00:00,2.92,3.007,-2.136,-4.057
2015-12-14 20:00:00+00:00,2.88,2.926,-2.144,-4.216
2015-12-14 21:00:00+00:00,2.923,2.836,-2.092,-4.32
2015-12-14 22:00:00+00:00,2.93,2.705,-2.061,-4.405
2015-12-14 23:00:00+00:00,2.919,2.612,-1.968,-4.527
2015-12-15 00:00:00+00:00,2.883,2.63,-1.945,-4.647
2015-12-15 01:00:00+00:00,2.896,2.719,-1.898,-4.827
2015-12-15 02:00:00+00:00,2.925,2.831,-1.837,-4.982
2015-12-15 03:00:00+00:00,2.992,2.925,-1.789,-5.191
2015-12-15 04:00:00+00:00,3.065,2.962,-1.788,-5.434
2015-12-15 05:00:00+00:00,3.077,2.979,-1.79,-5.625
2015-12-15 06:00:00+00:00,3.048,2.988,-1.821,-5.746
2015-12-15 07:00:00+00:00,3.072,2.93,-1.871,-5.819
2015-12-15 08:00:00+00:00,3.671,3.12,-1.795,-5.799
2015-12-15 09:00:00+00:00,4.612,3.623,-1.499,-5.353
2015-12-15 10:00:00+00:00,5.493,3.998,-1.202,-4.639
2015-12-15 11:00:00+00:00,6.417,4.195,-1.073,-3.999
2015-12-15 12:00:00+00:00,6.995,4.227,-1.201,-3.723
2015-12-15 13:00:00+00:00,6.975,3.954,-1.654,-3.887
2015-12-15 14:00:00+00:00,5.876,3.311,-2.038,-4.124
2015-12-15 15:00:00+00:00,4.682,2.939,-2.263,-4.142
2015-12-15 16:00:00+00:00,4.42,2.749,-2.503,-4.129
2015-12-15 17:00:00+00:00,4.321,2.587,-2.644,-4.166
2015-12-15 18:00:00+00:00,4.234,2.438,-2.659,-4.29
2015-12-15 19:00:00+00:00,4.197,2.249,-2.716,-4.377
2015-12-15 20:00:00+00:00,4.175,2.036,-2.682,-4.409
2015-12-15 21:00:00+00:00,4.205,1.962,-2.63,-4.466
2015-12-15 22:00:00+00:00,4.268,2.003,-2.618,-4.503
2015-12-15 23:00:00+00:00,4.306,2.045,-2.626,-4.513
2015-12-16 00:00:00+00:00,4.337,2.256,-2.598,-4.482
2015-12-16 01:00:00+00:00,4.381,2.391,-2.604,-4.41
2015-12-16 02:00:00+00:00,4.403,2.382,-2.685,-4.369
2015-12-16 03:00:00+00:00,4.413,2.26,-2.748,-4.244
2015-12-16 04:00:00+00:00,4.441,2.158,-2.741,-4.088
2015-12-16 05:00:00+00:00,4.502,2.197,-2.69,-3.984
2015-12-16 06:00:00+00:00,4.607,2.321,-2.584,-3.854
2015-12-16 07:00:00+00:00,4.831,2.457,-2.414,-3.666
2015-12-16 08:00:00+00:00,5.463,2.734,-2.058,-3.56
2015-12-16 09:00:00+00:00,6.214,3.043,-1.534,-3.325
2015-12-16 10:00:00+00:00,6.971,3.308,-1.059,-2.95
2015-12-16 11:00:00+00:00,7.646,3.554,-0.762,-2.624
2015-12-16 12:00:00+00:00,8.072,3.772,-0.715,-2.465
2015-12-16 13:00:00+00:00,8.106,3.915,-0.966,-2.455
2015-12-16 14:00:00+00:00,7.715,4.021,-1.219,-2.398
2015-12-16 15:00:00+00:00,7.389,4.263,-1.288,-2.204
2015-12-16 16:00:00+00:00,7.413,4.54,-1.293,-2.019
2015-12-16 17:00:00+00:00,7.455,4.784,-1.334,-1.861
2015-12-16 18:00:00+00:00,7.584,5.018,-1.286,-1.698
2015-12-16 19:00:00+00:00,7.691,5.222,-1.192,-1.591
2015-12-16 20:00:00+00:00,7.815,5.378,-1.029,-1.464
2015-12-16 21:00:00+00:00,7.912,5.533,-0.833,-1.324
2015-12-16 22:00:00+00:00,8.019,5.737,-0.637,-1.173
2015-12-16 23:00:00+00:00,8.149,6.056,-0.451,-1.025
2015-12-17 00:00:00+00:00,8.284,6.389,-0.232,-0.945
2015-12-17 01:00:00+00:00,8.397,6.658,-0.001,-0.877
2015-12-17 02:00:00+00:00,8.516,6.901,0.263,-0.72
2015-12-17 03:00:00+00:00,8.634,7.121,0.556,-0.482
2015-12-17 04:00:00+00:00,8.767,7.375,0.826,-0.272
2015-12-17 05:00:00+00:00,8.854,7.574,1.115,-0.103
2015-12-17 06:00:00+00:00,8.879,7.69,1.388,0.034
2015-12-17 07:00:00+00:00,8.896,7.731,1.686,0.168
2015-12-17 08:00:00+00:00,9.442,7.863,2.02,0.377
2015-12-17 09:00:00+00:00,10.134,8.127,2.417,0.647
2015-12-17 10:00:00+00:00,10.873,8.402,2.714,0.899
2015-12-17 11:00:00+00:00,11.613,8.664,2.825,1.094
2015-12-17 12:00:00+00:00,12.096,8.805,2.885,1.302
2015-12-17 13:00:00+00:00,12.058,8.841,2.864,1.311
2015-12-17 14:00:00+00:00,11.135,8.704,2.759,1.29
2015-12-17 15:00:00+00:00,9.856,8.468,2.706,1.382
2015-12-17 16:00:00+00:00,9.391,8.235,2.684,1.477
2015-12-17 17:00:00+00:00,9.011,7.997,2.611,1.481
2015-12-17 18:00:00+00:00,8.702,7.796,2.545,1.457
2015-12-17 19:00:00+00:00,8.505,7.674,2.462,1.61
2015-12-17 20:00:00+00:00,8.426,7.645,2.414,1.907
2015-12-17 21:00:00+00:00,8.429,7.735,2.433,2.227
2015-12-17 22:00:00+00:00,8.399,7.901,2.464,2.361
2015-12-17 23:00:00+00:00,8.321,8.073,2.554,2.468
2015-12-18 00:00:00+00:00,8.214,8.183,2.756,2.52
2015-12-18 01:00:00+00:00,8.111,8.294,3.064,2.503
2015-12-18 02:00:00+00:00,7.99,8.384,3.413,2.595
2015-12-18 03:00:00+00:00,7.888,8.427,3.834,2.674
2015-12-18 04:00:00+00:00,7.812,8.485,4.283,2.679
2015-12-18 05:00:00+00:00,7.802,8.568,4.638,2.64
2015-12-18 06:00:00+00:00,7.839,8.475,4.837,2.508
2015-12-18 07:00:00+00:00,7.965,8.372,4.946,2.399
2015-12-18 08:00:00+00:00,8.554,8.389,5.092,2.421
2015-12-18 09:00:00+00:00,9.234,8.655,5.414,2.66
2015-12-18 10:00:00+00:00,9.968,8.932,5.652,3.023
2015-12-18 11:00:00+00:00,10.621,9.11,5.813,3.291
2015-12-18 12:00:00+00:00,10.95,9.141,5.809,3.437
2015-12-18 13:00:00+00:00,10.764,8.977,5.771,3.463
2015-12-18 14:00:00+00:00,9.742,8.637,5.762,3.519
2015-12-18 15:00:00+00:00,8.594,8.309,5.799,3.65
2015-12-18 16:00:00+00:00,8.288,8.034,5.844,3.773
2015-12-18 17:00:00+00:00,8.019,7.745,5.869,3.891
2015-12-18 18:00:00+00:00,7.756,7.581,5.856,3.961
2015-12-18 19:00:00+00:00,7.576,7.54,5.83,4.029
2015-12-18 20:00:00+00:00,7.465,7.57,5.85,4.069
2015-12-18 21:00:00+00:00,7.333,7.68,5.912,4.065
2015-12-18 22:00:00+00:00,7.155,7.876,5.998,4.008
2015-12-18 23:00:00+00:00,6.952,8.112,6.056,3.935
2015-12-19 00:00:00+00:00,6.809,8.352,6.103,3.863
2015-12-19 01:00:00+00:00,6.697,8.522,6.175,3.79
2015-12-19 02:00:00+00:00,6.605,8.585,6.258,3.696
2015-12-19 03:00:00+00:00,6.553,8.483,6.314,3.607
2015-12-19 04:00:00+00:00,6.528,8.359,6.331,3.524
2015-12-19 05:00:00+00:00,6.567,8.255,6.311,3.355
2015-12-19 06:00:00+00:00,6.599,8.205,6.27,3.252
2015-12-19 07:00:00+00:00,6.674,8.237,6.211,3.166
2015-12-19 08:00:00+00:00,7.435,8.384,6.192,3.184
2015-12-19 09:00:00+00:00,8.542,8.636,6.252,3.34
2015-12-19 10:00:00+00:00,9.668,8.953,6.336,3.533
2015-12-19 11:00:00+00:00,10.752,9.235,6.389,3.653
2015-12-19 12:00:00+00:00,11.431,9.349,6.353,3.771
2015-12-19 13:00:00+00:00,11.344,9.258,6.228,3.945
2015-12-19 14:00:00+00:00,10.092,9.101,6.058,4.199
2015-12-19 15:00:00+00:00,8.632,9.116,5.944,4.465
2015-12-19 16:00:00+00:00,8.087,9.22,6.066,4.793
2015-12-19 17:00:00+00:00,7.695,9.295,6.268,4.988
2015-12-19 18:00:00+00:00,7.47,9.32,6.398,5.132
2015-12-19 19:00:00+00:00,7.33,9.307,6.543,5.256
2015-12-19 20:00:00+00:00,7.174,9.349,6.663,5.328
2015-12-19 21:00:00+00:00,6.98,9.315,6.831,5.417
2015-12-19 22:00:00+00:00,6.749,9.293,7.048,5.487
2015-12-19 23:00:00+00:00,6.533,9.255,7.219,5.484
2015-12-20 00:00:00+00:00,6.359,9.296,7.395,5.511
2015-12-20 01:00:00+00:00,6.206,9.306,7.539,5.632
2015-12-20 02:00:00+00:00,6.047,9.15,7.635,5.728
2015-12-20 03:00:00+00:00,5.884,8.975,7.7,5.89
2015-12-20 04:00:00+00:00,5.75,8.799,7.711,6.071
2015-12-20 05:00:00+00:00,5.624,8.629,7.742,6.077
2015-12-20 06:00:00+00:00,5.513,8.453,7.725,6.116
2015-12-20 07:00:00+00:00,5.513,8.282,7.668,6.139
2015-12-20 08:00:00+00:00,6.339,8.214,7.639,6.136
2015-12-20 09:00:00+00:00,7.455,8.335,7.744,6.145
2015-12-20 10:00:00+00:00,8.45,8.521,7.902,6.131
2015-12-20 11:00:00+00:00,9.241,8.661,7.973,6.201
2015-12-20 12:00:00+00:00,9.663,8.74,7.906,6.351
2015-12-20 13:00:00+00:00,9.593,8.841,7.721,6.261
2015-12-20 14:00:00+00:00,8.751,8.822,7.576,6.077
2015-12-20 15:00:00+00:00,7.742,8.734,7.546,5.924
2015-12-20 16:00:00+00:00,7.468,8.615,7.484,5.716
2015-12-20 17:00:00+00:00,7.339,8.531,7.484,5.6
2015-12-20 18:00:00+00:00,7.243,8.537,7.525,5.474
2015-12-20 19:00:00+00:00,7.191,8.52,7.562,5.246
2015-12-20 20:00:00+00:00,7.169,8.473,7.562,4.994
2015-12-20 21:00:00+00:00,7.148,8.475,7.61,4.728
2015-12-20 22:00:00+00:00,7.197,8.487,7.685,4.551
2015-12-20 23:00:00+00:00,7.274,8.429,7.617,4.582
2015-12-21 00:00:00+00:00,7.323,8.259,7.463,4.71
2015-12-21 01:00:00+00:00,7.332,8.102,7.257,4.808
2015-12-21 02:00:00+00:00,7.297,8.054,7.072,4.811
2015-12-21 03:00:00+00:00,7.286,8.054,6.881,4.755
2015-12-21 04:00:00+00:00,7.342,8.076,6.711,4.712
2015-12-21 05:00:00+00:00,7.336,8.04,6.623,4.712
2015-12-21 06:00:00+00:00,7.252,8.005,6.593,4.707
2015-12-21 07:00:00+00:00,7.116,7.945,6.624,4.713
2015-12-21 08:00:00+00:00,7.322,7.901,6.664,4.724
2015-12-21 09:00:00+00:00,7.841,8.006,6.703,4.738
2015-12-21 10:00:00+00:00,8.477,8.225,6.713,4.756
2015-12-21 11:00:00+00:00,9.018,8.367,6.689,4.723
2015-12-21 12:00:00+00:00,9.308,8.291,6.57,4.61
2015-12-21 13:00:00+00:00,9.171,7.995,6.355,4.412
2015-12-21 14:00:00+00:00,8.453,7.553,6.144,4.191
2015-12-21 15:00:00+00:00,7.574,7.242,6.011,3.987
2015-12-21 16:00:00+00:00,7.251,7.095,5.89,3.786
2015-12-21 17:00:00+00:00,7.059,7.08,5.76,3.626
2015-12-21 18:00:00+00:00,6.962,7.174,5.666,3.495
2015-12-21 19:00:00+00:00,7.003,7.198,5.593,3.365
2015-12-21 20:00:00+00:00,7.154,7.245,5.505,3.241
2015-12-21 21:00:00+00:00,7.373,7.481,5.371,3.13
2015-12-21 22:00:00+00:00,7.562,7.759,5.208,3.044
2015-12-21 23:00:00+00:00,7.721,7.936,5.238,3.026
2015-12-22 00:00:00+00:00,7.718,7.499,5.205,3.02
2015-12-22 01:00:00+00:00,7.605,7.253,5.067,2.969
2015-12-22 02:00:00+00:00,7.496,7.096,4.947,2.846
2015-12-22 03:00:00+00:00,7.393,7.07,4.898,2.728
2015-12-22 04:00:00+00:00,7.34,7.115,4.856,2.606
2015-12-22 05:00:00+00:00,7.304,7.051,4.814,2.456
2015-12-22 06:00:00+00:00,7.323,6.918,4.709,2.17
2015-12-22 07:00:00+00:00,7.442,6.784,4.587,1.961
2015-12-22 08:00:00+00:00,8.09,6.725,4.581,1.782
2015-12-22 09:00:00+00:00,8.957,6.913,4.724,2.043
2015-12-22 10:00:00+00:00,9.836,7.127,4.816,2.294
2015-12-22 11:00:00+00:00,10.526,7.488,4.817,2.549
2015-12-22 12:00:00+00:00,10.9,8.091,4.721,2.804
2015-12-22 13:00:00+00:00,10.853,8.999,4.459,3.172
2015-12-22 14:00:00+00:00,10.285,9.816,4.211,3.658
2015-12-22 15:00:00+00:00,9.519,10.176,4.151,3.883
2015-12-22 16:00:00+00:00,9.223,10.221,4.443,3.904
2015-12-22 17:00:00+00:00,9.057,10.187,4.803,3.992
2015-12-22 18:00:00+00:00,8.919,10.185,5.108,4.03
2015-12-22 19:00:00+00:00,8.777,10.213,5.4,3.919
2015-12-22 20:00:00+00:00,8.604,10.135,5.647,3.745
2015-12-22 21:00:00+00:00,8.412,10.01,5.952,3.152
2015-12-22 22:00:00+00:00,8.205,9.857,6.155,2.681
2015-12-22 23:00:00+00:00,7.975,9.643,6.278,2.341
2015-12-23 00:00:00+00:00,7.745,9.391,6.396,2.074
2015-12-23 01:00:00+00:00,7.501,9.113,6.472,1.908
2015-12-23 02:00:00+00:00,7.316,8.851,6.431,1.852
2015-12-23 03:00:00+00:00,7.229,8.7,6.282,1.861
2015-12-23 04:00:00+00:00,7.184,8.616,6.077,1.923
2015-12-23 05:00:00+00:00,7.124,8.517,5.874,1.97
2015-12-23 06:00:00+00:00,7.078,8.397,5.716,2.009
2015-12-23 07:00:00+00:00,7.078,8.258,5.576,2.033
2015-12-23 08:00:00+00:00,7.822,8.231,5.516,2.044
2015-12-23 09:00:00+00:00,8.874,8.443,5.567,2.158
2015-12-23 10:00:00+00:00,9.865,8.735,5.636,2.468
2015-12-23 11:00:00+00:00,10.531,8.915,5.706,2.782
2015-12-23 12:00:00+00:00,10.731,8.789,5.705,2.954
2015-12-23 13:00:00+00:00,10.386,8.396,5.583,3.017
2015-12-23 14:00:00+00:00,9.227,7.792,5.426,2.948
2015-12-23 15:00:00+00:00,7.523,7.298,5.251,2.676
2015-12-23 16:00:00+00:00,6.731,6.999,5.0,2.44
2015-12-23 17:00:00+00:00,6.185,6.757,4.805,2.394
2015-12-23 18:00:00+00:00,5.769,6.55,4.776,2.541
2015-12-23 19:00:00+00:00,5.482,6.365,4.818,2.61
2015-12-23 20:00:00+00:00,5.316,6.154,4.785,2.543
2015-12-23 21:00:00+00:00,5.232,5.853,4.691,2.408
2015-12-23 22:00:00+00:00,5.272,5.428,4.451,2.278
2015-12-23 23:00:00+00:00,5.275,5.048,4.159,2.182
2015-12-24 00:00:00+00:00,5.209,4.958,3.925,2.058
2015-12-24 01:00:00+00:00,5.111,5.113,3.734,2.071
2015-12-24 02:00:00+00:00,4.937,5.182,3.581,2.129
2015-12-24 03:00:00+00:00,4.816,5.271,3.507,2.29
2015-12-24 04:00:00+00:00,4.75,5.449,3.548,2.632
2015-12-24 05:00:00+00:00,4.793,5.632,3.612,3.016
2015-12-24 06:00:00+00:00,4.838,5.747,3.68,3.511
2015-12-24 07:00:00+00:00,4.987,5.821,3.767,3.897
2015-12-24 08:00:00+00:00,5.873,5.869,3.906,4.208
2015-12-24 09:00:00+00:00,6.988,5.917,4.114,4.514
2015-12-24 10:00:00+00:00,8.247,5.923,4.291,4.754
2015-12-24 11:00:00+00:00,9.484,6.001,4.382,4.908
2015-12-24 12:00:00+00:00,10.282,6.076,4.404,4.97
2015-12-24 13:00:00+00:00,10.348,6.178,4.431,4.97
2015-12-24 14:00:00+00:00,9.372,6.367,4.504,4.913
2015-12-24 15:00:00+00:00,8.203,6.628,4.624,4.774
2015-12-24 16:00:00+00:00,7.928,6.957,4.794,4.616
2015-12-24 17:00:00+00:00,7.776,7.283,4.965,4.605
2015-12-24 18:00:00+00:00,7.64,7.671,5.118,4.657
2015-12-24 19:00:00+00:00,7.533,8.082,5.303,4.683
2015-12-24 20:00:00+00:00,7.555,8.465,5.537,4.646
2015-12-24 21:00:00+00:00,7.467,8.36,5.687,4.468
2015-12-24 22:00:00+00:00,7.262,8.034,5.789,4.189
2015-12-24 23:00:00+00:00,7.083,7.569,5.831,3.919
2015-12-25 00:00:00+00:00,6.791,7.083,5.771,3.573
2015-12-25 01:00:00+00:00,6.537,6.708,5.668,3.213
2015-12-25 02:00:00+00:00,6.287,6.394,5.563,2.961
2015-12-25 03:00:00+00:00,6.09,6.173,5.462,2.819
2015-12-25 04:00:00+00:00,5.929,6.047,5.295,2.722
2015-12-25 05:00:00+00:00,5.878,6.001,5.065,2.573
2015-12-25 06:00:00+00:00,5.75,6.046,4.885,2.366
2015-12-25 07:00:00+00:00,5.712,6.123,4.768,2.295
2015-12-25 08:00:00+00:00,6.443,6.281,4.742,2.364
2015-12-25 09:00:00+00:00,7.41,6.618,4.864,2.532
2015-12-25 10:00:00+00:00,8.462,6.949,5.04,2.74
2015-12-25 11:00:00+00:00,9.341,7.15,5.131,2.874
2015-12-25 12:00:00+00:00,9.721,7.168,5.12,2.909
2015-12-25 13:00:00+00:00,9.499,7.03,5.062,2.821
2015-12-25 14:00:00+00:00,8.549,6.834,5.019,2.563
2015-12-25 15:00:00+00:00,7.672,6.703,5.056,2.288
2015-12-25 16:00:00+00:00,7.552,6.62,5.097,1.996
2015-12-25 17:00:00+00:00,7.558,6.503,5.184,1.598
2015-12-25 18:00:00+00:00,7.561,6.346,5.254,1.258
2015-12-25 19:00:00+00:00,7.58,6.183,5.194,0.938
2015-12-25 20:00:00+00:00,7.612,6.0,4.938,0.524
2015-12-25 21:00:00+00:00,7.672,5.792,4.581,0.048
2015-12-25 22:00:00+00:00,7.685,5.606,4.227,-0.676
2015-12-25 23:00:00+00:00,7.708,5.335,3.866,-1.266
2015-12-26 00:00:00+00:00,7.733,5.011,3.45,-1.49
2015-12-26 01:00:00+00:00,7.695,4.879,3.025,-1.73
2015-12-26 02:00:00+00:00,7.625,4.957,2.59,-1.969
2015-12-26 03:00:00+00:00,7.581,5.219,2.097,-2.259
2015-12-26 04:00:00+00:00,7.541,5.432,1.493,-2.532
2015-12-26 05:00:00+00:00,7.456,5.417,1.108,-2.663
2015-12-26 06:00:00+00:00,7.347,5.158,0.735,-2.793
2015-12-26 07:00:00+00:00,7.344,4.819,0.405,-2.971
2015-12-26 08:00:00+00:00,8.177,4.579,0.325,-3.125
2015-12-26 09:00:00+00:00,9.317,4.451,0.454,-2.836
2015-12-26 10:00:00+00:00,10.445,4.288,0.511,-2.455
2015-12-26 11:00:00+00:00,11.397,4.186,0.474,-2.272
2015-12-26 12:00:00+00:00,11.884,4.162,0.213,-2.486
2015-12-26 13:00:00+00:00,11.696,4.137,-0.41,-3.163
2015-12-26 14:00:00+00:00,10.516,4.022,-0.997,-3.792
2015-12-26 15:00:00+00:00,8.908,4.04,-1.289,-3.987
2015-12-26 16:00:00+00:00,8.224,4.122,-1.508,-4.133
2015-12-26 17:00:00+00:00,7.764,4.242,-1.622,-4.273
2015-12-26 18:00:00+00:00,7.367,4.212,-1.885,-4.392
2015-12-26 19:00:00+00:00,6.974,4.16,-2.058,-4.453
2015-12-26 20:00:00+00:00,6.59,4.186,-2.155,-4.5
2015-12-26 21:00:00+00:00,6.232,4.305,-2.319,-4.535
2015-12-26 22:00:00+00:00,5.913,4.439,-2.624,-4.626
2015-12-26 23:00:00+00:00,5.63,4.689,-2.832,-4.588
2015-12-27 00:00:00+00:00,5.411,5.191,-2.946,-4.665
2015-12-27 01:00:00+00:00,5.267,5.813,-2.954,-4.663
2015-12-27 02:00:00+00:00,5.209,6.442,-3.028,-4.706
2015-12-27 03:00:00+00:00,5.16,7.065,-3.006,-4.698
2015-12-27 04:00:00+00:00,5.113,7.517,-2.889,-4.737
2015-12-27 05:00:00+00:00,5.102,7.75,-2.695,-4.762
2015-12-27 06:00:00+00:00,5.111,7.897,-2.45,-4.745
2015-12-27 07:00:00+00:00,5.24,8.077,-2.101,-4.773
2015-12-27 08:00:00+00:00,6.175,8.26,-1.731,-4.791
2015-12-27 09:00:00+00:00,7.377,8.448,-1.177,-4.693
2015-12-27 10:00:00+00:00,8.557,8.55,-0.578,-4.443
2015-12-27 11:00:00+00:00,9.535,8.367,-0.123,-4.228
2015-12-27 12:00:00+00:00,10.086,8.184,0.145,-4.164
2015-12-27 13:00:00+00:00,9.956,7.909,0.28,-4.24
2015-12-27 14:00:00+00:00,8.807,7.349,0.313,-4.373
2015-12-27 15:00:00+00:00,7.352,6.83,0.362,-4.454
2015-12-27 16:00:00+00:00,6.844,6.489,0.341,-4.502
2015-12-27 17:00:00+00:00,6.499,6.268,0.286,-4.633
2015-12-27 18:00:00+00:00,6.211,6.1,0.219,-4.798
2015-12-27 19:00:00+00:00,5.973,6.041,0.158,-4.961
2015-12-27 20:00:00+00:00,5.727,5.885,0.048,-5.227
2015-12-27 21:00:00+00:00,5.491,5.623,-0.112,-5.433
2015-12-27 22:00:00+00:00,5.286,5.28,-0.295,-5.635
2015-12-27 23:00:00+00:00,5.122,4.93,-0.483,-5.774
2015-12-28 00:00:00+00:00,4.928,4.552,-0.635,-5.988
2015-12-28 01:00:00+00:00,4.7,4.141,-0.875,-6.159
2015-12-28 02:00:00+00:00,4.45,3.717,-1.235,-6.187
2015-12-28 03:00:00+00:00,4.212,3.147,-1.723,-6.062
2015-12-28 04:00:00+00:00,3.981,2.452,-2.354,-5.826
2015-12-28 05:00:00+00:00,3.807,1.746,-2.753,-5.645
2015-12-28 06:00:00+00:00,3.576,1.116,-2.946,-5.529
2015-12-28 07:00:00+00:00,3.45,0.62,-3.098,-5.496
2015-12-28 08:00:00+00:00,4.376,0.804,-2.899,-5.357
2015-12-28 09:00:00+00:00,5.676,1.853,-2.154,-4.842
2015-12-28 10:00:00+00:00,6.749,2.465,-1.529,-4.221
2015-12-28 11:00:00+00:00,7.778,2.839,-1.2,-3.767
2015-12-28 12:00:00+00:00,8.388,2.998,-1.337,-3.537
2015-12-28 13:00:00+00:00,8.155,2.734,-1.737,-3.64
2015-12-28 14:00:00+00:00,6.559,2.089,-2.119,-3.868
2015-12-28 15:00:00+00:00,4.885,2.109,-2.359,-3.825
2015-12-28 16:00:00+00:00,4.37,2.352,-2.601,-3.708
2015-12-28 17:00:00+00:00,4.0,2.535,-2.835,-3.636
2015-12-28 18:00:00+00:00,3.675,2.667,-3.112,-3.596
2015-12-28 19:00:00+00:00,3.434,2.852,-3.304,-3.587
2015-12-28 20:00:00+00:00,3.278,3.07,-3.419,-3.567
2015-12-28 21:00:00+00:00,3.168,3.235,-3.473,-3.518
2015-12-28 22:00:00+00:00,3.137,3.345,-3.508,-3.398
2015-12-28 23:00:00+00:00,3.123,3.419,-3.552,-3.291
2015-12-29 00:00:00+00:00,3.059,3.5,-3.602,-3.233
2015-12-29 01:00:00+00:00,2.945,3.475,-3.714,-3.191
2015-12-29 02:00:00+00:00,2.724,3.342,-3.802,-3.163
2015-12-29 03:00:00+00:00,2.513,3.248,-3.784,-3.111
2015-12-29 04:00:00+00:00,2.375,3.202,-3.698,-3.089
2015-12-29 05:00:00+00:00,2.286,3.159,-3.556,-3.097
2015-12-29 06:00:00+00:00,2.165,3.111,-3.428,-3.122
2015-12-29 07:00:00+00:00,2.132,3.071,-3.313,-3.11
2015-12-29 08:00:00+00:00,2.952,3.128,-2.959,-3.018
2015-12-29 09:00:00+00:00,4.075,3.278,-2.069,-2.707
2015-12-29 10:00:00+00:00,5.202,3.447,-1.393,-2.356
2015-12-29 11:00:00+00:00,6.207,3.568,-1.109,-2.095
2015-12-29 12:00:00+00:00,6.754,3.615,-1.219,-1.934
2015-12-29 13:00:00+00:00,6.689,3.598,-1.705,-1.899
2015-12-29 14:00:00+00:00,5.458,3.505,-2.059,-1.944
2015-12-29 15:00:00+00:00,4.206,3.48,-2.17,-1.909
2015-12-29 16:00:00+00:00,3.858,3.538,-2.225,-1.847
2015-12-29 17:00:00+00:00,3.63,3.613,-2.209,-1.773
2015-12-29 18:00:00+00:00,3.43,3.658,-2.195,-1.686
2015-12-29 19:00:00+00:00,3.297,3.664,-2.189,-1.605
2015-12-29 20:00:00+00:00,3.268,3.645,-2.172,-1.513
2015-12-29 21:00:00+00:00,3.249,3.607,-2.113,-1.497
2015-12-29 22:00:00+00:00,3.255,3.556,-1.991,-1.541
2015-12-29 23:00:00+00:00,3.218,3.523,-1.898,-1.569
2015-12-30 00:00:00+00:00,3.127,3.49,-1.814,-1.568
2015-12-30 01:00:00+00:00,2.911,3.456,-1.64,-1.507
2015-12-30 02:00:00+00:00,2.704,3.436,-1.702,-1.432
2015-12-30 03:00:00+00:00,2.558,3.451,-1.596,-1.278
2015-12-30 04:00:00+00:00,2.439,3.495,-1.426,-1.009
2015-12-30 05:00:00+00:00,2.327,3.576,-1.363,-0.704
2015-12-30 06:00:00+00:00,2.224,3.639,-1.284,-0.397
2015-12-30 07:00:00+00:00,2.167,3.653,-1.246,-0.157
2015-12-30 08:00:00+00:00,2.754,3.664,-1.115,0.033
2015-12-30 09:00:00+00:00,3.604,3.734,-0.697,0.271
2015-12-30 10:00:00+00:00,4.565,3.837,-0.309,0.548
2015-12-30 11:00:00+00:00,5.325,3.932,-0.1,0.833
2015-12-30 12:00:00+00:00,5.642,3.965,-0.123,1.112
2015-12-30 13:00:00+00:00,5.376,3.843,-0.453,1.35
2015-12-30 14:00:00+00:00,4.297,3.49,-0.893,1.557
2015-12-30 15:00:00+00:00,2.87,3.211,-1.148,1.722
2015-12-30 16:00:00+00:00,2.286,3.048,-1.282,1.828
2015-12-30 17:00:00+00:00,1.773,2.867,-1.33,1.92
2015-12-30 18:00:00+00:00,1.264,2.598,-1.358,1.989
2015-12-30 19:00:00+00:00,0.828,2.314,-1.395,2.034
2015-12-30 20:00:00+00:00,0.477,2.083,-1.448,2.047
2015-12-30 21:00:00+00:00,0.19,1.882,-1.567,1.946
2015-12-30 22:00:00+00:00,-0.083,1.702,-1.737,1.757
2015-12-30 23:00:00+00:00,-0.325,1.543,-1.895,1.568
2015-12-31 00:00:00+00:00,-0.539,1.364,-2.071,1.382
2015-12-31 01:00:00+00:00,-0.684,1.155,-2.178,1.166
2015-12-31 02:00:00+00:00,-0.737,0.937,-2.242,0.91
2015-12-31 03:00:00+00:00,-0.636,0.801,-2.211,0.685
2015-12-31 04:00:00+00:00,-0.412,0.766,-2.125,0.466
2015-12-31 05:00:00+00:00,-0.099,0.749,-2.024,0.21
2015-12-31 06:00:00+00:00,0.259,0.722,-1.902,-0.051
2015-12-31 07:00:00+00:00,0.704,0.686,-1.79,-0.343
2015-12-31 08:00:00+00:00,1.57,0.78,-1.557,-0.648
2015-12-31 09:00:00+00:00,2.574,1.058,-1.05,-0.808
2015-12-31 10:00:00+00:00,3.489,1.331,-0.599,-0.787
2015-12-31 11:00:00+00:00,4.172,1.608,-0.321,-0.711
2015-12-31 12:00:00+00:00,4.536,1.822,-0.304,-0.655
2015-12-31 13:00:00+00:00,4.529,1.997,-0.594,-0.677
2015-12-31 14:00:00+00:00,3.907,2.312,-0.924,-0.734
2015-12-31 15:00:00+00:00,2.788,2.719,-1.008,-0.748
2015-12-31 16:00:00+00:00,2.456,3.105,-1.011,-0.603
2015-12-31 17:00:00+00:00,2.268,3.456,-1.001,-0.41
2015-12-31 18:00:00+00:00,2.106,3.728,-0.975,-0.179
2015-12-31 19:00:00+00:00,2.105,4.019,-0.939,0.04
2015-12-31 20:00:00+00:00,2.204,4.233,-0.84,0.189
2015-12-31 21:00:00+00:00,2.265,4.251,-0.749,0.311
2015-12-31 22:00:00+00:00,2.23,4.046,-0.685,0.426
2015-12-31 23:00:00+00:00,2.168,3.785,-0.633,0.485
