timestamp,Nuclear,Hydro water reservoir,Others,Wind onshore
12/31/2014 23:00,,,,
1/1/2015 0:00,,,,
1/1/2015 1:00,,,,
1/1/2015 2:00,,,,
1/1/2015 3:00,,,,
1/1/2015 4:00,,,,
1/1/2015 5:00,,,,
1/1/2015 6:00,,,,
1/1/2015 7:00,,,,
1/1/2015 8:00,,,,
1/1/2015 9:00,,,,
1/1/2015 10:00,,,,
1/1/2015 11:00,,,,
1/1/2015 12:00,,,,
1/1/2015 13:00,,,,
1/1/2015 14:00,,,,
1/1/2015 15:00,,,,
1/1/2015 16:00,,,,
1/1/2015 17:00,,,,
1/1/2015 18:00,,,,
1/1/2015 19:00,,,,
1/1/2015 20:00,,,,
1/1/2015 21:00,,,,
1/1/2015 22:00,,,,
1/1/2015 23:00,,,,
1/2/2015 0:00,,,,
1/2/2015 1:00,,,,
1/2/2015 2:00,,,,
1/2/2015 3:00,,,,
1/2/2015 4:00,,,,
1/2/2015 5:00,,,,
1/2/2015 6:00,,,,
1/2/2015 7:00,,,,
1/2/2015 8:00,,,,
1/2/2015 9:00,,,,
1/2/2015 10:00,,,,
1/2/2015 11:00,,,,
1/2/2015 12:00,,,,
1/2/2015 13:00,,,,
1/2/2015 14:00,,,,
1/2/2015 15:00,,,,
1/2/2015 16:00,,,,
1/2/2015 17:00,,,,
1/2/2015 18:00,,,,
1/2/2015 19:00,,,,
1/2/2015 20:00,,,,
1/2/2015 21:00,,,,
1/2/2015 22:00,,,,
1/2/2015 23:00,,,,
1/3/2015 0:00,,,,
1/3/2015 1:00,,,,
1/3/2015 2:00,,,,
1/3/2015 3:00,,,,
1/3/2015 4:00,,,,
1/3/2015 5:00,,,,
1/3/2015 6:00,,,,
1/3/2015 7:00,,,,
1/3/2015 8:00,,,,
1/3/2015 9:00,,,,
1/3/2015 10:00,,,,
1/3/2015 11:00,,,,
1/3/2015 12:00,,,,
1/3/2015 13:00,,,,
1/3/2015 14:00,,,,
1/3/2015 15:00,,,,
1/3/2015 16:00,,,,
1/3/2015 17:00,,,,
1/3/2015 18:00,,,,
1/3/2015 19:00,,,,
1/3/2015 20:00,,,,
1/3/2015 21:00,,,,
1/3/2015 22:00,,,,
1/3/2015 23:00,,,,
1/4/2015 0:00,,,,
1/4/2015 1:00,,,,
1/4/2015 2:00,,,,
1/4/2015 3:00,,,,
1/4/2015 4:00,,,,
1/4/2015 5:00,,,,
1/4/2015 6:00,,,,
1/4/2015 7:00,,,,
1/4/2015 8:00,,,,
1/4/2015 9:00,,,,
1/4/2015 10:00,,,,
1/4/2015 11:00,,,,
1/4/2015 12:00,,,,
1/4/2015 13:00,,,,
1/4/2015 14:00,,,,
1/4/2015 15:00,,,,
1/4/2015 16:00,,,,
1/4/2015 17:00,,,,
1/4/2015 18:00,,,,
1/4/2015 19:00,,,,
1/4/2015 20:00,,,,
1/4/2015 21:00,,,,
1/4/2015 22:00,,,,
1/4/2015 23:00,0.731946007,0.313316583,0.16575179,0.430965392
1/5/2015 0:00,0.731496063,0.308856784,0.165274463,0.401275046
1/5/2015 1:00,0.731496063,0.307977387,0.161933174,0.379417122
1/5/2015 2:00,0.731271091,0.311055276,0.166348449,0.35154827
1/5/2015 3:00,0.731496063,0.324371859,0.165990453,0.333333333
1/5/2015 4:00,0.731383577,0.378957286,0.167541766,0.308014572
1/5/2015 5:00,0.731046119,0.464007538,0.171957041,0.287978142
1/5/2015 6:00,0.731158605,0.607286432,0.172673031,0.264298725
1/5/2015 7:00,0.731158605,0.690766332,0.172911695,0.244990893
1/5/2015 8:00,0.739370079,0.667776382,0.172315036,0.234061931
1/5/2015 9:00,0.741169854,0.665577889,0.168973747,0.220947177
1/5/2015 10:00,0.740494938,0.674183417,0.167422434,0.203460838
1/5/2015 11:00,0.740382452,0.688065327,0.16778043,0.17140255
1/5/2015 12:00,0.742519685,0.680841709,0.167899761,0.157741348
1/5/2015 13:00,0.74431946,0.660866834,0.170167064,0.144626594
1/5/2015 14:00,0.744094488,0.704082915,0.182816229,0.134061931
1/5/2015 15:00,0.743982002,0.701758794,0.192124105,0.125318761
1/5/2015 16:00,0.744431946,0.720477387,0.191050119,0.117304189
1/5/2015 17:00,0.744431946,0.719221106,0.191408115,0.113479053
1/5/2015 18:00,0.744431946,0.699371859,0.190811456,0.115664845
1/5/2015 19:00,0.744544432,0.702952261,0.189976134,0.109653916
1/5/2015 20:00,0.744431946,0.696733668,0.181980907,0.106010929
1/5/2015 21:00,0.743982002,0.643969849,0.181742243,0.114936248
1/5/2015 22:00,0.744544432,0.539447236,0.180668258,0.118761384
1/5/2015 23:00,0.745106862,0.394535176,0.179116945,0.16575592
1/6/2015 0:00,0.745106862,0.365452261,0.174105012,0.190346084
1/6/2015 1:00,0.745444319,0.361243719,0.168973747,0.221129326
1/6/2015 2:00,0.745444319,0.35678392,0.167183771,0.244808743
1/6/2015 3:00,0.745331834,0.365703518,0.167183771,0.264116576
1/6/2015 4:00,0.745556805,0.388442211,0.167422434,0.279417122
1/6/2015 5:00,0.746006749,0.459045226,0.169212411,0.306739526
1/6/2015 6:00,0.746231721,0.573366834,0.171837709,0.328779599
1/6/2015 7:00,0.746231721,0.609673367,0.173150358,0.364663024
1/6/2015 8:00,0.746344207,0.609296482,0.173747017,0.395264117
1/6/2015 9:00,0.746006749,0.607977387,0.173150358,0.41129326
1/6/2015 10:00,0.746906637,0.598115578,0.178162291,0.439526412
1/6/2015 11:00,0.747244094,0.585741206,0.178639618,0.46284153
1/6/2015 12:00,0.747131609,0.569095477,0.181384248,0.458287796
1/6/2015 13:00,0.747131609,0.572864322,0.181622912,0.480692168
1/6/2015 14:00,0.746794151,0.600628141,0.181861575,0.509107468
1/6/2015 15:00,0.746006749,0.631407035,0.183651551,0.540255009
1/6/2015 16:00,0.74488189,0.635364322,0.183651551,0.581238616
1/6/2015 17:00,0.74488189,0.609924623,0.183412888,0.602550091
1/6/2015 18:00,0.745219348,0.57330402,0.182458234,0.612750455
1/6/2015 19:00,0.745219348,0.528454774,0.18150358,0.634972678
1/6/2015 20:00,0.745331834,0.455213568,0.181145585,0.641347905
1/6/2015 21:00,0.745556805,0.394158291,0.180310263,0.636429872
1/6/2015 22:00,0.745669291,0.33008794,0.179952267,0.638615665
1/6/2015 23:00,0.745669291,0.247613065,0.174105012,0.703825137
1/7/2015 0:00,0.745669291,0.241896985,0.171957041,0.691074681
1/7/2015 1:00,0.745781777,0.240201005,0.172195704,0.678506375
1/7/2015 2:00,0.745669291,0.240515075,0.171479714,0.655919854
1/7/2015 3:00,0.745556805,0.254522613,0.170286396,0.624772313
1/7/2015 4:00,0.745669291,0.29290201,0.172792363,0.58579235
1/7/2015 5:00,0.745331834,0.448806533,0.174224344,0.530236794
1/7/2015 6:00,0.74431946,0.632537688,0.173627685,0.489435337
1/7/2015 7:00,0.74488189,0.692462312,0.189618138,0.439526412
1/7/2015 8:00,0.745331834,0.698932161,0.193078759,0.397996357
1/7/2015 9:00,0.745444319,0.696105528,0.189856802,0.364663024
1/7/2015 10:00,0.745556805,0.693844221,0.186873508,0.355373406
1/7/2015 11:00,0.745444319,0.695477387,0.175178998,0.340801457
1/7/2015 12:00,0.745894263,0.695917085,0.168377088,0.32859745
1/7/2015 13:00,0.745894263,0.702952261,0.168138425,0.313843352
1/7/2015 14:00,0.746006749,0.722236181,0.168973747,0.295992714
1/7/2015 15:00,0.745781777,0.725565327,0.187231504,0.278688525
1/7/2015 16:00,0.745669291,0.722424623,0.188066826,0.281238616
1/7/2015 17:00,0.746456693,0.718907035,0.189260143,0.271038251
1/7/2015 18:00,0.747131609,0.69120603,0.181026253,0.271038251
1/7/2015 19:00,0.747131609,0.60508794,0.17124105,0.292896175
1/7/2015 20:00,0.74735658,0.512562814,0.169809069,0.321129326
1/7/2015 21:00,0.74735658,0.440452261,0.163603819,0.36575592
1/7/2015 22:00,0.747694038,0.349309045,0.162649165,0.413843352
1/7/2015 23:00,0.747694038,0.26419598,0.156324582,0.463570128
1/8/2015 0:00,0.747694038,0.234359296,0.155011933,0.509653916
1/8/2015 1:00,0.748031496,0.228015075,0.155727924,0.551912568
1/8/2015 2:00,0.748031496,0.227638191,0.156085919,0.612932605
1/8/2015 3:00,0.747694038,0.23410804,0.157040573,0.651912568
1/8/2015 4:00,0.747469066,0.264133166,0.158711217,0.677595628
1/8/2015 5:00,0.747469066,0.374937186,0.165871122,0.698724954
1/8/2015 6:00,0.747019123,0.519535176,0.167064439,0.699089253
1/8/2015 7:00,0.747131609,0.558417085,0.16778043,0.684153005
1/8/2015 8:00,0.746569179,0.568090452,0.169212411,0.662112933
1/8/2015 9:00,0.746231721,0.572110553,0.167661098,0.627140255
1/8/2015 10:00,0.746006749,0.579773869,0.16778043,0.590163934
1/8/2015 11:00,0.746006749,0.58071608,0.167422434,0.557377049
1/8/2015 12:00,0.746681665,0.584987437,0.166706444,0.528051002
1/8/2015 13:00,0.746119235,0.613002513,0.166825776,0.505464481
1/8/2015 14:00,0.746006749,0.640452261,0.167661098,0.469398907
1/8/2015 15:00,0.746231721,0.676947236,0.167064439,0.450455373
1/8/2015 16:00,0.746006749,0.687248744,0.166229117,0.441530055
1/8/2015 17:00,0.746231721,0.655276382,0.164319809,0.461930783
1/8/2015 18:00,0.746344207,0.633228643,0.163603819,0.467759563
1/8/2015 19:00,0.746344207,0.566520101,0.16372315,0.482331512
1/8/2015 20:00,0.746569179,0.476570352,0.163484487,0.516939891
1/8/2015 21:00,0.746681665,0.413002513,0.156205251,0.544808743
1/8/2015 22:00,0.747244094,0.319095477,0.153460621,0.567395264
1/8/2015 23:00,0.74735658,0.247738693,0.152983294,0.568123862
1/9/2015 0:00,0.74735658,0.225753769,0.153221957,0.597814208
1/9/2015 1:00,0.747131609,0.223115578,0.153102625,0.609107468
1/9/2015 2:00,0.74735658,0.226005025,0.152625298,0.60564663
1/9/2015 3:00,0.747581552,0.232788945,0.153102625,0.590346084
1/9/2015 4:00,0.747581552,0.29321608,0.155250597,0.570309654
1/9/2015 5:00,0.747019123,0.426758794,0.16372315,0.5428051
1/9/2015 6:00,0.747131609,0.572361809,0.16575179,0.508378871
1/9/2015 7:00,0.746681665,0.607035176,0.166825776,0.473224044
1/9/2015 8:00,0.746906637,0.61959799,0.167661098,0.438979964
1/9/2015 9:00,0.746006749,0.640326633,0.167183771,0.411111111
1/9/2015 10:00,0.746119235,0.651067839,0.167183771,0.386156648
1/9/2015 11:00,0.746344207,0.646042714,0.168257757,0.347723133
1/9/2015 12:00,0.745781777,0.643592965,0.168854415,0.356284153
1/9/2015 13:00,0.746119235,0.634422111,0.169212411,0.34863388
1/9/2015 14:00,0.745894263,0.632223618,0.170644391,0.346994536
1/9/2015 15:00,0.745556805,0.647738693,0.17124105,0.344444444
1/9/2015 16:00,0.745444319,0.656281407,0.176849642,0.339162113
1/9/2015 17:00,0.745444319,0.625565327,0.175775656,0.33989071
1/9/2015 18:00,0.745444319,0.575816583,0.172195704,0.339526412
1/9/2015 19:00,0.745781777,0.533040201,0.172792363,0.334972678
1/9/2015 20:00,0.767154106,0.461243719,0.173747017,0.328051002
1/9/2015 21:00,0.771878515,0.397738693,0.166706444,0.316211293
1/9/2015 22:00,0.771428571,0.333982412,0.166825776,0.299453552
1/9/2015 23:00,0.770528684,0.271859296,0.1650358,0.25136612
1/10/2015 0:00,0.761079865,0.250628141,0.164677804,0.231693989
1/10/2015 1:00,0.746006749,0.258040201,0.164797136,0.206921676
1/10/2015 2:00,0.746231721,0.263128141,0.1650358,0.177595628
1/10/2015 3:00,0.749718785,0.26790201,0.165155131,0.156284153
1/10/2015 4:00,0.790101237,0.289133166,0.169093079,0.141894353
1/10/2015 5:00,0.807536558,0.323994975,0.169212411,0.145355191
1/10/2015 6:00,0.820472441,0.349371859,0.169212411,0.171948998
1/10/2015 7:00,0.828683915,0.389384422,0.169689737,0.219854281
1/10/2015 8:00,0.833858268,0.404648241,0.169212411,0.293989071
1/10/2015 9:00,0.853655793,0.416080402,0.170047733,0.385245902
1/10/2015 10:00,0.859955006,0.41419598,0.169570406,0.459016393
1/10/2015 11:00,0.860067492,0.387060302,0.169809069,0.522040073
1/10/2015 12:00,0.864791901,0.374748744,0.168735084,0.570856102
1/10/2015 13:00,0.873453318,0.364949749,0.166109785,0.623497268
1/10/2015 14:00,0.872553431,0.371482412,0.166348449,0.650455373
1/10/2015 15:00,0.872890889,0.387562814,0.161813842,0.68852459
1/10/2015 16:00,0.878627672,0.387562814,0.168973747,0.689071038
1/10/2015 17:00,0.881552306,0.385866834,0.169451074,0.660655738
1/10/2015 18:00,0.886614173,0.375565327,0.169212411,0.663205829
1/10/2015 19:00,0.886839145,0.319221106,0.170286396,0.662659381
1/10/2015 20:00,0.886951631,0.297173367,0.169689737,0.659744991
1/10/2015 21:00,0.887176603,0.266331658,0.170286396,0.667941712
1/10/2015 22:00,0.886951631,0.241834171,0.169451074,0.667395264
1/10/2015 23:00,0.886951631,0.208103015,0.166706444,0.682331512
1/11/2015 0:00,0.891001125,0.190515075,0.167183771,0.695264117
1/11/2015 1:00,0.89336333,0.184045226,0.166945107,0.690163934
1/11/2015 2:00,0.893588301,0.182914573,0.165513126,0.696174863
1/11/2015 3:00,0.893475816,0.182726131,0.165274463,0.699271403
1/11/2015 4:00,0.893475816,0.183982412,0.165393795,0.703278689
1/11/2015 5:00,0.893475816,0.196231156,0.167899761,0.704371585
1/11/2015 6:00,0.893700787,0.213819095,0.168615752,0.69435337
1/11/2015 7:00,0.893588301,0.245288945,0.173627685,0.688342441
1/11/2015 8:00,0.807424072,0.272047739,0.176968974,0.670491803
1/11/2015 9:00,0.798762655,0.296922111,0.185799523,0.639708561
1/11/2015 10:00,0.799212598,0.332349246,0.189618138,0.623497268
1/11/2015 11:00,0.801687289,0.372361809,0.188424821,0.570673953
1/11/2015 12:00,0.804499438,0.400753769,0.188305489,0.532604736
1/11/2015 13:00,0.804836895,0.416771357,0.185799523,0.512750455
1/11/2015 14:00,0.804724409,0.436369347,0.188305489,0.492714026
1/11/2015 15:00,0.804724409,0.468278894,0.188782816,0.470856102
1/11/2015 16:00,0.804611924,0.496545226,0.193556086,0.452823315
1/11/2015 17:00,0.804724409,0.523366834,0.204057279,0.444990893
1/11/2015 18:00,0.804611924,0.523052764,0.206324582,0.42295082
1/11/2015 19:00,0.804836895,0.501884422,0.204295943,0.4
1/11/2015 20:00,0.804611924,0.459610553,0.202386635,0.369216758
1/11/2015 21:00,0.804611924,0.40540201,0.204176611,0.351183971
1/11/2015 22:00,0.804274466,0.357349246,0.204534606,0.321129326
1/11/2015 23:00,0.804386952,0.346545226,0.19928401,0.271766849
1/12/2015 0:00,0.804499438,0.336683417,0.182696897,0.23715847
1/12/2015 1:00,0.804386952,0.324057789,0.181742243,0.208743169
1/12/2015 2:00,0.804499438,0.329711055,0.182577566,0.206921676
1/12/2015 3:00,0.804949381,0.359987437,0.188424821,0.218943534
1/12/2015 4:00,0.804949381,0.447864322,0.187589499,0.248816029
1/12/2015 5:00,0.805174353,0.566896985,0.202267303,0.272313297
1/12/2015 6:00,0.804949381,0.670414573,0.211694511,0.310928962
1/12/2015 7:00,0.734533183,0.710929648,0.213245823,0.358469945
1/12/2015 8:00,0.696175478,0.703454774,0.221957041,0.393260474
1/12/2015 9:00,0.693588301,0.676633166,0.215871122,0.432786885
1/12/2015 10:00,0.69167604,0.651633166,0.212768496,0.473952641
1/12/2015 11:00,0.690663667,0.615829146,0.220167064,0.510746812
1/12/2015 12:00,0.690326209,0.620163317,0.220763723,0.55154827
1/12/2015 13:00,0.688863892,0.608982412,0.219451074,0.581238616
1/12/2015 14:00,0.688751406,0.612374372,0.194868735,0.614936248
1/12/2015 15:00,0.689651294,0.626193467,0.182100239,0.647905282
1/12/2015 16:00,0.689876265,0.645414573,0.180548926,0.673041894
1/12/2015 17:00,0.691451069,0.640766332,0.179713604,0.677413479
1/12/2015 18:00,0.686501687,0.58781407,0.181384248,0.687067395
1/12/2015 19:00,0.690888639,0.520288945,0.177446301,0.686156648
1/12/2015 20:00,0.707424072,0.477952261,0.17326969,0.681420765
1/12/2015 21:00,0.715973003,0.412248744,0.167064439,0.674499089
1/12/2015 22:00,0.718672666,0.348932161,0.167661098,0.649726776
1/12/2015 23:00,0.751856018,0.293655779,0.166706444,0.658834244
1/13/2015 0:00,0.781552306,0.279585427,0.167303103,0.632604736
1/13/2015 1:00,0.793925759,0.270226131,0.162529833,0.603642987
1/13/2015 2:00,0.806299213,0.271545226,0.162171838,0.560837887
1/13/2015 3:00,0.808661417,0.290954774,0.159188544,0.520582878
1/13/2015 4:00,0.823847019,0.351130653,0.160143198,0.48287796
1/13/2015 5:00,0.83768279,0.468090452,0.173747017,0.4571949
1/13/2015 6:00,0.837345332,0.603015075,0.178878282,0.441894353
1/13/2015 7:00,0.755343082,0.641520101,0.175178998,0.429326047
1/13/2015 8:00,0.75264342,0.638253769,0.175894988,0.425318761
1/13/2015 9:00,0.751743532,0.653140704,0.174940334,0.423679417
1/13/2015 10:00,0.751181102,0.639824121,0.17124105,0.426775956
1/13/2015 11:00,0.745556805,0.644409548,0.168973747,0.426047359
1/13/2015 12:00,0.756692913,0.639698492,0.168257757,0.426229508
1/13/2015 13:00,0.767491564,0.646105528,0.170167064,0.422404372
1/13/2015 14:00,0.767266592,0.658605528,0.173508353,0.423315118
1/13/2015 15:00,0.767379078,0.675942211,0.173627685,0.436429872
1/13/2015 16:00,0.767154106,0.688128141,0.173389021,0.432240437
1/13/2015 17:00,0.776602925,0.687876884,0.17326969,0.430601093
1/13/2015 18:00,0.785826772,0.666645729,0.172673031,0.428961749
1/13/2015 19:00,0.786051744,0.5875,0.174224344,0.414936248
1/13/2015 20:00,0.785376828,0.504145729,0.173031026,0.404553734
1/13/2015 21:00,0.785714286,0.427198492,0.164677804,0.386338798
1/13/2015 22:00,0.786051744,0.367839196,0.164797136,0.381602914
1/13/2015 23:00,0.786726659,0.295351759,0.164319809,0.378506375
1/14/2015 0:00,0.787289089,0.279899497,0.16372315,0.372313297
1/14/2015 1:00,0.786389201,0.283479899,0.161933174,0.369034608
1/14/2015 2:00,0.785826772,0.284673367,0.160501193,0.365027322
1/14/2015 3:00,0.786501687,0.300439698,0.162768496,0.377595628
1/14/2015 4:00,0.786726659,0.349874372,0.165274463,0.385245902
1/14/2015 5:00,0.788526434,0.469786432,0.17326969,0.3856102
1/14/2015 6:00,0.795950506,0.607788945,0.17398568,0.395992714
1/14/2015 7:00,0.794150731,0.672424623,0.176491647,0.390528233
1/14/2015 8:00,0.789538808,0.644032663,0.179713604,0.373952641
1/14/2015 9:00,0.789651294,0.619409548,0.179952267,0.381420765
1/14/2015 10:00,0.792913386,0.600565327,0.17875895,0.388160291
1/14/2015 11:00,0.793925759,0.599371859,0.179116945,0.400910747
1/14/2015 12:00,0.793925759,0.601947236,0.180668258,0.407103825
1/14/2015 13:00,0.794038245,0.626067839,0.180668258,0.408378871
1/14/2015 14:00,0.794263217,0.671231156,0.180787589,0.398724954
1/14/2015 15:00,0.794263217,0.708040201,0.182816229,0.390163934
1/14/2015 16:00,0.794150731,0.733668342,0.182816229,0.384335155
1/14/2015 17:00,0.794375703,0.696984925,0.181026253,0.387067395
1/14/2015 18:00,0.794600675,0.643718593,0.174224344,0.398907104
1/14/2015 19:00,0.794825647,0.542964824,0.171479714,0.408014572
1/14/2015 20:00,0.795275591,0.466582915,0.17326969,0.408925319
1/14/2015 21:00,0.795388076,0.401633166,0.174105012,0.390346084
1/14/2015 22:00,0.771091114,0.350376884,0.175178998,0.398907104
1/14/2015 23:00,0.745444319,0.299497487,0.176491647,0.407832423
1/15/2015 0:00,0.745669291,0.282286432,0.177684964,0.404553734
1/15/2015 1:00,0.745556805,0.281909548,0.177684964,0.411839709
1/15/2015 2:00,0.746344207,0.283291457,0.177565632,0.407832423
1/15/2015 3:00,0.746119235,0.295854271,0.178520286,0.409107468
1/15/2015 4:00,0.746344207,0.39491206,0.177207637,0.408925319
1/15/2015 5:00,0.746231721,0.505339196,0.179355609,0.40564663
1/15/2015 6:00,0.745781777,0.647738693,0.181384248,0.409289617
1/15/2015 7:00,0.745781777,0.667713568,0.182577566,0.430965392
1/15/2015 8:00,0.745781777,0.65169598,0.181742243,0.483606557
1/15/2015 9:00,0.746231721,0.638379397,0.180190931,0.523315118
1/15/2015 10:00,0.746344207,0.60169598,0.179832936,0.552459016
1/15/2015 11:00,0.746344207,0.57839196,0.18221957,0.588342441
1/15/2015 12:00,0.746456693,0.572047739,0.183412888,0.619307832
1/15/2015 13:00,0.746344207,0.561683417,0.184844869,0.649362477
1/15/2015 14:00,0.746456693,0.579711055,0.184606205,0.67431694
1/15/2015 15:00,0.746344207,0.593718593,0.184725537,0.703096539
1/15/2015 16:00,0.746231721,0.604585427,0.182577566,0.720765027
1/15/2015 17:00,0.746344207,0.580150754,0.179594272,0.721675774
1/15/2015 18:00,0.746456693,0.542211055,0.179952267,0.721493625
1/15/2015 19:00,0.746681665,0.452135678,0.169451074,0.708925319
1/15/2015 20:00,0.746794151,0.381155779,0.168973747,0.697632058
1/15/2015 21:00,0.746794151,0.326947236,0.15823389,0.688160291
1/15/2015 22:00,0.746794151,0.290640704,0.15548926,0.684517304
1/15/2015 23:00,0.746906637,0.271859296,0.152505967,0.664663024
1/16/2015 0:00,0.746906637,0.258165829,0.152267303,0.662112933
1/16/2015 1:00,0.747131609,0.254962312,0.153102625,0.656284153
1/16/2015 2:00,0.746906637,0.256407035,0.154295943,0.656284153
1/16/2015 3:00,0.746906637,0.272738693,0.159427208,0.656284153
1/16/2015 4:00,0.747131609,0.346482412,0.160501193,0.651001821
1/16/2015 5:00,0.746569179,0.442525126,0.169093079,0.653369763
1/16/2015 6:00,0.745781777,0.554334171,0.170167064,0.65701275
1/16/2015 7:00,0.745444319,0.583856784,0.168138425,0.663023679
1/16/2015 8:00,0.745556805,0.593844221,0.168019093,0.662477231
1/16/2015 9:00,0.746119235,0.623555276,0.170167064,0.669945355
1/16/2015 10:00,0.745781777,0.593090452,0.172076372,0.669581056
1/16/2015 11:00,0.746119235,0.598743719,0.170286396,0.67140255
1/16/2015 12:00,0.746231721,0.602449749,0.172911695,0.670856102
1/16/2015 13:00,0.746344207,0.602449749,0.176252983,0.658834244
1/16/2015 14:00,0.746119235,0.606846734,0.175775656,0.662295082
1/16/2015 15:00,0.746119235,0.622864322,0.174343675,0.645901639
1/16/2015 16:00,0.745781777,0.628203518,0.174343675,0.626958106
1/16/2015 17:00,0.746006749,0.62531407,0.174105012,0.618032787
1/16/2015 18:00,0.746231721,0.605590452,0.173508353,0.598724954
1/16/2015 19:00,0.746344207,0.539070352,0.175536993,0.585974499
1/16/2015 20:00,0.745669291,0.467085427,0.175417661,0.566848816
1/16/2015 21:00,0.745556805,0.411494975,0.167064439,0.553369763
1/16/2015 22:00,0.745669291,0.349246231,0.164916468,0.543351548
1/16/2015 23:00,0.745894263,0.293027638,0.162768496,0.496539162
1/17/2015 0:00,0.745894263,0.271042714,0.161217184,0.482149362
1/17/2015 1:00,0.745781777,0.265012563,0.157995227,0.47996357
1/17/2015 2:00,0.745556805,0.258354271,0.157875895,0.475774135
1/17/2015 3:00,0.745669291,0.260427136,0.15823389,0.464298725
1/17/2015 4:00,0.745556805,0.281658291,0.158353222,0.447358834
1/17/2015 5:00,0.745556805,0.307474874,0.158711217,0.432604736
1/17/2015 6:00,0.745219348,0.356407035,0.160143198,0.418761384
1/17/2015 7:00,0.745106862,0.418341709,0.161336516,0.416393443
1/17/2015 8:00,0.744994376,0.472173367,0.164439141,0.423132969
1/17/2015 9:00,0.745106862,0.496482412,0.169689737,0.428961749
1/17/2015 10:00,0.745106862,0.508479899,0.168019093,0.43151184
1/17/2015 11:00,0.745106862,0.516645729,0.1650358,0.451730419
1/17/2015 12:00,0.745219348,0.531155779,0.165513126,0.446994536
1/17/2015 13:00,0.759167604,0.534547739,0.165632458,0.450273224
1/17/2015 14:00,0.781214848,0.552072864,0.165274463,0.453551913
1/17/2015 15:00,0.790438695,0.564572864,0.165274463,0.455373406
1/17/2015 16:00,0.783239595,0.57701005,0.164558473,0.459198543
1/17/2015 17:00,0.814173228,0.553203518,0.164439141,0.455555556
1/17/2015 18:00,0.840044994,0.527386935,0.163842482,0.450819672
1/17/2015 19:00,0.860742407,0.461243719,0.163484487,0.443351548
1/17/2015 20:00,0.860292463,0.388756281,0.163126492,0.435701275
1/17/2015 21:00,0.860517435,0.333731156,0.163245823,0.435701275
1/17/2015 22:00,0.860517435,0.273743719,0.163126492,0.433151184
1/17/2015 23:00,0.860967379,0.232160804,0.16300716,0.472131148
1/18/2015 0:00,0.866254218,0.223366834,0.162410501,0.461202186
1/18/2015 1:00,0.87367829,0.219346734,0.161813842,0.443351548
1/18/2015 2:00,0.873790776,0.222675879,0.143556086,0.43442623
1/18/2015 3:00,0.873790776,0.220979899,0.151431981,0.408378871
1/18/2015 4:00,0.87367829,0.230590452,0.158353222,0.390892532
1/18/2015 5:00,0.87367829,0.247675879,0.161217184,0.37431694
1/18/2015 6:00,0.882677165,0.278580402,0.165632458,0.349180328
1/18/2015 7:00,0.886389201,0.322864322,0.169212411,0.341712204
1/18/2015 8:00,0.886276715,0.371984925,0.172076372,0.319489982
1/18/2015 9:00,0.886276715,0.412625628,0.172434368,0.295081967
1/18/2015 10:00,0.886164229,0.457914573,0.173747017,0.275045537
1/18/2015 11:00,0.886276715,0.486243719,0.173747017,0.261748634
1/18/2015 12:00,0.886389201,0.504334171,0.179594272,0.239162113
1/18/2015 13:00,0.886501687,0.515138191,0.180310263,0.234972678
1/18/2015 14:00,0.886276715,0.552638191,0.180668258,0.224590164
1/18/2015 15:00,0.892463442,0.589572864,0.180429594,0.220400729
1/18/2015 16:00,0.8928009,0.606281407,0.180548926,0.216393443
1/18/2015 17:00,0.892463442,0.601947236,0.18353222,0.21712204
1/18/2015 18:00,0.892575928,0.579208543,0.185322196,0.220765027
1/18/2015 19:00,0.892913386,0.555590452,0.188663484,0.212750455
1/18/2015 20:00,0.896737908,0.499183417,0.187828162,0.201092896
1/18/2015 21:00,0.899325084,0.441896985,0.188544153,0.193624772
1/18/2015 22:00,0.899100112,0.370791457,0.192601432,0.188342441
1/18/2015 23:00,0.899100112,0.337437186,0.194152745,0.178688525
1/19/2015 0:00,0.899212598,0.338065327,0.194272076,0.169763206
1/19/2015 1:00,0.899100112,0.334296482,0.194152745,0.16867031
1/19/2015 2:00,0.900337458,0.336494975,0.194272076,0.163205829
1/19/2015 3:00,0.904274466,0.34798995,0.194749403,0.161384335
1/19/2015 4:00,0.904499438,0.439447236,0.196539379,0.165938069
1/19/2015 5:00,0.904611924,0.592148241,0.199642005,0.16557377
1/19/2015 6:00,0.904611924,0.717462312,0.208114558,0.158652095
1/19/2015 7:00,0.904499438,0.728831658,0.205369928,0.162295082
1/19/2015 8:00,0.904611924,0.733228643,0.206443914,0.166120219
1/19/2015 9:00,0.904611924,0.733417085,0.206324582,0.16867031
1/19/2015 10:00,0.904499438,0.719849246,0.207995227,0.179234973
1/19/2015 11:00,0.904836895,0.717650754,0.210620525,0.18852459
1/19/2015 12:00,0.904611924,0.720603015,0.208353222,0.189981785
1/19/2015 13:00,0.904836895,0.714949749,0.210620525,0.201639344
1/19/2015 14:00,0.904836895,0.723429648,0.208591885,0.218943534
1/19/2015 15:00,0.904724409,0.725439698,0.209069212,0.235336976
1/19/2015 16:00,0.904836895,0.725188442,0.209904535,0.246994536
1/19/2015 17:00,0.90416198,0.705339196,0.211217184,0.261202186
1/19/2015 18:00,0.904724409,0.687248744,0.205011933,0.271038251
1/19/2015 19:00,0.904836895,0.63781407,0.205131265,0.265027322
1/19/2015 20:00,0.904724409,0.587876884,0.205250597,0.270127505
1/19/2015 21:00,0.904724409,0.513505025,0.203937947,0.264116576
1/19/2015 22:00,0.904949381,0.453329146,0.202147971,0.258105647
1/19/2015 23:00,0.904949381,0.37531407,0.189498807,0.222222222
1/20/2015 0:00,0.904724409,0.35910804,0.186515513,0.227322404
1/20/2015 1:00,0.904836895,0.355653266,0.18424821,0.236429872
1/20/2015 2:00,0.904836895,0.360678392,0.183890215,0.243533698
1/20/2015 3:00,0.904949381,0.370163317,0.183651551,0.259198543
1/20/2015 4:00,0.904949381,0.457349246,0.193556086,0.272313297
1/20/2015 5:00,0.905061867,0.619786432,0.196420048,0.280874317
1/20/2015 6:00,0.904949381,0.725753769,0.204295943,0.289253188
1/20/2015 7:00,0.904499438,0.739321608,0.206682578,0.300364299
1/20/2015 8:00,0.903937008,0.739572864,0.205250597,0.309471767
1/20/2015 9:00,0.905061867,0.74968593,0.2,0.309471767
1/20/2015 10:00,0.905061867,0.750690955,0.19725537,0.31147541
1/20/2015 11:00,0.904949381,0.747236181,0.199164678,0.311657559
1/20/2015 12:00,0.904386952,0.751130653,0.19928401,0.312386157
1/20/2015 13:00,0.904049494,0.74830402,0.200954654,0.30291439
1/20/2015 14:00,0.904499438,0.748994975,0.200954654,0.320400729
1/20/2015 15:00,0.904386952,0.740012563,0.201073986,0.318579235
1/20/2015 16:00,0.904836895,0.740138191,0.206205251,0.322404372
1/20/2015 17:00,0.904836895,0.7375,0.200477327,0.32859745
1/20/2015 18:00,0.904836895,0.715452261,0.20071599,0.318579235
1/20/2015 19:00,0.905286839,0.661243719,0.194391408,0.313479053
1/20/2015 20:00,0.905286839,0.611243719,0.198090692,0.31420765
1/20/2015 21:00,0.905399325,0.526570352,0.201312649,0.302003643
1/20/2015 22:00,0.905286839,0.455276382,0.201789976,0.302185792
1/20/2015 23:00,0.905511811,0.40370603,0.196420048,0.292531876
1/21/2015 0:00,0.905286839,0.386871859,0.197136038,0.284153005
1/21/2015 1:00,0.905736783,0.377449749,0.196897375,0.276867031
1/21/2015 2:00,0.905399325,0.375439698,0.194033413,0.272495446
1/21/2015 3:00,0.904949381,0.381972362,0.192720764,0.263205829
1/21/2015 4:00,0.90416198,0.452826633,0.193436754,0.252276867
1/21/2015 5:00,0.902024747,0.620917085,0.198568019,0.240437158
1/21/2015 6:00,0.902137233,0.732726131,0.209546539,0.224954463
1/21/2015 7:00,0.902249719,0.736306533,0.210620525,0.216939891
1/21/2015 8:00,0.902474691,0.732474874,0.207637232,0.208196721
1/21/2015 9:00,0.902812148,0.741959799,0.207995227,0.195264117
1/21/2015 10:00,0.902587177,0.73919598,0.21300716,0.184517304
1/21/2015 11:00,0.902587177,0.737876884,0.215274463,0.173588342
1/21/2015 12:00,0.902812148,0.742650754,0.208830549,0.167395264
1/21/2015 13:00,0.902812148,0.743278894,0.206801909,0.161930783
1/21/2015 14:00,0.902924634,0.747298995,0.209307876,0.155737705
1/21/2015 15:00,0.903487064,0.747864322,0.219331742,0.150637523
1/21/2015 16:00,0.905061867,0.755150754,0.224582339,0.141530055
1/21/2015 17:00,0.905399325,0.735929648,0.224582339,0.129690346
1/21/2015 18:00,0.905061867,0.731532663,0.224940334,0.124043716
1/21/2015 19:00,0.905399325,0.683542714,0.224582339,0.120582878
1/21/2015 20:00,0.904949381,0.626444724,0.22398568,0.121857923
1/21/2015 21:00,0.905399325,0.526067839,0.22326969,0.118761384
1/21/2015 22:00,0.905511811,0.460929648,0.222195704,0.118032787
1/21/2015 23:00,0.905849269,0.402512563,0.225178998,0.110928962
1/22/2015 0:00,0.905849269,0.378768844,0.225656325,0.106739526
1/22/2015 1:00,0.906074241,0.374183417,0.224582339,0.103642987
1/22/2015 2:00,0.905624297,0.375942211,0.224224344,0.101457195
1/22/2015 3:00,0.905624297,0.38548995,0.225536993,0.103460838
1/22/2015 4:00,0.905511811,0.457914573,0.22601432,0.103278689
1/22/2015 5:00,0.905511811,0.63919598,0.224940334,0.095081967
1/22/2015 6:00,0.905399325,0.749623116,0.236157518,0.090710383
1/22/2015 7:00,0.905399325,0.761997487,0.234606205,0.086156648
1/22/2015 8:00,0.905286839,0.763944724,0.2349642,0.080145719
1/22/2015 9:00,0.905736783,0.762437186,0.233054893,0.072131148
1/22/2015 10:00,0.905399325,0.757914573,0.233293556,0.067030965
1/22/2015 11:00,0.905399325,0.758668342,0.233054893,0.064480874
1/22/2015 12:00,0.905511811,0.756469849,0.233890215,0.060655738
1/22/2015 13:00,0.905736783,0.749874372,0.233412888,0.060655738
1/22/2015 14:00,0.905961755,0.754773869,0.229236277,0.061748634
1/22/2015 15:00,0.905624297,0.752512563,0.231742243,0.06284153
1/22/2015 16:00,0.905399325,0.744095477,0.226491647,0.061748634
1/22/2015 17:00,0.905624297,0.743655779,0.239260143,0.061566485
1/22/2015 18:00,0.905849269,0.740263819,0.243556086,0.064663024
1/22/2015 19:00,0.905061867,0.716268844,0.244988067,0.06284153
1/22/2015 20:00,0.905399325,0.63008794,0.238424821,0.061384335
1/22/2015 21:00,0.905399325,0.535364322,0.226133652,0.061020036
1/22/2015 22:00,0.905624297,0.466834171,0.224343675,0.060473588
1/22/2015 23:00,0.905736783,0.440766332,0.220047733,0.054644809
1/23/2015 0:00,0.905849269,0.409861809,0.220047733,0.053916211
1/23/2015 1:00,0.905736783,0.395728643,0.219093079,0.053916211
1/23/2015 2:00,0.905961755,0.404020101,0.218973747,0.055191257
1/23/2015 3:00,0.905624297,0.414761307,0.216587112,0.053734062
1/23/2015 4:00,0.905511811,0.498366834,0.218019093,0.051912568
1/23/2015 5:00,0.905286839,0.660741206,0.239140811,0.050637523
1/23/2015 6:00,0.904949381,0.75709799,0.256801909,0.04863388
1/23/2015 7:00,0.905174353,0.770540201,0.256324582,0.047723133
1/23/2015 8:00,0.905399325,0.768404523,0.24522673,0.045537341
1/23/2015 9:00,0.893025872,0.768090452,0.254057279,0.043897996
1/23/2015 10:00,0.896512936,0.765075377,0.261694511,0.04298725
1/23/2015 11:00,0.905061867,0.755590452,0.263245823,0.044262295
1/23/2015 12:00,0.905286839,0.760238693,0.260381862,0.04571949
1/23/2015 13:00,0.905286839,0.763505025,0.263126492,0.052276867
1/23/2015 14:00,0.904836895,0.75370603,0.263365155,0.061020036
1/23/2015 15:00,0.904836895,0.754899497,0.26300716,0.071220401
1/23/2015 16:00,0.904499438,0.752135678,0.264081146,0.080874317
1/23/2015 17:00,0.904611924,0.743153266,0.263961814,0.102185792
1/23/2015 18:00,0.904949381,0.714070352,0.263484487,0.120400729
1/23/2015 19:00,0.904949381,0.657788945,0.255608592,0.140801457
1/23/2015 20:00,0.905061867,0.586809045,0.25,0.162295082
1/23/2015 21:00,0.905174353,0.529020101,0.22947494,0.189617486
1/23/2015 22:00,0.905511811,0.452889447,0.223150358,0.213114754
1/23/2015 23:00,0.905511811,0.359170854,0.212291169,0.279417122
1/24/2015 0:00,0.905511811,0.306721106,0.211336516,0.307468124
1/24/2015 1:00,0.905624297,0.294849246,0.211455847,0.338615665
1/24/2015 2:00,0.905286839,0.282035176,0.21097852,0.364298725
1/24/2015 3:00,0.905399325,0.284610553,0.21097852,0.381420765
1/24/2015 4:00,0.905286839,0.293718593,0.211217184,0.400364299
1/24/2015 5:00,0.905286839,0.334359296,0.212291169,0.421129326
1/24/2015 6:00,0.905061867,0.379585427,0.210859189,0.43151184
1/24/2015 7:00,0.905174353,0.442525126,0.200238663,0.442440801
1/24/2015 8:00,0.905624297,0.501256281,0.201431981,0.447358834
1/24/2015 9:00,0.905286839,0.526947236,0.210620525,0.452823315
1/24/2015 10:00,0.905399325,0.531721106,0.210381862,0.44571949
1/24/2015 11:00,0.905511811,0.541457286,0.213603819,0.424954463
1/24/2015 12:00,0.905061867,0.540075377,0.21575179,0.399271403
1/24/2015 13:00,0.904724409,0.537939698,0.215632458,0.364845173
1/24/2015 14:00,0.904611924,0.560552764,0.217899761,0.33442623
1/24/2015 15:00,0.904499438,0.598241206,0.219689737,0.304918033
1/24/2015 16:00,0.904949381,0.622298995,0.220047733,0.278870674
1/24/2015 17:00,0.905174353,0.616394472,0.221479714,0.258469945
1/24/2015 18:00,0.905286839,0.592336683,0.220883055,0.232058288
1/24/2015 19:00,0.905511811,0.525690955,0.219451074,0.21129326
1/24/2015 20:00,0.905511811,0.49089196,0.206205251,0.200364299
1/24/2015 21:00,0.905849269,0.437374372,0.201909308,0.184335155
1/24/2015 22:00,0.905849269,0.373052764,0.201312649,0.177413479
1/24/2015 23:00,0.905736783,0.315012563,0.199045346,0.166302368
1/25/2015 0:00,0.905736783,0.297550251,0.195584726,0.163752277
1/25/2015 1:00,0.905961755,0.295540201,0.192124105,0.158652095
1/25/2015 2:00,0.905961755,0.309422111,0.191527446,0.153734062
1/25/2015 3:00,0.905961755,0.31111809,0.191408115,0.155191257
1/25/2015 4:00,0.906186727,0.316771357,0.191646778,0.176138434
1/25/2015 5:00,0.906411699,0.336871859,0.17947494,0.173952641
1/25/2015 6:00,0.906411699,0.39660804,0.180190931,0.172677596
1/25/2015 7:00,0.906186727,0.444535176,0.18221957,0.167759563
1/25/2015 8:00,0.905961755,0.490577889,0.181264916,0.156830601
1/25/2015 9:00,0.906186727,0.544221106,0.187231504,0.144262295
1/25/2015 10:00,0.906074241,0.581721106,0.195584726,0.126775956
1/25/2015 11:00,0.906074241,0.603203518,0.196897375,0.107650273
1/25/2015 12:00,0.905961755,0.588316583,0.213245823,0.093989071
1/25/2015 13:00,0.906186727,0.587437186,0.209069212,0.083242259
1/25/2015 14:00,0.905961755,0.610301508,0.193914081,0.078142077
1/25/2015 15:00,0.905736783,0.631092965,0.194391408,0.07704918
1/25/2015 16:00,0.905174353,0.674246231,0.196539379,0.079417122
1/25/2015 17:00,0.905174353,0.670414573,0.199164678,0.08870674
1/25/2015 18:00,0.905174353,0.655778894,0.200119332,0.119489982
1/25/2015 19:00,0.905511811,0.620351759,0.200119332,0.164116576
1/25/2015 20:00,0.905624297,0.553140704,0.201431981,0.209836066
1/25/2015 21:00,0.905511811,0.508228643,0.200954654,0.246994536
1/25/2015 22:00,0.905736783,0.436809045,0.195584726,0.279599271
1/25/2015 23:00,0.906411699,0.351758794,0.195465394,0.315664845
1/26/2015 0:00,0.906524184,0.322801508,0.210501193,0.340619308
1/26/2015 1:00,0.906524184,0.316457286,0.191527446,0.344626594
1/26/2015 2:00,0.906524184,0.315452261,0.204295943,0.372313297
1/26/2015 3:00,0.906524184,0.321796482,0.189140811,0.373041894
1/26/2015 4:00,0.906299213,0.398743719,0.187112172,0.378688525
1/26/2015 5:00,0.905849269,0.534484925,0.187828162,0.370309654
1/26/2015 6:00,0.905849269,0.630841709,0.190453461,0.370856102
1/26/2015 7:00,0.905961755,0.660552764,0.191288783,0.378324226
1/26/2015 8:00,0.906411699,0.633228643,0.208711217,0.402550091
1/26/2015 9:00,0.90663667,0.635615578,0.1924821,0.391985428
1/26/2015 10:00,0.906299213,0.630339196,0.190572792,0.374863388
1/26/2015 11:00,0.906074241,0.625439698,0.190811456,0.370673953
1/26/2015 12:00,0.905961755,0.628517588,0.190453461,0.362112933
1/26/2015 13:00,0.906186727,0.622864322,0.206682578,0.355191257
1/26/2015 14:00,0.906186727,0.631846734,0.206801909,0.326411658
1/26/2015 15:00,0.906074241,0.654836683,0.206563246,0.312568306
1/26/2015 16:00,0.905849269,0.673994975,0.188305489,0.281785064
1/26/2015 17:00,0.905736783,0.670979899,0.20477327,0.265938069
1/26/2015 18:00,0.905961755,0.643341709,0.206563246,0.241712204
1/26/2015 19:00,0.906186727,0.591771357,0.199880668,0.228415301
1/26/2015 20:00,0.906411699,0.533542714,0.190334129,0.219854281
1/26/2015 21:00,0.906411699,0.465515075,0.187231504,0.221857923
1/26/2015 22:00,0.906524184,0.390766332,0.185799523,0.220218579
1/26/2015 23:00,0.906524184,0.319535176,0.184606205,0.26284153
1/27/2015 0:00,0.906524184,0.298052764,0.183293556,0.280327869
1/27/2015 1:00,0.90663667,0.291143216,0.184844869,0.304371585
1/27/2015 2:00,0.906749156,0.290263819,0.185560859,0.330601093
1/27/2015 3:00,0.906974128,0.305339196,0.185799523,0.345173042
1/27/2015 4:00,0.906524184,0.382474874,0.186754177,0.352459016
1/27/2015 5:00,0.906411699,0.514007538,0.190453461,0.359380692
1/27/2015 6:00,0.906411699,0.645791457,0.19176611,0.356830601
1/27/2015 7:00,0.905736783,0.672361809,0.189140811,0.347540984
1/27/2015 8:00,0.905061867,0.672864322,0.194749403,0.328233151
1/27/2015 9:00,0.905849269,0.672487437,0.197136038,0.312021858
1/27/2015 10:00,0.906299213,0.669660804,0.200119332,0.296903461
1/27/2015 11:00,0.906186727,0.674371859,0.201073986,0.276138434
1/27/2015 12:00,0.906186727,0.669409548,0.202147971,0.271220401
1/27/2015 13:00,0.906411699,0.669158291,0.202625298,0.281785064
1/27/2015 14:00,0.906186727,0.674811558,0.20071599,0.299453552
1/27/2015 15:00,0.906411699,0.679711055,0.204295943,0.309653916
1/27/2015 16:00,0.906186727,0.698366834,0.209188544,0.324772313
1/27/2015 17:00,0.906074241,0.694723618,0.204892601,0.345537341
1/27/2015 18:00,0.906074241,0.683417085,0.204176611,0.351183971
1/27/2015 19:00,0.905961755,0.637123116,0.201431981,0.365027322
1/27/2015 20:00,0.906411699,0.59798995,0.199403341,0.395628415
1/27/2015 21:00,0.906411699,0.524371859,0.198090692,0.414571949
1/27/2015 22:00,0.906524184,0.432223618,0.197374702,0.444080146
1/27/2015 23:00,0.906411699,0.325376884,0.188424821,0.446448087
1/28/2015 0:00,0.90663667,0.3,0.185918854,0.451001821
1/28/2015 1:00,0.906974128,0.291394472,0.179713604,0.437887067
1/28/2015 2:00,0.906861642,0.288128141,0.174940334,0.47431694
1/28/2015 3:00,0.906524184,0.294221106,0.175178998,0.484881603
1/28/2015 4:00,0.905961755,0.368404523,0.17673031,0.489435337
1/28/2015 5:00,0.906411699,0.525439698,0.185918854,0.502003643
1/28/2015 6:00,0.906186727,0.627261307,0.189260143,0.503096539
1/28/2015 7:00,0.905961755,0.641080402,0.187708831,0.512932605
1/28/2015 8:00,0.906299213,0.626821608,0.188305489,0.508378871
1/28/2015 9:00,0.906299213,0.614070352,0.189140811,0.524590164
1/28/2015 10:00,0.905849269,0.605025126,0.190572792,0.535701275
1/28/2015 11:00,0.905736783,0.592085427,0.192959427,0.541165756
1/28/2015 12:00,0.905736783,0.572236181,0.189379475,0.557923497
1/28/2015 13:00,0.905849269,0.558228643,0.184844869,0.564480874
1/28/2015 14:00,0.905961755,0.558479899,0.183890215,0.567941712
1/28/2015 15:00,0.905736783,0.56821608,0.184725537,0.576867031
1/28/2015 16:00,0.905849269,0.611369347,0.185680191,0.592714026
1/28/2015 17:00,0.905849269,0.583291457,0.185560859,0.608014572
1/28/2015 18:00,0.905961755,0.543592965,0.183770883,0.6143898
1/28/2015 19:00,0.905961755,0.479711055,0.183890215,0.622222222
1/28/2015 20:00,0.906299213,0.403768844,0.183412888,0.630418944
1/28/2015 21:00,0.906524184,0.356721106,0.184128878,0.623861566
1/28/2015 22:00,0.906186727,0.310050251,0.182696897,0.611657559
1/28/2015 23:00,0.906524184,0.290326633,0.179594272,0.558469945
1/29/2015 0:00,0.905849269,0.286997487,0.174701671,0.549908925
1/29/2015 1:00,0.906074241,0.275251256,0.172553699,0.54863388
1/29/2015 2:00,0.90663667,0.277324121,0.172434368,0.550637523
1/29/2015 3:00,0.906524184,0.293153266,0.172792363,0.548998179
1/29/2015 4:00,0.906749156,0.374309045,0.174224344,0.550637523
1/29/2015 5:00,0.906411699,0.529585427,0.184009547,0.545173042
1/29/2015 6:00,0.906186727,0.635678392,0.190095465,0.538979964
1/29/2015 7:00,0.905961755,0.642085427,0.189976134,0.540801457
1/29/2015 8:00,0.906186727,0.638944724,0.189140811,0.542076503
1/29/2015 9:00,0.906074241,0.634422111,0.193914081,0.544808743
1/29/2015 10:00,0.906186727,0.636055276,0.194272076,0.553916211
1/29/2015 11:00,0.905736783,0.628957286,0.193317422,0.557741348
1/29/2015 12:00,0.905624297,0.627324121,0.194868735,0.555009107
1/29/2015 13:00,0.905736783,0.630025126,0.195465394,0.544080146
1/29/2015 14:00,0.905624297,0.628517588,0.196300716,0.53715847
1/29/2015 15:00,0.905286839,0.624434673,0.196778043,0.531693989
1/29/2015 16:00,0.901574803,0.660364322,0.195584726,0.518032787
1/29/2015 17:00,0.895500562,0.662625628,0.194391408,0.51147541
1/29/2015 18:00,0.893700787,0.647487437,0.194152745,0.486703097
1/29/2015 19:00,0.893700787,0.61218593,0.194749403,0.462477231
1/29/2015 20:00,0.89223847,0.574371859,0.194272076,0.428051002
1/29/2015 21:00,0.886051744,0.521859296,0.195823389,0.404735883
1/29/2015 22:00,0.881214848,0.424937186,0.196658711,0.383788707
1/29/2015 23:00,0.880764904,0.354396985,0.188663484,0.365938069
1/30/2015 0:00,0.880539933,0.333856784,0.187470167,0.337522769
1/30/2015 1:00,0.876040495,0.329711055,0.187350835,0.318943534
1/30/2015 2:00,0.86591676,0.323932161,0.188186158,0.296539162
1/30/2015 3:00,0.861192351,0.363253769,0.189260143,0.281967213
1/30/2015 4:00,0.860967379,0.471356784,0.194630072,0.267941712
1/30/2015 5:00,0.860742407,0.646733668,0.198806683,0.25154827
1/30/2015 6:00,0.833183352,0.708228643,0.205369928,0.240801457
1/30/2015 7:00,0.826546682,0.719472362,0.206682578,0.238615665
1/30/2015 8:00,0.826996625,0.720603015,0.207875895,0.22295082
1/30/2015 9:00,0.827334083,0.723806533,0.206085919,0.227686703
1/30/2015 10:00,0.82519685,0.717776382,0.200596659,0.220947177
1/30/2015 11:00,0.832395951,0.709547739,0.198448687,0.211111111
1/30/2015 12:00,0.851968504,0.70709799,0.199522673,0.206921676
1/30/2015 13:00,0.857930259,0.706344221,0.201789976,0.20291439
1/30/2015 14:00,0.860517435,0.707035176,0.20477327,0.206739526
1/30/2015 15:00,0.860517435,0.712562814,0.207875895,0.221493625
1/30/2015 16:00,0.860629921,0.725,0.215155131,0.229508197
1/30/2015 17:00,0.860629921,0.708103015,0.214916468,0.242076503
1/30/2015 18:00,0.860629921,0.692776382,0.211217184,0.248998179
1/30/2015 19:00,0.861079865,0.654773869,0.21026253,0.243715847
1/30/2015 20:00,0.861079865,0.629899497,0.208591885,0.242076503
1/30/2015 21:00,0.861079865,0.575125628,0.205966587,0.250637523
1/30/2015 22:00,0.861192351,0.475062814,0.203460621,0.252641166
1/30/2015 23:00,0.861417323,0.378643216,0.196658711,0.256102004
1/31/2015 0:00,0.861192351,0.346670854,0.190572792,0.258287796
1/31/2015 1:00,0.861192351,0.332788945,0.188663484,0.263205829
1/31/2015 2:00,0.861079865,0.329020101,0.188066826,0.270856102
1/31/2015 3:00,0.860967379,0.323555276,0.187350835,0.280692168
1/31/2015 4:00,0.860742407,0.341394472,0.18627685,0.28852459
1/31/2015 5:00,0.860967379,0.397173367,0.18699284,0.293078324
1/31/2015 6:00,0.860967379,0.475942211,0.187350835,0.29435337
1/31/2015 7:00,0.860854893,0.571859296,0.188544153,0.306921676
1/31/2015 8:00,0.860742407,0.619786432,0.189976134,0.318579235
1/31/2015 9:00,0.862204724,0.640138191,0.188186158,0.326411658
1/31/2015 10:00,0.862767154,0.643844221,0.188544153,0.341165756
1/31/2015 11:00,0.86287964,0.628077889,0.18902148,0.349180328
1/31/2015 12:00,0.864229471,0.627135678,0.190453461,0.358469945
1/31/2015 13:00,0.867491564,0.627198492,0.192243437,0.368306011
1/31/2015 14:00,0.870866142,0.628329146,0.191885442,0.376320583
1/31/2015 15:00,0.873790776,0.63919598,0.192601432,0.383606557
1/31/2015 16:00,0.876940382,0.652638191,0.192720764,0.393260474
1/31/2015 17:00,0.879865017,0.647738693,0.193556086,0.402003643
1/31/2015 18:00,0.882677165,0.639572864,0.193317422,0.400182149
1/31/2015 19:00,0.883014623,0.614070352,0.192362768,0.410382514
1/31/2015 20:00,0.883127109,0.570414573,0.191646778,0.410200364
1/31/2015 21:00,0.882789651,0.497738693,0.189618138,0.414936248
1/31/2015 22:00,0.882902137,0.417022613,0.18973747,0.420218579
1/31/2015 23:00,0.882789651,0.336494975,0.185680191,0.466302368
2/1/2015 0:00,0.883127109,0.315012563,0.185560859,0.477777778
2/1/2015 1:00,0.870303712,0.309296482,0.185083532,0.488160291
2/1/2015 2:00,0.846456693,0.305213568,0.185322196,0.504371585
2/1/2015 3:00,0.825534308,0.305778894,0.182100239,0.516029144
2/1/2015 4:00,0.807536558,0.324434673,0.185202864,0.527868852
2/1/2015 5:00,0.79696288,0.331909548,0.188066826,0.537340619
2/1/2015 6:00,0.797075366,0.360678392,0.188424821,0.539344262
2/1/2015 7:00,0.797300337,0.414886935,0.188782816,0.543897996
2/1/2015 8:00,0.797075366,0.480967337,0.191408115,0.546994536
2/1/2015 9:00,0.797187852,0.524748744,0.191288783,0.542258652
2/1/2015 10:00,0.79696288,0.528140704,0.194630072,0.538069217
2/1/2015 11:00,0.79696288,0.536934673,0.197613365,0.533697632
2/1/2015 12:00,0.79696288,0.54321608,0.197852029,0.52859745
2/1/2015 13:00,0.797187852,0.547424623,0.198568019,0.522222222
2/1/2015 14:00,0.79696288,0.541771357,0.198568019,0.513661202
2/1/2015 15:00,0.797187852,0.575125628,0.201670644,0.497996357
2/1/2015 16:00,0.796850394,0.594723618,0.200238663,0.48287796
2/1/2015 17:00,0.796850394,0.597927136,0.202625298,0.467941712
2/1/2015 18:00,0.79696288,0.593718593,0.203818616,0.455737705
2/1/2015 19:00,0.79696288,0.572424623,0.205608592,0.445537341
2/1/2015 20:00,0.797300337,0.574120603,0.205847255,0.428415301
2/1/2015 21:00,0.797075366,0.521482412,0.204653938,0.418397086
2/1/2015 22:00,0.797075366,0.45540201,0.20477327,0.404918033
2/1/2015 23:00,0.797187852,0.38718593,0.207637232,0.361748634
2/2/2015 0:00,0.797187852,0.375628141,0.208711217,0.345173042
2/2/2015 1:00,0.797300337,0.374434673,0.210501193,0.338251366
2/2/2015 2:00,0.797300337,0.376256281,0.208949881,0.329326047
2/2/2015 3:00,0.797412823,0.387625628,0.205966587,0.326229508
2/2/2015 4:00,0.797187852,0.496545226,0.206205251,0.319125683
2/2/2015 5:00,0.796850394,0.642964824,0.211694511,0.312021858
2/2/2015 6:00,0.796737908,0.714949749,0.222315036,0.304918033
2/2/2015 7:00,0.796625422,0.742462312,0.225536993,0.298178506
2/2/2015 8:00,0.796850394,0.741268844,0.22398568,0.287067395
2/2/2015 9:00,0.797075366,0.737625628,0.225656325,0.270491803
2/2/2015 10:00,0.79583802,0.736306533,0.227207637,0.261748634
2/2/2015 11:00,0.793588301,0.734422111,0.229594272,0.252823315
2/2/2015 12:00,0.794375703,0.736180905,0.230071599,0.245537341
2/2/2015 13:00,0.796737908,0.734924623,0.230787589,0.246994536
2/2/2015 14:00,0.79640045,0.738505025,0.232577566,0.242622951
2/2/2015 15:00,0.796512936,0.728077889,0.241885442,0.244626594
2/2/2015 16:00,0.796737908,0.736934673,0.244152745,0.244990893
2/2/2015 17:00,0.796737908,0.738693467,0.244630072,0.243897996
2/2/2015 18:00,0.796625422,0.722864322,0.239498807,0.244808743
2/2/2015 19:00,0.796850394,0.693592965,0.238544153,0.2428051
2/2/2015 20:00,0.796737908,0.654711055,0.23627685,0.239526412
2/2/2015 21:00,0.796737908,0.599937186,0.233054893,0.235519126
2/2/2015 22:00,0.79696288,0.538630653,0.231145585,0.230965392
2/2/2015 23:00,0.797187852,0.437123116,0.224701671,0.198724954
2/3/2015 0:00,0.796850394,0.41589196,0.22124105,0.197449909
2/3/2015 1:00,0.797187852,0.411809045,0.218377088,0.195446266
2/3/2015 2:00,0.797075366,0.41111809,0.217661098,0.194535519
2/3/2015 3:00,0.796850394,0.420917085,0.218019093,0.195081967
2/3/2015 4:00,0.796625422,0.506972362,0.217422434,0.199817851
2/3/2015 5:00,0.79640045,0.655339196,0.222076372,0.20273224
2/3/2015 6:00,0.796512936,0.740138191,0.227804296,0.205100182
2/3/2015 7:00,0.79640045,0.749057789,0.22947494,0.20291439
2/3/2015 8:00,0.796062992,0.748680905,0.230190931,0.198360656
2/3/2015 9:00,0.796062992,0.741143216,0.228042959,0.192349727
2/3/2015 10:00,0.796287964,0.731407035,0.22601432,0.186703097
2/3/2015 11:00,0.795613048,0.72669598,0.227207637,0.183788707
2/3/2015 12:00,0.796062992,0.728266332,0.227684964,0.181967213
2/3/2015 13:00,0.79640045,0.733103015,0.228639618,0.182149362
2/3/2015 14:00,0.79640045,0.734422111,0.226372315,0.210928962
2/3/2015 15:00,0.797075366,0.737688442,0.235441527,0.208378871
2/3/2015 16:00,0.798087739,0.736557789,0.239618138,0.211657559
2/3/2015 17:00,0.797975253,0.736055276,0.242720764,0.215300546
2/3/2015 18:00,0.797862767,0.732600503,0.241169451,0.220400729
2/3/2015 19:00,0.797862767,0.712311558,0.23353222,0.21420765
2/3/2015 20:00,0.798087739,0.660050251,0.231861575,0.210382514
2/3/2015 21:00,0.797975253,0.598366834,0.231026253,0.204735883
2/3/2015 22:00,0.797862767,0.523115578,0.230787589,0.200364299
2/3/2015 23:00,0.797750281,0.452449749,0.224582339,0.179052823
2/4/2015 0:00,0.798087739,0.422927136,0.222553699,0.175227687
2/4/2015 1:00,0.797862767,0.418844221,0.221002387,0.173588342
2/4/2015 2:00,0.797975253,0.420917085,0.221479714,0.172131148
2/4/2015 3:00,0.797750281,0.435992462,0.221718377,0.166848816
2/4/2015 4:00,0.797750281,0.531155779,0.220405728,0.167030965
2/4/2015 5:00,0.797750281,0.660050251,0.221360382,0.165391621
2/4/2015 6:00,0.797750281,0.739070352,0.221121718,0.16010929
2/4/2015 7:00,0.797975253,0.757914573,0.226252983,0.155373406
2/4/2015 8:00,0.797862767,0.759296482,0.225656325,0.145901639
2/4/2015 9:00,0.797750281,0.756218593,0.231622912,0.131876138
2/4/2015 10:00,0.797637795,0.749937186,0.228400955,0.119489982
2/4/2015 11:00,0.797525309,0.732223618,0.22601432,0.110018215
2/4/2015 12:00,0.797750281,0.730590452,0.228997613,0.100182149
2/4/2015 13:00,0.797750281,0.731407035,0.225178998,0.098178506
2/4/2015 14:00,0.797525309,0.743153266,0.224940334,0.09726776
2/4/2015 15:00,0.797525309,0.732286432,0.230429594,0.10564663
2/4/2015 16:00,0.797412823,0.75741206,0.232696897,0.108196721
2/4/2015 17:00,0.797525309,0.756155779,0.233770883,0.108014572
2/4/2015 18:00,0.797525309,0.737876884,0.233890215,0.106739526
2/4/2015 19:00,0.797637795,0.724246231,0.224224344,0.100728597
2/4/2015 20:00,0.797975253,0.704082915,0.217541766,0.098542805
2/4/2015 21:00,0.797975253,0.632286432,0.21778043,0.097449909
2/4/2015 22:00,0.797975253,0.544221106,0.21646778,0.103278689
2/4/2015 23:00,0.798087739,0.45031407,0.214200477,0.093260474
2/5/2015 0:00,0.798312711,0.430904523,0.213484487,0.095081967
2/5/2015 1:00,0.798537683,0.428140704,0.213603819,0.1
2/5/2015 2:00,0.798425197,0.431595477,0.214081146,0.100910747
2/5/2015 3:00,0.798200225,0.447487437,0.213126492,0.103460838
2/5/2015 4:00,0.798762655,0.539384422,0.215274463,0.110018215
2/5/2015 5:00,0.798425197,0.667650754,0.221002387,0.114571949
2/5/2015 6:00,0.798537683,0.739698492,0.235680191,0.130601093
2/5/2015 7:00,0.798425197,0.748994975,0.237112172,0.141530055
2/5/2015 8:00,0.798425197,0.745917085,0.237350835,0.149180328
2/5/2015 9:00,0.798200225,0.741143216,0.241050119,0.161202186
2/5/2015 10:00,0.798312711,0.73951005,0.242601432,0.171584699
2/5/2015 11:00,0.798200225,0.728580402,0.240334129,0.192531876
2/5/2015 12:00,0.798312711,0.724183417,0.240334129,0.223497268
2/5/2015 13:00,0.798650169,0.729962312,0.23699284,0.254826958
2/5/2015 14:00,0.797975253,0.726130653,0.234844869,0.275409836
2/5/2015 15:00,0.798087739,0.729522613,0.234367542,0.296357013
2/5/2015 16:00,0.798200225,0.732035176,0.235560859,0.316211293
2/5/2015 17:00,0.798312711,0.731658291,0.242601432,0.338069217
2/5/2015 18:00,0.798200225,0.723366834,0.240214797,0.353734062
2/5/2015 19:00,0.798312711,0.683417085,0.233174224,0.369398907
2/5/2015 20:00,0.798312711,0.645226131,0.226849642,0.397632058
2/5/2015 21:00,0.798200225,0.57870603,0.224701671,0.423679417
2/5/2015 22:00,0.798650169,0.494158291,0.219809069,0.454644809
2/5/2015 23:00,0.798762655,0.427386935,0.217899761,0.474863388
2/6/2015 0:00,0.798762655,0.405653266,0.214558473,0.489071038
2/6/2015 1:00,0.799100112,0.394221106,0.212410501,0.503642987
2/6/2015 2:00,0.799212598,0.394095477,0.212410501,0.50564663
2/6/2015 3:00,0.798987627,0.420477387,0.213842482,0.501639344
2/6/2015 4:00,0.799100112,0.481281407,0.216348449,0.49708561
2/6/2015 5:00,0.798762655,0.60031407,0.21778043,0.489799636
2/6/2015 6:00,0.798875141,0.700125628,0.227088305,0.479234973
2/6/2015 7:00,0.798762655,0.711683417,0.228997613,0.472677596
2/6/2015 8:00,0.798762655,0.715452261,0.222553699,0.447905282
2/6/2015 9:00,0.798987627,0.709296482,0.226610979,0.415664845
2/6/2015 10:00,0.799100112,0.710050251,0.22124105,0.402185792
2/6/2015 11:00,0.798875141,0.701507538,0.216348449,0.390710383
2/6/2015 12:00,0.798987627,0.699748744,0.210859189,0.36848816
2/6/2015 13:00,0.798875141,0.696733668,0.202983294,0.365027322
2/6/2015 14:00,0.798875141,0.694535176,0.205608592,0.347176685
2/6/2015 15:00,0.798762655,0.708228643,0.212768496,0.354098361
2/6/2015 16:00,0.798762655,0.717462312,0.20477327,0.362295082
2/6/2015 17:00,0.798650169,0.711871859,0.210501193,0.387431694
2/6/2015 18:00,0.798762655,0.686180905,0.209904535,0.40273224
2/6/2015 19:00,0.798875141,0.658417085,0.201431981,0.428961749
2/6/2015 20:00,0.798875141,0.624309045,0.197494033,0.442258652
2/6/2015 21:00,0.799100112,0.574183417,0.193914081,0.454826958
2/6/2015 22:00,0.799325084,0.496482412,0.191288783,0.459016393
2/6/2015 23:00,0.79943757,0.402952261,0.171599045,0.483424408
2/7/2015 0:00,0.799550056,0.38008794,0.170883055,0.503096539
2/7/2015 1:00,0.79943757,0.364824121,0.166109785,0.510928962
2/7/2015 2:00,0.79943757,0.362625628,0.164677804,0.524225865
2/7/2015 3:00,0.799662542,0.363128141,0.164558473,0.547540984
2/7/2015 4:00,0.799662542,0.36758794,0.1650358,0.579599271
2/7/2015 5:00,0.799775028,0.395603015,0.164916468,0.604918033
2/7/2015 6:00,0.799662542,0.438630653,0.164677804,0.636976321
2/7/2015 7:00,0.799550056,0.494221106,0.163961814,0.665209472
2/7/2015 8:00,0.799100112,0.520979899,0.17052506,0.681056466
2/7/2015 9:00,0.799325084,0.521545226,0.170047733,0.710200364
2/7/2015 10:00,0.79943757,0.505778894,0.163245823,0.745901639
2/7/2015 11:00,0.799325084,0.488442211,0.16300716,0.777595628
2/7/2015 12:00,0.799325084,0.446356784,0.163245823,0.800546448
2/7/2015 13:00,0.799325084,0.458542714,0.162171838,0.817668488
2/7/2015 14:00,0.79943757,0.459798995,0.162887828,0.830601093
2/7/2015 15:00,0.799325084,0.48071608,0.164558473,0.841530055
2/7/2015 16:00,0.798987627,0.519535176,0.164319809,0.8428051
2/7/2015 17:00,0.799100112,0.525690955,0.169451074,0.86010929
2/7/2015 18:00,0.799100112,0.508165829,0.170644391,0.860655738
2/7/2015 19:00,0.799212598,0.468404523,0.171718377,0.870127505
2/7/2015 20:00,0.799212598,0.418341709,0.172911695,0.872495446
2/7/2015 21:00,0.799775028,0.383291457,0.172434368,0.86284153
2/7/2015 22:00,0.799550056,0.335615578,0.171957041,0.859380692
2/7/2015 23:00,0.799550056,0.300690955,0.175894988,0.856830601
2/8/2015 0:00,0.79943757,0.284924623,0.17673031,0.849544627
2/8/2015 1:00,0.79943757,0.286746231,0.177088305,0.848269581
2/8/2015 2:00,0.79943757,0.275251256,0.177684964,0.840619308
2/8/2015 3:00,0.799550056,0.271670854,0.179832936,0.827140255
2/8/2015 4:00,0.799550056,0.279208543,0.180787589,0.822586521
2/8/2015 5:00,0.79943757,0.306532663,0.184844869,0.812932605
2/8/2015 6:00,0.799100112,0.323680905,0.184367542,0.785974499
2/8/2015 7:00,0.799212598,0.385050251,0.186038186,0.763023679
2/8/2015 8:00,0.799212598,0.42638191,0.18627685,0.732240437
2/8/2015 9:00,0.799100112,0.471168342,0.1849642,0.677777778
2/8/2015 10:00,0.799100112,0.483605528,0.183054893,0.64298725
2/8/2015 11:00,0.799212598,0.489321608,0.181264916,0.578870674
2/8/2015 12:00,0.799212598,0.488002513,0.179952267,0.521857923
2/8/2015 13:00,0.79943757,0.515452261,0.179355609,0.472495446
2/8/2015 14:00,0.799212598,0.53071608,0.179832936,0.426411658
2/8/2015 15:00,0.799212598,0.591017588,0.178162291,0.39708561
2/8/2015 16:00,0.798875141,0.657035176,0.179116945,0.406010929
2/8/2015 17:00,0.798650169,0.659484925,0.180668258,0.406739526
2/8/2015 18:00,0.798650169,0.646419598,0.190930788,0.417486339
2/8/2015 19:00,0.798875141,0.593592965,0.188305489,0.433879781
2/8/2015 20:00,0.798875141,0.534359296,0.187231504,0.44863388
2/8/2015 21:00,0.799100112,0.478015075,0.173866348,0.463023679
2/8/2015 22:00,0.799550056,0.42330402,0.170763723,0.476867031
2/8/2015 23:00,0.799212598,0.340075377,0.170644391,0.538433515
2/9/2015 0:00,0.79943757,0.30879397,0.162410501,0.541165756
2/9/2015 1:00,0.799325084,0.304271357,0.16097852,0.555191257
2/9/2015 2:00,0.799662542,0.305967337,0.160739857,0.561748634
2/9/2015 3:00,0.799550056,0.320917085,0.160620525,0.555373406
2/9/2015 4:00,0.79943757,0.388630653,0.16300716,0.544626594
2/9/2015 5:00,0.79943757,0.510929648,0.171360382,0.532969035
2/9/2015 6:00,0.798875141,0.640577889,0.172195704,0.52295082
2/9/2015 7:00,0.798875141,0.668655779,0.178162291,0.520947177
2/9/2015 8:00,0.798762655,0.671796482,0.184009547,0.509289617
2/9/2015 9:00,0.798875141,0.675565327,0.179116945,0.487978142
2/9/2015 10:00,0.798537683,0.664761307,0.175894988,0.477777778
2/9/2015 11:00,0.798762655,0.653015075,0.168615752,0.468852459
2/9/2015 12:00,0.798875141,0.651821608,0.168019093,0.469763206
2/9/2015 13:00,0.798987627,0.647675879,0.168377088,0.466666667
2/9/2015 14:00,0.798650169,0.651256281,0.167661098,0.474863388
2/9/2015 15:00,0.798537683,0.671356784,0.16646778,0.486703097
2/9/2015 16:00,0.798425197,0.6875,0.170047733,0.497814208
2/9/2015 17:00,0.798537683,0.683856784,0.171002387,0.523497268
2/9/2015 18:00,0.798425197,0.661683417,0.174343675,0.529508197
2/9/2015 19:00,0.798537683,0.631344221,0.176252983,0.523497268
2/9/2015 20:00,0.798312711,0.603140704,0.177088305,0.513843352
2/9/2015 21:00,0.798537683,0.55138191,0.170763723,0.501821494
2/9/2015 22:00,0.798762655,0.449748744,0.166706444,0.500182149
2/9/2015 23:00,0.798875141,0.371042714,0.162887828,0.50582878
2/10/2015 0:00,0.799100112,0.355025126,0.161575179,0.498724954
2/10/2015 1:00,0.799100112,0.353768844,0.160739857,0.486885246
2/10/2015 2:00,0.799100112,0.359045226,0.160620525,0.487978142
2/10/2015 3:00,0.798875141,0.378077889,0.160501193,0.476320583
2/10/2015 4:00,0.798762655,0.463567839,0.161097852,0.470127505
2/10/2015 5:00,0.798537683,0.579020101,0.167899761,0.456830601
2/10/2015 6:00,0.798650169,0.677072864,0.169928401,0.446994536
2/10/2015 7:00,0.798425197,0.687876884,0.173150358,0.449908925
2/10/2015 8:00,0.798312711,0.684484925,0.17398568,0.436065574
2/10/2015 9:00,0.797525309,0.684170854,0.176491647,0.412568306
2/10/2015 10:00,0.797862767,0.671670854,0.178281623,0.397996357
2/10/2015 11:00,0.798200225,0.657223618,0.172315036,0.396357013
2/10/2015 12:00,0.798087739,0.646984925,0.173866348,0.396539162
2/10/2015 13:00,0.797862767,0.646168342,0.1650358,0.413296903
2/10/2015 14:00,0.797862767,0.648555276,0.165155131,0.442076503
2/10/2015 15:00,0.797750281,0.666645729,0.165274463,0.465938069
2/10/2015 16:00,0.797862767,0.681658291,0.171599045,0.495446266
2/10/2015 17:00,0.797750281,0.684233668,0.185680191,0.522586521
2/10/2015 18:00,0.797750281,0.648052764,0.168138425,0.527686703
2/10/2015 19:00,0.797750281,0.613567839,0.164439141,0.537522769
2/10/2015 20:00,0.798200225,0.600439698,0.165155131,0.528051002
2/10/2015 21:00,0.798312711,0.546231156,0.161336516,0.520947177
2/10/2015 22:00,0.798312711,0.477952261,0.160620525,0.506557377
2/10/2015 23:00,0.798650169,0.409296482,0.157637232,0.519854281
2/11/2015 0:00,0.798650169,0.402135678,0.157040573,0.516939891
2/11/2015 1:00,0.798537683,0.398932161,0.156921241,0.507285974
2/11/2015 2:00,0.798312711,0.401319095,0.157159905,0.500546448
2/11/2015 3:00,0.798425197,0.416457286,0.157637232,0.492714026
2/11/2015 4:00,0.798200225,0.507788945,0.160859189,0.491074681
2/11/2015 5:00,0.798200225,0.616331658,0.172315036,0.480874317
2/11/2015 6:00,0.797975253,0.685427136,0.189498807,0.473406193
2/11/2015 7:00,0.797862767,0.684924623,0.191288783,0.465938069
2/11/2015 8:00,0.798087739,0.672864322,0.188186158,0.454462659
2/11/2015 9:00,0.798087739,0.668844221,0.185560859,0.44571949
2/11/2015 10:00,0.798200225,0.658417085,0.184844869,0.439344262
2/11/2015 11:00,0.797637795,0.648806533,0.18424821,0.426958106
2/11/2015 12:00,0.797637795,0.639886935,0.185322196,0.424590164
2/11/2015 13:00,0.797750281,0.642211055,0.185083532,0.430965392
2/11/2015 14:00,0.797750281,0.646168342,0.185918854,0.44007286
2/11/2015 15:00,0.797750281,0.653329146,0.18627685,0.456830601
2/11/2015 16:00,0.797750281,0.662688442,0.190095465,0.480327869
2/11/2015 17:00,0.797862767,0.654711055,0.191527446,0.503278689
2/11/2015 18:00,0.798087739,0.652324121,0.198329356,0.52859745
2/11/2015 19:00,0.798200225,0.623492462,0.200119332,0.542076503
2/11/2015 20:00,0.797637795,0.574183417,0.199761337,0.546265938
2/11/2015 21:00,0.797975253,0.507600503,0.179713604,0.552276867
2/11/2015 22:00,0.798312711,0.477198492,0.178997613,0.562477231
2/11/2015 23:00,0.798537683,0.403454774,0.179832936,0.570673953
2/12/2015 0:00,0.798762655,0.39491206,0.177565632,0.571584699
2/12/2015 1:00,0.798650169,0.393467337,0.17601432,0.56557377
2/12/2015 2:00,0.798875141,0.393153266,0.173031026,0.563934426
2/12/2015 3:00,0.798762655,0.404145729,0.174105012,0.567395264
2/12/2015 4:00,0.798650169,0.493153266,0.175059666,0.578324226
2/12/2015 5:00,0.798537683,0.56821608,0.177804296,0.576684882
2/12/2015 6:00,0.798650169,0.643655779,0.193556086,0.555009107
2/12/2015 7:00,0.797975253,0.658354271,0.198210024,0.545355191
2/12/2015 8:00,0.798312711,0.660301508,0.194630072,0.529690346
2/12/2015 9:00,0.798650169,0.666896985,0.201670644,0.506921676
2/12/2015 10:00,0.798425197,0.659045226,0.200357995,0.482513661
2/12/2015 11:00,0.798537683,0.654962312,0.2,0.456102004
2/12/2015 12:00,0.798537683,0.666394472,0.198687351,0.412932605
2/12/2015 13:00,0.798537683,0.67298995,0.198926014,0.369581056
2/12/2015 14:00,0.798537683,0.675879397,0.200835322,0.32003643
2/12/2015 15:00,0.798425197,0.68611809,0.202386635,0.283060109
2/12/2015 16:00,0.797975253,0.682977387,0.202505967,0.235883424
2/12/2015 17:00,0.798087739,0.68178392,0.193794749,0.205464481
2/12/2015 18:00,0.798537683,0.68379397,0.192004773,0.178870674
2/12/2015 19:00,0.798537683,0.670037688,0.203818616,0.16557377
2/12/2015 20:00,0.798425197,0.656469849,0.187112172,0.152641166
2/12/2015 21:00,0.798537683,0.620288945,0.183770883,0.158469945
2/12/2015 22:00,0.798312711,0.536809045,0.177684964,0.184153005
2/12/2015 23:00,0.798762655,0.475502513,0.170405728,0.225500911
2/13/2015 0:00,0.798650169,0.434987437,0.167064439,0.231876138
2/13/2015 1:00,0.798987627,0.433040201,0.165632458,0.236612022
2/13/2015 2:00,0.798650169,0.431092965,0.165274463,0.238615665
2/13/2015 3:00,0.798650169,0.45,0.166348449,0.235519126
2/13/2015 4:00,0.798425197,0.556030151,0.169451074,0.226775956
2/13/2015 5:00,0.798537683,0.665389447,0.190214797,0.219854281
2/13/2015 6:00,0.798537683,0.702386935,0.196300716,0.19726776
2/13/2015 7:00,0.798425197,0.713065327,0.201073986,0.167759563
2/13/2015 8:00,0.798650169,0.725125628,0.205369928,0.149180328
2/13/2015 9:00,0.798762655,0.730025126,0.205131265,0.1143898
2/13/2015 10:00,0.798875141,0.723115578,0.206443914,0.09417122
2/13/2015 11:00,0.798762655,0.726319095,0.20548926,0.082695811
2/13/2015 12:00,0.798650169,0.717650754,0.199403341,0.079052823
2/13/2015 13:00,0.798537683,0.71388191,0.197494033,0.074863388
2/13/2015 14:00,0.798537683,0.713944724,0.19797136,0.073406193
2/13/2015 15:00,0.798650169,0.716143216,0.204534606,0.075591985
2/13/2015 16:00,0.798875141,0.715138191,0.205011933,0.083424408
2/13/2015 17:00,0.798762655,0.710427136,0.205250597,0.090163934
2/13/2015 18:00,0.798650169,0.69798995,0.203818616,0.098724954
2/13/2015 19:00,0.798762655,0.680778894,0.201551313,0.101275046
2/13/2015 20:00,0.798650169,0.662374372,0.192959427,0.103460838
2/13/2015 21:00,0.798537683,0.622047739,0.187828162,0.103642987
2/13/2015 22:00,0.798650169,0.577701005,0.185083532,0.100364299
2/13/2015 23:00,0.798650169,0.48919598,0.18424821,0.103460838
2/14/2015 0:00,0.799212598,0.463316583,0.175656325,0.107285974
2/14/2015 1:00,0.799100112,0.456972362,0.174821002,0.112204007
2/14/2015 2:00,0.798875141,0.457537688,0.172076372,0.116211293
2/14/2015 3:00,0.799100112,0.459359296,0.172315036,0.121493625
2/14/2015 4:00,0.798987627,0.47361809,0.171837709,0.126775956
2/14/2015 5:00,0.798987627,0.527198492,0.16575179,0.129143898
2/14/2015 6:00,0.798875141,0.597613065,0.169451074,0.128779599
2/14/2015 7:00,0.798875141,0.634610553,0.17052506,0.126775956
2/14/2015 8:00,0.798875141,0.650376884,0.17052506,0.12003643
2/14/2015 9:00,0.798875141,0.65201005,0.169570406,0.106921676
2/14/2015 10:00,0.798875141,0.65339196,0.174224344,0.096357013
2/14/2015 11:00,0.798650169,0.657851759,0.180787589,0.092714026
2/14/2015 12:00,0.798762655,0.657851759,0.184128878,0.091985428
2/14/2015 13:00,0.798650169,0.652575377,0.184009547,0.099271403
2/14/2015 14:00,0.798875141,0.649057789,0.184725537,0.116211293
2/14/2015 15:00,0.797525309,0.652575377,0.185202864,0.13424408
2/14/2015 16:00,0.793250844,0.669723618,0.185560859,0.167213115
2/14/2015 17:00,0.794938133,0.667462312,0.185918854,0.191256831
2/14/2015 18:00,0.797750281,0.653580402,0.186038186,0.227686703
2/14/2015 19:00,0.798312711,0.635615578,0.185918854,0.253551913
2/14/2015 20:00,0.797975253,0.619535176,0.186038186,0.271584699
2/14/2015 21:00,0.798200225,0.568592965,0.181742243,0.289799636
2/14/2015 22:00,0.798087739,0.501884422,0.181384248,0.307832423
2/14/2015 23:00,0.798200225,0.427575377,0.177088305,0.311111111
2/15/2015 0:00,0.798425197,0.393781407,0.175417661,0.328051002
2/15/2015 1:00,0.798200225,0.385238693,0.175178998,0.347358834
2/15/2015 2:00,0.798200225,0.381469849,0.172195704,0.384699454
2/15/2015 3:00,0.797975253,0.380590452,0.169809069,0.408925319
2/15/2015 4:00,0.797862767,0.399246231,0.162649165,0.436794171
2/15/2015 5:00,0.798200225,0.415201005,0.161694511,0.473952641
2/15/2015 6:00,0.797975253,0.431721106,0.161575179,0.497632058
2/15/2015 7:00,0.797750281,0.457788945,0.164677804,0.518397086
2/15/2015 8:00,0.797975253,0.507160804,0.164916468,0.530601093
2/15/2015 9:00,0.797750281,0.530339196,0.163365155,0.552641166
2/15/2015 10:00,0.798087739,0.527763819,0.161813842,0.555919854
2/15/2015 11:00,0.798087739,0.515640704,0.165274463,0.576867031
2/15/2015 12:00,0.797637795,0.50709799,0.167183771,0.586703097
2/15/2015 13:00,0.79696288,0.51419598,0.165155131,0.59417122
2/15/2015 14:00,0.796850394,0.523178392,0.166587112,0.614025501
2/15/2015 15:00,0.796512936,0.569660804,0.169212411,0.621857923
2/15/2015 16:00,0.79583802,0.626947236,0.166825776,0.633333333
2/15/2015 17:00,0.796175478,0.636683417,0.177326969,0.640983607
2/15/2015 18:00,0.795950506,0.631281407,0.180548926,0.655009107
2/15/2015 19:00,0.796512936,0.607035176,0.186634845,0.65992714
2/15/2015 20:00,0.796512936,0.561746231,0.187589499,0.648087432
2/15/2015 21:00,0.79640045,0.501570352,0.186754177,0.6428051
2/15/2015 22:00,0.796512936,0.466143216,0.181264916,0.626958106
2/15/2015 23:00,0.796850394,0.412060302,0.180787589,0.649908925
2/16/2015 0:00,0.79640045,0.392022613,0.17601432,0.642258652
2/16/2015 1:00,0.796287964,0.387625628,0.174940334,0.635883424
2/16/2015 2:00,0.79640045,0.384798995,0.17601432,0.63442623
2/16/2015 3:00,0.796512936,0.390012563,0.174701671,0.629508197
2/16/2015 4:00,0.796625422,0.467839196,0.174105012,0.627868852
2/16/2015 5:00,0.796737908,0.584610553,0.171121718,0.627504554
2/16/2015 6:00,0.796850394,0.671419598,0.174463007,0.623679417
2/16/2015 7:00,0.79696288,0.684547739,0.18627685,0.625318761
2/16/2015 8:00,0.797300337,0.69290201,0.191288783,0.623679417
2/16/2015 9:00,0.796737908,0.691645729,0.188663484,0.608196721
2/16/2015 10:00,0.796850394,0.682349246,0.189140811,0.603278689
2/16/2015 11:00,0.797412823,0.679145729,0.190811456,0.596174863
2/16/2015 12:00,0.797525309,0.679145729,0.190453461,0.592896175
2/16/2015 13:00,0.797525309,0.675376884,0.191050119,0.588160291
2/16/2015 14:00,0.797525309,0.678894472,0.191050119,0.586885246
2/16/2015 15:00,0.797412823,0.692964824,0.191169451,0.591256831
2/16/2015 16:00,0.79696288,0.708165829,0.192004773,0.595446266
2/16/2015 17:00,0.797300337,0.710175879,0.1924821,0.599453552
2/16/2015 18:00,0.797412823,0.701884422,0.194152745,0.589071038
2/16/2015 19:00,0.797300337,0.67330402,0.190811456,0.592531876
2/16/2015 20:00,0.797525309,0.666896985,0.188782816,0.587795993
2/16/2015 21:00,0.797637795,0.638944724,0.184844869,0.584335155
2/16/2015 22:00,0.797637795,0.53781407,0.182338902,0.566120219
2/16/2015 23:00,0.798087739,0.478580402,0.171002387,0.601092896
2/17/2015 0:00,0.798087739,0.451947236,0.170047733,0.584335155
2/17/2015 1:00,0.797862767,0.449748744,0.170167064,0.583970856
2/17/2015 2:00,0.797750281,0.450502513,0.170047733,0.577777778
2/17/2015 3:00,0.797750281,0.463065327,0.169689737,0.571948998
2/17/2015 4:00,0.797412823,0.518655779,0.167899761,0.563023679
2/17/2015 5:00,0.797412823,0.630339196,0.173031026,0.556648452
2/17/2015 6:00,0.797300337,0.705590452,0.194868735,0.553369763
2/17/2015 7:00,0.797300337,0.714007538,0.195346062,0.545537341
2/17/2015 8:00,0.797637795,0.711432161,0.196658711,0.534061931
2/17/2015 9:00,0.797300337,0.707349246,0.201670644,0.529143898
2/17/2015 10:00,0.797300337,0.704585427,0.201193317,0.529872495
2/17/2015 11:00,0.797412823,0.69491206,0.198329356,0.528233151
2/17/2015 12:00,0.797300337,0.693530151,0.201431981,0.529508197
2/17/2015 13:00,0.797637795,0.693907035,0.2,0.534972678
2/17/2015 14:00,0.797637795,0.690829146,0.193198091,0.553916211
2/17/2015 15:00,0.797750281,0.693844221,0.195346062,0.58287796
2/17/2015 16:00,0.797412823,0.703580402,0.201193317,0.613661202
2/17/2015 17:00,0.797300337,0.703454774,0.194391408,0.644444444
2/17/2015 18:00,0.797412823,0.682663317,0.193078759,0.66575592
2/17/2015 19:00,0.797412823,0.672738693,0.183412888,0.686703097
2/17/2015 20:00,0.797075366,0.648429648,0.179713604,0.697814208
2/17/2015 21:00,0.797525309,0.603140704,0.173627685,0.709289617
2/17/2015 22:00,0.797975253,0.509422111,0.161336516,0.719672131
2/17/2015 23:00,0.798200225,0.435741206,0.15202864,0.732604736
2/18/2015 0:00,0.798087739,0.397110553,0.151789976,0.744990893
2/18/2015 1:00,0.798087739,0.392776382,0.153221957,0.753005464
2/18/2015 2:00,0.797750281,0.391959799,0.149522673,0.741165756
2/18/2015 3:00,0.797637795,0.41451005,0.149761337,0.734790528
2/18/2015 4:00,0.797300337,0.471545226,0.155847255,0.718579235
2/18/2015 5:00,0.797187852,0.570100503,0.159427208,0.684517304
2/18/2015 6:00,0.797075366,0.654711055,0.161217184,0.652094718
2/18/2015 7:00,0.796850394,0.670854271,0.161455847,0.616575592
2/18/2015 8:00,0.797075366,0.666143216,0.162768496,0.579599271
2/18/2015 9:00,0.797075366,0.662688442,0.160620525,0.554826958
2/18/2015 10:00,0.797187852,0.666331658,0.159665871,0.548087432
2/18/2015 11:00,0.797075366,0.649748744,0.155608592,0.531876138
2/18/2015 12:00,0.797300337,0.634736181,0.154176611,0.551730419
2/18/2015 13:00,0.796850394,0.635175879,0.153699284,0.579234973
2/18/2015 14:00,0.796737908,0.633919598,0.153579952,0.584335155
2/18/2015 15:00,0.796512936,0.631407035,0.153818616,0.606921676
2/18/2015 16:00,0.796850394,0.650125628,0.158591885,0.654826958
2/18/2015 17:00,0.796512936,0.639572864,0.160023866,0.692896175
2/18/2015 18:00,0.796625422,0.628454774,0.158711217,0.698724954
2/18/2015 19:00,0.797075366,0.611934673,0.158591885,0.713296903
2/18/2015 20:00,0.79696288,0.570414573,0.157637232,0.723679417
2/18/2015 21:00,0.79696288,0.511243719,0.153937947,0.721675774
2/18/2015 22:00,0.797075366,0.449623116,0.147494033,0.717850638
2/18/2015 23:00,0.797075366,0.354459799,0.135799523,0.697632058
2/19/2015 0:00,0.796850394,0.337374372,0.133890215,0.689435337
2/19/2015 1:00,0.796850394,0.334736181,0.134367542,0.679234973
2/19/2015 2:00,0.796737908,0.340201005,0.134486874,0.673224044
2/19/2015 3:00,0.796850394,0.360552764,0.1349642,0.66575592
2/19/2015 4:00,0.798200225,0.429208543,0.136515513,0.645355191
2/19/2015 5:00,0.805736783,0.543844221,0.149403341,0.646448087
2/19/2015 6:00,0.807424072,0.642022613,0.156682578,0.641712204
2/19/2015 7:00,0.814060742,0.64428392,0.163842482,0.633333333
2/19/2015 8:00,0.824071991,0.638630653,0.164677804,0.640619308
2/19/2015 9:00,0.827784027,0.630967337,0.163126492,0.622404372
2/19/2015 10:00,0.827671541,0.637248744,0.162887828,0.638615665
2/19/2015 11:00,0.828233971,0.616457286,0.165274463,0.644990893
2/19/2015 12:00,0.837007874,0.613379397,0.166587112,0.655009107
2/19/2015 13:00,0.841732283,0.611683417,0.16646778,0.662112933
2/19/2015 14:00,0.836670416,0.612939698,0.164081146,0.657741348
2/19/2015 15:00,0.841057368,0.616394472,0.163126492,0.671766849
2/19/2015 16:00,0.84431946,0.639886935,0.164677804,0.683424408
2/19/2015 17:00,0.84735658,0.65138191,0.162171838,0.683970856
2/19/2015 18:00,0.848931384,0.63781407,0.162649165,0.675409836
2/19/2015 19:00,0.851293588,0.59629397,0.164319809,0.664298725
2/19/2015 20:00,0.854330709,0.559987437,0.166945107,0.646448087
2/19/2015 21:00,0.857480315,0.496231156,0.167661098,0.630054645
2/19/2015 22:00,0.860404949,0.447173367,0.167899761,0.622222222
2/19/2015 23:00,0.863779528,0.372550251,0.155011933,0.602003643
2/20/2015 0:00,0.866704162,0.35508794,0.153341289,0.603825137
2/20/2015 1:00,0.869853768,0.35370603,0.151909308,0.597449909
2/20/2015 2:00,0.8712036,0.358354271,0.145942721,0.594717668
2/20/2015 3:00,0.871541057,0.387437186,0.145346062,0.561384335
2/20/2015 4:00,0.871316085,0.461369347,0.147016706,0.561202186
2/20/2015 5:00,0.8712036,0.577575377,0.158472554,0.551912568
2/20/2015 6:00,0.871091114,0.657851759,0.159665871,0.538615665
2/20/2015 7:00,0.871428571,0.675879397,0.162529833,0.542076503
2/20/2015 8:00,0.873115861,0.67361809,0.166825776,0.531693989
2/20/2015 9:00,0.876490439,0.656155779,0.16300716,0.514025501
2/20/2015 10:00,0.879415073,0.646042714,0.163484487,0.50564663
2/20/2015 11:00,0.883014623,0.624560302,0.16575179,0.486156648
2/20/2015 12:00,0.88503937,0.622738693,0.166109785,0.484153005
2/20/2015 13:00,0.884926884,0.602198492,0.166945107,0.466848816
2/20/2015 14:00,0.884814398,0.62468593,0.167422434,0.467577413
2/20/2015 15:00,0.884701912,0.645288945,0.168377088,0.477595628
2/20/2015 16:00,0.884589426,0.667211055,0.169331742,0.477777778
2/20/2015 17:00,0.884589426,0.674937186,0.17052506,0.510564663
2/20/2015 18:00,0.884814398,0.663944724,0.168615752,0.506557377
2/20/2015 19:00,0.884926884,0.619849246,0.168257757,0.499089253
2/20/2015 20:00,0.885376828,0.603894472,0.166229117,0.480510018
2/20/2015 21:00,0.88863892,0.575628141,0.162410501,0.465938069
2/20/2015 22:00,0.891788526,0.536934673,0.159785203,0.433151184
2/20/2015 23:00,0.894938133,0.478768844,0.154415274,0.369398907
2/21/2015 0:00,0.897975253,0.44798995,0.149880668,0.34845173
2/21/2015 1:00,0.901124859,0.43379397,0.150119332,0.316211293
2/21/2015 2:00,0.904049494,0.429962312,0.15071599,0.300910747
2/21/2015 3:00,0.905061867,0.428643216,0.151073986,0.280510018
2/21/2015 4:00,0.905961755,0.441771357,0.152505967,0.275227687
2/21/2015 5:00,0.906074241,0.477386935,0.153579952,0.257559199
2/21/2015 6:00,0.905849269,0.512876884,0.152983294,0.255555556
2/21/2015 7:00,0.905961755,0.56790201,0.150954654,0.265391621
2/21/2015 8:00,0.900449944,0.608228643,0.152505967,0.238069217
2/21/2015 9:00,0.888188976,0.622675879,0.153579952,0.229143898
2/21/2015 10:00,0.889088864,0.611557789,0.15548926,0.201821494
2/21/2015 11:00,0.900899888,0.626005025,0.156085919,0.186885246
2/21/2015 12:00,0.906186727,0.61419598,0.152625298,0.183606557
2/21/2015 13:00,0.906299213,0.616582915,0.152147971,0.181420765
2/21/2015 14:00,0.909223847,0.631909548,0.150357995,0.196174863
2/21/2015 15:00,0.912260967,0.642964824,0.151670644,0.210746812
2/21/2015 16:00,0.9143982,0.655464824,0.151312649,0.210564663
2/21/2015 17:00,0.915860517,0.658291457,0.154295943,0.229143898
2/21/2015 18:00,0.917435321,0.650062814,0.156443914,0.248816029
2/21/2015 19:00,0.917547807,0.60678392,0.160023866,0.266120219
2/21/2015 20:00,0.917772778,0.585552764,0.161336516,0.296357013
2/21/2015 21:00,0.917885264,0.547927136,0.164200477,0.309289617
2/21/2015 22:00,0.917772778,0.5,0.161694511,0.32295082
2/21/2015 23:00,0.917885264,0.438128141,0.154653938,0.301821494
2/22/2015 0:00,0.917885264,0.414258794,0.150835322,0.315118397
2/22/2015 1:00,0.91799775,0.396545226,0.148926014,0.310564663
2/22/2015 2:00,0.917885264,0.39798995,0.148687351,0.316393443
2/22/2015 3:00,0.91799775,0.397675879,0.148448687,0.329326047
2/22/2015 4:00,0.917885264,0.403643216,0.149403341,0.339162113
2/22/2015 5:00,0.91799775,0.430025126,0.148448687,0.354644809
2/22/2015 6:00,0.917772778,0.449246231,0.149164678,0.372677596
2/22/2015 7:00,0.91799775,0.485301508,0.150119332,0.394535519
2/22/2015 8:00,0.91799775,0.523806533,0.153460621,0.406739526
2/22/2015 9:00,0.918447694,0.541771357,0.155011933,0.411111111
2/22/2015 10:00,0.920134983,0.554396985,0.154534606,0.425865209
2/22/2015 11:00,0.921822272,0.560552764,0.154295943,0.422040073
2/22/2015 12:00,0.922947132,0.554082915,0.154057279,0.422222222
2/22/2015 13:00,0.922947132,0.553203518,0.155727924,0.422586521
2/22/2015 14:00,0.92272216,0.55910804,0.156443914,0.417850638
2/22/2015 15:00,0.92272216,0.582914573,0.153221957,0.421857923
2/22/2015 16:00,0.922384702,0.609484925,0.153818616,0.418943534
2/22/2015 17:00,0.92215973,0.614886935,0.15477327,0.415664845
2/22/2015 18:00,0.922384702,0.608417085,0.155011933,0.39708561
2/22/2015 19:00,0.922609674,0.583982412,0.155131265,0.39435337
2/22/2015 20:00,0.92272216,0.528140704,0.156324582,0.381056466
2/22/2015 21:00,0.922609674,0.474183417,0.156085919,0.384517304
2/22/2015 22:00,0.922834646,0.428454774,0.155847255,0.371038251
2/22/2015 23:00,0.918335208,0.373743719,0.148329356,0.393442623
2/23/2015 0:00,0.914735658,0.366080402,0.148210024,0.409836066
2/23/2015 1:00,0.914848144,0.361180905,0.149164678,0.434608379
2/23/2015 2:00,0.914735658,0.359673367,0.148687351,0.458469945
2/23/2015 3:00,0.914510686,0.373115578,0.149045346,0.493442623
2/23/2015 4:00,0.914848144,0.421356784,0.152267303,0.543897996
2/23/2015 5:00,0.914623172,0.515201005,0.170763723,0.608925319
2/23/2015 6:00,0.914510686,0.594535176,0.173031026,0.654462659
2/23/2015 7:00,0.914623172,0.623492462,0.174940334,0.687249545
2/23/2015 8:00,0.914848144,0.642839196,0.177804296,0.710018215
2/23/2015 9:00,0.915185602,0.64459799,0.176372315,0.741530055
2/23/2015 10:00,0.915073116,0.64491206,0.176491647,0.760837887
2/23/2015 11:00,0.914848144,0.63951005,0.17673031,0.771584699
2/23/2015 12:00,0.914623172,0.637374372,0.176133652,0.765391621
2/23/2015 13:00,0.914735658,0.629020101,0.176372315,0.74845173
2/23/2015 14:00,0.914285714,0.630464824,0.177207637,0.716575592
2/23/2015 15:00,0.914510686,0.634861809,0.176491647,0.68287796
2/23/2015 16:00,0.914735658,0.660175879,0.17326969,0.646448087
2/23/2015 17:00,0.914735658,0.662939698,0.171718377,0.611839709
2/23/2015 18:00,0.9143982,0.650690955,0.165513126,0.580510018
2/23/2015 19:00,0.914735658,0.640577889,0.165632458,0.55154827
2/23/2015 20:00,0.914735658,0.58718593,0.167899761,0.513479053
2/23/2015 21:00,0.914735658,0.535866834,0.164081146,0.481785064
2/23/2015 22:00,0.915073116,0.477575377,0.163126492,0.45154827
2/23/2015 23:00,0.915298088,0.436683417,0.154415274,0.434972678
2/24/2015 0:00,0.915298088,0.420665829,0.154057279,0.423132969
2/24/2015 1:00,0.915298088,0.420540201,0.155011933,0.408743169
2/24/2015 2:00,0.915410574,0.420288945,0.152983294,0.400364299
2/24/2015 3:00,0.915185602,0.441394472,0.150477327,0.390892532
2/24/2015 4:00,0.915073116,0.518467337,0.155966587,0.39708561
2/24/2015 5:00,0.915185602,0.605653266,0.162649165,0.412204007
2/24/2015 6:00,0.915185602,0.633731156,0.163603819,0.410200364
2/24/2015 7:00,0.915410574,0.645791457,0.163245823,0.420582878
2/24/2015 8:00,0.914735658,0.646356784,0.163842482,0.425500911
2/24/2015 9:00,0.914735658,0.643844221,0.163603819,0.425500911
2/24/2015 10:00,0.915185602,0.644472362,0.165155131,0.44007286
2/24/2015 11:00,0.914510686,0.633856784,0.1650358,0.44845173
2/24/2015 12:00,0.914848144,0.628077889,0.1650358,0.462112933
2/24/2015 13:00,0.914623172,0.627889447,0.165632458,0.474863388
2/24/2015 14:00,0.914735658,0.628831658,0.163842482,0.489435337
2/24/2015 15:00,0.914623172,0.63209799,0.165513126,0.494899818
2/24/2015 16:00,0.9143982,0.634484925,0.165632458,0.5143898
2/24/2015 17:00,0.913048369,0.634233668,0.165990453,0.532604736
2/24/2015 18:00,0.913273341,0.634296482,0.165393795,0.537522769
2/24/2015 19:00,0.913385827,0.619660804,0.1650358,0.542622951
2/24/2015 20:00,0.913498313,0.588944724,0.164797136,0.543169399
2/24/2015 21:00,0.913835771,0.545037688,0.155131265,0.53442623
2/24/2015 22:00,0.913948256,0.497675879,0.15274463,0.524590164
2/24/2015 23:00,0.913948256,0.395603015,0.14522673,0.522586521
2/25/2015 0:00,0.914060742,0.371545226,0.145107399,0.514571949
2/25/2015 1:00,0.914285714,0.368718593,0.145465394,0.507832423
2/25/2015 2:00,0.914285714,0.372298995,0.145465394,0.487249545
2/25/2015 3:00,0.914285714,0.398178392,0.147136038,0.470856102
2/25/2015 4:00,0.914173228,0.475502513,0.147852029,0.466120219
2/25/2015 5:00,0.913948256,0.590829146,0.159665871,0.451183971
2/25/2015 6:00,0.913835771,0.639447236,0.165513126,0.433151184
2/25/2015 7:00,0.913723285,0.66388191,0.166109785,0.405464481
2/25/2015 8:00,0.913835771,0.667462312,0.166348449,0.37996357
2/25/2015 9:00,0.914060742,0.663253769,0.171957041,0.38287796
2/25/2015 10:00,0.915185602,0.655904523,0.170405728,0.352276867
2/25/2015 11:00,0.916647919,0.628643216,0.173747017,0.326047359
2/25/2015 12:00,0.91856018,0.648241206,0.17052506,0.304371585
2/25/2015 13:00,0.920472441,0.648680905,0.17124105,0.275045537
2/25/2015 14:00,0.9215973,0.648241206,0.172553699,0.253187614
2/25/2015 15:00,0.922272216,0.651884422,0.173150358,0.240801457
2/25/2015 16:00,0.923959505,0.681658291,0.185202864,0.232604736
2/25/2015 17:00,0.924521935,0.697864322,0.17052506,0.233879781
2/25/2015 18:00,0.924746907,0.686494975,0.170644391,0.240619308
2/25/2015 19:00,0.924746907,0.653643216,0.169093079,0.235701275
2/25/2015 20:00,0.924859393,0.625251256,0.168615752,0.224954463
2/25/2015 21:00,0.925309336,0.598429648,0.164797136,0.224954463
2/25/2015 22:00,0.925309336,0.559610553,0.164558473,0.208925319
2/25/2015 23:00,0.925421822,0.479208543,0.16372315,0.19143898
2/26/2015 0:00,0.925646794,0.463379397,0.163603819,0.17996357
2/26/2015 1:00,0.925534308,0.444723618,0.16300716,0.171948998
2/26/2015 2:00,0.925534308,0.444849246,0.169212411,0.16867031
2/26/2015 3:00,0.925309336,0.464007538,0.167183771,0.16848816
2/26/2015 4:00,0.925421822,0.543090452,0.16778043,0.170856102
2/26/2015 5:00,0.925646794,0.63008794,0.170644391,0.181967213
2/26/2015 6:00,0.925421822,0.674371859,0.174821002,0.20582878
2/26/2015 7:00,0.925646794,0.688442211,0.178878282,0.224225865
2/26/2015 8:00,0.926096738,0.667148241,0.170644391,0.249908925
2/26/2015 9:00,0.92632171,0.647487437,0.169212411,0.259198543
2/26/2015 10:00,0.925421822,0.648994975,0.166109785,0.3
2/26/2015 11:00,0.924859393,0.635364322,0.165632458,0.327322404
2/26/2015 12:00,0.924971879,0.618467337,0.161813842,0.361748634
2/26/2015 13:00,0.925646794,0.612688442,0.163126492,0.404735883
2/26/2015 14:00,0.925534308,0.608668342,0.162768496,0.449726776
2/26/2015 15:00,0.924859393,0.630527638,0.163484487,0.495992714
2/26/2015 16:00,0.891001125,0.648429648,0.164439141,0.545901639
2/26/2015 17:00,0.873790776,0.650628141,0.1650358,0.581056466
2/26/2015 18:00,0.871541057,0.655653266,0.165274463,0.606921676
2/26/2015 19:00,0.869853768,0.619409548,0.164916468,0.633879781
2/26/2015 20:00,0.868503937,0.570603015,0.164797136,0.642076503
2/26/2015 21:00,0.880427447,0.504208543,0.158114558,0.626229508
2/26/2015 22:00,0.889988751,0.462562814,0.157159905,0.62003643
2/26/2015 23:00,0.901462317,0.399246231,0.151909308,0.672495446
2/27/2015 0:00,0.918110236,0.391834171,0.151670644,0.664116576
2/27/2015 1:00,0.922272216,0.392839196,0.150954654,0.654462659
2/27/2015 2:00,0.922384702,0.39660804,0.150954654,0.6428051
2/27/2015 3:00,0.922384702,0.435050251,0.151551313,0.629143898
2/27/2015 4:00,0.923847019,0.506721106,0.155608592,0.61420765
2/27/2015 5:00,0.925421822,0.619723618,0.162768496,0.604007286
2/27/2015 6:00,0.925534308,0.7,0.165155131,0.578324226
2/27/2015 7:00,0.925421822,0.721545226,0.165513126,0.553369763
2/27/2015 8:00,0.925646794,0.722487437,0.16646778,0.529326047
2/27/2015 9:00,0.925871766,0.722424623,0.166825776,0.505282332
2/27/2015 10:00,0.925871766,0.726067839,0.165871122,0.483424408
2/27/2015 11:00,0.92575928,0.726444724,0.177088305,0.467941712
2/27/2015 12:00,0.89943757,0.720854271,0.170167064,0.442440801
2/27/2015 13:00,0.891113611,0.71589196,0.172076372,0.416029144
2/27/2015 14:00,0.891226097,0.714886935,0.175059666,0.398724954
2/27/2015 15:00,0.891001125,0.717211055,0.176491647,0.382149362
2/27/2015 16:00,0.888188976,0.716143216,0.179832936,0.366120219
2/27/2015 17:00,0.879302587,0.711494975,0.196778043,0.35136612
2/27/2015 18:00,0.875028121,0.700879397,0.182935561,0.339708561
2/27/2015 19:00,0.871541057,0.678768844,0.176849642,0.333515483
2/27/2015 20:00,0.872440945,0.654459799,0.178162291,0.321493625
2/27/2015 21:00,0.872665917,0.616080402,0.155131265,0.321493625
2/27/2015 22:00,0.871991001,0.570979899,0.145704057,0.321129326
2/27/2015 23:00,0.871991001,0.496545226,0.140095465,0.284335155
2/28/2015 0:00,0.872215973,0.479334171,0.139618138,0.270127505
2/28/2015 1:00,0.872103487,0.472801508,0.142601432,0.263205829
2/28/2015 2:00,0.872328459,0.474623116,0.142959427,0.245173042
2/28/2015 3:00,0.872553431,0.477638191,0.143317422,0.23989071
2/28/2015 4:00,0.872328459,0.487123116,0.143556086,0.230783242
2/28/2015 5:00,0.872440945,0.516520101,0.143914081,0.226775956
2/28/2015 6:00,0.871991001,0.547110553,0.145346062,0.234061931
2/28/2015 7:00,0.874015748,0.577826633,0.144988067,0.238433515
2/28/2015 8:00,0.87424072,0.602198492,0.14725537,0.247540984
2/28/2015 9:00,0.874465692,0.605778894,0.143556086,0.266302368
2/28/2015 10:00,0.874578178,0.601633166,0.143436754,0.287067395
2/28/2015 11:00,0.874690664,0.599371859,0.142840095,0.323315118
2/28/2015 12:00,0.87480315,0.59428392,0.142720764,0.358287796
2/28/2015 13:00,0.874915636,0.587123116,0.141169451,0.398178506
2/28/2015 14:00,0.874690664,0.590263819,0.141050119,0.439708561
2/28/2015 15:00,0.874465692,0.600565327,0.139498807,0.471766849
2/28/2015 16:00,0.874578178,0.603266332,0.144272076,0.49708561
2/28/2015 17:00,0.874353206,0.597738693,0.144749403,0.527868852
2/28/2015 18:00,0.874915636,0.589447236,0.144868735,0.541347905
2/28/2015 19:00,0.874915636,0.570163317,0.144272076,0.572131148
2/28/2015 20:00,0.874915636,0.504648241,0.142720764,0.593624772
2/28/2015 21:00,0.875253093,0.449748744,0.137828162,0.608378871
2/28/2015 22:00,0.875253093,0.391017588,0.137828162,0.62003643
2/28/2015 23:00,0.875365579,0.321482412,0.137947494,0.637340619
3/1/2015 0:00,0.875253093,0.287939698,0.137708831,0.651730419
3/1/2015 1:00,0.875140607,0.275439698,0.137828162,0.670856102
3/1/2015 2:00,0.875253093,0.271168342,0.138186158,0.696903461
3/1/2015 3:00,0.875253093,0.268278894,0.137947494,0.719489982
3/1/2015 4:00,0.875253093,0.269158291,0.137708831,0.738797814
3/1/2015 5:00,0.875478065,0.279836683,0.139260143,0.762477231
3/1/2015 6:00,0.875478065,0.282160804,0.140692124,0.781785064
3/1/2015 7:00,0.875478065,0.318341709,0.139498807,0.79143898
3/1/2015 8:00,0.875703037,0.378517588,0.135560859,0.806193078
3/1/2015 9:00,0.875590551,0.437060302,0.137470167,0.817486339
3/1/2015 10:00,0.875253093,0.420728643,0.137708831,0.826775956
3/1/2015 11:00,0.875478065,0.420477387,0.139498807,0.829690346
3/1/2015 12:00,0.875590551,0.422173367,0.140930788,0.82003643
3/1/2015 13:00,0.875703037,0.420163317,0.142840095,0.797632058
3/1/2015 14:00,0.875590551,0.430590452,0.143198091,0.772859745
3/1/2015 15:00,0.875478065,0.460113065,0.143317422,0.738251366
3/1/2015 16:00,0.875028121,0.499748744,0.143198091,0.712568306
3/1/2015 17:00,0.874690664,0.573932161,0.142124105,0.680874317
3/1/2015 18:00,0.873903262,0.576444724,0.141885442,0.661384335
3/1/2015 19:00,0.873453318,0.520100503,0.136515513,0.645355191
3/1/2015 20:00,0.867154106,0.49660804,0.136038186,0.623861566
3/1/2015 21:00,0.871316085,0.457788945,0.135560859,0.60291439
3/1/2015 22:00,0.871091114,0.405276382,0.138186158,0.589071038
3/1/2015 23:00,0.874353206,0.324623116,0.136515513,0.578870674
3/2/2015 0:00,0.88863892,0.321231156,0.136515513,0.552823315
3/2/2015 1:00,0.90359955,0.313379397,0.136515513,0.524408015
3/2/2015 2:00,0.911698538,0.320540201,0.136873508,0.508196721
3/2/2015 3:00,0.911698538,0.347236181,0.136873508,0.481420765
3/2/2015 4:00,0.911586052,0.432977387,0.136157518,0.445173042
3/2/2015 5:00,0.911811024,0.555150754,0.137828162,0.431693989
3/2/2015 6:00,0.911248594,0.640389447,0.142243437,0.401821494
3/2/2015 7:00,0.911473566,0.66928392,0.145346062,0.375956284
3/2/2015 8:00,0.911248594,0.672298995,0.1424821,0.34845173
3/2/2015 9:00,0.911136108,0.663944724,0.142601432,0.329326047
3/2/2015 10:00,0.911473566,0.663190955,0.141527446,0.309653916
3/2/2015 11:00,0.912373453,0.658103015,0.137470167,0.301457195
3/2/2015 12:00,0.920809899,0.654648241,0.142720764,0.29708561
3/2/2015 13:00,0.921709786,0.663065327,0.143556086,0.289799636
3/2/2015 14:00,0.921259843,0.66111809,0.144272076,0.288160291
3/2/2015 15:00,0.921259843,0.659987437,0.143794749,0.289617486
3/2/2015 16:00,0.924184477,0.663505025,0.143556086,0.287431694
3/2/2015 17:00,0.924634421,0.671482412,0.144033413,0.298907104
3/2/2015 18:00,0.925309336,0.665389447,0.140811456,0.302550091
3/2/2015 19:00,0.925534308,0.655841709,0.140930788,0.306921676
3/2/2015 20:00,0.92575928,0.631407035,0.140692124,0.306193078
3/2/2015 21:00,0.925984252,0.549937186,0.139976134,0.308743169
3/2/2015 22:00,0.925871766,0.459233668,0.139856802,0.312204007
3/2/2015 23:00,0.926096738,0.384610553,0.138066826,0.276320583
3/3/2015 0:00,0.925871766,0.354836683,0.136396181,0.26557377
3/3/2015 1:00,0.926096738,0.353643216,0.136396181,0.265027322
3/3/2015 2:00,0.925309336,0.356281407,0.136515513,0.255009107
3/3/2015 3:00,0.920359955,0.376507538,0.136873508,0.258469945
3/3/2015 4:00,0.915298088,0.452386935,0.138305489,0.258652095
3/3/2015 5:00,0.914285714,0.57839196,0.138544153,0.260473588
3/3/2015 6:00,0.914173228,0.672236181,0.138186158,0.269216758
3/3/2015 7:00,0.913048369,0.689572864,0.138186158,0.271038251
3/3/2015 8:00,0.906411699,0.691582915,0.138186158,0.279052823
3/3/2015 9:00,0.90663667,0.687939698,0.138663484,0.290710383
3/3/2015 10:00,0.915973003,0.681030151,0.137947494,0.304189435
3/3/2015 11:00,0.924971879,0.669158291,0.137231504,0.307832423
3/3/2015 12:00,0.924859393,0.65508794,0.137231504,0.308925319
3/3/2015 13:00,0.925421822,0.667211055,0.135918854,0.299271403
3/3/2015 14:00,0.925534308,0.670540201,0.135680191,0.287613843
3/3/2015 15:00,0.925309336,0.679836683,0.13424821,0.267213115
3/3/2015 16:00,0.925421822,0.695163317,0.139976134,0.253551913
3/3/2015 17:00,0.925646794,0.708731156,0.15,0.244080146
3/3/2015 18:00,0.925646794,0.70031407,0.139498807,0.240255009
3/3/2015 19:00,0.925534308,0.687688442,0.139379475,0.232969035
3/3/2015 20:00,0.925534308,0.663002513,0.139498807,0.223132969
3/3/2015 21:00,0.92575928,0.618090452,0.147732697,0.219489982
3/3/2015 22:00,0.926096738,0.504773869,0.148448687,0.212932605
3/3/2015 23:00,0.926096738,0.422675879,0.1424821,0.166120219
3/4/2015 0:00,0.926096738,0.404522613,0.142959427,0.159562842
3/4/2015 1:00,0.925984252,0.399434673,0.143794749,0.152641166
3/4/2015 2:00,0.92575928,0.403454774,0.1424821,0.151183971
3/4/2015 3:00,0.925534308,0.420791457,0.139618138,0.153369763
3/4/2015 4:00,0.925084364,0.527512563,0.142004773,0.152823315
3/4/2015 5:00,0.924859393,0.603517588,0.143794749,0.150819672
3/4/2015 6:00,0.924746907,0.67669598,0.147852029,0.144262295
3/4/2015 7:00,0.924634421,0.693718593,0.147852029,0.138433515
3/4/2015 8:00,0.924971879,0.697298995,0.149880668,0.121675774
3/4/2015 9:00,0.925084364,0.687248744,0.151551313,0.116757741
3/4/2015 10:00,0.925309336,0.695414573,0.152147971,0.118032787
3/4/2015 11:00,0.925084364,0.677072864,0.150238663,0.122222222
3/4/2015 12:00,0.924521935,0.674120603,0.148210024,0.124772313
3/4/2015 13:00,0.924746907,0.674183417,0.15071599,0.120582878
3/4/2015 14:00,0.924634421,0.695603015,0.147732697,0.115664845
3/4/2015 15:00,0.924859393,0.688756281,0.148329356,0.112568306
3/4/2015 16:00,0.878177728,0.701570352,0.142601432,0.114754098
3/4/2015 17:00,0.835770529,0.717462312,0.145346062,0.132786885
3/4/2015 18:00,0.831496063,0.71991206,0.149522673,0.157923497
3/4/2015 19:00,0.820247469,0.695351759,0.15071599,0.179599271
3/4/2015 20:00,0.812710911,0.674748744,0.149045346,0.190346084
3/4/2015 21:00,0.813385827,0.622550251,0.149880668,0.205282332
3/4/2015 22:00,0.813723285,0.535364322,0.149880668,0.218761384
3/4/2015 23:00,0.813835771,0.493781407,0.150357995,0.207285974
3/5/2015 0:00,0.814060742,0.473680905,0.149761337,0.206375228
3/5/2015 1:00,0.814173228,0.470603015,0.150357995,0.203460838
3/5/2015 2:00,0.814285714,0.471042714,0.150477327,0.202003643
3/5/2015 3:00,0.8143982,0.498241206,0.150477327,0.198178506
3/5/2015 4:00,0.814060742,0.59660804,0.151073986,0.185245902
3/5/2015 5:00,0.814060742,0.678580402,0.151073986,0.171584699
3/5/2015 6:00,0.814285714,0.73888191,0.152505967,0.159016393
3/5/2015 7:00,0.814173228,0.742525126,0.155369928,0.125318761
3/5/2015 8:00,0.813723285,0.736306533,0.156563246,0.09143898
3/5/2015 9:00,0.813723285,0.732223618,0.153699284,0.063205829
3/5/2015 10:00,0.749156355,0.715577889,0.151312649,0.044990893
3/5/2015 11:00,0.68503937,0.720288945,0.145704057,0.041894353
3/5/2015 12:00,0.685151856,0.717085427,0.137112172,0.048998179
3/5/2015 13:00,0.685151856,0.717399497,0.137708831,0.072313297
3/5/2015 14:00,0.68447694,0.725062814,0.136396181,0.101639344
3/5/2015 15:00,0.684589426,0.725690955,0.136873508,0.153369763
3/5/2015 16:00,0.68447694,0.726633166,0.139618138,0.176502732
3/5/2015 17:00,0.684589426,0.730778894,0.149642005,0.25701275
3/5/2015 18:00,0.684589426,0.712939698,0.15202864,0.297632058
3/5/2015 19:00,0.684139483,0.697110553,0.151789976,0.353369763
3/5/2015 20:00,0.684251969,0.656469849,0.150835322,0.398178506
3/5/2015 21:00,0.684589426,0.574183417,0.148210024,0.425865209
3/5/2015 22:00,0.68447694,0.523994975,0.147374702,0.454462659
3/5/2015 23:00,0.6856018,0.445226131,0.142124105,0.551001821
3/6/2015 0:00,0.68976378,0.421168342,0.143794749,0.56010929
3/6/2015 1:00,0.696062992,0.41080402,0.133412888,0.562477231
3/6/2015 2:00,0.696062992,0.408165829,0.133770883,0.547905282
3/6/2015 3:00,0.695275591,0.424623116,0.133770883,0.533879781
3/6/2015 4:00,0.695163105,0.513190955,0.134367542,0.509471767
3/6/2015 5:00,0.694938133,0.611432161,0.134844869,0.486520947
3/6/2015 6:00,0.695163105,0.679396985,0.136157518,0.458287796
3/6/2015 7:00,0.694713161,0.701758794,0.147374702,0.436247723
3/6/2015 8:00,0.695050619,0.704585427,0.145346062,0.407103825
3/6/2015 9:00,0.695163105,0.707160804,0.147136038,0.38852459
3/6/2015 10:00,0.694825647,0.713002513,0.147136038,0.357923497
3/6/2015 11:00,0.694825647,0.699874372,0.146062053,0.341347905
3/6/2015 12:00,0.694938133,0.701193467,0.140453461,0.295446266
3/6/2015 13:00,0.695050619,0.708856784,0.137589499,0.263752277
3/6/2015 14:00,0.694713161,0.705967337,0.132935561,0.235336976
3/6/2015 15:00,0.694600675,0.697801508,0.132100239,0.21129326
3/6/2015 16:00,0.694825647,0.729208543,0.13353222,0.206921676
3/6/2015 17:00,0.687401575,0.726130653,0.133293556,0.224043716
3/6/2015 18:00,0.68447694,0.716268844,0.135083532,0.227868852
3/6/2015 19:00,0.684701912,0.67638191,0.137708831,0.25154827
3/6/2015 20:00,0.684701912,0.635301508,0.136754177,0.280874317
3/6/2015 21:00,0.684814398,0.587437186,0.135083532,0.318214936
3/6/2015 22:00,0.684589426,0.535301508,0.129116945,0.364116576
3/6/2015 23:00,0.684926884,0.46281407,0.118377088,0.463570128
3/7/2015 0:00,0.684814398,0.429208543,0.118019093,0.516029144
3/7/2015 1:00,0.684814398,0.397047739,0.117661098,0.568306011
3/7/2015 2:00,0.684814398,0.390452261,0.117899761,0.604007286
3/7/2015 3:00,0.684589426,0.400753769,0.117661098,0.641530055
3/7/2015 4:00,0.684701912,0.400251256,0.117541766,0.682331512
3/7/2015 5:00,0.68503937,0.436494975,0.115990453,0.714571949
3/7/2015 6:00,0.684926884,0.487437186,0.115274463,0.735336976
3/7/2015 7:00,0.684814398,0.506972362,0.115155131,0.756466302
3/7/2015 8:00,0.684926884,0.543907035,0.115393795,0.77140255
3/7/2015 9:00,0.684701912,0.550565327,0.115632458,0.783788707
3/7/2015 10:00,0.68447694,0.548680905,0.115393795,0.798178506
3/7/2015 11:00,0.684589426,0.532851759,0.113603819,0.810382514
3/7/2015 12:00,0.68447694,0.523178392,0.113245823,0.810200364
3/7/2015 13:00,0.684814398,0.51451005,0.11300716,0.801457195
3/7/2015 14:00,0.684701912,0.51589196,0.11300716,0.79435337
3/7/2015 15:00,0.684701912,0.536494975,0.113603819,0.785974499
3/7/2015 16:00,0.68447694,0.577889447,0.113245823,0.783788707
3/7/2015 17:00,0.68447694,0.607349246,0.113603819,0.781602914
3/7/2015 18:00,0.684589426,0.593907035,0.114916468,0.76557377
3/7/2015 19:00,0.684589426,0.567336683,0.115393795,0.746812386
3/7/2015 20:00,0.684701912,0.529396985,0.116229117,0.740437158
3/7/2015 21:00,0.684701912,0.489447236,0.116109785,0.717486339
3/7/2015 22:00,0.684701912,0.428957286,0.116825776,0.727868852
3/7/2015 23:00,0.684701912,0.318278894,0.115513126,0.736612022
3/8/2015 0:00,0.68447694,0.271859296,0.115513126,0.726047359
3/8/2015 1:00,0.684589426,0.257286432,0.115513126,0.728415301
3/8/2015 2:00,0.684701912,0.248806533,0.115632458,0.726958106
3/8/2015 3:00,0.685714286,0.248743719,0.115632458,0.72568306
3/8/2015 4:00,0.686614173,0.249874372,0.114200477,0.722404372
3/8/2015 5:00,0.686614173,0.256532663,0.109427208,0.715846995
3/8/2015 6:00,0.686389201,0.274874372,0.107875895,0.715664845
3/8/2015 7:00,0.686726659,0.302198492,0.107875895,0.708196721
3/8/2015 8:00,0.686726659,0.355276382,0.108353222,0.702550091
3/8/2015 9:00,0.686839145,0.36928392,0.108114558,0.711111111
3/8/2015 10:00,0.686726659,0.39120603,0.106205251,0.686885246
3/8/2015 11:00,0.686839145,0.387751256,0.105727924,0.687613843
3/8/2015 12:00,0.686839145,0.391771357,0.103937947,0.672131148
3/8/2015 13:00,0.686839145,0.398680905,0.103460621,0.671948998
3/8/2015 14:00,0.686614173,0.399434673,0.103221957,0.657741348
3/8/2015 15:00,0.686839145,0.435678392,0.104653938,0.655919854
3/8/2015 16:00,0.686614173,0.551884422,0.104415274,0.659562842
3/8/2015 17:00,0.686501687,0.603831658,0.106324582,0.655919854
3/8/2015 18:00,0.686276715,0.599560302,0.106682578,0.647905282
3/8/2015 19:00,0.686389201,0.593530151,0.105966587,0.626047359
3/8/2015 20:00,0.686501687,0.562688442,0.107040573,0.598907104
3/8/2015 21:00,0.686501687,0.53379397,0.106801909,0.572677596
3/8/2015 22:00,0.686276715,0.469974874,0.106205251,0.5571949
3/8/2015 23:00,0.686276715,0.400879397,0.107279236,0.538251366
3/9/2015 0:00,0.686501687,0.381281407,0.108591885,0.517668488
3/9/2015 1:00,0.686501687,0.386746231,0.110381862,0.502367942
3/9/2015 2:00,0.686389201,0.394974874,0.111694511,0.49726776
3/9/2015 3:00,0.686276715,0.438002513,0.112529833,0.499453552
3/9/2015 4:00,0.686164229,0.519472362,0.110859189,0.512932605
3/9/2015 5:00,0.686164229,0.631721106,0.113245823,0.514025501
3/9/2015 6:00,0.686164229,0.694095477,0.113842482,0.503642987
3/9/2015 7:00,0.685826772,0.693090452,0.113842482,0.480692168
3/9/2015 8:00,0.686051744,0.684045226,0.115632458,0.443715847
3/9/2015 9:00,0.6856018,0.67129397,0.115155131,0.430965392
3/9/2015 10:00,0.686164229,0.670728643,0.113365155,0.425318761
3/9/2015 11:00,0.685826772,0.664384422,0.111694511,0.426958106
3/9/2015 12:00,0.685939258,0.670917085,0.111455847,0.414936248
3/9/2015 13:00,0.685714286,0.670728643,0.109785203,0.4
3/9/2015 14:00,0.685826772,0.669472362,0.109785203,0.370856102
3/9/2015 15:00,0.685714286,0.670100503,0.110501193,0.35992714
3/9/2015 16:00,0.6856018,0.693341709,0.11097852,0.360837887
3/9/2015 17:00,0.6856018,0.706909548,0.112171838,0.345355191
3/9/2015 18:00,0.684926884,0.694535176,0.112768496,0.350455373
3/9/2015 19:00,0.68447694,0.671042714,0.112052506,0.355737705
3/9/2015 20:00,0.683577053,0.63410804,0.108114558,0.362659381
3/9/2015 21:00,0.683577053,0.596984925,0.104892601,0.387795993
3/9/2015 22:00,0.683914511,0.51959799,0.104057279,0.410928962
3/9/2015 23:00,0.684026997,0.41928392,0.105727924,0.485974499
3/10/2015 0:00,0.684139483,0.3875,0.105966587,0.530054645
3/10/2015 1:00,0.683914511,0.384359296,0.104653938,0.571948998
3/10/2015 2:00,0.684026997,0.383354271,0.104892601,0.60856102
3/10/2015 3:00,0.684026997,0.392650754,0.102505967,0.637522769
3/10/2015 4:00,0.684251969,0.476570352,0.103579952,0.676867031
3/10/2015 5:00,0.684026997,0.588442211,0.103460621,0.694535519
3/10/2015 6:00,0.683914511,0.654711055,0.104653938,0.689981785
3/10/2015 7:00,0.683127109,0.670728643,0.105250597,0.677595628
3/10/2015 8:00,0.683352081,0.667650754,0.108830549,0.678142077
3/10/2015 9:00,0.681889764,0.663128141,0.110023866,0.664845173
3/10/2015 10:00,0.681889764,0.654271357,0.111694511,0.646812386
3/10/2015 11:00,0.682114736,0.639070352,0.108711217,0.628233151
3/10/2015 12:00,0.682114736,0.63071608,0.109785203,0.593078324
3/10/2015 13:00,0.682452193,0.622738693,0.113245823,0.583970856
3/10/2015 14:00,0.681664792,0.627763819,0.111575179,0.573770492
3/10/2015 15:00,0.681552306,0.640389447,0.117064439,0.576867031
3/10/2015 16:00,0.681552306,0.654271357,0.120167064,0.583424408
3/10/2015 17:00,0.681102362,0.66928392,0.119928401,0.605100182
3/10/2015 18:00,0.681777278,0.665138191,0.119928401,0.629326047
3/10/2015 19:00,0.683127109,0.646545226,0.119809069,0.653369763
3/10/2015 20:00,0.683689539,0.613630653,0.120405728,0.682513661
3/10/2015 21:00,0.683577053,0.556532663,0.118257757,0.693442623
3/10/2015 22:00,0.683802025,0.452575377,0.117422434,0.698907104
3/10/2015 23:00,0.683464567,0.39089196,0.115274463,0.672313297
3/11/2015 0:00,0.683577053,0.37839196,0.11778043,0.65701275
3/11/2015 1:00,0.684026997,0.375942211,0.117183771,0.638615665
3/11/2015 2:00,0.683914511,0.375753769,0.117422434,0.613661202
3/11/2015 3:00,0.683802025,0.390138191,0.117541766,0.59417122
3/11/2015 4:00,0.684026997,0.47330402,0.115990453,0.576320583
3/11/2015 5:00,0.683577053,0.577135678,0.117183771,0.560655738
3/11/2015 6:00,0.683689539,0.687311558,0.118615752,0.516029144
3/11/2015 7:00,0.683689539,0.685175879,0.120167064,0.481785064
3/11/2015 8:00,0.683689539,0.686369347,0.119093079,0.458469945
3/11/2015 9:00,0.683802025,0.68040201,0.117661098,0.409653916
3/11/2015 10:00,0.683802025,0.685175879,0.118257757,0.350455373
3/11/2015 11:00,0.684026997,0.664258794,0.122195704,0.299271403
3/11/2015 12:00,0.684026997,0.658919598,0.124582339,0.259562842
3/11/2015 13:00,0.683689539,0.664761307,0.124821002,0.209653916
3/11/2015 14:00,0.683464567,0.677072864,0.122911695,0.175591985
3/11/2015 15:00,0.683127109,0.695351759,0.124582339,0.145537341
3/11/2015 16:00,0.682902137,0.705590452,0.127923628,0.128779599
3/11/2015 17:00,0.683014623,0.711432161,0.126372315,0.121311475
3/11/2015 18:00,0.682789651,0.701256281,0.127446301,0.132058288
3/11/2015 19:00,0.682677165,0.69629397,0.126133652,0.173041894
3/11/2015 20:00,0.683127109,0.676633166,0.126252983,0.229690346
3/11/2015 21:00,0.682677165,0.639258794,0.12673031,0.270309654
3/11/2015 22:00,0.683014623,0.556218593,0.122911695,0.28852459
3/11/2015 23:00,0.683239595,0.451193467,0.125894988,0.372131148
3/12/2015 0:00,0.683239595,0.436432161,0.125775656,0.384517304
3/12/2015 1:00,0.683352081,0.433668342,0.125894988,0.390346084
3/12/2015 2:00,0.683127109,0.434924623,0.12601432,0.39435337
3/12/2015 3:00,0.683352081,0.45201005,0.125417661,0.38870674
3/12/2015 4:00,0.682902137,0.529899497,0.12601432,0.379234973
3/12/2015 5:00,0.683127109,0.617085427,0.128042959,0.374863388
3/12/2015 6:00,0.682902137,0.673178392,0.12875895,0.356830601
3/12/2015 7:00,0.682902137,0.674309045,0.131384248,0.338433515
3/12/2015 8:00,0.683127109,0.676444724,0.134725537,0.293442623
3/12/2015 9:00,0.683014623,0.671733668,0.132338902,0.255009107
3/12/2015 10:00,0.682902137,0.670288945,0.130787589,0.22276867
3/12/2015 11:00,0.682452193,0.659170854,0.126849642,0.199817851
3/12/2015 12:00,0.682339708,0.656658291,0.128520286,0.184699454
3/12/2015 13:00,0.683014623,0.664572864,0.128400955,0.167759563
3/12/2015 14:00,0.68920135,0.667776382,0.127565632,0.166484517
3/12/2015 15:00,0.700899888,0.674183417,0.129594272,0.157559199
3/12/2015 16:00,0.712260967,0.68580402,0.132458234,0.152823315
3/12/2015 17:00,0.719797525,0.682349246,0.134009547,0.165027322
3/12/2015 18:00,0.728683915,0.682223618,0.136754177,0.179417122
3/12/2015 19:00,0.745444319,0.676319095,0.135918854,0.198907104
3/12/2015 20:00,0.746456693,0.639761307,0.133890215,0.216393443
3/12/2015 21:00,0.746456693,0.583040201,0.133412888,0.230236794
3/12/2015 22:00,0.746569179,0.511809045,0.133174224,0.247723133
3/12/2015 23:00,0.746456693,0.458605528,0.132338902,0.239344262
3/13/2015 0:00,0.746456693,0.441896985,0.132577566,0.262295082
3/13/2015 1:00,0.746681665,0.441708543,0.132338902,0.27431694
3/13/2015 2:00,0.746794151,0.44491206,0.133054893,0.296539162
3/13/2015 3:00,0.746681665,0.453140704,0.133293556,0.308743169
3/13/2015 4:00,0.746456693,0.503140704,0.134128878,0.319307832
3/13/2015 5:00,0.746119235,0.618530151,0.135560859,0.325865209
3/13/2015 6:00,0.746006749,0.70571608,0.136634845,0.322040073
3/13/2015 7:00,0.752193476,0.695288945,0.136396181,0.322222222
3/13/2015 8:00,0.766141732,0.694409548,0.136515513,0.301092896
3/13/2015 9:00,0.771878515,0.689761307,0.134606205,0.33715847
3/13/2015 10:00,0.775365579,0.6875,0.132816229,0.343169399
3/13/2015 11:00,0.785376828,0.652889447,0.133412888,0.352094718
3/13/2015 12:00,0.78863892,0.648994975,0.133174224,0.359198543
3/13/2015 13:00,0.789876265,0.629396985,0.130787589,0.366302368
3/13/2015 14:00,0.79223847,0.63379397,0.130429594,0.375045537
3/13/2015 15:00,0.794038245,0.64120603,0.130787589,0.380692168
3/13/2015 16:00,0.796737908,0.64290201,0.131742243,0.375774135
3/13/2015 17:00,0.798987627,0.653077889,0.132935561,0.375409836
3/13/2015 18:00,0.800112486,0.64428392,0.133890215,0.373952641
3/13/2015 19:00,0.801912261,0.633542714,0.133890215,0.374681239
3/13/2015 20:00,0.803487064,0.594723618,0.135799523,0.372859745
3/13/2015 21:00,0.805511811,0.563819095,0.137350835,0.355737705
3/13/2015 22:00,0.8071991,0.513379397,0.137350835,0.344808743
3/13/2015 23:00,0.808773903,0.436746231,0.135441527,0.339344262
3/14/2015 0:00,0.810461192,0.419346734,0.135560859,0.316211293
3/14/2015 1:00,0.81136108,0.408982412,0.135560859,0.298360656
3/14/2015 2:00,0.811248594,0.40571608,0.135918854,0.295264117
3/14/2015 3:00,0.811136108,0.41048995,0.136157518,0.307103825
3/14/2015 4:00,0.811586052,0.417776382,0.136754177,0.315118397
3/14/2015 5:00,0.811811024,0.44491206,0.134367542,0.320947177
3/14/2015 6:00,0.81136108,0.502512563,0.135202864,0.338979964
3/14/2015 7:00,0.811248594,0.573806533,0.132935561,0.313661202
3/14/2015 8:00,0.811136108,0.608040201,0.130906921,0.275956284
3/14/2015 9:00,0.811136108,0.606344221,0.122315036,0.2571949
3/14/2015 10:00,0.81136108,0.607160804,0.122553699,0.246265938
3/14/2015 11:00,0.81136108,0.599183417,0.122076372,0.242440801
3/14/2015 12:00,0.81136108,0.586746231,0.121002387,0.237704918
3/14/2015 13:00,0.811248594,0.585301508,0.120763723,0.240619308
3/14/2015 14:00,0.811248594,0.581092965,0.11849642,0.243897996
3/14/2015 15:00,0.810573678,0.585929648,0.119570406,0.252276867
3/14/2015 16:00,0.806749156,0.610615578,0.120883055,0.260291439
3/14/2015 17:00,0.805961755,0.624937186,0.122434368,0.270856102
3/14/2015 18:00,0.809898763,0.623932161,0.127088305,0.279599271
3/14/2015 19:00,0.811023622,0.610050251,0.127804296,0.287431694
3/14/2015 20:00,0.811023622,0.5875,0.128162291,0.283424408
3/14/2015 21:00,0.811473566,0.550690955,0.126968974,0.276502732
3/14/2015 22:00,0.81136108,0.498680905,0.126849642,0.265938069
3/14/2015 23:00,0.81192351,0.422613065,0.127804296,0.286703097
3/15/2015 0:00,0.811698538,0.393530151,0.127923628,0.279234973
3/15/2015 1:00,0.811698538,0.38718593,0.127804296,0.274863388
3/15/2015 2:00,0.812035996,0.390201005,0.128400955,0.270856102
3/15/2015 3:00,0.811811024,0.389698492,0.128878282,0.277595628
3/15/2015 4:00,0.812148481,0.39290201,0.129832936,0.284335155
3/15/2015 5:00,0.812035996,0.412751256,0.129832936,0.28852459
3/15/2015 6:00,0.81192351,0.444786432,0.129952267,0.283606557
3/15/2015 7:00,0.81192351,0.489070352,0.130310263,0.267213115
3/15/2015 8:00,0.811136108,0.522801508,0.126849642,0.253734062
3/15/2015 9:00,0.811248594,0.549434673,0.124701671,0.259016393
3/15/2015 10:00,0.81136108,0.553454774,0.122553699,0.255737705
3/15/2015 11:00,0.811473566,0.528517588,0.121479714,0.259198543
3/15/2015 12:00,0.811586052,0.523555276,0.121121718,0.266848816
3/15/2015 13:00,0.811698538,0.507035176,0.121479714,0.28579235
3/15/2015 14:00,0.811248594,0.51111809,0.121599045,0.297996357
3/15/2015 15:00,0.811136108,0.543530151,0.124821002,0.30582878
3/15/2015 16:00,0.811023622,0.571356784,0.124463007,0.32276867
3/15/2015 17:00,0.810686164,0.576570352,0.126252983,0.330965392
3/15/2015 18:00,0.810911136,0.576319095,0.126968974,0.34298725
3/15/2015 19:00,0.811023622,0.573115578,0.127804296,0.35154827
3/15/2015 20:00,0.811811024,0.54968593,0.125536993,0.358834244
3/15/2015 21:00,0.81192351,0.509233668,0.125298329,0.342440801
3/15/2015 22:00,0.812148481,0.456344221,0.125178998,0.328779599
3/15/2015 23:00,0.812148481,0.37531407,0.121957041,0.32003643
3/16/2015 0:00,0.812148481,0.36821608,0.121121718,0.312204007
3/16/2015 1:00,0.812148481,0.358668342,0.120405728,0.313661202
3/16/2015 2:00,0.812260967,0.35910804,0.119331742,0.316393443
3/16/2015 3:00,0.812260967,0.376005025,0.119689737,0.316029144
3/16/2015 4:00,0.80832396,0.466645729,0.126133652,0.320765027
3/16/2015 5:00,0.81192351,0.568718593,0.122792363,0.306375228
3/16/2015 6:00,0.811811024,0.647487437,0.124701671,0.303096539
3/16/2015 7:00,0.811698538,0.658103015,0.125298329,0.303096539
3/16/2015 8:00,0.811586052,0.660741206,0.124463007,0.294899818
3/16/2015 9:00,0.811698538,0.645540201,0.124343675,0.28287796
3/16/2015 10:00,0.811698538,0.623115578,0.120405728,0.289981785
3/16/2015 11:00,0.811698538,0.605150754,0.11778043,0.293624772
3/16/2015 12:00,0.81136108,0.594472362,0.116945107,0.29726776
3/16/2015 13:00,0.80832396,0.621231156,0.12326969,0.312750455
3/16/2015 14:00,0.80832396,0.628643216,0.124821002,0.324772313
3/16/2015 15:00,0.80832396,0.626507538,0.12601432,0.336794171
3/16/2015 16:00,0.80832396,0.643341709,0.128281623,0.355191257
3/16/2015 17:00,0.80832396,0.674497487,0.129355609,0.370309654
3/16/2015 18:00,0.80832396,0.670791457,0.129832936,0.380692168
3/16/2015 19:00,0.80832396,0.645791457,0.130190931,0.381420765
3/16/2015 20:00,0.80832396,0.616834171,0.130787589,0.372495446
3/16/2015 21:00,0.80832396,0.559233668,0.127446301,0.359016393
3/16/2015 22:00,0.80832396,0.493718593,0.126849642,0.342076503
3/16/2015 23:00,0.812148481,0.38919598,0.11778043,0.359198543
3/17/2015 0:00,0.81192351,0.373178392,0.117541766,0.346448087
3/17/2015 1:00,0.812260967,0.366331658,0.117422434,0.338615665
3/17/2015 2:00,0.812148481,0.369346734,0.117899761,0.338797814
3/17/2015 3:00,0.81192351,0.380841709,0.117661098,0.336612022
3/17/2015 4:00,0.811473566,0.454020101,0.118257757,0.343169399
3/17/2015 5:00,0.811473566,0.570854271,0.119689737,0.344080146
3/17/2015 6:00,0.811473566,0.652512563,0.121718377,0.319672131
3/17/2015 7:00,0.81136108,0.659610553,0.123389021,0.297449909
3/17/2015 8:00,0.810911136,0.662060302,0.122553699,0.277959927
3/17/2015 9:00,0.81023622,0.664886935,0.121718377,0.269581056
3/17/2015 10:00,0.810011249,0.656030151,0.120286396,0.251183971
3/17/2015 11:00,0.810461192,0.634045226,0.119331742,0.258652095
3/17/2015 12:00,0.811023622,0.629271357,0.118854415,0.256830601
3/17/2015 13:00,0.811473566,0.620979899,0.118615752,0.260291439
3/17/2015 14:00,0.811586052,0.622738693,0.1150358,0.262295082
3/17/2015 15:00,0.811698538,0.624937186,0.113961814,0.259380692
3/17/2015 16:00,0.811811024,0.653454774,0.116706444,0.266484517
3/17/2015 17:00,0.811586052,0.661997487,0.12052506,0.271038251
3/17/2015 18:00,0.811698538,0.663567839,0.122553699,0.277959927
3/17/2015 19:00,0.811811024,0.651256281,0.122792363,0.268852459
3/17/2015 20:00,0.812035996,0.606218593,0.125894988,0.256284153
3/17/2015 21:00,0.811136108,0.548680905,0.122673031,0.255555556
3/17/2015 22:00,0.80832396,0.511746231,0.124940334,0.248816029
3/17/2015 23:00,0.811136108,0.407600503,0.118615752,0.240801457
3/18/2015 0:00,0.811473566,0.386620603,0.118257757,0.226593807
3/18/2015 1:00,0.811586052,0.382474874,0.117661098,0.22568306
3/18/2015 2:00,0.81192351,0.383479899,0.117422434,0.221675774
3/18/2015 3:00,0.811698538,0.415138191,0.11778043,0.204735883
3/18/2015 4:00,0.811698538,0.48241206,0.11849642,0.204007286
3/18/2015 5:00,0.811248594,0.61451005,0.118735084,0.196721311
3/18/2015 6:00,0.811136108,0.6625,0.11849642,0.179781421
3/18/2015 7:00,0.811586052,0.668404523,0.121837709,0.159198543
3/18/2015 8:00,0.811698538,0.656595477,0.121002387,0.139162113
3/18/2015 9:00,0.811586052,0.658542714,0.119928401,0.129143898
3/18/2015 10:00,0.81079865,0.648932161,0.119689737,0.124225865
3/18/2015 11:00,0.810348706,0.635992462,0.117541766,0.123315118
3/18/2015 12:00,0.810573678,0.624497487,0.116229117,0.125136612
3/18/2015 13:00,0.811136108,0.614761307,0.116229117,0.121129326
3/18/2015 14:00,0.811248594,0.617022613,0.115990453,0.117486339
3/18/2015 15:00,0.811248594,0.619221106,0.116229117,0.119489982
3/18/2015 16:00,0.811248594,0.627324121,0.116825776,0.125318761
3/18/2015 17:00,0.811248594,0.648115578,0.118138425,0.133333333
3/18/2015 18:00,0.811248594,0.646482412,0.119331742,0.162112933
3/18/2015 19:00,0.811586052,0.630967337,0.119928401,0.183424408
3/18/2015 20:00,0.811586052,0.600628141,0.119809069,0.19417122
3/18/2015 21:00,0.811586052,0.555590452,0.118735084,0.189799636
3/18/2015 22:00,0.811586052,0.487374372,0.117899761,0.193442623
3/18/2015 23:00,0.811811024,0.413002513,0.117303103,0.224043716
3/19/2015 0:00,0.812035996,0.392148241,0.117183771,0.231147541
3/19/2015 1:00,0.81192351,0.385615578,0.117422434,0.238433515
3/19/2015 2:00,0.81192351,0.391268844,0.118138425,0.250637523
3/19/2015 3:00,0.811811024,0.413944724,0.118257757,0.255737705
3/19/2015 4:00,0.81136108,0.497361809,0.120286396,0.262112933
3/19/2015 5:00,0.811586052,0.616394472,0.12124105,0.27140255
3/19/2015 6:00,0.811698538,0.655213568,0.122673031,0.269763206
3/19/2015 7:00,0.81192351,0.66111809,0.120763723,0.267213115
3/19/2015 8:00,0.812148481,0.657851759,0.119093079,0.266302368
3/19/2015 9:00,0.811248594,0.647298995,0.119689737,0.269945355
3/19/2015 10:00,0.810011249,0.641268844,0.114916468,0.27723133
3/19/2015 11:00,0.809448819,0.621356784,0.113484487,0.286338798
3/19/2015 12:00,0.809898763,0.618341709,0.112291169,0.299271403
3/19/2015 13:00,0.810686164,0.624246231,0.112291169,0.308925319
3/19/2015 14:00,0.811023622,0.622487437,0.111813842,0.302367942
3/19/2015 15:00,0.811136108,0.622424623,0.11097852,0.30582878
3/19/2015 16:00,0.811023622,0.627512563,0.110739857,0.312568306
3/19/2015 17:00,0.811023622,0.638128141,0.109785203,0.30273224
3/19/2015 18:00,0.811023622,0.6375,0.109546539,0.294535519
3/19/2015 19:00,0.81079865,0.630841709,0.111217184,0.29417122
3/19/2015 20:00,0.810911136,0.59968593,0.107637232,0.281785064
3/19/2015 21:00,0.811248594,0.550753769,0.107040573,0.283242259
3/19/2015 22:00,0.811248594,0.489258794,0.1075179,0.275774135
3/19/2015 23:00,0.811248594,0.411620603,0.109427208,0.260837887
3/20/2015 0:00,0.81136108,0.397424623,0.108711217,0.248816029
3/20/2015 1:00,0.811473566,0.389761307,0.109188544,0.238979964
3/20/2015 2:00,0.81136108,0.389447236,0.109904535,0.22276867
3/20/2015 3:00,0.811136108,0.410175879,0.112052506,0.213661202
3/20/2015 4:00,0.811136108,0.485552764,0.11778043,0.207103825
3/20/2015 5:00,0.811136108,0.622864322,0.120167064,0.195081967
3/20/2015 6:00,0.81136108,0.67160804,0.122911695,0.175045537
3/20/2015 7:00,0.81136108,0.677512563,0.121479714,0.156284153
3/20/2015 8:00,0.81136108,0.672487437,0.118973747,0.135883424
3/20/2015 9:00,0.81136108,0.675502513,0.114200477,0.123315118
3/20/2015 10:00,0.811473566,0.671984925,0.112052506,0.119307832
3/20/2015 11:00,0.81136108,0.661432161,0.115274463,0.118397086
3/20/2015 12:00,0.81136108,0.638442211,0.123866348,0.134061931
3/20/2015 13:00,0.811248594,0.649434673,0.124224344,0.13989071
3/20/2015 14:00,0.811248594,0.668090452,0.124701671,0.149726776
3/20/2015 15:00,0.810573678,0.677575377,0.125656325,0.159016393
3/20/2015 16:00,0.810911136,0.683354271,0.125536993,0.165027322
3/20/2015 17:00,0.811023622,0.686055276,0.128042959,0.17140255
3/20/2015 18:00,0.811023622,0.68379397,0.12673031,0.173770492
3/20/2015 19:00,0.811136108,0.652261307,0.126849642,0.183424408
3/20/2015 20:00,0.81136108,0.604522613,0.126133652,0.203642987
3/20/2015 21:00,0.81136108,0.555590452,0.123627685,0.221493625
3/20/2015 22:00,0.811473566,0.485238693,0.121957041,0.244444444
3/20/2015 23:00,0.811586052,0.400753769,0.121002387,0.19726776
3/21/2015 0:00,0.811473566,0.392964824,0.121718377,0.218943534
3/21/2015 1:00,0.811698538,0.392022613,0.122315036,0.255919854
3/21/2015 2:00,0.811811024,0.391708543,0.121957041,0.304553734
3/21/2015 3:00,0.81192351,0.39321608,0.122673031,0.341894353
3/21/2015 4:00,0.811811024,0.404020101,0.124224344,0.36848816
3/21/2015 5:00,0.81192351,0.45741206,0.124105012,0.396721311
3/21/2015 6:00,0.811473566,0.474937186,0.124821002,0.417486339
3/21/2015 7:00,0.81136108,0.513630653,0.125298329,0.437887067
3/21/2015 8:00,0.811248594,0.530276382,0.124940334,0.442076503
3/21/2015 9:00,0.81136108,0.525502513,0.124701671,0.447905282
3/21/2015 10:00,0.811586052,0.515138191,0.122076372,0.459744991
3/21/2015 11:00,0.81136108,0.499309045,0.122911695,0.471948998
3/21/2015 12:00,0.81136108,0.486746231,0.121599045,0.46284153
3/21/2015 13:00,0.811248594,0.478957286,0.121718377,0.437522769
3/21/2015 14:00,0.811023622,0.479711055,0.12326969,0.413114754
3/21/2015 15:00,0.811136108,0.49491206,0.12601432,0.384881603
3/21/2015 16:00,0.811023622,0.550376884,0.126849642,0.344808743
3/21/2015 17:00,0.811136108,0.616520101,0.129116945,0.289617486
3/21/2015 18:00,0.810911136,0.615640704,0.130310263,0.249908925
3/21/2015 19:00,0.810911136,0.59258794,0.131026253,0.22003643
3/21/2015 20:00,0.810911136,0.580527638,0.131145585,0.190163934
3/21/2015 21:00,0.811023622,0.554648241,0.130190931,0.173406193
3/21/2015 22:00,0.811136108,0.49830402,0.129116945,0.160473588
3/21/2015 23:00,0.811136108,0.392964824,0.124343675,0.154462659
3/22/2015 0:00,0.811136108,0.368907035,0.123866348,0.17996357
3/22/2015 1:00,0.811248594,0.35339196,0.123627685,0.226775956
3/22/2015 2:00,0.811248594,0.356469849,0.125059666,0.27723133
3/22/2015 3:00,0.811136108,0.356407035,0.126372315,0.322222222
3/22/2015 4:00,0.81136108,0.363819095,0.125536993,0.36284153
3/22/2015 5:00,0.811473566,0.398241206,0.126491647,0.387613843
3/22/2015 6:00,0.803712036,0.424874372,0.12673031,0.418579235
3/22/2015 7:00,0.800674916,0.443592965,0.12875895,0.456648452
3/22/2015 8:00,0.799550056,0.468027638,0.123150358,0.49417122
3/22/2015 9:00,0.799100112,0.474434673,0.122195704,0.550273224
3/22/2015 10:00,0.798200225,0.482160804,0.122315036,0.586885246
3/22/2015 11:00,0.798200225,0.47160804,0.121718377,0.608196721
3/22/2015 12:00,0.798537683,0.465263819,0.117541766,0.614754098
3/22/2015 13:00,0.79943757,0.463128141,0.115871122,0.624043716
3/22/2015 14:00,0.799775028,0.463505025,0.115632458,0.613296903
3/22/2015 15:00,0.798875141,0.481281407,0.114200477,0.592167577
3/22/2015 16:00,0.798200225,0.572738693,0.114677804,0.575409836
3/22/2015 17:00,0.783577053,0.60201005,0.11646778,0.574499089
3/22/2015 18:00,0.767266592,0.605967337,0.117422434,0.576320583
3/22/2015 19:00,0.76344207,0.584924623,0.115871122,0.583060109
3/22/2015 20:00,0.778177728,0.560552764,0.117183771,0.581602914
3/22/2015 21:00,0.788976378,0.516896985,0.1150358,0.581785064
3/22/2015 22:00,0.789538808,0.464007538,0.113245823,0.569398907
3/22/2015 23:00,0.790551181,0.39629397,0.112649165,0.591621129
3/23/2015 0:00,0.791001125,0.374811558,0.112410501,0.580510018
3/23/2015 1:00,0.790776153,0.373680905,0.112291169,0.562112933
3/23/2015 2:00,0.790888639,0.382160804,0.111336516,0.569945355
3/23/2015 3:00,0.790888639,0.388190955,0.109069212,0.57140255
3/23/2015 4:00,0.790663667,0.436620603,0.109785203,0.572313297
3/23/2015 5:00,0.790438695,0.586432161,0.11849642,0.558105647
3/23/2015 6:00,0.790551181,0.646356784,0.119928401,0.53989071
3/23/2015 7:00,0.791563555,0.652826633,0.119809069,0.523679417
3/23/2015 8:00,0.793925759,0.645540201,0.118735084,0.519307832
3/23/2015 9:00,0.794263217,0.64428392,0.118615752,0.518579235
3/23/2015 10:00,0.797300337,0.622738693,0.115393795,0.534972678
3/23/2015 11:00,0.797412823,0.590263819,0.114081146,0.537887067
3/23/2015 12:00,0.771091114,0.581846734,0.112649165,0.563752277
3/23/2015 13:00,0.75095613,0.601193467,0.113961814,0.571584699
3/23/2015 14:00,0.767154106,0.605213568,0.114797136,0.582149362
3/23/2015 15:00,0.772665917,0.608040201,0.114916468,0.583788707
3/23/2015 16:00,0.774015748,0.61048995,0.116348449,0.571584699
3/23/2015 17:00,0.783464567,0.620728643,0.117303103,0.578324226
3/23/2015 18:00,0.796737908,0.625628141,0.114916468,0.594899818
3/23/2015 19:00,0.80056243,0.60138191,0.117303103,0.604735883
3/23/2015 20:00,0.800674916,0.562437186,0.118973747,0.598178506
3/23/2015 21:00,0.803149606,0.533165829,0.119809069,0.587067395
3/23/2015 22:00,0.802249719,0.488442211,0.119928401,0.564845173
3/23/2015 23:00,0.804386952,0.393404523,0.116587112,0.551001821
3/24/2015 0:00,0.80359955,0.3875,0.115393795,0.522586521
3/24/2015 1:00,0.806074241,0.394032663,0.114200477,0.504371585
3/24/2015 2:00,0.808998875,0.398994975,0.112410501,0.4856102
3/24/2015 3:00,0.810123735,0.419095477,0.109785203,0.469398907
3/24/2015 4:00,0.809898763,0.451130653,0.111336516,0.451912568
3/24/2015 5:00,0.810123735,0.582160804,0.112649165,0.424225865
3/24/2015 6:00,0.808548931,0.645163317,0.114677804,0.38579235
3/24/2015 7:00,0.801574803,0.650502513,0.116945107,0.355191257
3/24/2015 8:00,0.798537683,0.654899497,0.113961814,0.32295082
3/24/2015 9:00,0.797975253,0.647675879,0.114319809,0.299817851
3/24/2015 10:00,0.798762655,0.64459799,0.115274463,0.275227687
3/24/2015 11:00,0.798875141,0.603454774,0.115990453,0.272859745
3/24/2015 12:00,0.798762655,0.598241206,0.115990453,0.259198543
3/24/2015 13:00,0.806749156,0.619409548,0.11575179,0.247358834
3/24/2015 14:00,0.812598425,0.627575377,0.113245823,0.229690346
3/24/2015 15:00,0.812598425,0.62839196,0.114439141,0.222222222
3/24/2015 16:00,0.813048369,0.636243719,0.114081146,0.208743169
3/24/2015 17:00,0.811023622,0.649309045,0.117422434,0.190892532
3/24/2015 18:00,0.808548931,0.646670854,0.118019093,0.186703097
3/24/2015 19:00,0.811023622,0.632474874,0.11778043,0.183424408
3/24/2015 20:00,0.811248594,0.612625628,0.115632458,0.187067395
3/24/2015 21:00,0.801349831,0.570540201,0.116229117,0.183970856
3/24/2015 22:00,0.79696288,0.520477387,0.115990453,0.181967213
3/24/2015 23:00,0.799100112,0.415389447,0.115513126,0.217304189
3/25/2015 0:00,0.815860517,0.393844221,0.113842482,0.22859745
3/25/2015 1:00,0.839370079,0.38611809,0.11300716,0.243351548
3/25/2015 2:00,0.853768279,0.384673367,0.113842482,0.257741348
3/25/2015 3:00,0.854105737,0.399497487,0.113961814,0.275409836
3/25/2015 4:00,0.853880765,0.466457286,0.1150358,0.294899818
3/25/2015 5:00,0.853993251,0.589949749,0.115274463,0.310928962
3/25/2015 6:00,0.853430821,0.647487437,0.114916468,0.316575592
3/25/2015 7:00,0.853655793,0.656155779,0.114797136,0.324590164
3/25/2015 8:00,0.853655793,0.638128141,0.114081146,0.326047359
3/25/2015 9:00,0.859505062,0.631469849,0.112768496,0.32276867
3/25/2015 10:00,0.866029246,0.621984925,0.110859189,0.322586521
3/25/2015 11:00,0.866704162,0.600942211,0.109188544,0.332422587
3/25/2015 12:00,0.866704162,0.584170854,0.108711217,0.355373406
3/25/2015 13:00,0.866366704,0.574246231,0.110381862,0.36867031
3/25/2015 14:00,0.866366704,0.566771357,0.110620525,0.382331512
3/25/2015 15:00,0.866591676,0.566582915,0.111097852,0.400728597
3/25/2015 16:00,0.86591676,0.567211055,0.111933174,0.414571949
3/25/2015 17:00,0.865354331,0.588379397,0.114200477,0.431876138
3/25/2015 18:00,0.865579303,0.582474874,0.116348449,0.451183971
3/25/2015 19:00,0.866029246,0.569221106,0.117303103,0.480692168
3/25/2015 20:00,0.866254218,0.53781407,0.117541766,0.500728597
3/25/2015 21:00,0.866254218,0.467022613,0.117422434,0.505282332
3/25/2015 22:00,0.871878515,0.412123116,0.116945107,0.520218579
3/25/2015 23:00,0.872778403,0.363442211,0.11778043,0.555191257
3/26/2015 0:00,0.872778403,0.347738693,0.119451074,0.559016393
3/26/2015 1:00,0.873228346,0.344095477,0.119689737,0.567213115
3/26/2015 2:00,0.873340832,0.348994975,0.119331742,0.582695811
3/26/2015 3:00,0.873340832,0.366959799,0.119570406,0.596721311
3/26/2015 4:00,0.872890889,0.435113065,0.120047733,0.599089253
3/26/2015 5:00,0.872778403,0.521545226,0.118138425,0.604918033
3/26/2015 6:00,0.872778403,0.618592965,0.115155131,0.599635701
3/26/2015 7:00,0.872440945,0.64660804,0.113842482,0.585063752
3/26/2015 8:00,0.840269966,0.647047739,0.113484487,0.589799636
3/26/2015 9:00,0.813610799,0.646922111,0.107398568,0.572131148
3/26/2015 10:00,0.823284589,0.64321608,0.108830549,0.55154827
3/26/2015 11:00,0.83352081,0.639761307,0.110381862,0.534790528
3/26/2015 12:00,0.846906637,0.633417085,0.109069212,0.516575592
3/26/2015 13:00,0.856580427,0.625628141,0.107756563,0.491621129
3/26/2015 14:00,0.812823397,0.633919598,0.108472554,0.482149362
3/26/2015 15:00,0.748143982,0.637688442,0.10823389,0.473770492
3/26/2015 16:00,0.755005624,0.658103015,0.109785203,0.462295082
3/26/2015 17:00,0.760517435,0.661683417,0.113603819,0.447905282
3/26/2015 18:00,0.761079865,0.659045226,0.109785203,0.445173042
3/26/2015 19:00,0.761867267,0.646042714,0.109546539,0.421493625
3/26/2015 20:00,0.761979753,0.618467337,0.107875895,0.410928962
3/26/2015 21:00,0.761979753,0.554459799,0.108711217,0.38870674
3/26/2015 22:00,0.762092238,0.507977387,0.111336516,0.363934426
3/26/2015 23:00,0.762092238,0.439070352,0.114319809,0.305464481
3/27/2015 0:00,0.761979753,0.43071608,0.111217184,0.275045537
3/27/2015 1:00,0.76231721,0.43718593,0.112649165,0.253369763
3/27/2015 2:00,0.761867267,0.436494975,0.112768496,0.235519126
3/27/2015 3:00,0.761979753,0.448052764,0.112887828,0.216393443
3/27/2015 4:00,0.761979753,0.516520101,0.113245823,0.203278689
3/27/2015 5:00,0.761642295,0.630527638,0.114319809,0.183788707
3/27/2015 6:00,0.761529809,0.673680905,0.119689737,0.16575592
3/27/2015 7:00,0.739032621,0.657663317,0.120883055,0.152459016
3/27/2015 8:00,0.717435321,0.646984925,0.12124105,0.142076503
3/27/2015 9:00,0.715185602,0.636369347,0.120047733,0.137704918
3/27/2015 10:00,0.714623172,0.630339196,0.119928401,0.129508197
3/27/2015 11:00,0.717210349,0.636871859,0.121479714,0.127686703
3/27/2015 12:00,0.730596175,0.634610553,0.119570406,0.126775956
3/27/2015 13:00,0.744656918,0.637374372,0.119451074,0.125136612
3/27/2015 14:00,0.749381327,0.638567839,0.119093079,0.126958106
3/27/2015 15:00,0.749606299,0.63888191,0.119212411,0.132422587
3/27/2015 16:00,0.756017998,0.648555276,0.122076372,0.128051002
3/27/2015 17:00,0.760854893,0.653203518,0.120644391,0.126775956
3/27/2015 18:00,0.760742407,0.666771357,0.122076372,0.127322404
3/27/2015 19:00,0.760967379,0.641645729,0.122076372,0.132786885
3/27/2015 20:00,0.760854893,0.596796482,0.122076372,0.137340619
3/27/2015 21:00,0.760854893,0.552324121,0.120763723,0.140801457
3/27/2015 22:00,0.761192351,0.521105528,0.12052506,0.143897996
3/27/2015 23:00,0.761192351,0.403140704,0.113842482,0.141894353
3/28/2015 0:00,0.761642295,0.367399497,0.115513126,0.146083789
3/28/2015 1:00,0.761529809,0.364070352,0.113961814,0.150091075
3/28/2015 2:00,0.761867267,0.364070352,0.108472554,0.14298725
3/28/2015 3:00,0.761979753,0.379836683,0.109307876,0.138797814
3/28/2015 4:00,0.762092238,0.392273869,0.109546539,0.141712204
3/28/2015 5:00,0.762204724,0.408605528,0.109546539,0.130418944
3/28/2015 6:00,0.76231721,0.457537688,0.110501193,0.116211293
3/28/2015 7:00,0.762204724,0.568027638,0.109307876,0.095992714
3/28/2015 8:00,0.726884139,0.604648241,0.109546539,0.087613843
3/28/2015 9:00,0.686389201,0.613944724,0.110023866,0.077959927
3/28/2015 10:00,0.682452193,0.601570352,0.109546539,0.075774135
3/28/2015 11:00,0.685939258,0.572047739,0.110501193,0.074134791
3/28/2015 12:00,0.688976378,0.529271357,0.111575179,0.081056466
3/28/2015 13:00,0.694488189,0.518153266,0.111336516,0.091985428
3/28/2015 14:00,0.735883015,0.520728643,0.112052506,0.107832423
3/28/2015 15:00,0.749718785,0.514761307,0.112291169,0.124043716
3/28/2015 16:00,0.750056243,0.537751256,0.112291169,0.152094718
3/28/2015 17:00,0.755230596,0.565389447,0.114439141,0.205100182
3/28/2015 18:00,0.756692913,0.567776382,0.114797136,0.26867031
3/28/2015 19:00,0.75984252,0.502198492,0.114439141,0.350637523
3/28/2015 20:00,0.759955006,0.441582915,0.114439141,0.428415301
3/28/2015 21:00,0.75984252,0.410678392,0.115155131,0.490710383
3/28/2015 22:00,0.75984252,0.378140704,0.114558473,0.532604736
3/28/2015 23:00,0.762092238,0.271168342,0.111455847,0.543169399
3/29/2015 0:00,0.761867267,0.239824121,0.103102625,0.574863388
3/29/2015 1:00,0.761867267,0.236746231,0.11575179,0.569398907
3/29/2015 2:00,0.762204724,0.23548995,0.113603819,0.623497268
3/29/2015 3:00,0.761642295,0.245791457,0.114439141,0.62568306
3/29/2015 4:00,0.761754781,0.264384422,0.114677804,0.630418944
3/29/2015 5:00,0.761867267,0.307537688,0.115871122,0.612386157
3/29/2015 6:00,0.761979753,0.350251256,0.115871122,0.591256831
3/29/2015 7:00,0.761979753,0.395540201,0.117183771,0.566120219
3/29/2015 8:00,0.762092238,0.415452261,0.115990453,0.546265938
3/29/2015 9:00,0.761867267,0.427701005,0.115393795,0.518032787
3/29/2015 10:00,0.761979753,0.433228643,0.11097852,0.503460838
3/29/2015 11:00,0.761642295,0.429020101,0.11097852,0.485063752
3/29/2015 12:00,0.761754781,0.425690955,0.110501193,0.465209472
3/29/2015 13:00,0.761529809,0.425439698,0.110143198,0.438797814
3/29/2015 14:00,0.761529809,0.427826633,0.110501193,0.418761384
3/29/2015 15:00,0.761642295,0.457726131,0.110620525,0.386338798
3/29/2015 16:00,0.761642295,0.483982412,0.110859189,0.371584699
3/29/2015 17:00,0.761417323,0.524057789,0.11097852,0.351912568
3/29/2015 18:00,0.761867267,0.526444724,0.11097852,0.327686703
3/29/2015 19:00,0.761867267,0.484045226,0.11097852,0.309836066
3/29/2015 20:00,0.761867267,0.451130653,0.112291169,0.280145719
3/29/2015 21:00,0.762204724,0.391080402,0.11026253,0.250637523
3/29/2015 22:00,0.761867267,0.305841709,0.107995227,0.225500911
3/29/2015 23:00,0.761867267,0.29089196,0.107995227,0.196721311
3/30/2015 0:00,0.761304837,0.276570352,0.108114558,0.174863388
3/30/2015 1:00,0.761529809,0.273932161,0.110143198,0.165209472
3/30/2015 2:00,0.761642295,0.292462312,0.108949881,0.15701275
3/30/2015 3:00,0.761529809,0.373806533,0.109904535,0.1428051
3/30/2015 4:00,0.761754781,0.507349246,0.114558473,0.130601093
3/30/2015 5:00,0.761867267,0.616959799,0.115871122,0.135701275
3/30/2015 6:00,0.761529809,0.639886935,0.115871122,0.133151184
3/30/2015 7:00,0.761979753,0.626193467,0.116229117,0.155191257
3/30/2015 8:00,0.762204724,0.615766332,0.115632458,0.181056466
3/30/2015 9:00,0.761754781,0.597361809,0.114916468,0.203642987
3/30/2015 10:00,0.761979753,0.576130653,0.115393795,0.233879781
3/30/2015 11:00,0.761754781,0.573806533,0.116109785,0.256466302
3/30/2015 12:00,0.761867267,0.547613065,0.120763723,0.26557377
3/30/2015 13:00,0.761867267,0.537625628,0.120405728,0.289981785
3/30/2015 14:00,0.761304837,0.518090452,0.120405728,0.315664845
3/30/2015 15:00,0.761642295,0.524623116,0.121360382,0.334061931
3/30/2015 16:00,0.761979753,0.549748744,0.120167064,0.349180328
3/30/2015 17:00,0.761642295,0.568278894,0.118377088,0.356102004
3/30/2015 18:00,0.761642295,0.56620603,0.119451074,0.373224044
3/30/2015 19:00,0.761642295,0.521482412,0.119093079,0.396357013
3/30/2015 20:00,0.761754781,0.466834171,0.115632458,0.409653916
3/30/2015 21:00,0.761979753,0.393844221,0.114439141,0.413843352
3/30/2015 22:00,0.762092238,0.331155779,0.11849642,0.441712204
3/30/2015 23:00,0.761754781,0.300879397,0.118377088,0.440437158
3/31/2015 0:00,0.761754781,0.295728643,0.119212411,0.426958106
3/31/2015 1:00,0.761867267,0.292839196,0.118973747,0.410382514
3/31/2015 2:00,0.76231721,0.300376884,0.119451074,0.373224044
3/31/2015 3:00,0.762092238,0.388316583,0.118257757,0.344626594
3/31/2015 4:00,0.762204724,0.48410804,0.116706444,0.320947177
3/31/2015 5:00,0.761979753,0.604585427,0.117541766,0.301275046
3/31/2015 6:00,0.761417323,0.62361809,0.115871122,0.283424408
3/31/2015 7:00,0.761417323,0.625439698,0.11646778,0.259380692
3/31/2015 8:00,0.758267717,0.624371859,0.117541766,0.246448087
3/31/2015 9:00,0.758605174,0.625062814,0.119451074,0.234972678
3/31/2015 10:00,0.758942632,0.601570352,0.121002387,0.216029144
3/31/2015 11:00,0.757817773,0.589824121,0.121121718,0.192167577
3/31/2015 12:00,0.758380202,0.57468593,0.12326969,0.177959927
3/31/2015 13:00,0.758267717,0.579773869,0.123866348,0.16557377
3/31/2015 14:00,0.760067492,0.560615578,0.124701671,0.163387978
3/31/2015 15:00,0.759617548,0.562437186,0.124582339,0.159380692
3/31/2015 16:00,0.760292463,0.57361809,0.123747017,0.160291439
3/31/2015 17:00,0.775478065,0.578329146,0.118973747,0.172677596
3/31/2015 18:00,0.784251969,0.568278894,0.120286396,0.187249545
3/31/2015 19:00,0.788526434,0.518907035,0.120167064,0.201457195
3/31/2015 20:00,0.787851519,0.444158291,0.119212411,0.226229508
3/31/2015 21:00,0.789651294,0.378957286,0.12124105,0.231147541
3/31/2015 22:00,0.789651294,0.338128141,0.117183771,0.190163934
3/31/2015 23:00,0.795050619,0.313567839,0.115155131,0.189435337
4/1/2015 0:00,0.80776153,0.308856784,0.115155131,0.18287796
4/1/2015 1:00,0.815185602,0.306155779,0.115155131,0.186338798
4/1/2015 2:00,0.817435321,0.311557789,0.114200477,0.193078324
4/1/2015 3:00,0.823284589,0.383856784,0.113126492,0.204553734
4/1/2015 4:00,0.824184477,0.488190955,0.112887828,0.211111111
4/1/2015 5:00,0.824296963,0.590577889,0.114558473,0.200910747
4/1/2015 6:00,0.823959505,0.609296482,0.110620525,0.204007286
4/1/2015 7:00,0.824071991,0.610929648,0.112410501,0.195810565
4/1/2015 8:00,0.824634421,0.59660804,0.114558473,0.185428051
4/1/2015 9:00,0.824409449,0.578203518,0.116229117,0.182513661
4/1/2015 10:00,0.824634421,0.544786432,0.114797136,0.1856102
4/1/2015 11:00,0.824409449,0.527763819,0.11646778,0.201275046
4/1/2015 12:00,0.824409449,0.499623116,0.116825776,0.207468124
4/1/2015 13:00,0.824296963,0.508919598,0.116229117,0.225318761
4/1/2015 14:00,0.850281215,0.49629397,0.117303103,0.239708561
4/1/2015 15:00,0.854105737,0.498869347,0.116348449,0.250637523
4/1/2015 16:00,0.854330709,0.516834171,0.114081146,0.26575592
4/1/2015 17:00,0.854330709,0.529145729,0.1349642,0.274134791
4/1/2015 18:00,0.854668166,0.52839196,0.11372315,0.279052823
4/1/2015 19:00,0.854555681,0.484547739,0.112887828,0.290163934
4/1/2015 20:00,0.854668166,0.440577889,0.114081146,0.29417122
4/1/2015 21:00,0.854780652,0.386432161,0.116825776,0.293624772
4/1/2015 22:00,0.863892013,0.346105528,0.113842482,0.299453552
4/1/2015 23:00,0.866929134,0.320791457,0.11372315,0.293624772
4/2/2015 0:00,0.867266592,0.301758794,0.113365155,0.293806922
4/2/2015 1:00,0.867266592,0.304396985,0.113603819,0.281602914
4/2/2015 2:00,0.867154106,0.326884422,0.113603819,0.278324226
4/2/2015 3:00,0.866929134,0.39428392,0.113842482,0.278506375
4/2/2015 4:00,0.866816648,0.503015075,0.115274463,0.282695811
4/2/2015 5:00,0.866591676,0.590515075,0.119809069,0.276502732
4/2/2015 6:00,0.866704162,0.611306533,0.119809069,0.260837887
4/2/2015 7:00,0.866929134,0.629020101,0.11849642,0.255919854
4/2/2015 8:00,0.866591676,0.623932161,0.117661098,0.235519126
4/2/2015 9:00,0.866816648,0.599057789,0.117064439,0.230054645
4/2/2015 10:00,0.866366704,0.568969849,0.114797136,0.231876138
4/2/2015 11:00,0.868953881,0.526884422,0.116945107,0.256102004
4/2/2015 12:00,0.871091114,0.509484925,0.117064439,0.279599271
4/2/2015 13:00,0.871316085,0.487625628,0.116109785,0.3
4/2/2015 14:00,0.871316085,0.477386935,0.115155131,0.314936248
4/2/2015 15:00,0.871316085,0.479711055,0.11646778,0.321857923
4/2/2015 16:00,0.871428571,0.490263819,0.1150358,0.325136612
4/2/2015 17:00,0.871428571,0.513944724,0.118735084,0.323132969
4/2/2015 18:00,0.871766029,0.511243719,0.118138425,0.319125683
4/2/2015 19:00,0.872103487,0.505150754,0.1150358,0.33715847
4/2/2015 20:00,0.872103487,0.486620603,0.114200477,0.346994536
4/2/2015 21:00,0.872440945,0.429836683,0.114081146,0.352094718
4/2/2015 22:00,0.872328459,0.329962312,0.110501193,0.38579235
4/2/2015 23:00,0.872328459,0.294535176,0.112052506,0.388342441
4/3/2015 0:00,0.872553431,0.284610553,0.1150358,0.385428051
4/3/2015 1:00,0.872665917,0.281595477,0.115155131,0.380692168
4/3/2015 2:00,0.872665917,0.28548995,0.1150358,0.371220401
4/3/2015 3:00,0.872778403,0.335929648,0.11300716,0.365209472
4/3/2015 4:00,0.872665917,0.395979899,0.113126492,0.350637523
4/3/2015 5:00,0.872553431,0.45138191,0.114558473,0.343351548
4/3/2015 6:00,0.872328459,0.50339196,0.117064439,0.328779599
4/3/2015 7:00,0.872215973,0.507600503,0.116706444,0.300728597
4/3/2015 8:00,0.871991001,0.504459799,0.117183771,0.281785064
4/3/2015 9:00,0.871991001,0.497424623,0.11849642,0.263934426
4/3/2015 10:00,0.871878515,0.493592965,0.120286396,0.263205829
4/3/2015 11:00,0.871878515,0.477575377,0.116587112,0.267030965
4/3/2015 12:00,0.871766029,0.47129397,0.119331742,0.27704918
4/3/2015 13:00,0.871653543,0.467211055,0.116348449,0.285428051
4/3/2015 14:00,0.871653543,0.47669598,0.115513126,0.286885246
4/3/2015 15:00,0.871428571,0.500439698,0.11575179,0.275045537
4/3/2015 16:00,0.871428571,0.516582915,0.115990453,0.266666667
4/3/2015 17:00,0.871316085,0.520226131,0.113961814,0.259016393
4/3/2015 18:00,0.871316085,0.522801508,0.113245823,0.261930783
4/3/2015 19:00,0.871316085,0.494158291,0.110620525,0.26575592
4/3/2015 20:00,0.871541057,0.471545226,0.11097852,0.279781421
4/3/2015 21:00,0.871878515,0.423178392,0.111455847,0.289981785
4/3/2015 22:00,0.871878515,0.347298995,0.104892601,0.278688525
4/3/2015 23:00,0.871878515,0.338630653,0.10477327,0.297632058
4/4/2015 0:00,0.871991001,0.334170854,0.10477327,0.319125683
4/4/2015 1:00,0.871316085,0.315201005,0.106085919,0.339344262
4/4/2015 2:00,0.870416198,0.312437186,0.105966587,0.339526412
4/4/2015 3:00,0.870753656,0.330653266,0.106563246,0.338979964
4/4/2015 4:00,0.870528684,0.389949749,0.106563246,0.336247723
4/4/2015 5:00,0.87064117,0.435175879,0.1075179,0.303460838
4/4/2015 6:00,0.870416198,0.484736181,0.106563246,0.216939891
4/4/2015 7:00,0.870416198,0.518467337,0.106563246,0.171948998
4/4/2015 8:00,0.870303712,0.522361809,0.106563246,0.185063752
4/4/2015 9:00,0.870303712,0.507160804,0.105727924,0.204735883
4/4/2015 10:00,0.869853768,0.490829146,0.104176611,0.215300546
4/4/2015 11:00,0.869853768,0.48580402,0.103102625,0.224590164
4/4/2015 12:00,0.869741282,0.47839196,0.102863962,0.226229508
4/4/2015 13:00,0.869291339,0.47839196,0.102863962,0.236065574
4/4/2015 14:00,0.869178853,0.474623116,0.103221957,0.226775956
4/4/2015 15:00,0.869403825,0.477638191,0.104057279,0.216029144
4/4/2015 16:00,0.869403825,0.488819095,0.104534606,0.189617486
4/4/2015 17:00,0.869853768,0.503077889,0.105131265,0.161020036
4/4/2015 18:00,0.86951631,0.495791457,0.107159905,0.175409836
4/4/2015 19:00,0.869628796,0.493153266,0.109188544,0.187067395
4/4/2015 20:00,0.869966254,0.466143216,0.110023866,0.204918033
4/4/2015 21:00,0.870191226,0.429082915,0.111097852,0.204007286
4/4/2015 22:00,0.870191226,0.374623116,0.112768496,0.203096539
4/4/2015 23:00,0.870978628,0.332035176,0.113126492,0.215846995
4/5/2015 0:00,0.870753656,0.324811558,0.113842482,0.218943534
4/5/2015 1:00,0.870753656,0.307349246,0.113842482,0.217668488
4/5/2015 2:00,0.870978628,0.30540201,0.11372315,0.206010929
4/5/2015 3:00,0.870753656,0.314007538,0.114200477,0.211657559
4/5/2015 4:00,0.87064117,0.336934673,0.11300716,0.198360656
4/5/2015 5:00,0.871091114,0.383165829,0.114200477,0.17431694
4/5/2015 6:00,0.870978628,0.420226131,0.114200477,0.141347905
4/5/2015 7:00,0.871091114,0.444221106,0.113961814,0.101275046
4/5/2015 8:00,0.871653543,0.450376884,0.112171838,0.110564663
4/5/2015 9:00,0.871428571,0.451005025,0.111575179,0.135701275
4/5/2015 10:00,0.871541057,0.442462312,0.110023866,0.13132969
4/5/2015 11:00,0.871878515,0.437374372,0.109546539,0.13989071
4/5/2015 12:00,0.871541057,0.428077889,0.109307876,0.148816029
4/5/2015 13:00,0.871091114,0.428140704,0.109307876,0.156102004
4/5/2015 14:00,0.8712036,0.424434673,0.109427208,0.150455373
4/5/2015 15:00,0.871541057,0.440012563,0.108591885,0.139162113
4/5/2015 16:00,0.871091114,0.468153266,0.109069212,0.133879781
4/5/2015 17:00,0.870978628,0.481407035,0.109188544,0.137887067
4/5/2015 18:00,0.870753656,0.509296482,0.11026253,0.178506375
4/5/2015 19:00,0.870866142,0.511934673,0.111455847,0.224408015
4/5/2015 20:00,0.870978628,0.479711055,0.111813842,0.261202186
4/5/2015 21:00,0.871091114,0.438128141,0.110859189,0.291803279
4/5/2015 22:00,0.871091114,0.353831658,0.113603819,0.314936248
4/5/2015 23:00,0.871428571,0.302575377,0.115155131,0.313843352
4/6/2015 0:00,0.871541057,0.275188442,0.115393795,0.312568306
4/6/2015 1:00,0.871316085,0.264258794,0.115513126,0.306557377
4/6/2015 2:00,0.8712036,0.268090452,0.115274463,0.318943534
4/6/2015 3:00,0.870978628,0.295163317,0.115871122,0.32003643
4/6/2015 4:00,0.870866142,0.333103015,0.117422434,0.318579235
4/6/2015 5:00,0.870753656,0.393090452,0.116229117,0.312021858
4/6/2015 6:00,0.87064117,0.458668342,0.116229117,0.284881603
4/6/2015 7:00,0.87064117,0.465515075,0.114319809,0.25701275
4/6/2015 8:00,0.870753656,0.471356784,0.113126492,0.244808743
4/6/2015 9:00,0.870528684,0.478643216,0.114081146,0.233879781
4/6/2015 10:00,0.870416198,0.483919598,0.111933174,0.244808743
4/6/2015 11:00,0.870303712,0.468341709,0.115393795,0.247723133
4/6/2015 12:00,0.870753656,0.453831658,0.114200477,0.273224044
4/6/2015 13:00,0.870978628,0.447675879,0.112529833,0.297632058
4/6/2015 14:00,0.870866142,0.44428392,0.113126492,0.319854281
4/6/2015 15:00,0.87064117,0.45678392,0.113603819,0.328415301
4/6/2015 16:00,0.870303712,0.491268844,0.112887828,0.32568306
4/6/2015 17:00,0.870528684,0.516268844,0.113245823,0.383970856
4/6/2015 18:00,0.87064117,0.510615578,0.112171838,0.436247723
4/6/2015 19:00,0.870753656,0.499497487,0.112171838,0.496174863
4/6/2015 20:00,0.871316085,0.470037688,0.11097852,0.53989071
4/6/2015 21:00,0.871541057,0.406658291,0.113126492,0.569945355
4/6/2015 22:00,0.8712036,0.330213568,0.107159905,0.57431694
4/6/2015 23:00,0.871428571,0.303077889,0.108830549,0.608378871
4/7/2015 0:00,0.871428571,0.299497487,0.110859189,0.630054645
4/7/2015 1:00,0.871428571,0.291017588,0.112768496,0.661748634
4/7/2015 2:00,0.871991001,0.303203518,0.116945107,0.676502732
4/7/2015 3:00,0.871428571,0.367022613,0.117899761,0.672131148
4/7/2015 4:00,0.871766029,0.447613065,0.116825776,0.655919854
4/7/2015 5:00,0.871766029,0.542713568,0.120644391,0.625318761
4/7/2015 6:00,0.871766029,0.579334171,0.122076372,0.573041894
4/7/2015 7:00,0.871428571,0.576067839,0.123150358,0.528779599
4/7/2015 8:00,0.871428571,0.557851759,0.123747017,0.526958106
4/7/2015 9:00,0.871541057,0.549371859,0.122911695,0.534061931
4/7/2015 10:00,0.871428571,0.53209799,0.121599045,0.507832423
4/7/2015 11:00,0.871653543,0.519221106,0.120047733,0.47431694
4/7/2015 12:00,0.871766029,0.519723618,0.118377088,0.461748634
4/7/2015 13:00,0.871766029,0.517085427,0.117183771,0.440801457
4/7/2015 14:00,0.871766029,0.512060302,0.114319809,0.454098361
4/7/2015 15:00,0.871766029,0.526633166,0.114558473,0.448816029
4/7/2015 16:00,0.871653543,0.534736181,0.112887828,0.419672131
4/7/2015 17:00,0.871653543,0.536306533,0.110501193,0.457741348
4/7/2015 18:00,0.871316085,0.537939698,0.110501193,0.501092896
4/7/2015 19:00,0.871316085,0.500565327,0.110620525,0.541894353
4/7/2015 20:00,0.871541057,0.471168342,0.111336516,0.547905282
4/7/2015 21:00,0.871428571,0.421796482,0.112052506,0.561566485
4/7/2015 22:00,0.871316085,0.300062814,0.109427208,0.566666667
4/7/2015 23:00,0.871316085,0.267839196,0.108711217,0.559380692
4/8/2015 0:00,0.871428571,0.261934673,0.108591885,0.544444444
4/8/2015 1:00,0.871428571,0.266834171,0.109785203,0.547176685
4/8/2015 2:00,0.871541057,0.274874372,0.109069212,0.560473588
4/8/2015 3:00,0.871091114,0.347487437,0.109546539,0.558652095
4/8/2015 4:00,0.871428571,0.441143216,0.107995227,0.562659381
4/8/2015 5:00,0.871316085,0.513253769,0.108472554,0.548998179
4/8/2015 6:00,0.870978628,0.550062814,0.106682578,0.53442623
4/8/2015 7:00,0.871316085,0.546168342,0.104653938,0.523315118
4/8/2015 8:00,0.871428571,0.546419598,0.103460621,0.536612022
4/8/2015 9:00,0.871091114,0.53580402,0.102147971,0.537887067
4/8/2015 10:00,0.871091114,0.518090452,0.100119332,0.521857923
4/8/2015 11:00,0.870753656,0.514258794,0.1,0.498542805
4/8/2015 12:00,0.87064117,0.5125,0.101312649,0.486520947
4/8/2015 13:00,0.870753656,0.511306533,0.102267303,0.473770492
4/8/2015 14:00,0.870528684,0.517273869,0.101909308,0.459562842
4/8/2015 15:00,0.87064117,0.522110553,0.101193317,0.434790528
4/8/2015 16:00,0.870303712,0.525816583,0.103937947,0.403825137
4/8/2015 17:00,0.869966254,0.539321608,0.104415274,0.375045537
4/8/2015 18:00,0.870303712,0.544346734,0.105727924,0.383424408
4/8/2015 19:00,0.870416198,0.516394472,0.106205251,0.393260474
4/8/2015 20:00,0.87064117,0.484673367,0.105250597,0.390528233
4/8/2015 21:00,0.870866142,0.449497487,0.106324582,0.401275046
4/8/2015 22:00,0.871091114,0.341582915,0.106921241,0.4143898
4/8/2015 23:00,0.871091114,0.326884422,0.105966587,0.450637523
4/9/2015 0:00,0.870753656,0.321984925,0.106085919,0.508925319
4/9/2015 1:00,0.870191226,0.322675879,0.106921241,0.558834244
4/9/2015 2:00,0.869853768,0.330778894,0.107398568,0.575045537
4/9/2015 3:00,0.87007874,0.398241206,0.105011933,0.604007286
4/9/2015 4:00,0.869628796,0.490954774,0.105131265,0.601092896
4/9/2015 5:00,0.869291339,0.561055276,0.106085919,0.572313297
4/9/2015 6:00,0.868728909,0.576256281,0.104534606,0.488342441
4/9/2015 7:00,0.869066367,0.579271357,0.104057279,0.459016393
4/9/2015 8:00,0.868953881,0.572361809,0.105011933,0.490163934
4/9/2015 9:00,0.806861642,0.561809045,0.105131265,0.520947177
4/9/2015 10:00,0.744431946,0.56080402,0.103818616,0.53424408
4/9/2015 11:00,0.74375703,0.542964824,0.104653938,0.547176685
4/9/2015 12:00,0.742744657,0.553768844,0.10477327,0.559562842
4/9/2015 13:00,0.742182227,0.546356784,0.105250597,0.555555556
4/9/2015 14:00,0.741957255,0.547927136,0.105011933,0.563023679
4/9/2015 15:00,0.741732283,0.55508794,0.102505967,0.542258652
4/9/2015 16:00,0.741844769,0.549497487,0.100835322,0.522586521
4/9/2015 17:00,0.742294713,0.566771357,0.101193317,0.5
4/9/2015 18:00,0.742182227,0.567085427,0.100596659,0.507468124
4/9/2015 19:00,0.742519685,0.555653266,0.100954654,0.493442623
4/9/2015 20:00,0.742744657,0.53178392,0.100477327,0.46284153
4/9/2015 21:00,0.743082115,0.496231156,0.100357995,0.430054645
4/9/2015 22:00,0.742857143,0.422298995,0.097374702,0.39435337
4/9/2015 23:00,0.742969629,0.405276382,0.099522673,0.373952641
4/10/2015 0:00,0.742857143,0.396231156,0.100477327,0.372859745
4/10/2015 1:00,0.742969629,0.401193467,0.101073986,0.381602914
4/10/2015 2:00,0.743194601,0.424434673,0.100477327,0.427868852
4/10/2015 3:00,0.743194601,0.494849246,0.100357995,0.437704918
4/10/2015 4:00,0.743307087,0.572927136,0.100238663,0.464845173
4/10/2015 5:00,0.743082115,0.642336683,0.100954654,0.479417122
4/10/2015 6:00,0.743307087,0.652638191,0.101670644,0.506739526
4/10/2015 7:00,0.742969629,0.638944724,0.101789976,0.503278689
4/10/2015 8:00,0.743194601,0.626507538,0.101073986,0.505282332
4/10/2015 9:00,0.743644544,0.633856784,0.100835322,0.514025501
4/10/2015 10:00,0.743194601,0.632977387,0.100357995,0.538797814
4/10/2015 11:00,0.743419573,0.609798995,0.099761337,0.552094718
4/10/2015 12:00,0.742857143,0.581532663,0.09928401,0.542440801
4/10/2015 13:00,0.743082115,0.567713568,0.098806683,0.531876138
4/10/2015 14:00,0.742857143,0.560427136,0.098329356,0.520582878
4/10/2015 15:00,0.742969629,0.561997487,0.098329356,0.501457195
4/10/2015 16:00,0.742632171,0.570163317,0.098687351,0.486520947
4/10/2015 17:00,0.742519685,0.61111809,0.097732697,0.472677596
4/10/2015 18:00,0.742744657,0.609359296,0.097852029,0.448269581
4/10/2015 19:00,0.742407199,0.580527638,0.099403341,0.435336976
4/10/2015 20:00,0.742069741,0.534924623,0.1,0.398907104
4/10/2015 21:00,0.742294713,0.488379397,0.101193317,0.349544627
4/10/2015 22:00,0.74431946,0.358731156,0.099522673,0.314025501
4/10/2015 23:00,0.725084364,0.332537688,0.1,0.272677596
4/11/2015 0:00,0.707986502,0.322927136,0.099761337,0.232786885
4/11/2015 1:00,0.701124859,0.31451005,0.100119332,0.198907104
4/11/2015 2:00,0.689988751,0.327135678,0.100477327,0.180510018
4/11/2015 3:00,0.690438695,0.336557789,0.100596659,0.174134791
4/11/2015 4:00,0.691001125,0.376193467,0.100596659,0.162477231
4/11/2015 5:00,0.690776153,0.456218593,0.100357995,0.15428051
4/11/2015 6:00,0.691001125,0.513379397,0.098448687,0.133697632
4/11/2015 7:00,0.690438695,0.53241206,0.095107399,0.104371585
4/11/2015 8:00,0.690101237,0.572738693,0.094868735,0.107103825
4/11/2015 9:00,0.690663667,0.507349246,0.095107399,0.145173042
4/11/2015 10:00,0.690776153,0.43008794,0.094152745,0.175409836
4/11/2015 11:00,0.690438695,0.395791457,0.093436754,0.204735883
4/11/2015 12:00,0.690776153,0.366771357,0.092720764,0.239344262
4/11/2015 13:00,0.690101237,0.357223618,0.092601432,0.262295082
4/11/2015 14:00,0.689313836,0.351821608,0.092840095,0.276684882
4/11/2015 15:00,0.683802025,0.341645729,0.093078759,0.260837887
4/11/2015 16:00,0.681664792,0.356218593,0.092004773,0.259744991
4/11/2015 17:00,0.684589426,0.365201005,0.092243437,0.328961749
4/11/2015 18:00,0.6712036,0.388567839,0.094033413,0.455009107
4/11/2015 19:00,0.656917885,0.373178392,0.094630072,0.511111111
4/11/2015 20:00,0.655793026,0.344158291,0.095465394,0.537522769
4/11/2015 21:00,0.651181102,0.31281407,0.090453461,0.542440801
4/11/2015 22:00,0.64375703,0.272424623,0.091408115,0.572131148
4/11/2015 23:00,0.640832396,0.259861809,0.092124105,0.557377049
4/12/2015 0:00,0.641732283,0.251319095,0.092601432,0.557741348
4/12/2015 1:00,0.651068616,0.250879397,0.093198091,0.56575592
4/12/2015 2:00,0.641732283,0.251130653,0.093317422,0.585063752
4/12/2015 3:00,0.641507312,0.252826633,0.094391408,0.583242259
4/12/2015 4:00,0.641507312,0.250502513,0.096420048,0.590710383
4/12/2015 5:00,0.641844769,0.260992462,0.099045346,0.599271403
4/12/2015 6:00,0.64488189,0.313505025,0.098568019,0.593806922
4/12/2015 7:00,0.641394826,0.336432161,0.097852029,0.585428051
4/12/2015 8:00,0.643082115,0.352826633,0.097732697,0.597996357
4/12/2015 9:00,0.653993251,0.348555276,0.097732697,0.637704918
4/12/2015 10:00,0.661754781,0.343592965,0.097852029,0.664116576
4/12/2015 11:00,0.677165354,0.332977387,0.098210024,0.678142077
4/12/2015 12:00,0.685151856,0.326884422,0.097136038,0.682149362
4/12/2015 13:00,0.685489314,0.315954774,0.097136038,0.654644809
4/12/2015 14:00,0.693588301,0.312374372,0.09725537,0.654098361
4/12/2015 15:00,0.705399325,0.333040201,0.097613365,0.631693989
4/12/2015 16:00,0.705511811,0.370854271,0.097374702,0.603825137
4/12/2015 17:00,0.705511811,0.425,0.09797136,0.621129326
4/12/2015 18:00,0.705511811,0.425565327,0.099642005,0.650091075
4/12/2015 19:00,0.705511811,0.459736181,0.099761337,0.586156648
4/12/2015 20:00,0.705511811,0.422110553,0.1,0.52276867
4/12/2015 21:00,0.706299213,0.353015075,0.099761337,0.486338798
4/12/2015 22:00,0.718110236,0.278643216,0.102983294,0.448816029
4/12/2015 23:00,0.72215973,0.264886935,0.101789976,0.413114754
4/13/2015 0:00,0.73408324,0.261871859,0.102625298,0.40564663
4/13/2015 1:00,0.748256468,0.252261307,0.102983294,0.430965392
4/13/2015 2:00,0.751631046,0.268530151,0.098210024,0.462477231
4/13/2015 3:00,0.760517435,0.333291457,0.096539379,0.517304189
4/13/2015 4:00,0.765466817,0.466017588,0.097613365,0.571948998
4/13/2015 5:00,0.766029246,0.555841709,0.099522673,0.586885246
4/13/2015 6:00,0.766254218,0.550062814,0.100119332,0.607468124
4/13/2015 7:00,0.767604049,0.538002513,0.100596659,0.633879781
4/13/2015 8:00,0.768728909,0.526570352,0.10202864,0.655191257
4/13/2015 9:00,0.769403825,0.521482412,0.097374702,0.672313297
4/13/2015 10:00,0.769291339,0.501319095,0.096539379,0.696903461
4/13/2015 11:00,0.769291339,0.484484925,0.096658711,0.706010929
4/13/2015 12:00,0.769403825,0.476067839,0.09797136,0.707832423
4/13/2015 13:00,0.769403825,0.45879397,0.098568019,0.726958106
4/13/2015 14:00,0.768841395,0.458919598,0.098687351,0.714936248
4/13/2015 15:00,0.768616423,0.472927136,0.098090692,0.701639344
4/13/2015 16:00,0.769291339,0.487939698,0.098926014,0.68287796
4/13/2015 17:00,0.769178853,0.505464824,0.099761337,0.643715847
4/13/2015 18:00,0.769403825,0.507600503,0.098687351,0.6143898
4/13/2015 19:00,0.769178853,0.494221106,0.099642005,0.614936248
4/13/2015 20:00,0.769178853,0.470540201,0.098687351,0.611839709
4/13/2015 21:00,0.769403825,0.448366834,0.096062053,0.603460838
4/13/2015 22:00,0.769741282,0.378454774,0.097016706,0.583606557
4/13/2015 23:00,0.769966254,0.378894472,0.09797136,0.556466302
4/14/2015 0:00,0.770191226,0.369535176,0.097732697,0.527322404
4/14/2015 1:00,0.77007874,0.370288945,0.090572792,0.504918033
4/14/2015 2:00,0.770303712,0.384861809,0.090572792,0.473770492
4/14/2015 3:00,0.770303712,0.43951005,0.090692124,0.436065574
4/14/2015 4:00,0.769853768,0.560992462,0.092004773,0.400728597
4/14/2015 5:00,0.769966254,0.604648241,0.094868735,0.315300546
4/14/2015 6:00,0.769853768,0.61959799,0.095584726,0.24571949
4/14/2015 7:00,0.77007874,0.623241206,0.09522673,0.223861566
4/14/2015 8:00,0.770303712,0.622487437,0.098806683,0.246812386
4/14/2015 9:00,0.769966254,0.60879397,0.098568019,0.274499089
4/14/2015 10:00,0.76951631,0.585113065,0.094272076,0.292531876
4/14/2015 11:00,0.769853768,0.580904523,0.094630072,0.318579235
4/14/2015 12:00,0.769853768,0.577261307,0.096300716,0.346448087
4/14/2015 13:00,0.769178853,0.565640704,0.094868735,0.380145719
4/14/2015 14:00,0.769291339,0.579459799,0.093317422,0.387795993
4/14/2015 15:00,0.769178853,0.580653266,0.092959427,0.383242259
4/14/2015 16:00,0.769853768,0.571545226,0.093914081,0.378506375
4/14/2015 17:00,0.769853768,0.575125628,0.093556086,0.384881603
4/14/2015 18:00,0.770191226,0.561934673,0.094033413,0.395264117
4/14/2015 19:00,0.770416198,0.521419598,0.093556086,0.406010929
4/14/2015 20:00,0.77064117,0.491708543,0.090692124,0.423861566
4/14/2015 21:00,0.770528684,0.426067839,0.088902148,0.417850638
4/14/2015 22:00,0.770303712,0.355653266,0.090811456,0.406193078
4/14/2015 23:00,0.769853768,0.346984925,0.091050119,0.39417122
4/15/2015 0:00,0.77007874,0.343592965,0.088424821,0.408925319
4/15/2015 1:00,0.77007874,0.339070352,0.088305489,0.396721311
4/15/2015 2:00,0.770191226,0.339635678,0.088663484,0.384335155
4/15/2015 3:00,0.770191226,0.397675879,0.091408115,0.358105647
4/15/2015 4:00,0.769853768,0.516331658,0.092124105,0.312021858
4/15/2015 5:00,0.769966254,0.58410804,0.092720764,0.266666667
4/15/2015 6:00,0.77007874,0.600879397,0.092959427,0.213661202
4/15/2015 7:00,0.770191226,0.594786432,0.097852029,0.200182149
4/15/2015 8:00,0.769741282,0.593907035,0.100238663,0.195628415
4/15/2015 9:00,0.769853768,0.578894472,0.097016706,0.185428051
4/15/2015 10:00,0.769628796,0.557788945,0.096897375,0.183242259
4/15/2015 11:00,0.769403825,0.541268844,0.097136038,0.205282332
4/15/2015 12:00,0.769291339,0.528831658,0.094630072,0.224408015
4/15/2015 13:00,0.768841395,0.49660804,0.094749403,0.267395264
4/15/2015 14:00,0.768616423,0.488442211,0.095107399,0.316393443
4/15/2015 15:00,0.768953881,0.484736181,0.096062053,0.342622951
4/15/2015 16:00,0.768953881,0.501758794,0.095465394,0.369398907
4/15/2015 17:00,0.769066367,0.507600503,0.093317422,0.396539162
4/15/2015 18:00,0.768953881,0.51218593,0.093317422,0.437522769
4/15/2015 19:00,0.769178853,0.488316583,0.095942721,0.474134791
4/15/2015 20:00,0.769403825,0.447864322,0.095107399,0.487431694
4/15/2015 21:00,0.76951631,0.406532663,0.096420048,0.501457195
4/15/2015 22:00,0.769628796,0.347110553,0.09522673,0.527504554
4/15/2015 23:00,0.769628796,0.32870603,0.098926014,0.543351548
4/16/2015 0:00,0.769741282,0.322298995,0.09797136,0.546448087
4/16/2015 1:00,0.769741282,0.31959799,0.097732697,0.545901639
4/16/2015 2:00,0.769853768,0.325376884,0.092840095,0.541530055
4/16/2015 3:00,0.769966254,0.390829146,0.093794749,0.528779599
4/16/2015 4:00,0.76951631,0.446231156,0.091885442,0.506739526
4/16/2015 5:00,0.769741282,0.55138191,0.090930788,0.477413479
4/16/2015 6:00,0.770191226,0.565138191,0.090572792,0.45154827
4/16/2015 7:00,0.77007874,0.559170854,0.089498807,0.439344262
4/16/2015 8:00,0.770303712,0.544409548,0.087589499,0.454644809
4/16/2015 9:00,0.77007874,0.527324121,0.086873508,0.481785064
4/16/2015 10:00,0.769628796,0.495917085,0.090095465,0.500546448
4/16/2015 11:00,0.769966254,0.482537688,0.088424821,0.512750455
4/16/2015 12:00,0.769628796,0.474623116,0.088424821,0.524225865
4/16/2015 13:00,0.769741282,0.470226131,0.091885442,0.529872495
4/16/2015 14:00,0.769628796,0.468781407,0.093794749,0.519489982
4/16/2015 15:00,0.769966254,0.473115578,0.094749403,0.496721311
4/16/2015 16:00,0.769966254,0.479585427,0.096181384,0.448816029
4/16/2015 17:00,0.769966254,0.488442211,0.096300716,0.438797814
4/16/2015 18:00,0.769741282,0.505339196,0.095704057,0.438069217
4/16/2015 19:00,0.77007874,0.495414573,0.090095465,0.459744991
4/16/2015 20:00,0.77007874,0.466017588,0.087112172,0.460837887
4/16/2015 21:00,0.770416198,0.414258794,0.086157518,0.476684882
4/16/2015 22:00,0.770303712,0.358228643,0.084606205,0.454462659
4/16/2015 23:00,0.770866142,0.341017588,0.084725537,0.445173042
4/17/2015 0:00,0.770978628,0.339886935,0.084725537,0.448998179
4/17/2015 1:00,0.770866142,0.338190955,0.0849642,0.439344262
4/17/2015 2:00,0.770866142,0.346482412,0.087947494,0.426593807
4/17/2015 3:00,0.770753656,0.410741206,0.090692124,0.421675774
4/17/2015 4:00,0.7712036,0.501947236,0.091408115,0.401457195
4/17/2015 5:00,0.770866142,0.582600503,0.09176611,0.370491803
4/17/2015 6:00,0.77064117,0.58548995,0.092124105,0.35154827
4/17/2015 7:00,0.77064117,0.586997487,0.087231504,0.343897996
4/17/2015 8:00,0.771091114,0.582286432,0.086515513,0.343715847
4/17/2015 9:00,0.770753656,0.58178392,0.086515513,0.344990893
4/17/2015 10:00,0.770528684,0.57330402,0.085202864,0.341165756
4/17/2015 11:00,0.770528684,0.530904523,0.085441527,0.346994536
4/17/2015 12:00,0.770528684,0.53040201,0.086754177,0.342440801
4/17/2015 13:00,0.770303712,0.499811558,0.090334129,0.330965392
4/17/2015 14:00,0.770191226,0.500062814,0.091885442,0.327868852
4/17/2015 15:00,0.770303712,0.506092965,0.092601432,0.311111111
4/17/2015 16:00,0.770416198,0.506658291,0.092362768,0.296357013
4/17/2015 17:00,0.770303712,0.51419598,0.090811456,0.280692168
4/17/2015 18:00,0.770528684,0.521042714,0.090334129,0.26848816
4/17/2015 19:00,0.770191226,0.514321608,0.090334129,0.267941712
4/17/2015 20:00,0.770528684,0.485113065,0.090692124,0.275409836
4/17/2015 21:00,0.770753656,0.45910804,0.090453461,0.291621129
4/17/2015 22:00,0.770528684,0.417964824,0.088186158,0.31712204
4/17/2015 23:00,0.770528684,0.405590452,0.088544153,0.319125683
4/18/2015 0:00,0.77007874,0.404396985,0.087112172,0.325865209
4/18/2015 1:00,0.77007874,0.403203518,0.087470167,0.318214936
4/18/2015 2:00,0.770416198,0.405464824,0.087589499,0.323861566
4/18/2015 3:00,0.770191226,0.409610553,0.087947494,0.312750455
4/18/2015 4:00,0.770303712,0.446105528,0.088424821,0.296721311
4/18/2015 5:00,0.770191226,0.48410804,0.091646778,0.283424408
4/18/2015 6:00,0.770416198,0.503454774,0.095942721,0.253369763
4/18/2015 7:00,0.770191226,0.517085427,0.095107399,0.242258652
4/18/2015 8:00,0.769966254,0.50910804,0.093794749,0.23442623
4/18/2015 9:00,0.768953881,0.515326633,0.094630072,0.242622951
4/18/2015 10:00,0.769066367,0.510615578,0.09451074,0.255737705
4/18/2015 11:00,0.769178853,0.502575377,0.094391408,0.283788707
4/18/2015 12:00,0.768953881,0.484296482,0.093078759,0.303096539
4/18/2015 13:00,0.769066367,0.479396985,0.092601432,0.319307832
4/18/2015 14:00,0.769178853,0.483668342,0.0924821,0.331876138
4/18/2015 15:00,0.769178853,0.494786432,0.094749403,0.338251366
4/18/2015 16:00,0.769291339,0.510552764,0.099045346,0.336429872
4/18/2015 17:00,0.769403825,0.510678392,0.102147971,0.32859745
4/18/2015 18:00,0.769291339,0.515075377,0.102983294,0.344444444
4/18/2015 19:00,0.76951631,0.507474874,0.102625298,0.338797814
4/18/2015 20:00,0.769741282,0.493467337,0.102267303,0.382331512
4/18/2015 21:00,0.77007874,0.459987437,0.10202864,0.399089253
4/18/2015 22:00,0.770191226,0.375942211,0.09725537,0.361202186
4/18/2015 23:00,0.77007874,0.357600503,0.097016706,0.367030965
4/19/2015 0:00,0.770303712,0.344032663,0.09725537,0.369763206
4/19/2015 1:00,0.770303712,0.338316583,0.096778043,0.386156648
4/19/2015 2:00,0.770303712,0.333040201,0.098568019,0.400910747
4/19/2015 3:00,0.770416198,0.336432161,0.095823389,0.407103825
4/19/2015 4:00,0.770191226,0.343907035,0.095465394,0.417304189
4/19/2015 5:00,0.77064117,0.358731156,0.096658711,0.415846995
4/19/2015 6:00,0.770528684,0.386746231,0.097374702,0.411839709
4/19/2015 7:00,0.770416198,0.401319095,0.098329356,0.414571949
4/19/2015 8:00,0.77007874,0.415703518,0.097852029,0.430054645
4/19/2015 9:00,0.770191226,0.411620603,0.09797136,0.43132969
4/19/2015 10:00,0.769403825,0.400565327,0.099403341,0.443351548
4/19/2015 11:00,0.768728909,0.399874372,0.09928401,0.459744991
4/19/2015 12:00,0.769178853,0.398052764,0.098448687,0.47996357
4/19/2015 13:00,0.768953881,0.401256281,0.09797136,0.505464481
4/19/2015 14:00,0.768728909,0.409045226,0.098568019,0.529872495
4/19/2015 15:00,0.768841395,0.421168342,0.099880668,0.555009107
4/19/2015 16:00,0.768841395,0.466771357,0.100238663,0.56867031
4/19/2015 17:00,0.769066367,0.469158291,0.10071599,0.580874317
4/19/2015 18:00,0.769066367,0.468027638,0.101431981,0.592896175
4/19/2015 19:00,0.769066367,0.466080402,0.102625298,0.584153005
4/19/2015 20:00,0.769066367,0.447487437,0.102386635,0.57996357
4/19/2015 21:00,0.769403825,0.415263819,0.098568019,0.579052823
4/19/2015 22:00,0.769403825,0.353894472,0.098926014,0.593260474
4/19/2015 23:00,0.769741282,0.346356784,0.098448687,0.576320583
4/20/2015 0:00,0.769403825,0.343467337,0.098329356,0.555373406
4/20/2015 1:00,0.769628796,0.337374372,0.101193317,0.538069217
4/20/2015 2:00,0.769741282,0.339572864,0.101789976,0.512386157
4/20/2015 3:00,0.769966254,0.39830402,0.101431981,0.475774135
4/20/2015 4:00,0.769966254,0.461369347,0.105608592,0.444444444
4/20/2015 5:00,0.769966254,0.555150754,0.106205251,0.387249545
4/20/2015 6:00,0.77007874,0.576067839,0.105608592,0.34863388
4/20/2015 7:00,0.769628796,0.582223618,0.105608592,0.304918033
4/20/2015 8:00,0.769628796,0.585427136,0.09451074,0.263934426
4/20/2015 9:00,0.769403825,0.583354271,0.09451074,0.236976321
4/20/2015 10:00,0.768841395,0.570288945,0.094033413,0.239344262
4/20/2015 11:00,0.768841395,0.532600503,0.093794749,0.236247723
4/20/2015 12:00,0.768503937,0.519472362,0.095942721,0.259744991
4/20/2015 13:00,0.768391451,0.517399497,0.095942721,0.284517304
4/20/2015 14:00,0.768166479,0.510364322,0.096062053,0.303825137
4/20/2015 15:00,0.768503937,0.509610553,0.09451074,0.318397086
4/20/2015 16:00,0.768391451,0.507726131,0.085083532,0.323497268
4/20/2015 17:00,0.768953881,0.503957286,0.0849642,0.33151184
4/20/2015 18:00,0.768391451,0.501444724,0.083890215,0.337340619
4/20/2015 19:00,0.768953881,0.478517588,0.080310263,0.345173042
4/20/2015 20:00,0.769178853,0.443718593,0.081861575,0.369763206
4/20/2015 21:00,0.769066367,0.426193467,0.084844869,0.375956284
4/20/2015 22:00,0.768841395,0.365954774,0.085083532,0.419307832
4/20/2015 23:00,0.768278965,0.351130653,0.084844869,0.418943534
4/21/2015 0:00,0.768503937,0.34258794,0.084009547,0.408378871
4/21/2015 1:00,0.768616423,0.343467337,0.084606205,0.39726776
4/21/2015 2:00,0.768728909,0.349560302,0.085083532,0.387795993
4/21/2015 3:00,0.768728909,0.422236181,0.086515513,0.368306011
4/21/2015 4:00,0.768503937,0.463253769,0.08973747,0.329143898
4/21/2015 5:00,0.768391451,0.52361809,0.090453461,0.281967213
4/21/2015 6:00,0.768053993,0.56959799,0.086515513,0.238069217
4/21/2015 7:00,0.768166479,0.557726131,0.083412888,0.175774135
4/21/2015 8:00,0.767604049,0.542085427,0.081145585,0.137704918
4/21/2015 9:00,0.768053993,0.542462312,0.082816229,0.093806922
4/21/2015 10:00,0.768503937,0.52160804,0.082338902,0.067577413
4/21/2015 11:00,0.768616423,0.50678392,0.081742243,0.059744991
4/21/2015 12:00,0.768391451,0.49629397,0.081622912,0.065391621
4/21/2015 13:00,0.768616423,0.493907035,0.081264916,0.069034608
4/21/2015 14:00,0.768616423,0.491834171,0.081264916,0.07140255
4/21/2015 15:00,0.768616423,0.487123116,0.085441527,0.078324226
4/21/2015 16:00,0.768391451,0.483668342,0.082696897,0.095264117
4/21/2015 17:00,0.768503937,0.482851759,0.083174224,0.116029144
4/21/2015 18:00,0.768391451,0.468027638,0.082577566,0.136976321
4/21/2015 19:00,0.768391451,0.451570352,0.084009547,0.181420765
4/21/2015 20:00,0.768841395,0.429711055,0.083890215,0.242440801
4/21/2015 21:00,0.768841395,0.39861809,0.084725537,0.269581056
4/21/2015 22:00,0.768953881,0.36790201,0.083054893,0.292349727
4/21/2015 23:00,0.769178853,0.357035176,0.083054893,0.303278689
4/22/2015 0:00,0.768616423,0.356155779,0.083890215,0.300546448
4/22/2015 1:00,0.768841395,0.357035176,0.08424821,0.315482696
4/22/2015 2:00,0.769178853,0.37129397,0.085202864,0.320582878
4/22/2015 3:00,0.769291339,0.428517588,0.086396181,0.336247723
4/22/2015 4:00,0.769178853,0.477449749,0.087231504,0.335883424
4/22/2015 5:00,0.768953881,0.551193467,0.088066826,0.330601093
4/22/2015 6:00,0.769066367,0.564007538,0.088782816,0.32276867
4/22/2015 7:00,0.769066367,0.561809045,0.09176611,0.319854281
4/22/2015 8:00,0.769066367,0.560364322,0.089618138,0.31712204
4/22/2015 9:00,0.768391451,0.560552764,0.087947494,0.321857923
4/22/2015 10:00,0.767716535,0.547236181,0.08699284,0.328233151
4/22/2015 11:00,0.767266592,0.541394472,0.0849642,0.334608379
4/22/2015 12:00,0.767154106,0.535364322,0.085680191,0.34298725
4/22/2015 13:00,0.766366704,0.534484925,0.085083532,0.354098361
4/22/2015 14:00,0.766366704,0.540766332,0.085202864,0.361384335
4/22/2015 15:00,0.766254218,0.538693467,0.085799523,0.360291439
4/22/2015 16:00,0.76647919,0.521042714,0.085918854,0.359744991
4/22/2015 17:00,0.766816648,0.525753769,0.086754177,0.358834244
4/22/2015 18:00,0.767716535,0.523115578,0.086634845,0.404007286
4/22/2015 19:00,0.767716535,0.508668342,0.088186158,0.452459016
4/22/2015 20:00,0.767941507,0.460929648,0.087947494,0.517668488
4/22/2015 21:00,0.767829021,0.422801508,0.087470167,0.561748634
4/22/2015 22:00,0.767716535,0.368090452,0.082458234,0.66575592
4/22/2015 23:00,0.767941507,0.334484925,0.081861575,0.683788707
4/23/2015 0:00,0.767716535,0.32160804,0.081980907,0.700364299
4/23/2015 1:00,0.767604049,0.320100503,0.082338902,0.707103825
4/23/2015 2:00,0.766816648,0.326130653,0.082458234,0.688888889
4/23/2015 3:00,0.766704162,0.397927136,0.083412888,0.67996357
4/23/2015 4:00,0.766929134,0.472424623,0.084367542,0.651730419
4/23/2015 5:00,0.767491564,0.537751256,0.086396181,0.618943534
4/23/2015 6:00,0.768166479,0.547675879,0.085680191,0.593442623
4/23/2015 7:00,0.768391451,0.544723618,0.083412888,0.571948998
4/23/2015 8:00,0.767716535,0.54120603,0.083293556,0.567759563
4/23/2015 9:00,0.768053993,0.538693467,0.080310263,0.593624772
4/23/2015 10:00,0.767716535,0.524057789,0.080071599,0.603096539
4/23/2015 11:00,0.767379078,0.522487437,0.080310263,0.623679417
4/23/2015 12:00,0.767379078,0.511997487,0.079713604,0.655919854
4/23/2015 13:00,0.767491564,0.504648241,0.077565632,0.676684882
4/23/2015 14:00,0.767379078,0.502449749,0.077804296,0.692896175
4/23/2015 15:00,0.767491564,0.506030151,0.079116945,0.680145719
4/23/2015 16:00,0.767941507,0.510552764,0.07875895,0.657923497
4/23/2015 17:00,0.767379078,0.518969849,0.079713604,0.582331512
4/23/2015 18:00,0.767829021,0.524246231,0.081145585,0.557923497
4/23/2015 19:00,0.768053993,0.5125,0.081980907,0.567030965
4/23/2015 20:00,0.768053993,0.493090452,0.08150358,0.569581056
4/23/2015 21:00,0.768053993,0.440515075,0.08221957,0.541165756
4/23/2015 22:00,0.768391451,0.405339196,0.084367542,0.545355191
4/23/2015 23:00,0.768616423,0.386432161,0.083412888,0.536247723
4/24/2015 0:00,0.768503937,0.384484925,0.084009547,0.512932605
4/24/2015 1:00,0.768728909,0.385113065,0.084128878,0.499453552
4/24/2015 2:00,0.768728909,0.404396985,0.085202864,0.485063752
4/24/2015 3:00,0.768841395,0.455276382,0.085799523,0.436976321
4/24/2015 4:00,0.768841395,0.528768844,0.086515513,0.364663024
4/24/2015 5:00,0.768841395,0.611243719,0.087589499,0.318032787
4/24/2015 6:00,0.768841395,0.618969849,0.086515513,0.297632058
4/24/2015 7:00,0.768841395,0.620037688,0.085322196,0.290710383
4/24/2015 8:00,0.768841395,0.63071608,0.084844869,0.274499089
4/24/2015 9:00,0.768616423,0.629773869,0.087470167,0.276867031
4/24/2015 10:00,0.768728909,0.612751256,0.087350835,0.269216758
4/24/2015 11:00,0.768503937,0.589635678,0.091050119,0.273041894
4/24/2015 12:00,0.767941507,0.573555276,0.087112172,0.286338798
4/24/2015 13:00,0.767941507,0.567399497,0.087350835,0.277959927
4/24/2015 14:00,0.767941507,0.574811558,0.087828162,0.256284153
4/24/2015 15:00,0.767716535,0.585113065,0.087470167,0.215846995
4/24/2015 16:00,0.767716535,0.587688442,0.089618138,0.179781421
4/24/2015 17:00,0.767829021,0.580276382,0.091527446,0.147905282
4/24/2015 18:00,0.768278965,0.583354271,0.091050119,0.122586521
4/24/2015 19:00,0.768053993,0.59120603,0.091408115,0.11420765
4/24/2015 20:00,0.768616423,0.564635678,0.092959427,0.125865209
4/24/2015 21:00,0.768841395,0.49428392,0.093078759,0.129143898
4/24/2015 22:00,0.769178853,0.42638191,0.089260143,0.122586521
4/24/2015 23:00,0.769066367,0.416645729,0.089379475,0.123497268
4/25/2015 0:00,0.769066367,0.414635678,0.089618138,0.137704918
4/25/2015 1:00,0.769291339,0.413567839,0.089379475,0.149180328
4/25/2015 2:00,0.768841395,0.409861809,0.089618138,0.166848816
4/25/2015 3:00,0.768616423,0.413379397,0.090095465,0.182513661
4/25/2015 4:00,0.768728909,0.434045226,0.089618138,0.195081967
4/25/2015 5:00,0.769066367,0.489949749,0.089976134,0.189435337
4/25/2015 6:00,0.769178853,0.513819095,0.089379475,0.159380692
4/25/2015 7:00,0.768841395,0.539761307,0.088186158,0.177595628
4/25/2015 8:00,0.768841395,0.545917085,0.088186158,0.212021858
4/25/2015 9:00,0.768728909,0.550816583,0.089140811,0.262295082
4/25/2015 10:00,0.768278965,0.525125628,0.087947494,0.313479053
4/25/2015 11:00,0.768728909,0.495665829,0.087828162,0.355373406
4/25/2015 12:00,0.768616423,0.48888191,0.087350835,0.382149362
4/25/2015 13:00,0.768053993,0.484673367,0.087350835,0.396903461
4/25/2015 14:00,0.767491564,0.486180905,0.087350835,0.399817851
4/25/2015 15:00,0.767716535,0.503015075,0.087112172,0.396357013
4/25/2015 16:00,0.767491564,0.526507538,0.086634845,0.406557377
4/25/2015 17:00,0.767829021,0.525565327,0.087708831,0.4143898
4/25/2015 18:00,0.768053993,0.515263819,0.08973747,0.426775956
4/25/2015 19:00,0.768278965,0.499183417,0.089856802,0.436429872
4/25/2015 20:00,0.768278965,0.46620603,0.088544153,0.442622951
4/25/2015 21:00,0.768391451,0.430967337,0.086754177,0.456284153
4/25/2015 22:00,0.768391451,0.3875,0.085083532,0.470491803
4/25/2015 23:00,0.768503937,0.356972362,0.084844869,0.470127505
4/26/2015 0:00,0.768503937,0.349937186,0.083651551,0.455919854
4/26/2015 1:00,0.768391451,0.351444724,0.082816229,0.419307832
4/26/2015 2:00,0.768503937,0.350816583,0.081384248,0.399817851
4/26/2015 3:00,0.768616423,0.356532663,0.081026253,0.393260474
4/26/2015 4:00,0.768728909,0.368718593,0.081145585,0.369398907
4/26/2015 5:00,0.768616423,0.38071608,0.080429594,0.342622951
4/26/2015 6:00,0.768728909,0.418530151,0.080668258,0.34571949
4/26/2015 7:00,0.768503937,0.461620603,0.080429594,0.343533698
4/26/2015 8:00,0.768278965,0.47160804,0.079116945,0.321129326
4/26/2015 9:00,0.768053993,0.481658291,0.079116945,0.314754098
4/26/2015 10:00,0.768278965,0.476193467,0.078639618,0.317850638
4/26/2015 11:00,0.767941507,0.481030151,0.078042959,0.317668488
4/26/2015 12:00,0.768053993,0.475251256,0.078162291,0.310200364
4/26/2015 13:00,0.767829021,0.474309045,0.078281623,0.292531876
4/26/2015 14:00,0.767829021,0.481721106,0.078520286,0.263570128
4/26/2015 15:00,0.767604049,0.501507538,0.079236277,0.222040073
4/26/2015 16:00,0.767266592,0.53919598,0.07947494,0.191074681
4/26/2015 17:00,0.767266592,0.557349246,0.079952267,0.152276867
4/26/2015 18:00,0.767154106,0.567211055,0.079832936,0.128779599
4/26/2015 19:00,0.767266592,0.56758794,0.080906921,0.125500911
4/26/2015 20:00,0.766591676,0.549434673,0.079713604,0.136976321
4/26/2015 21:00,0.766929134,0.513630653,0.079713604,0.132240437
4/26/2015 22:00,0.767941507,0.434170854,0.085680191,0.12568306
4/26/2015 23:00,0.768616423,0.410238693,0.084606205,0.117850638
4/27/2015 0:00,0.768953881,0.391834171,0.085441527,0.101092896
4/27/2015 1:00,0.768841395,0.389384422,0.086873508,0.080510018
4/27/2015 2:00,0.769066367,0.40678392,0.087828162,0.069216758
4/27/2015 3:00,0.768616423,0.504082915,0.089618138,0.0571949
4/27/2015 4:00,0.768616423,0.596670854,0.089856802,0.053916211
4/27/2015 5:00,0.768728909,0.649623116,0.092124105,0.040437158
4/27/2015 6:00,0.768616423,0.661997487,0.092004773,0.032422587
4/27/2015 7:00,0.767941507,0.666582915,0.090453461,0.042076503
4/27/2015 8:00,0.767829021,0.657788945,0.08902148,0.046630237
4/27/2015 9:00,0.768503937,0.640452261,0.087350835,0.052641166
4/27/2015 10:00,0.768053993,0.631721106,0.085202864,0.063023679
4/27/2015 11:00,0.768278965,0.628203518,0.085202864,0.068852459
4/27/2015 12:00,0.768053993,0.625879397,0.085680191,0.07431694
4/27/2015 13:00,0.766929134,0.626067839,0.085560859,0.087249545
4/27/2015 14:00,0.766366704,0.60339196,0.085918854,0.113296903
4/27/2015 15:00,0.766254218,0.601067839,0.085799523,0.102550091
4/27/2015 16:00,0.766704162,0.602324121,0.086515513,0.100546448
4/27/2015 17:00,0.766591676,0.605527638,0.087708831,0.10273224
4/27/2015 18:00,0.76647919,0.597675879,0.088305489,0.110018215
4/27/2015 19:00,0.766366704,0.589007538,0.088305489,0.14845173
4/27/2015 20:00,0.765691789,0.560238693,0.087947494,0.162112933
4/27/2015 21:00,0.76647919,0.47839196,0.087947494,0.166848816
4/27/2015 22:00,0.76647919,0.380339196,0.08699284,0.173041894
4/27/2015 23:00,0.76647919,0.371419598,0.086515513,0.159380692
4/28/2015 0:00,0.76704162,0.368467337,0.086515513,0.152641166
4/28/2015 1:00,0.767379078,0.368278894,0.088424821,0.152094718
4/28/2015 2:00,0.767604049,0.373429648,0.089618138,0.151730419
4/28/2015 3:00,0.767829021,0.446105528,0.090811456,0.148087432
4/28/2015 4:00,0.768503937,0.575502513,0.090811456,0.128961749
4/28/2015 5:00,0.768391451,0.652324121,0.092004773,0.079599271
4/28/2015 6:00,0.767941507,0.664761307,0.0924821,0.051912568
4/28/2015 7:00,0.768278965,0.670288945,0.092362768,0.051001821
4/28/2015 8:00,0.768053993,0.663065327,0.087350835,0.056284153
4/28/2015 9:00,0.768278965,0.652449749,0.0849642,0.061566485
4/28/2015 10:00,0.767829021,0.635615578,0.082100239,0.063023679
4/28/2015 11:00,0.767941507,0.631658291,0.080668258,0.07704918
4/28/2015 12:00,0.767716535,0.614007538,0.080429594,0.091985428
4/28/2015 13:00,0.767491564,0.596859296,0.07673031,0.104189435
4/28/2015 14:00,0.767491564,0.591143216,0.076610979,0.102367942
4/28/2015 15:00,0.76704162,0.587374372,0.076610979,0.104189435
4/28/2015 16:00,0.766929134,0.57701005,0.078281623,0.099089253
4/28/2015 17:00,0.766816648,0.572047739,0.080429594,0.090163934
4/28/2015 18:00,0.766366704,0.556407035,0.083651551,0.096357013
4/28/2015 19:00,0.766029246,0.54798995,0.085441527,0.116393443
4/28/2015 20:00,0.766141732,0.514007538,0.085322196,0.124043716
4/28/2015 21:00,0.766816648,0.452512563,0.085560859,0.136612022
4/28/2015 22:00,0.767379078,0.398932161,0.087231504,0.152823315
4/28/2015 23:00,0.767379078,0.375942211,0.086754177,0.161384335
4/29/2015 0:00,0.767379078,0.369095477,0.086634845,0.169763206
4/29/2015 1:00,0.766704162,0.368153266,0.087112172,0.192896175
4/29/2015 2:00,0.766591676,0.375,0.087350835,0.190892532
4/29/2015 3:00,0.766704162,0.44861809,0.088544153,0.17723133
4/29/2015 4:00,0.76704162,0.529208543,0.088424821,0.184153005
4/29/2015 5:00,0.767491564,0.616331658,0.090572792,0.158834244
4/29/2015 6:00,0.767604049,0.638756281,0.090930788,0.165027322
4/29/2015 7:00,0.768391451,0.635301508,0.091408115,0.192896175
4/29/2015 8:00,0.767941507,0.619723618,0.08902148,0.203825137
4/29/2015 9:00,0.767829021,0.606469849,0.087231504,0.223132969
4/29/2015 10:00,0.768053993,0.57160804,0.085322196,0.254462659
4/29/2015 11:00,0.767716535,0.555778894,0.085322196,0.282695811
4/29/2015 12:00,0.767716535,0.550565327,0.08353222,0.283970856
4/29/2015 13:00,0.767716535,0.546419598,0.083770883,0.296357013
4/29/2015 14:00,0.767941507,0.549120603,0.083293556,0.298724954
4/29/2015 15:00,0.768053993,0.545917085,0.083770883,0.270127505
4/29/2015 16:00,0.767941507,0.551821608,0.08424821,0.236065574
4/29/2015 17:00,0.768166479,0.542148241,0.085799523,0.175409836
4/29/2015 18:00,0.768278965,0.55138191,0.085918854,0.16867031
4/29/2015 19:00,0.768391451,0.537123116,0.087708831,0.207650273
4/29/2015 20:00,0.768391451,0.507223618,0.087231504,0.235701275
4/29/2015 21:00,0.768616423,0.451130653,0.084606205,0.23715847
4/29/2015 22:00,0.767941507,0.388002513,0.082696897,0.246448087
4/29/2015 23:00,0.767716535,0.369032663,0.081622912,0.26575592
4/30/2015 0:00,0.767829021,0.368781407,0.080429594,0.286338798
4/30/2015 1:00,0.767941507,0.37160804,0.080071599,0.305282332
4/30/2015 2:00,0.767266592,0.39491206,0.079713604,0.32276867
4/30/2015 3:00,0.767154106,0.463002513,0.081145585,0.324225865
4/30/2015 4:00,0.76647919,0.534861809,0.082696897,0.329143898
4/30/2015 5:00,0.766366704,0.614070352,0.087231504,0.306010929
4/30/2015 6:00,0.766366704,0.630150754,0.088782816,0.295446266
4/30/2015 7:00,0.766254218,0.625251256,0.091408115,0.331693989
4/30/2015 8:00,0.766141732,0.608919598,0.089618138,0.370491803
4/30/2015 9:00,0.765691789,0.609736181,0.089976134,0.394535519
4/30/2015 10:00,0.765466817,0.599183417,0.088902148,0.39708561
4/30/2015 11:00,0.765241845,0.584924623,0.088544153,0.407285974
4/30/2015 12:00,0.765354331,0.578580402,0.088186158,0.41147541
4/30/2015 13:00,0.764904387,0.56048995,0.087947494,0.372131148
4/30/2015 14:00,0.764679415,0.550753769,0.085680191,0.356284153
4/30/2015 15:00,0.764679415,0.55,0.085441527,0.333333333
4/30/2015 16:00,0.764904387,0.541582915,0.086038186,0.305282332
4/30/2015 17:00,0.764904387,0.546419598,0.086634845,0.282513661
4/30/2015 18:00,0.764904387,0.546042714,0.088663484,0.253187614
4/30/2015 19:00,0.765241845,0.546231156,0.08902148,0.251730419
4/30/2015 20:00,0.765354331,0.521733668,0.087112172,0.24571949
4/30/2015 21:00,0.764904387,0.457474874,0.085918854,0.238251366
4/30/2015 22:00,0.764116985,0.404208543,0.085918854,0.215118397
4/30/2015 23:00,0.764341957,0.364447236,0.085799523,0.193806922
5/1/2015 0:00,0.763217098,0.358479899,0.085322196,0.172677596
5/1/2015 1:00,0.763779528,0.357160804,0.085680191,0.147905282
5/1/2015 2:00,0.764566929,0.357600503,0.087828162,0.125136612
5/1/2015 3:00,0.765016873,0.373366834,0.085441527,0.112204007
5/1/2015 4:00,0.765241845,0.388379397,0.085560859,0.110746812
5/1/2015 5:00,0.765354331,0.431092965,0.087470167,0.108196721
5/1/2015 6:00,0.765354331,0.478957286,0.087828162,0.095628415
5/1/2015 7:00,0.765016873,0.495854271,0.086515513,0.084699454
5/1/2015 8:00,0.765016873,0.500816583,0.086157518,0.079599271
5/1/2015 9:00,0.764566929,0.503329146,0.086038186,0.083060109
5/1/2015 10:00,0.764341957,0.492776382,0.088066826,0.085245902
5/1/2015 11:00,0.764679415,0.482788945,0.085083532,0.091985428
5/1/2015 12:00,0.764566929,0.478203518,0.085322196,0.108743169
5/1/2015 13:00,0.764341957,0.478015075,0.085202864,0.1143898
5/1/2015 14:00,0.764454443,0.478957286,0.0849642,0.112568306
5/1/2015 15:00,0.764566929,0.479585427,0.085799523,0.116211293
5/1/2015 16:00,0.764341957,0.495226131,0.086873508,0.137704918
5/1/2015 17:00,0.764454443,0.507223618,0.087708831,0.155555556
5/1/2015 18:00,0.764791901,0.500690955,0.088066826,0.17996357
5/1/2015 19:00,0.764791901,0.491708543,0.088544153,0.21147541
5/1/2015 20:00,0.764791901,0.482977387,0.088782816,0.251001821
5/1/2015 21:00,0.765129359,0.458668342,0.088782816,0.289253188
5/1/2015 22:00,0.764904387,0.362374372,0.086396181,0.322222222
5/1/2015 23:00,0.764904387,0.33040201,0.085918854,0.346448087
5/2/2015 0:00,0.764904387,0.314886935,0.08627685,0.373224044
5/2/2015 1:00,0.743082115,0.313253769,0.086515513,0.399089253
5/2/2015 2:00,0.736445444,0.313065327,0.086873508,0.405100182
5/2/2015 3:00,0.73352081,0.327135678,0.085918854,0.413661202
5/2/2015 4:00,0.722497188,0.388316583,0.086515513,0.393260474
5/2/2015 5:00,0.718897638,0.426130653,0.086873508,0.36010929
5/2/2015 6:00,0.718897638,0.460427136,0.086396181,0.334972678
5/2/2015 7:00,0.718672666,0.49321608,0.087589499,0.334972678
5/2/2015 8:00,0.718447694,0.494849246,0.087350835,0.342076503
5/2/2015 9:00,0.708998875,0.490389447,0.087112172,0.331876138
5/2/2015 10:00,0.704611924,0.50508794,0.086396181,0.32295082
5/2/2015 11:00,0.70663667,0.489070352,0.086157518,0.314936248
5/2/2015 12:00,0.70663667,0.490075377,0.086157518,0.29708561
5/2/2015 13:00,0.70663667,0.495414573,0.086038186,0.296174863
5/2/2015 14:00,0.705061867,0.492336683,0.086754177,0.278506375
5/2/2015 15:00,0.70359955,0.521356784,0.086873508,0.251912568
5/2/2015 16:00,0.703824522,0.524371859,0.087350835,0.217668488
5/2/2015 17:00,0.705399325,0.535427136,0.088305489,0.184881603
5/2/2015 18:00,0.70663667,0.539949749,0.088782816,0.158652095
5/2/2015 19:00,0.706974128,0.542148241,0.087708831,0.174863388
5/2/2015 20:00,0.706974128,0.529082915,0.087589499,0.200728597
5/2/2015 21:00,0.7071991,0.476633166,0.087589499,0.212750455
5/2/2015 22:00,0.7071991,0.381469849,0.08627685,0.231876138
5/2/2015 23:00,0.707311586,0.355527638,0.08627685,0.222040073
5/3/2015 0:00,0.707311586,0.346859296,0.086515513,0.208014572
5/3/2015 1:00,0.706749156,0.344535176,0.08699284,0.199453552
5/3/2015 2:00,0.707086614,0.344472362,0.087231504,0.193442623
5/3/2015 3:00,0.707086614,0.343153266,0.086754177,0.183606557
5/3/2015 4:00,0.706861642,0.366645729,0.086873508,0.148816029
5/3/2015 5:00,0.706861642,0.38888191,0.087947494,0.106375228
5/3/2015 6:00,0.707086614,0.43718593,0.087589499,0.087249545
5/3/2015 7:00,0.70663667,0.461306533,0.086754177,0.086520947
5/3/2015 8:00,0.70663667,0.475125628,0.085680191,0.095081967
5/3/2015 9:00,0.695050619,0.471922111,0.085441527,0.095810565
5/3/2015 10:00,0.672665917,0.451633166,0.084844869,0.10273224
5/3/2015 11:00,0.665804274,0.445414573,0.084486874,0.104918033
5/3/2015 12:00,0.657817773,0.427324121,0.084725537,0.11420765
5/3/2015 13:00,0.654330709,0.423052764,0.085680191,0.119125683
5/3/2015 14:00,0.653318335,0.429020101,0.084606205,0.135883424
5/3/2015 15:00,0.653093363,0.441959799,0.084606205,0.144808743
5/3/2015 16:00,0.652980877,0.454020101,0.084844869,0.147540984
5/3/2015 17:00,0.653093363,0.463756281,0.083054893,0.170309654
5/3/2015 18:00,0.652980877,0.458354271,0.08424821,0.201821494
5/3/2015 19:00,0.653768279,0.454271357,0.084606205,0.253916211
5/3/2015 20:00,0.653880765,0.442964824,0.086038186,0.297814208
5/3/2015 21:00,0.653880765,0.409296482,0.0849642,0.319672131
5/3/2015 22:00,0.653880765,0.368592965,0.085322196,0.313114754
5/3/2015 23:00,0.654330709,0.359045226,0.085083532,0.318579235
5/4/2015 0:00,0.654443195,0.353957286,0.084844869,0.332969035
5/4/2015 1:00,0.654330709,0.352198492,0.085560859,0.333515483
5/4/2015 2:00,0.654668166,0.36790201,0.085918854,0.332969035
5/4/2015 3:00,0.654668166,0.421419598,0.086634845,0.347358834
5/4/2015 4:00,0.654668166,0.522613065,0.087947494,0.333515483
5/4/2015 5:00,0.654555681,0.595917085,0.089856802,0.33424408
5/4/2015 6:00,0.654780652,0.611871859,0.08902148,0.326411658
5/4/2015 7:00,0.657930259,0.610238693,0.089379475,0.313843352
5/4/2015 8:00,0.658042745,0.613128141,0.090095465,0.30856102
5/4/2015 9:00,0.657930259,0.606721106,0.087947494,0.314025501
5/4/2015 10:00,0.657817773,0.604020101,0.087708831,0.333515483
5/4/2015 11:00,0.657480315,0.588379397,0.087231504,0.316029144
5/4/2015 12:00,0.657480315,0.5875,0.08699284,0.303278689
5/4/2015 13:00,0.656580427,0.576067839,0.086634845,0.30564663
5/4/2015 14:00,0.656017998,0.574874372,0.086038186,0.320400729
5/4/2015 15:00,0.656130484,0.580213568,0.085560859,0.301639344
5/4/2015 16:00,0.65624297,0.593530151,0.085202864,0.290892532
5/4/2015 17:00,0.656580427,0.606972362,0.085560859,0.274863388
5/4/2015 18:00,0.656692913,0.60678392,0.08627685,0.264845173
5/4/2015 19:00,0.656805399,0.598241206,0.086157518,0.259016393
5/4/2015 20:00,0.656692913,0.556846734,0.086038186,0.243533698
5/4/2015 21:00,0.657030371,0.498743719,0.085799523,0.244080146
5/4/2015 22:00,0.657142857,0.376067839,0.084367542,0.227140255
5/4/2015 23:00,0.657030371,0.363253769,0.084128878,0.204553734
5/5/2015 0:00,0.657705287,0.358731156,0.084367542,0.204918033
5/5/2015 1:00,0.657367829,0.356469849,0.084486874,0.198907104
5/5/2015 2:00,0.657480315,0.360238693,0.085918854,0.193260474
5/5/2015 3:00,0.657255343,0.386557789,0.088305489,0.189799636
5/5/2015 4:00,0.657480315,0.458856784,0.091169451,0.195081967
5/5/2015 5:00,0.657255343,0.571545226,0.089976134,0.202550091
5/5/2015 6:00,0.657255343,0.57701005,0.091527446,0.215300546
5/5/2015 7:00,0.656917885,0.575,0.090572792,0.23989071
5/5/2015 8:00,0.657367829,0.563002513,0.089856802,0.258105647
5/5/2015 9:00,0.657255343,0.54629397,0.087828162,0.28852459
5/5/2015 10:00,0.657255343,0.532474874,0.086873508,0.322404372
5/5/2015 11:00,0.657255343,0.516834171,0.085799523,0.369216758
5/5/2015 12:00,0.657817773,0.497361809,0.084725537,0.407832423
5/5/2015 13:00,0.657367829,0.483228643,0.084486874,0.435336976
5/5/2015 14:00,0.657705287,0.478768844,0.084367542,0.467030965
5/5/2015 15:00,0.657705287,0.496545226,0.084128878,0.487795993
5/5/2015 16:00,0.657255343,0.499120603,0.084128878,0.505464481
5/5/2015 17:00,0.656917885,0.485238693,0.085560859,0.496539162
5/5/2015 18:00,0.656805399,0.478140704,0.08353222,0.481056466
5/5/2015 19:00,0.656917885,0.457600503,0.083174224,0.477595628
5/5/2015 20:00,0.657030371,0.431595477,0.082577566,0.492714026
5/5/2015 21:00,0.657255343,0.406972362,0.082458234,0.5143898
5/5/2015 22:00,0.657367829,0.339886935,0.075775656,0.531876138
5/5/2015 23:00,0.657592801,0.318907035,0.076252983,0.529143898
5/6/2015 0:00,0.657592801,0.313944724,0.077565632,0.542622951
5/6/2015 1:00,0.657142857,0.309359296,0.078042959,0.562112933
5/6/2015 2:00,0.656580427,0.315452261,0.078281623,0.546083789
5/6/2015 3:00,0.656692913,0.383228643,0.078281623,0.530965392
5/6/2015 4:00,0.656580427,0.442273869,0.081742243,0.484335155
5/6/2015 5:00,0.656467942,0.535238693,0.08221957,0.436065574
5/6/2015 6:00,0.656355456,0.532663317,0.080787589,0.399817851
5/6/2015 7:00,0.656580427,0.52531407,0.081026253,0.388888889
5/6/2015 8:00,0.656580427,0.520288945,0.07947494,0.381785064
5/6/2015 9:00,0.656130484,0.519974874,0.077207637,0.399635701
5/6/2015 10:00,0.65568054,0.49629397,0.075894988,0.432240437
5/6/2015 11:00,0.65568054,0.481407035,0.073747017,0.431876138
5/6/2015 12:00,0.656130484,0.481846734,0.073627685,0.43715847
5/6/2015 13:00,0.656130484,0.476067839,0.073627685,0.399089253
5/6/2015 14:00,0.655905512,0.479020101,0.072434368,0.38287796
5/6/2015 15:00,0.656017998,0.479899497,0.072076372,0.364663024
5/6/2015 16:00,0.655905512,0.506909548,0.072673031,0.337887067
5/6/2015 17:00,0.656017998,0.503015075,0.074224344,0.298178506
5/6/2015 18:00,0.656017998,0.496796482,0.075536993,0.306010929
5/6/2015 19:00,0.655793026,0.474560302,0.077446301,0.317668488
5/6/2015 20:00,0.655905512,0.427386935,0.076968974,0.330236794
5/6/2015 21:00,0.65624297,0.396859296,0.077923628,0.338979964
5/6/2015 22:00,0.656017998,0.336871859,0.077684964,0.358834244
5/6/2015 23:00,0.656130484,0.294849246,0.077088305,0.382331512
5/7/2015 0:00,0.656130484,0.284484925,0.077207637,0.387978142
5/7/2015 1:00,0.656805399,0.283228643,0.077207637,0.386156648
5/7/2015 2:00,0.656805399,0.292211055,0.078042959,0.373041894
5/7/2015 3:00,0.656917885,0.36451005,0.07875895,0.371038251
5/7/2015 4:00,0.656805399,0.42839196,0.079355609,0.356102004
5/7/2015 5:00,0.656692913,0.513630653,0.081622912,0.335519126
5/7/2015 6:00,0.656805399,0.531092965,0.081384248,0.336612022
5/7/2015 7:00,0.656580427,0.515703518,0.080071599,0.355191257
5/7/2015 8:00,0.656355456,0.505653266,0.07875895,0.385428051
5/7/2015 9:00,0.656130484,0.492399497,0.077326969,0.426775956
5/7/2015 10:00,0.655568054,0.48718593,0.076610979,0.443351548
5/7/2015 11:00,0.655905512,0.495603015,0.075775656,0.451912568
5/7/2015 12:00,0.65568054,0.498492462,0.077923628,0.475591985
5/7/2015 13:00,0.655568054,0.495100503,0.075417661,0.453005464
5/7/2015 14:00,0.655230596,0.476884422,0.075536993,0.460837887
5/7/2015 15:00,0.65511811,0.479648241,0.074224344,0.475774135
5/7/2015 16:00,0.65511811,0.477449749,0.069928401,0.475956284
5/7/2015 17:00,0.655005624,0.480213568,0.069928401,0.452459016
5/7/2015 18:00,0.65511811,0.482914573,0.074224344,0.43442623
5/7/2015 19:00,0.65511811,0.496922111,0.073866348,0.432058288
5/7/2015 20:00,0.655230596,0.45910804,0.073747017,0.435701275
5/7/2015 21:00,0.655343082,0.423806533,0.074224344,0.418943534
5/7/2015 22:00,0.65511811,0.37638191,0.073747017,0.399817851
5/7/2015 23:00,0.655568054,0.352072864,0.073150358,0.393442623
5/8/2015 0:00,0.656017998,0.350376884,0.073508353,0.390346084
5/8/2015 1:00,0.654443195,0.351821608,0.074821002,0.389981785
5/8/2015 2:00,0.654218223,0.353015075,0.077684964,0.364116576
5/8/2015 3:00,0.654218223,0.399120603,0.080190931,0.340619308
5/8/2015 4:00,0.654218223,0.505213568,0.084009547,0.335701275
5/8/2015 5:00,0.654330709,0.592273869,0.085799523,0.352459016
5/8/2015 6:00,0.654218223,0.616017588,0.084725537,0.363205829
5/8/2015 7:00,0.654218223,0.617525126,0.083651551,0.361384335
5/8/2015 8:00,0.654443195,0.598743719,0.083054893,0.358652095
5/8/2015 9:00,0.654555681,0.589635678,0.082816229,0.366302368
5/8/2015 10:00,0.654218223,0.614321608,0.082577566,0.376138434
5/8/2015 11:00,0.652193476,0.588190955,0.082696897,0.409653916
5/8/2015 12:00,0.650281215,0.546105528,0.082458234,0.423861566
5/8/2015 13:00,0.650168729,0.526947236,0.082100239,0.436429872
5/8/2015 14:00,0.650393701,0.51991206,0.081622912,0.437887067
5/8/2015 15:00,0.650056243,0.540075377,0.081384248,0.427504554
5/8/2015 16:00,0.650281215,0.53951005,0.080548926,0.431693989
5/8/2015 17:00,0.65095613,0.526570352,0.080787589,0.405100182
5/8/2015 18:00,0.651968504,0.517462312,0.08150358,0.375591985
5/8/2015 19:00,0.652193476,0.515326633,0.082458234,0.35154827
5/8/2015 20:00,0.651968504,0.478454774,0.082577566,0.346630237
5/8/2015 21:00,0.651968504,0.448806533,0.082935561,0.336794171
5/8/2015 22:00,0.65208099,0.408542714,0.08424821,0.320582878
5/8/2015 23:00,0.651968504,0.381532663,0.082816229,0.303278689
5/9/2015 0:00,0.652305962,0.386306533,0.082696897,0.30273224
5/9/2015 1:00,0.652530934,0.383856784,0.082458234,0.312386157
5/9/2015 2:00,0.637795276,0.384045226,0.082458234,0.316939891
5/9/2015 3:00,0.602137233,0.397424623,0.082816229,0.308014572
5/9/2015 4:00,0.600787402,0.429899497,0.082696897,0.276684882
5/9/2015 5:00,0.600899888,0.468153266,0.082458234,0.256648452
5/9/2015 6:00,0.601012373,0.495288945,0.083293556,0.258287796
5/9/2015 7:00,0.600899888,0.505276382,0.08221957,0.261020036
5/9/2015 8:00,0.600787402,0.49968593,0.082338902,0.284517304
5/9/2015 9:00,0.600899888,0.492273869,0.082458234,0.308925319
5/9/2015 10:00,0.600449944,0.480464824,0.081264916,0.308196721
5/9/2015 11:00,0.600449944,0.473680905,0.080787589,0.305464481
5/9/2015 12:00,0.600449944,0.476507538,0.080668258,0.291985428
5/9/2015 13:00,0.6,0.477638191,0.080906921,0.26867031
5/9/2015 14:00,0.600337458,0.471231156,0.080787589,0.270856102
5/9/2015 15:00,0.600674916,0.474057789,0.080429594,0.25701275
5/9/2015 16:00,0.600224972,0.483919598,0.080787589,0.236976321
5/9/2015 17:00,0.600449944,0.49321608,0.080906921,0.2428051
5/9/2015 18:00,0.60056243,0.497047739,0.081145585,0.241894353
5/9/2015 19:00,0.600337458,0.498869347,0.08150358,0.26867031
5/9/2015 20:00,0.59943757,0.481532663,0.081384248,0.279052823
5/9/2015 21:00,0.598987627,0.46048995,0.081384248,0.265938069
5/9/2015 22:00,0.598875141,0.421042714,0.085918854,0.229690346
5/9/2015 23:00,0.598762655,0.420037688,0.086157518,0.204735883
5/10/2015 0:00,0.598987627,0.397298995,0.086396181,0.206010929
5/10/2015 1:00,0.599212598,0.397927136,0.086754177,0.217304189
5/10/2015 2:00,0.599212598,0.391520101,0.086634845,0.225865209
5/10/2015 3:00,0.599775028,0.382223618,0.086634845,0.19417122
5/10/2015 4:00,0.599775028,0.40339196,0.086634845,0.155555556
5/10/2015 5:00,0.599662542,0.434045226,0.086396181,0.120582878
5/10/2015 6:00,0.599662542,0.461809045,0.086157518,0.109289617
5/10/2015 7:00,0.59943757,0.49321608,0.086038186,0.114571949
5/10/2015 8:00,0.5784027,0.510050251,0.086038186,0.133333333
5/10/2015 9:00,0.562992126,0.510364322,0.08699284,0.183970856
5/10/2015 10:00,0.535545557,0.498994975,0.086634845,0.223679417
5/10/2015 11:00,0.523172103,0.501256281,0.086634845,0.25136612
5/10/2015 12:00,0.514060742,0.499057789,0.08699284,0.253734062
5/10/2015 13:00,0.514173228,0.498994975,0.086754177,0.282331512
5/10/2015 14:00,0.514285714,0.507223618,0.086515513,0.301639344
5/10/2015 15:00,0.514735658,0.509296482,0.08699284,0.301457195
5/10/2015 16:00,0.51496063,0.525376884,0.087231504,0.269763206
5/10/2015 17:00,0.514735658,0.549246231,0.087470167,0.230054645
5/10/2015 18:00,0.514848144,0.565012563,0.087589499,0.195810565
5/10/2015 19:00,0.514735658,0.569472362,0.087589499,0.192896175
5/10/2015 20:00,0.514623172,0.551570352,0.087350835,0.205282332
5/10/2015 21:00,0.514735658,0.508040201,0.087350835,0.236247723
5/10/2015 22:00,0.514735658,0.450816583,0.07875895,0.251001821
5/10/2015 23:00,0.51496063,0.422298995,0.079116945,0.245537341
5/11/2015 0:00,0.514848144,0.40879397,0.078878282,0.230965392
5/11/2015 1:00,0.514735658,0.403015075,0.079713604,0.196539162
5/11/2015 2:00,0.51496063,0.406846734,0.079952267,0.175409836
5/11/2015 3:00,0.514735658,0.469660804,0.08221957,0.165938069
5/11/2015 4:00,0.5143982,0.578580402,0.084725537,0.170856102
5/11/2015 5:00,0.514735658,0.658417085,0.085680191,0.181238616
5/11/2015 6:00,0.51496063,0.663567839,0.085680191,0.206193078
5/11/2015 7:00,0.51496063,0.655276382,0.085202864,0.270127505
5/11/2015 8:00,0.51496063,0.636683417,0.083651551,0.360655738
5/11/2015 9:00,0.514735658,0.627763819,0.08221957,0.44571949
5/11/2015 10:00,0.514735658,0.619032663,0.082816229,0.516575592
5/11/2015 11:00,0.5143982,0.605904523,0.081861575,0.546812386
5/11/2015 12:00,0.5143982,0.582851759,0.08221957,0.569398907
5/11/2015 13:00,0.514173228,0.566017588,0.081861575,0.592349727
5/11/2015 14:00,0.514060742,0.551570352,0.081384248,0.610200364
5/11/2015 15:00,0.513948256,0.553266332,0.081622912,0.608378871
5/11/2015 16:00,0.513610799,0.565263819,0.08221957,0.594899818
5/11/2015 17:00,0.513723285,0.565515075,0.081861575,0.606010929
5/11/2015 18:00,0.513723285,0.561683417,0.083412888,0.606921676
5/11/2015 19:00,0.513610799,0.556030151,0.083770883,0.624408015
5/11/2015 20:00,0.513610799,0.517399497,0.083054893,0.646448087
5/11/2015 21:00,0.513498313,0.479711055,0.082935561,0.629508197
5/11/2015 22:00,0.513835771,0.449623116,0.081742243,0.59143898
5/11/2015 23:00,0.513385827,0.440075377,0.080548926,0.543533698
5/12/2015 0:00,0.513385827,0.436243719,0.080310263,0.483060109
5/12/2015 1:00,0.513723285,0.43951005,0.080548926,0.436612022
5/12/2015 2:00,0.513385827,0.44968593,0.080787589,0.372677596
5/12/2015 3:00,0.513160855,0.503831658,0.081384248,0.343533698
5/12/2015 4:00,0.513048369,0.587374372,0.082816229,0.31420765
5/12/2015 5:00,0.512935883,0.643404523,0.083651551,0.266302368
5/12/2015 6:00,0.513048369,0.663190955,0.085799523,0.227686703
5/12/2015 7:00,0.513160855,0.666143216,0.085441527,0.220218579
5/12/2015 8:00,0.513385827,0.664635678,0.08424821,0.227322404
5/12/2015 9:00,0.513160855,0.659610553,0.082577566,0.233879781
5/12/2015 10:00,0.512935883,0.653768844,0.080787589,0.230601093
5/12/2015 11:00,0.512373453,0.646545226,0.081980907,0.226593807
5/12/2015 12:00,0.511811024,0.626947236,0.08150358,0.227868852
5/12/2015 13:00,0.512035996,0.623806533,0.081384248,0.195992714
5/12/2015 14:00,0.512373453,0.618153266,0.081622912,0.187795993
5/12/2015 15:00,0.512373453,0.616959799,0.081980907,0.21129326
5/12/2015 16:00,0.512373453,0.63209799,0.080071599,0.249362477
5/12/2015 17:00,0.512260967,0.62298995,0.080548926,0.268306011
5/12/2015 18:00,0.512598425,0.606972362,0.081742243,0.332422587
5/12/2015 19:00,0.512260967,0.596796482,0.081264916,0.371766849
5/12/2015 20:00,0.512035996,0.550942211,0.080668258,0.378324226
5/12/2015 21:00,0.512148481,0.506846734,0.081145585,0.40291439
5/12/2015 22:00,0.512373453,0.456846734,0.081384248,0.42295082
5/12/2015 23:00,0.512373453,0.438379397,0.081264916,0.458652095
5/13/2015 0:00,0.512148481,0.434045226,0.080429594,0.480145719
5/13/2015 1:00,0.512260967,0.433668342,0.081026253,0.481967213
5/13/2015 2:00,0.512373453,0.43718593,0.081026253,0.499635701
5/13/2015 3:00,0.512598425,0.481281407,0.082458234,0.50273224
5/13/2015 4:00,0.512598425,0.527763819,0.085560859,0.507650273
5/13/2015 5:00,0.512598425,0.610301508,0.087350835,0.518579235
5/13/2015 6:00,0.512598425,0.617399497,0.086754177,0.535519126
5/13/2015 7:00,0.512823397,0.615515075,0.085560859,0.55992714
5/13/2015 8:00,0.512598425,0.610364322,0.0849642,0.584153005
5/13/2015 9:00,0.512710911,0.596733668,0.084486874,0.600182149
5/13/2015 10:00,0.512598425,0.585552764,0.08424821,0.592531876
5/13/2015 11:00,0.512485939,0.586997487,0.083174224,0.582513661
5/13/2015 12:00,0.512373453,0.585113065,0.082816229,0.595446266
5/13/2015 13:00,0.51192351,0.573680905,0.082696897,0.607285974
5/13/2015 14:00,0.512148481,0.55879397,0.083293556,0.587431694
5/13/2015 15:00,0.512373453,0.556469849,0.081622912,0.567759563
5/13/2015 16:00,0.512823397,0.580590452,0.082100239,0.534061931
5/13/2015 17:00,0.512935883,0.583103015,0.08150358,0.513661202
5/13/2015 18:00,0.512823397,0.578894472,0.080548926,0.495081967
5/13/2015 19:00,0.512935883,0.575502513,0.080668258,0.492896175
5/13/2015 20:00,0.512935883,0.571105528,0.080429594,0.510746812
5/13/2015 21:00,0.512710911,0.510866834,0.079116945,0.520218579
5/13/2015 22:00,0.512260967,0.461180905,0.078281623,0.532058288
5/13/2015 23:00,0.512035996,0.44290201,0.077804296,0.541347905
5/14/2015 0:00,0.512260967,0.440075377,0.077923628,0.556648452
5/14/2015 1:00,0.512598425,0.435615578,0.078162291,0.543715847
5/14/2015 2:00,0.512485939,0.43548995,0.079236277,0.532058288
5/14/2015 3:00,0.512485939,0.456407035,0.076133652,0.524590164
5/14/2015 4:00,0.512710911,0.491959799,0.076849642,0.511111111
5/14/2015 5:00,0.512598425,0.51790201,0.080071599,0.491074681
5/14/2015 6:00,0.513048369,0.554711055,0.080787589,0.481238616
5/14/2015 7:00,0.513160855,0.559359296,0.080548926,0.463023679
5/14/2015 8:00,0.513273341,0.564133166,0.082696897,0.444808743
5/14/2015 9:00,0.512823397,0.564949749,0.080190931,0.443533698
5/14/2015 10:00,0.512373453,0.561494975,0.079594272,0.461020036
5/14/2015 11:00,0.512260967,0.560552764,0.078878282,0.481785064
5/14/2015 12:00,0.512260967,0.557663317,0.078878282,0.501639344
5/14/2015 13:00,0.511811024,0.554711055,0.078639618,0.492896175
5/14/2015 14:00,0.511698538,0.561180905,0.078639618,0.481967213
5/14/2015 15:00,0.511586052,0.566143216,0.079116945,0.467577413
5/14/2015 16:00,0.511586052,0.573178392,0.080190931,0.450091075
5/14/2015 17:00,0.511698538,0.585929648,0.080906921,0.438615665
5/14/2015 18:00,0.511698538,0.582286432,0.081026253,0.42568306
5/14/2015 19:00,0.511811024,0.577889447,0.081980907,0.440983607
5/14/2015 20:00,0.511698538,0.574183417,0.079355609,0.459198543
5/14/2015 21:00,0.512035996,0.546796482,0.077565632,0.48579235
5/14/2015 22:00,0.512035996,0.490263819,0.071479714,0.503096539
5/14/2015 23:00,0.511698538,0.470603015,0.071718377,0.522404372
5/15/2015 0:00,0.51192351,0.472298995,0.072076372,0.5428051
5/15/2015 1:00,0.512035996,0.472236181,0.072434368,0.537704918
5/15/2015 2:00,0.512260967,0.47669598,0.071957041,0.532786885
5/15/2015 3:00,0.512260967,0.518655779,0.072911695,0.532422587
5/15/2015 4:00,0.512148481,0.562248744,0.074701671,0.485428051
5/15/2015 5:00,0.51192351,0.600062814,0.077684964,0.453187614
5/15/2015 6:00,0.511811024,0.628266332,0.077923628,0.426958106
5/15/2015 7:00,0.51192351,0.629334171,0.074701671,0.414754098
5/15/2015 8:00,0.512148481,0.631658291,0.074463007,0.410382514
5/15/2015 9:00,0.512035996,0.638316583,0.073150358,0.415846995
5/15/2015 10:00,0.511698538,0.626067839,0.072792363,0.399453552
5/15/2015 11:00,0.51023622,0.615075377,0.071360382,0.372495446
5/15/2015 12:00,0.509223847,0.60879397,0.069570406,0.334972678
5/15/2015 13:00,0.509561305,0.600816583,0.068257757,0.293442623
5/15/2015 14:00,0.509336333,0.598680905,0.067661098,0.243533698
5/15/2015 15:00,0.509786277,0.606344221,0.067661098,0.186703097
5/15/2015 16:00,0.510011249,0.607286432,0.067064439,0.140801457
5/15/2015 17:00,0.510011249,0.607537688,0.065990453,0.106557377
5/15/2015 18:00,0.510573678,0.608982412,0.06778043,0.088342441
5/15/2015 19:00,0.510911136,0.606909548,0.069809069,0.092349727
5/15/2015 20:00,0.51079865,0.597550251,0.071479714,0.087067395
5/15/2015 21:00,0.510686164,0.579899497,0.073627685,0.089617486
5/15/2015 22:00,0.51079865,0.532663317,0.069570406,0.095446266
5/15/2015 23:00,0.510123735,0.51419598,0.069331742,0.095628415
5/16/2015 0:00,0.509223847,0.510301508,0.069689737,0.103642987
5/16/2015 1:00,0.508548931,0.502198492,0.069451074,0.108378871
5/16/2015 2:00,0.509111361,0.504773869,0.069451074,0.10856102
5/16/2015 3:00,0.509448819,0.507349246,0.067899761,0.111839709
5/16/2015 4:00,0.509673791,0.544974874,0.068377088,0.112932605
5/16/2015 5:00,0.509786277,0.582977387,0.070286396,0.095264117
5/16/2015 6:00,0.509786277,0.595603015,0.072195704,0.104007286
5/16/2015 7:00,0.509786277,0.60169598,0.073508353,0.119307832
5/16/2015 8:00,0.509786277,0.591959799,0.072434368,0.12568306
5/16/2015 9:00,0.509336333,0.59120603,0.072911695,0.133151184
5/16/2015 10:00,0.508886389,0.566080402,0.073031026,0.154826958
5/16/2015 11:00,0.508661417,0.539007538,0.07326969,0.178688525
5/16/2015 12:00,0.509223847,0.53718593,0.073389021,0.2143898
5/16/2015 13:00,0.509336333,0.536306533,0.072673031,0.237887067
5/16/2015 14:00,0.509336333,0.536494975,0.071479714,0.259198543
5/16/2015 15:00,0.509673791,0.550188442,0.071002387,0.275409836
5/16/2015 16:00,0.509223847,0.551319095,0.071837709,0.275774135
5/16/2015 17:00,0.509223847,0.560175879,0.073031026,0.267759563
5/16/2015 18:00,0.509448819,0.544535176,0.073627685,0.274134791
5/16/2015 19:00,0.509673791,0.539698492,0.072911695,0.291803279
5/16/2015 20:00,0.520022497,0.53919598,0.071599045,0.315846995
5/16/2015 21:00,0.540607424,0.525816583,0.068138425,0.335336976
5/16/2015 22:00,0.565241845,0.488819095,0.066587112,0.369216758
5/16/2015 23:00,0.584364454,0.475879397,0.066109785,0.387613843
5/17/2015 0:00,0.581777278,0.45540201,0.066348449,0.395264117
5/17/2015 1:00,0.586389201,0.450565327,0.066825776,0.410200364
5/17/2015 2:00,0.592688414,0.445163317,0.067422434,0.404918033
5/17/2015 3:00,0.600337458,0.413756281,0.06778043,0.4143898
5/17/2015 4:00,0.60832396,0.410615578,0.068257757,0.418397086
5/17/2015 5:00,0.613948256,0.472173367,0.067183771,0.434608379
5/17/2015 6:00,0.619460067,0.492399497,0.066945107,0.446630237
5/17/2015 7:00,0.620247469,0.501821608,0.067183771,0.45992714
5/17/2015 8:00,0.620697413,0.507977387,0.067064439,0.469945355
5/17/2015 9:00,0.620809899,0.497738693,0.067303103,0.472313297
5/17/2015 10:00,0.619797525,0.48209799,0.068377088,0.469398907
5/17/2015 11:00,0.617885264,0.485050251,0.068257757,0.464845173
5/17/2015 12:00,0.616085489,0.464635678,0.067899761,0.439162113
5/17/2015 13:00,0.614623172,0.465829146,0.067183771,0.422586521
5/17/2015 14:00,0.613498313,0.487060302,0.067899761,0.394535519
5/17/2015 15:00,0.612148481,0.500125628,0.06778043,0.372677596
5/17/2015 16:00,0.61192351,0.513567839,0.067899761,0.373406193
5/17/2015 17:00,0.612260967,0.554585427,0.069570406,0.317304189
5/17/2015 18:00,0.612035996,0.565201005,0.069928401,0.267395264
5/17/2015 19:00,0.61192351,0.570414573,0.069928401,0.246630237
5/17/2015 20:00,0.612598425,0.561746231,0.069928401,0.258834244
5/17/2015 21:00,0.613048369,0.534610553,0.068854415,0.259562842
5/17/2015 22:00,0.612935883,0.497487437,0.06575179,0.251183971
5/17/2015 23:00,0.613048369,0.471922111,0.067183771,0.256102004
5/18/2015 0:00,0.615410574,0.476507538,0.067422434,0.249544627
5/18/2015 1:00,0.61856018,0.475690955,0.065990453,0.242440801
5/18/2015 2:00,0.619235096,0.482977387,0.065632458,0.230054645
5/18/2015 3:00,0.619347582,0.523241206,0.066348449,0.203642987
5/18/2015 4:00,0.619235096,0.622801508,0.067303103,0.171038251
5/18/2015 5:00,0.619685039,0.651821608,0.067541766,0.149726776
5/18/2015 6:00,0.619572553,0.652826633,0.069212411,0.147723133
5/18/2015 7:00,0.619685039,0.656281407,0.071599045,0.129143898
5/18/2015 8:00,0.623734533,0.644974874,0.068019093,0.118214936
5/18/2015 9:00,0.624409449,0.645728643,0.070644391,0.096903461
5/18/2015 10:00,0.626659168,0.639447236,0.071599045,0.078506375
5/18/2015 11:00,0.627334083,0.631218593,0.073150358,0.067395264
5/18/2015 12:00,0.629246344,0.621482412,0.071479714,0.055373406
5/18/2015 13:00,0.630258718,0.61388191,0.071360382,0.057923497
5/18/2015 14:00,0.630596175,0.603831658,0.071599045,0.061020036
5/18/2015 15:00,0.630371204,0.602575377,0.071479714,0.059562842
5/18/2015 16:00,0.630033746,0.616457286,0.071360382,0.059198543
5/18/2015 17:00,0.630033746,0.612625628,0.07052506,0.075774135
5/18/2015 18:00,0.630371204,0.60339196,0.070167064,0.087431694
5/18/2015 19:00,0.631496063,0.585427136,0.071360382,0.12568306
5/18/2015 20:00,0.633408324,0.551067839,0.070167064,0.175045537
5/18/2015 21:00,0.634983127,0.50709799,0.070047733,0.209836066
5/18/2015 22:00,0.636670416,0.465075377,0.068377088,0.23442623
5/18/2015 23:00,0.637007874,0.452826633,0.067541766,0.249908925
5/19/2015 0:00,0.63712036,0.453894472,0.066706444,0.266484517
5/19/2015 1:00,0.637232846,0.453266332,0.065990453,0.278506375
5/19/2015 2:00,0.637457818,0.453643216,0.066348449,0.30291439
5/19/2015 3:00,0.63768279,0.473366834,0.067064439,0.314025501
5/19/2015 4:00,0.637345332,0.535615578,0.067899761,0.307832423
5/19/2015 5:00,0.638920135,0.616771357,0.06778043,0.280145719
5/19/2015 6:00,0.640269966,0.645477387,0.067541766,0.261748634
5/19/2015 7:00,0.64015748,0.629271357,0.066348449,0.219307832
5/19/2015 8:00,0.639595051,0.629459799,0.064319809,0.207285974
5/19/2015 9:00,0.639707537,0.643404523,0.064319809,0.193260474
5/19/2015 10:00,0.64071991,0.636809045,0.0650358,0.196357013
5/19/2015 11:00,0.640607424,0.607349246,0.063842482,0.204918033
5/19/2015 12:00,0.64071991,0.585866834,0.061694511,0.22003643
5/19/2015 13:00,0.641507312,0.588505025,0.060859189,0.226047359
5/19/2015 14:00,0.643194601,0.580778894,0.057995227,0.250637523
5/19/2015 15:00,0.643082115,0.605904523,0.056443914,0.258287796
5/19/2015 16:00,0.643082115,0.60169598,0.055369928,0.244444444
5/19/2015 17:00,0.642294713,0.60339196,0.056443914,0.220765027
5/19/2015 18:00,0.642744657,0.577324121,0.056443914,0.22276867
5/19/2015 19:00,0.643082115,0.572927136,0.057398568,0.219307832
5/19/2015 20:00,0.642969629,0.541959799,0.057159905,0.208743169
5/19/2015 21:00,0.643082115,0.498429648,0.055966587,0.215846995
5/19/2015 22:00,0.623509561,0.451884422,0.057637232,0.228051002
5/19/2015 23:00,0.583914511,0.443655779,0.057637232,0.225865209
5/20/2015 0:00,0.548706412,0.440263819,0.058830549,0.210746812
5/20/2015 1:00,0.538470191,0.437562814,0.058949881,0.184517304
5/20/2015 2:00,0.531721035,0.443027638,0.059427208,0.170673953
5/20/2015 3:00,0.531608549,0.483291457,0.064200477,0.157377049
5/20/2015 4:00,0.531946007,0.591959799,0.067661098,0.125865209
5/20/2015 5:00,0.531608549,0.629208543,0.07124105,0.099271403
5/20/2015 6:00,0.531721035,0.627763819,0.074105012,0.098178506
5/20/2015 7:00,0.531833521,0.61620603,0.074463007,0.107650273
5/20/2015 8:00,0.531608549,0.609547739,0.075656325,0.12568306
5/20/2015 9:00,0.531608549,0.60571608,0.073747017,0.152094718
5/20/2015 10:00,0.531046119,0.590138191,0.073389021,0.172859745
5/20/2015 11:00,0.531496063,0.589761307,0.073389021,0.193624772
5/20/2015 12:00,0.531496063,0.587625628,0.069212411,0.199453552
5/20/2015 13:00,0.531608549,0.586997487,0.068735084,0.209289617
5/20/2015 14:00,0.531496063,0.591331658,0.068854415,0.189435337
5/20/2015 15:00,0.531946007,0.601758794,0.068615752,0.180327869
5/20/2015 16:00,0.531721035,0.616080402,0.068854415,0.170127505
5/20/2015 17:00,0.531721035,0.610866834,0.068138425,0.136612022
5/20/2015 18:00,0.531946007,0.60741206,0.067064439,0.133151184
5/20/2015 19:00,0.531721035,0.603894472,0.07052506,0.159198543
5/20/2015 20:00,0.531608549,0.590201005,0.069331742,0.175956284
5/20/2015 21:00,0.531721035,0.526884422,0.069093079,0.185245902
5/20/2015 22:00,0.531721035,0.457788945,0.06575179,0.199817851
5/20/2015 23:00,0.532283465,0.448806533,0.064319809,0.200364299
5/21/2015 0:00,0.532170979,0.448555276,0.064558473,0.201275046
5/21/2015 1:00,0.532283465,0.448680905,0.064797136,0.196539162
5/21/2015 2:00,0.532395951,0.461683417,0.0650358,0.171766849
5/21/2015 3:00,0.532283465,0.500628141,0.066706444,0.161384335
5/21/2015 4:00,0.532058493,0.577889447,0.074105012,0.136794171
5/21/2015 5:00,0.532395951,0.655778894,0.078042959,0.096357013
5/21/2015 6:00,0.531046119,0.671984925,0.076133652,0.082149362
5/21/2015 7:00,0.530371204,0.647613065,0.076133652,0.080327869
5/21/2015 8:00,0.530146232,0.61620603,0.078520286,0.094899818
5/21/2015 9:00,0.530146232,0.615703518,0.075417661,0.112568306
5/21/2015 10:00,0.529808774,0.607600503,0.074343675,0.136612022
5/21/2015 11:00,0.529246344,0.599811558,0.079713604,0.158652095
5/21/2015 12:00,0.529471316,0.590515075,0.07124105,0.178142077
5/21/2015 13:00,0.529246344,0.589133166,0.068615752,0.204189435
5/21/2015 14:00,0.530146232,0.571670854,0.068735084,0.235883424
5/21/2015 15:00,0.531046119,0.582726131,0.069928401,0.220765027
5/21/2015 16:00,0.531496063,0.589698492,0.07124105,0.213479053
5/21/2015 17:00,0.531496063,0.581407035,0.069331742,0.197996357
5/21/2015 18:00,0.531383577,0.581658291,0.063603819,0.18287796
5/21/2015 19:00,0.531271091,0.571984925,0.061097852,0.205282332
5/21/2015 20:00,0.530821147,0.541017588,0.057040573,0.254462659
5/21/2015 21:00,0.530821147,0.504899497,0.056563246,0.289799636
5/21/2015 22:00,0.530708661,0.436243719,0.059307876,0.304371585
5/21/2015 23:00,0.530821147,0.429020101,0.059427208,0.322222222
5/22/2015 0:00,0.531608549,0.423994975,0.059546539,0.326958106
5/22/2015 1:00,0.532395951,0.424246231,0.059546539,0.330965392
5/22/2015 2:00,0.532845894,0.425439698,0.059785203,0.354826958
5/22/2015 3:00,0.53295838,0.466457286,0.059665871,0.354826958
5/22/2015 4:00,0.533070866,0.556030151,0.064319809,0.330236794
5/22/2015 5:00,0.533295838,0.612060302,0.06575179,0.325865209
5/22/2015 6:00,0.53352081,0.606281407,0.064797136,0.359198543
5/22/2015 7:00,0.533633296,0.603517588,0.063842482,0.421675774
5/22/2015 8:00,0.533858268,0.58951005,0.063961814,0.471220401
5/22/2015 9:00,0.533745782,0.567399497,0.061336516,0.524043716
5/22/2015 10:00,0.533745782,0.562374372,0.060023866,0.544990893
5/22/2015 11:00,0.53352081,0.559673367,0.058591885,0.55992714
5/22/2015 12:00,0.53352081,0.539824121,0.058830549,0.540255009
5/22/2015 13:00,0.533745782,0.544221106,0.058711217,0.54863388
5/22/2015 14:00,0.53352081,0.531721106,0.058591885,0.536247723
5/22/2015 15:00,0.53352081,0.530464824,0.059427208,0.51147541
5/22/2015 16:00,0.533408324,0.526758794,0.059069212,0.527322404
5/22/2015 17:00,0.533408324,0.528768844,0.059785203,0.556648452
5/22/2015 18:00,0.533408324,0.534987437,0.059904535,0.536065574
5/22/2015 19:00,0.533633296,0.522487437,0.059904535,0.516757741
5/22/2015 20:00,0.533858268,0.513128141,0.059069212,0.521857923
5/22/2015 21:00,0.53408324,0.502575377,0.060620525,0.545537341
5/22/2015 22:00,0.534308211,0.440389447,0.06097852,0.517850638
5/22/2015 23:00,0.534195726,0.431721106,0.059307876,0.492349727
5/23/2015 0:00,0.534420697,0.430527638,0.059307876,0.48579235
5/23/2015 1:00,0.534533183,0.43040201,0.058353222,0.492349727
5/23/2015 2:00,0.534645669,0.429648241,0.057756563,0.515482696
5/23/2015 3:00,0.534533183,0.427701005,0.058711217,0.52859745
5/23/2015 4:00,0.534195726,0.45571608,0.060143198,0.530783242
5/23/2015 5:00,0.534420697,0.490640704,0.059307876,0.551183971
5/23/2015 6:00,0.534308211,0.520226131,0.059785203,0.566302368
5/23/2015 7:00,0.534308211,0.535113065,0.060023866,0.580510018
5/23/2015 8:00,0.534195726,0.541896985,0.060143198,0.550455373
5/23/2015 9:00,0.533858268,0.538693467,0.060023866,0.529872495
5/23/2015 10:00,0.533745782,0.547738693,0.059785203,0.517304189
5/23/2015 11:00,0.533633296,0.543467337,0.059665871,0.500182149
5/23/2015 12:00,0.533408324,0.53040201,0.059546539,0.472677596
5/23/2015 13:00,0.53352081,0.525753769,0.059665871,0.444808743
5/23/2015 14:00,0.533183352,0.530464824,0.061694511,0.467030965
5/23/2015 15:00,0.526884139,0.548429648,0.061694511,0.44845173
5/23/2015 16:00,0.473003375,0.552449749,0.061575179,0.426593807
5/23/2015 17:00,0.456017998,0.573366834,0.061336516,0.393078324
5/23/2015 18:00,0.44488189,0.565263819,0.061694511,0.364480874
5/23/2015 19:00,0.420247469,0.56419598,0.061933174,0.383060109
5/23/2015 20:00,0.405961755,0.576570352,0.061694511,0.407832423
5/23/2015 21:00,0.397975253,0.569786432,0.061575179,0.453734062
5/23/2015 22:00,0.376715411,0.486180905,0.060023866,0.458287796
5/23/2015 23:00,0.376827897,0.464384422,0.059785203,0.429872495
5/24/2015 0:00,0.376715411,0.455276382,0.060143198,0.412021858
5/24/2015 1:00,0.376827897,0.447487437,0.058114558,0.396357013
5/24/2015 2:00,0.377390326,0.44120603,0.054892601,0.377595628
5/24/2015 3:00,0.377165354,0.435364322,0.051431981,0.330601093
5/24/2015 4:00,0.37727784,0.440201005,0.051193317,0.26848816
5/24/2015 5:00,0.37727784,0.475125628,0.051312649,0.244808743
5/24/2015 6:00,0.376940382,0.51080402,0.052267303,0.229690346
5/24/2015 7:00,0.376490439,0.541394472,0.055608592,0.208196721
5/24/2015 8:00,0.376040495,0.55138191,0.058472554,0.184881603
5/24/2015 9:00,0.376377953,0.554271357,0.058114558,0.198360656
5/24/2015 10:00,0.376152981,0.554522613,0.057637232,0.216575592
5/24/2015 11:00,0.376265467,0.537311558,0.057398568,0.235154827
5/24/2015 12:00,0.377502812,0.528454774,0.056801909,0.246265938
5/24/2015 13:00,0.377727784,0.528015075,0.056563246,0.247358834
5/24/2015 14:00,0.377727784,0.539447236,0.056563246,0.250819672
5/24/2015 15:00,0.37784027,0.552512563,0.056682578,0.236612022
5/24/2015 16:00,0.377727784,0.564321608,0.057279236,0.219489982
5/24/2015 17:00,0.37784027,0.581972362,0.057756563,0.201457195
5/24/2015 18:00,0.37784027,0.590640704,0.058472554,0.204007286
5/24/2015 19:00,0.37784027,0.591959799,0.059069212,0.222404372
5/24/2015 20:00,0.37784027,0.587248744,0.059069212,0.259198543
5/24/2015 21:00,0.378177728,0.562374372,0.058472554,0.26848816
5/24/2015 22:00,0.378177728,0.476067839,0.063365155,0.263752277
5/24/2015 23:00,0.378065242,0.459547739,0.062171838,0.249726776
5/25/2015 0:00,0.378065242,0.445100503,0.062291169,0.230965392
5/25/2015 1:00,0.377952756,0.439572864,0.062410501,0.219854281
5/25/2015 2:00,0.378065242,0.441080402,0.061336516,0.203096539
5/25/2015 3:00,0.37784027,0.47160804,0.061813842,0.178870674
5/25/2015 4:00,0.37784027,0.556281407,0.062171838,0.143169399
5/25/2015 5:00,0.377390326,0.609736181,0.063126492,0.130418944
5/25/2015 6:00,0.377502812,0.614635678,0.063484487,0.138433515
5/25/2015 7:00,0.377502812,0.624434673,0.061933174,0.141894353
5/25/2015 8:00,0.377615298,0.63888191,0.062052506,0.15154827
5/25/2015 9:00,0.377390326,0.634610553,0.063245823,0.161020036
5/25/2015 10:00,0.377502812,0.611871859,0.062529833,0.170673953
5/25/2015 11:00,0.377390326,0.608417085,0.062052506,0.167759563
5/25/2015 12:00,0.37727784,0.608165829,0.062171838,0.170127505
5/25/2015 13:00,0.377390326,0.603831658,0.062410501,0.170491803
5/25/2015 14:00,0.37727784,0.604020101,0.062768496,0.157559199
5/25/2015 15:00,0.37727784,0.610238693,0.061455847,0.145355191
5/25/2015 16:00,0.377165354,0.611432161,0.061097852,0.134061931
5/25/2015 17:00,0.377052868,0.602324121,0.061097852,0.122222222
5/25/2015 18:00,0.37727784,0.600062814,0.061694511,0.11420765
5/25/2015 19:00,0.377502812,0.600628141,0.060739857,0.109653916
5/25/2015 20:00,0.376827897,0.578831658,0.060381862,0.115118397
5/25/2015 21:00,0.376715411,0.561180905,0.060023866,0.110200364
5/25/2015 22:00,0.377502812,0.52701005,0.061336516,0.102185792
5/25/2015 23:00,0.377502812,0.482537688,0.060501193,0.098724954
5/26/2015 0:00,0.377615298,0.460238693,0.060739857,0.093442623
5/26/2015 1:00,0.377615298,0.458919598,0.059785203,0.096903461
5/26/2015 2:00,0.377727784,0.461557789,0.059069212,0.091074681
5/26/2015 3:00,0.377952756,0.517525126,0.059188544,0.079052823
5/26/2015 4:00,0.377727784,0.603015075,0.063603819,0.061566485
5/26/2015 5:00,0.377727784,0.645854271,0.06097852,0.050091075
5/26/2015 6:00,0.37784027,0.659422111,0.062410501,0.058652095
5/26/2015 7:00,0.377952756,0.66080402,0.062529833,0.076502732
5/26/2015 8:00,0.37784027,0.66111809,0.061694511,0.096903461
5/26/2015 9:00,0.37727784,0.655025126,0.061933174,0.1143898
5/26/2015 10:00,0.377390326,0.649748744,0.06372315,0.127868852
5/26/2015 11:00,0.377165354,0.64290201,0.063126492,0.140983607
5/26/2015 12:00,0.376827897,0.634924623,0.06300716,0.162295082
5/26/2015 13:00,0.377052868,0.630590452,0.062410501,0.176320583
5/26/2015 14:00,0.377052868,0.620351759,0.062410501,0.191985428
5/26/2015 15:00,0.377052868,0.611809045,0.062052506,0.197632058
5/26/2015 16:00,0.377165354,0.597424623,0.061575179,0.217304189
5/26/2015 17:00,0.376940382,0.586809045,0.061336516,0.215118397
5/26/2015 18:00,0.376940382,0.576319095,0.060620525,0.200364299
5/26/2015 19:00,0.376827897,0.566520101,0.062052506,0.196539162
5/26/2015 20:00,0.376940382,0.527952261,0.062410501,0.224590164
5/26/2015 21:00,0.376715411,0.50678392,0.060143198,0.246812386
5/26/2015 22:00,0.377390326,0.472675879,0.053341289,0.257741348
5/26/2015 23:00,0.377502812,0.464824121,0.053699284,0.252641166
5/27/2015 0:00,0.377615298,0.464886935,0.053579952,0.25154827
5/27/2015 1:00,0.377727784,0.459484925,0.053937947,0.261930783
5/27/2015 2:00,0.377952756,0.46080402,0.053579952,0.253916211
5/27/2015 3:00,0.378177728,0.499183417,0.054415274,0.248998179
5/27/2015 4:00,0.37784027,0.560301508,0.057279236,0.238979964
5/27/2015 5:00,0.377952756,0.618341709,0.057040573,0.238615665
5/27/2015 6:00,0.377952756,0.630339196,0.057398568,0.248816029
5/27/2015 7:00,0.378065242,0.625,0.057040573,0.246448087
5/27/2015 8:00,0.378065242,0.622236181,0.055131265,0.262477231
5/27/2015 9:00,0.378290214,0.619346734,0.054057279,0.290163934
5/27/2015 10:00,0.378290214,0.608354271,0.054534606,0.308014572
5/27/2015 11:00,0.378290214,0.610866834,0.053818616,0.327686703
5/27/2015 12:00,0.378290214,0.608479899,0.054295943,0.338979964
5/27/2015 13:00,0.378065242,0.603768844,0.053818616,0.354826958
5/27/2015 14:00,0.377952756,0.603203518,0.053937947,0.376138434
5/27/2015 15:00,0.378177728,0.604396985,0.053460621,0.362112933
5/27/2015 16:00,0.378177728,0.603768844,0.052983294,0.355009107
5/27/2015 17:00,0.377952756,0.605276382,0.052863962,0.310564663
5/27/2015 18:00,0.378065242,0.593278894,0.05202864,0.273952641
5/27/2015 19:00,0.378065242,0.581407035,0.050238663,0.278870674
5/27/2015 20:00,0.378177728,0.581218593,0.04928401,0.309289617
5/27/2015 21:00,0.3784027,0.550502513,0.049164678,0.33132969
5/27/2015 22:00,0.378515186,0.487060302,0.051551313,0.332969035
5/27/2015 23:00,0.378627672,0.476319095,0.049403341,0.311111111
5/28/2015 0:00,0.378740157,0.473869347,0.04928401,0.297632058
5/28/2015 1:00,0.378740157,0.478894472,0.049642005,0.282695811
5/28/2015 2:00,0.378965129,0.475879397,0.049761337,0.243533698
5/28/2015 3:00,0.378965129,0.491645729,0.051670644,0.210564663
5/28/2015 4:00,0.379077615,0.561997487,0.053937947,0.168123862
5/28/2015 5:00,0.378965129,0.617839196,0.054176611,0.15136612
5/28/2015 6:00,0.379077615,0.618153266,0.0575179,0.152641166
5/28/2015 7:00,0.378852643,0.611055276,0.056324582,0.181602914
5/28/2015 8:00,0.379190101,0.605841709,0.060739857,0.213479053
5/28/2015 9:00,0.379190101,0.600502513,0.060143198,0.243351548
5/28/2015 10:00,0.379077615,0.592839196,0.059665871,0.288160291
5/28/2015 11:00,0.378740157,0.576130653,0.059904535,0.335336976
5/28/2015 12:00,0.378740157,0.575376884,0.058711217,0.343897996
5/28/2015 13:00,0.378290214,0.571984925,0.056205251,0.330965392
5/28/2015 14:00,0.377952756,0.567964824,0.057159905,0.354644809
5/28/2015 15:00,0.377952756,0.57361809,0.060143198,0.358834244
5/28/2015 16:00,0.377952756,0.569974874,0.060381862,0.327322404
5/28/2015 17:00,0.37784027,0.571859296,0.06026253,0.29708561
5/28/2015 18:00,0.377952756,0.563819095,0.060143198,0.305282332
5/28/2015 19:00,0.377727784,0.548492462,0.060381862,0.319672131
5/28/2015 20:00,0.37784027,0.54428392,0.060501193,0.346448087
5/28/2015 21:00,0.37784027,0.517964824,0.060023866,0.347723133
5/28/2015 22:00,0.378065242,0.483040201,0.057159905,0.341165756
5/28/2015 23:00,0.377952756,0.472487437,0.054415274,0.358469945
5/29/2015 0:00,0.378177728,0.467462312,0.053341289,0.366484517
5/29/2015 1:00,0.378290214,0.466520101,0.052386635,0.361930783
5/29/2015 2:00,0.378177728,0.468027638,0.052267303,0.358469945
5/29/2015 3:00,0.378290214,0.498241206,0.052625298,0.348998179
5/29/2015 4:00,0.378515186,0.527638191,0.053102625,0.329143898
5/29/2015 5:00,0.378290214,0.602763819,0.056682578,0.33151184
5/29/2015 6:00,0.3784027,0.632223618,0.057398568,0.350819672
5/29/2015 7:00,0.378290214,0.614133166,0.055727924,0.37704918
5/29/2015 8:00,0.378065242,0.60169598,0.056682578,0.413661202
5/29/2015 9:00,0.37784027,0.595163317,0.058472554,0.447905282
5/29/2015 10:00,0.377390326,0.587311558,0.058353222,0.462112933
5/29/2015 11:00,0.377502812,0.57330402,0.057875895,0.493989071
5/29/2015 12:00,0.377390326,0.560992462,0.057995227,0.462112933
5/29/2015 13:00,0.377502812,0.558668342,0.057875895,0.45136612
5/29/2015 14:00,0.377502812,0.555527638,0.058114558,0.438615665
5/29/2015 15:00,0.377390326,0.571482412,0.058591885,0.406010929
5/29/2015 16:00,0.377502812,0.58379397,0.058353222,0.347358834
5/29/2015 17:00,0.377952756,0.584296482,0.058711217,0.305100182
5/29/2015 18:00,0.377952756,0.57468593,0.058830549,0.263752277
5/29/2015 19:00,0.378065242,0.556155779,0.059188544,0.239344262
5/29/2015 20:00,0.378177728,0.543341709,0.057637232,0.276138434
5/29/2015 21:00,0.378290214,0.518341709,0.058353222,0.320947177
5/29/2015 22:00,0.378515186,0.515766332,0.056801909,0.329508197
5/29/2015 23:00,0.378627672,0.50540201,0.054653938,0.327686703
5/30/2015 0:00,0.378852643,0.492525126,0.052267303,0.345173042
5/30/2015 1:00,0.378965129,0.48951005,0.051670644,0.335154827
5/30/2015 2:00,0.379077615,0.491017588,0.052505967,0.299453552
5/30/2015 3:00,0.379302587,0.499748744,0.05274463,0.276138434
5/30/2015 4:00,0.379302587,0.523994975,0.053341289,0.274134791
5/30/2015 5:00,0.379527559,0.548115578,0.054534606,0.281785064
5/30/2015 6:00,0.379302587,0.568907035,0.055250597,0.291256831
5/30/2015 7:00,0.378965129,0.581344221,0.054892601,0.299453552
5/30/2015 8:00,0.378515186,0.595791457,0.056324582,0.309107468
5/30/2015 9:00,0.3784027,0.59491206,0.056801909,0.306739526
5/30/2015 10:00,0.378740157,0.583542714,0.058353222,0.327140255
5/30/2015 11:00,0.378515186,0.577763819,0.057637232,0.346812386
5/30/2015 12:00,0.378740157,0.575376884,0.054653938,0.378506375
5/30/2015 13:00,0.378740157,0.574120603,0.053221957,0.426047359
5/30/2015 14:00,0.378515186,0.572613065,0.052505967,0.472131148
5/30/2015 15:00,0.37727784,0.572173367,0.05274463,0.48870674
5/30/2015 16:00,0.375928009,0.574560302,0.052863962,0.489617486
5/30/2015 17:00,0.378740157,0.580025126,0.052983294,0.476684882
5/30/2015 18:00,0.377390326,0.574120603,0.053818616,0.466302368
5/30/2015 19:00,0.378740157,0.574371859,0.054653938,0.473041894
5/30/2015 20:00,0.379190101,0.568718593,0.054653938,0.501092896
5/30/2015 21:00,0.379415073,0.538253769,0.054057279,0.515482696
5/30/2015 22:00,0.379415073,0.506407035,0.053102625,0.547540984
5/30/2015 23:00,0.379527559,0.479208543,0.052505967,0.563205829
5/31/2015 0:00,0.379640045,0.468592965,0.054892601,0.572677596
5/31/2015 1:00,0.379527559,0.470351759,0.053937947,0.592714026
5/31/2015 2:00,0.379527559,0.468341709,0.053818616,0.5856102
5/31/2015 3:00,0.379415073,0.468781407,0.053102625,0.569034608
5/31/2015 4:00,0.379302587,0.475251256,0.052147971,0.571220401
5/31/2015 5:00,0.379190101,0.492713568,0.049045346,0.595992714
5/31/2015 6:00,0.379415073,0.524497487,0.051670644,0.614754098
5/31/2015 7:00,0.379415073,0.544472362,0.050119332,0.628961749
5/31/2015 8:00,0.379527559,0.552889447,0.05477327,0.638433515
5/31/2015 9:00,0.379415073,0.55169598,0.056443914,0.655555556
5/31/2015 10:00,0.379415073,0.549434673,0.057875895,0.652276867
5/31/2015 11:00,0.379640045,0.54428392,0.057995227,0.664845173
5/31/2015 12:00,0.379527559,0.537625628,0.056563246,0.670673953
5/31/2015 13:00,0.379302587,0.534359296,0.056205251,0.648087432
5/31/2015 14:00,0.379190101,0.534547739,0.056801909,0.59708561
5/31/2015 15:00,0.379190101,0.546105528,0.05823389,0.546448087
5/31/2015 16:00,0.379190101,0.54830402,0.057637232,0.515300546
5/31/2015 17:00,0.379077615,0.55169598,0.05823389,0.460473588
5/31/2015 18:00,0.379190101,0.552198492,0.05823389,0.407103825
5/31/2015 19:00,0.379077615,0.550502513,0.057159905,0.401457195
5/31/2015 20:00,0.379302587,0.545037688,0.056563246,0.415664845
5/31/2015 21:00,0.379640045,0.526256281,0.056205251,0.426958106
5/31/2015 22:00,0.379865017,0.494849246,0.0575179,0.462477231
5/31/2015 23:00,0.379977503,0.473555276,0.055131265,0.495992714
6/1/2015 0:00,0.379977503,0.472047739,0.053341289,0.506375228
6/1/2015 1:00,0.380314961,0.461620603,0.05274463,0.508378871
6/1/2015 2:00,0.380539933,0.460866834,0.054176611,0.503825137
6/1/2015 3:00,0.380427447,0.500502513,0.053818616,0.479234973
6/1/2015 4:00,0.380539933,0.558479899,0.054057279,0.497996357
6/1/2015 5:00,0.380539933,0.598429648,0.053818616,0.534061931
6/1/2015 6:00,0.380202475,0.602952261,0.054295943,0.578870674
6/1/2015 7:00,0.380427447,0.592085427,0.055847255,0.615482696
6/1/2015 8:00,0.380089989,0.583103015,0.053579952,0.651912568
6/1/2015 9:00,0.380089989,0.573429648,0.053341289,0.682331512
6/1/2015 10:00,0.378290214,0.561055276,0.052863962,0.679052823
6/1/2015 11:00,0.379640045,0.552889447,0.054534606,0.663934426
6/1/2015 12:00,0.379865017,0.557286432,0.056085919,0.650455373
6/1/2015 13:00,0.379752531,0.562876884,0.055966587,0.690528233
6/1/2015 14:00,0.379527559,0.571105528,0.056443914,0.696903461
6/1/2015 15:00,0.379640045,0.568530151,0.056324582,0.684881603
6/1/2015 16:00,0.379302587,0.56928392,0.056324582,0.653734062
6/1/2015 17:00,0.379415073,0.572298995,0.056324582,0.617486339
6/1/2015 18:00,0.379752531,0.569409548,0.057040573,0.58852459
6/1/2015 19:00,0.379640045,0.564572864,0.056921241,0.55701275
6/1/2015 20:00,0.379640045,0.545979899,0.056563246,0.55136612
6/1/2015 21:00,0.379752531,0.533479899,0.054892601,0.550273224
6/1/2015 22:00,0.380089989,0.489824121,0.052267303,0.528779599
6/1/2015 23:00,0.380089989,0.483103015,0.05202864,0.500364299
6/2/2015 0:00,0.380202475,0.481407035,0.05202864,0.485428051
6/2/2015 1:00,0.380652418,0.4625,0.052147971,0.478870674
6/2/2015 2:00,0.380652418,0.470226131,0.052386635,0.478142077
6/2/2015 3:00,0.380314961,0.496922111,0.051551313,0.461384335
6/2/2015 4:00,0.380314961,0.536055276,0.052505967,0.436976321
6/2/2015 5:00,0.380427447,0.582537688,0.053699284,0.395264117
6/2/2015 6:00,0.380539933,0.606407035,0.055608592,0.418214936
6/2/2015 7:00,0.380202475,0.616896985,0.054415274,0.440619308
6/2/2015 8:00,0.379640045,0.604459799,0.054415274,0.491621129
6/2/2015 9:00,0.380314961,0.564384422,0.056443914,0.551001821
6/2/2015 10:00,0.379977503,0.537625628,0.056921241,0.600182149
6/2/2015 11:00,0.371878515,0.541708543,0.054176611,0.625136612
6/2/2015 12:00,0.380089989,0.542273869,0.056682578,0.664845173
6/2/2015 13:00,0.379865017,0.542839196,0.057279236,0.687795993
6/2/2015 14:00,0.380202475,0.546419598,0.057875895,0.716939891
6/2/2015 15:00,0.379752531,0.548743719,0.058114558,0.761202186
6/2/2015 16:00,0.379977503,0.543404523,0.057875895,0.770673953
6/2/2015 17:00,0.380089989,0.536620603,0.058353222,0.754826958
6/2/2015 18:00,0.379977503,0.525376884,0.057398568,0.732422587
6/2/2015 19:00,0.380089989,0.523680905,0.055250597,0.715664845
6/2/2015 20:00,0.379977503,0.517839196,0.054653938,0.723315118
6/2/2015 21:00,0.380202475,0.506155779,0.053460621,0.684335155
6/2/2015 22:00,0.379977503,0.474874372,0.046897375,0.658652095
6/2/2015 23:00,0.380314961,0.465075377,0.046897375,0.604371585
6/3/2015 0:00,0.379977503,0.463693467,0.046897375,0.561202186
6/3/2015 1:00,0.380089989,0.458291457,0.047732697,0.579234973
6/3/2015 2:00,0.380314961,0.46589196,0.047852029,0.577413479
6/3/2015 3:00,0.380202475,0.490577889,0.049642005,0.568852459
6/3/2015 4:00,0.380089989,0.529208543,0.053699284,0.563205829
6/3/2015 5:00,0.380089989,0.554459799,0.053579952,0.560291439
6/3/2015 6:00,0.379640045,0.570163317,0.054415274,0.561930783
6/3/2015 7:00,0.378965129,0.571419598,0.054057279,0.557559199
6/3/2015 8:00,0.379415073,0.573932161,0.054057279,0.574681239
6/3/2015 9:00,0.379752531,0.559359296,0.053937947,0.597632058
6/3/2015 10:00,0.380089989,0.559422111,0.055011933,0.607103825
6/3/2015 11:00,0.379752531,0.549057789,0.056443914,0.614936248
6/3/2015 12:00,0.379415073,0.544660804,0.058114558,0.623679417
6/3/2015 13:00,0.378740157,0.55031407,0.057637232,0.65428051
6/3/2015 14:00,0.378515186,0.551130653,0.057875895,0.646812386
6/3/2015 15:00,0.379190101,0.557788945,0.056324582,0.663387978
6/3/2015 16:00,0.378515186,0.554396985,0.055131265,0.684881603
6/3/2015 17:00,0.378852643,0.552952261,0.05548926,0.680510018
6/3/2015 18:00,0.379302587,0.548366834,0.054653938,0.690710383
6/3/2015 19:00,0.379415073,0.545854271,0.050835322,0.70564663
6/3/2015 20:00,0.379640045,0.543844221,0.048926014,0.733879781
6/3/2015 21:00,0.379977503,0.529271357,0.049403341,0.736612022
6/3/2015 22:00,0.380314961,0.504711055,0.047613365,0.715482696
6/3/2015 23:00,0.380314961,0.484359296,0.049403341,0.708196721
6/4/2015 0:00,0.380427447,0.476633166,0.048210024,0.693260474
6/4/2015 1:00,0.380539933,0.472864322,0.049522673,0.658652095
6/4/2015 2:00,0.380652418,0.481407035,0.049761337,0.619672131
6/4/2015 3:00,0.380764904,0.517399497,0.051312649,0.568306011
6/4/2015 4:00,0.380427447,0.563505025,0.052505967,0.532786885
6/4/2015 5:00,0.380539933,0.615389447,0.054534606,0.529690346
6/4/2015 6:00,0.380539933,0.662876884,0.054415274,0.541894353
6/4/2015 7:00,0.380539933,0.656846734,0.054892601,0.536794171
6/4/2015 8:00,0.380427447,0.65540201,0.055727924,0.562659381
6/4/2015 9:00,0.379302587,0.640201005,0.055847255,0.573952641
6/4/2015 10:00,0.379977503,0.621042714,0.056205251,0.596721311
6/4/2015 11:00,0.379752531,0.611997487,0.056085919,0.594717668
6/4/2015 12:00,0.379640045,0.595728643,0.056324582,0.599635701
6/4/2015 13:00,0.379190101,0.600690955,0.056324582,0.60273224
6/4/2015 14:00,0.378965129,0.603580402,0.056324582,0.566666667
6/4/2015 15:00,0.381102362,0.638253769,0.056801909,0.535883424
6/4/2015 16:00,0.378965129,0.596922111,0.056205251,0.47996357
6/4/2015 17:00,0.378852643,0.59660804,0.056085919,0.43151184
6/4/2015 18:00,0.380989876,0.60508794,0.057995227,0.367213115
6/4/2015 19:00,0.378627672,0.580150754,0.055608592,0.35136612
6/4/2015 20:00,0.378852643,0.571984925,0.053937947,0.367395264
6/4/2015 21:00,0.378852643,0.556155779,0.052983294,0.374863388
6/4/2015 22:00,0.377727784,0.508228643,0.051551313,0.378688525
6/4/2015 23:00,0.376827897,0.50138191,0.04928401,0.37723133
6/5/2015 0:00,0.376827897,0.494849246,0.048329356,0.35136612
6/5/2015 1:00,0.377390326,0.491080402,0.048687351,0.342622951
6/5/2015 2:00,0.377727784,0.491959799,0.048329356,0.33424408
6/5/2015 3:00,0.37784027,0.535175879,0.048687351,0.303278689
6/5/2015 4:00,0.378065242,0.561306533,0.04725537,0.258287796
6/5/2015 5:00,0.37784027,0.600251256,0.047613365,0.235154827
6/5/2015 6:00,0.353205849,0.656092965,0.04928401,0.245173042
6/5/2015 7:00,0.333070866,0.660866834,0.052267303,0.250455373
6/5/2015 8:00,0.333183352,0.665389447,0.052625298,0.259744991
6/5/2015 9:00,0.332620922,0.650188442,0.051551313,0.281238616
6/5/2015 10:00,0.332058493,0.640640704,0.051193317,0.28870674
6/5/2015 11:00,0.341844769,0.6125,0.050357995,0.279781421
6/5/2015 12:00,0.353318335,0.607160804,0.050357995,0.283060109
6/5/2015 13:00,0.361979753,0.599497487,0.051073986,0.284517304
6/5/2015 14:00,0.364904387,0.596545226,0.051073986,0.273224044
6/5/2015 15:00,0.364566929,0.592211055,0.05,0.245537341
6/5/2015 16:00,0.364454443,0.585238693,0.049761337,0.208014572
6/5/2015 17:00,0.364341957,0.590577889,0.048448687,0.180510018
6/5/2015 18:00,0.36591676,0.564949749,0.048329356,0.161566485
6/5/2015 19:00,0.375028121,0.554271357,0.048448687,0.177595628
6/5/2015 20:00,0.375365579,0.543718593,0.048448687,0.184153005
6/5/2015 21:00,0.363554556,0.52839196,0.047732697,0.207103825
6/5/2015 22:00,0.343082115,0.508228643,0.046300716,0.23151184
6/5/2015 23:00,0.341169854,0.506407035,0.046062053,0.23715847
6/6/2015 0:00,0.341169854,0.497424623,0.046062053,0.261566485
6/6/2015 1:00,0.341394826,0.500753769,0.046062053,0.303460838
6/6/2015 2:00,0.341394826,0.501256281,0.046181384,0.327322404
6/6/2015 3:00,0.341619798,0.510615578,0.046300716,0.334972678
6/6/2015 4:00,0.343644544,0.517399497,0.045942721,0.315664845
6/6/2015 5:00,0.348143982,0.554334171,0.045942721,0.298178506
6/6/2015 6:00,0.348031496,0.587123116,0.046539379,0.295264117
6/6/2015 7:00,0.351968504,0.612437186,0.046539379,0.321311475
6/6/2015 8:00,0.354555681,0.615577889,0.046658711,0.346994536
6/6/2015 9:00,0.354218223,0.608165829,0.046658711,0.352276867
6/6/2015 10:00,0.359617548,0.598680905,0.046778043,0.400910747
6/6/2015 11:00,0.361642295,0.584987437,0.046658711,0.43989071
6/6/2015 12:00,0.363892013,0.575502513,0.046658711,0.495628415
6/6/2015 13:00,0.36344207,0.561180905,0.046181384,0.570856102
6/6/2015 14:00,0.36287964,0.557726131,0.046181384,0.584517304
6/6/2015 15:00,0.36231721,0.563379397,0.046062053,0.580145719
6/6/2015 16:00,0.364904387,0.559045226,0.045823389,0.570856102
6/6/2015 17:00,0.369741282,0.55508794,0.045823389,0.555009107
6/6/2015 18:00,0.373228346,0.549120603,0.045704057,0.549726776
6/6/2015 19:00,0.379752531,0.542022613,0.045584726,0.563570128
6/6/2015 20:00,0.382677165,0.54120603,0.045465394,0.581967213
6/6/2015 21:00,0.354443195,0.533354271,0.045465394,0.582513661
6/6/2015 22:00,0.34375703,0.474623116,0.046181384,0.589253188
6/6/2015 23:00,0.34375703,0.448555276,0.046062053,0.580874317
6/7/2015 0:00,0.344094488,0.434422111,0.046181384,0.581238616
6/7/2015 1:00,0.344206974,0.427701005,0.046181384,0.584517304
6/7/2015 2:00,0.344094488,0.424371859,0.044391408,0.587249545
6/7/2015 3:00,0.344206974,0.433165829,0.043794749,0.573406193
6/7/2015 4:00,0.34431946,0.446419598,0.043675418,0.566666667
6/7/2015 5:00,0.344206974,0.473429648,0.043675418,0.57723133
6/7/2015 6:00,0.343982002,0.496545226,0.043317422,0.593260474
6/7/2015 7:00,0.34375703,0.518718593,0.042124105,0.608925319
6/7/2015 8:00,0.343869516,0.527575377,0.042004773,0.620400729
6/7/2015 9:00,0.343869516,0.526570352,0.042840095,0.61147541
6/7/2015 10:00,0.350281215,0.543278894,0.042243437,0.615300546
6/7/2015 11:00,0.354893138,0.533291457,0.042840095,0.630418944
6/7/2015 12:00,0.356917885,0.530778894,0.043556086,0.627322404
6/7/2015 13:00,0.356692913,0.533228643,0.043556086,0.600910747
6/7/2015 14:00,0.356580427,0.544158291,0.043556086,0.585974499
6/7/2015 15:00,0.35624297,0.551947236,0.043556086,0.570491803
6/7/2015 16:00,0.355905512,0.56218593,0.044033413,0.561020036
6/7/2015 17:00,0.355455568,0.56451005,0.043914081,0.53151184
6/7/2015 18:00,0.358155231,0.562311558,0.043794749,0.493624772
6/7/2015 19:00,0.361192351,0.567399497,0.043675418,0.468306011
6/7/2015 20:00,0.367154106,0.565766332,0.041527446,0.453551913
6/7/2015 21:00,0.367379078,0.541080402,0.041050119,0.450637523
6/7/2015 22:00,0.367379078,0.485992462,0.045823389,0.461384335
6/7/2015 23:00,0.366929134,0.472550251,0.045584726,0.46848816
6/8/2015 0:00,0.366929134,0.467399497,0.045704057,0.49143898
6/8/2015 1:00,0.366929134,0.467399497,0.045584726,0.491256831
6/8/2015 2:00,0.378740157,0.475188442,0.045107399,0.469216758
6/8/2015 3:00,0.390888639,0.515389447,0.045346062,0.404735883
6/8/2015 4:00,0.398537683,0.578580402,0.04522673,0.374499089
6/8/2015 5:00,0.399662542,0.634359296,0.045942721,0.353734062
6/8/2015 6:00,0.400112486,0.649120603,0.046181384,0.328415301
6/8/2015 7:00,0.399775028,0.646356784,0.046181384,0.304918033
6/8/2015 8:00,0.399325084,0.639572864,0.047374702,0.295446266
6/8/2015 9:00,0.399550056,0.647424623,0.047613365,0.290163934
6/8/2015 10:00,0.400224972,0.659359296,0.050119332,0.267941712
6/8/2015 11:00,0.400112486,0.652889447,0.050238663,0.249180328
6/8/2015 12:00,0.399775028,0.653140704,0.050119332,0.234972678
6/8/2015 13:00,0.401124859,0.641520101,0.050119332,0.235519126
6/8/2015 14:00,0.400449944,0.640640704,0.04928401,0.230418944
6/8/2015 15:00,0.400112486,0.626256281,0.050835322,0.218943534
6/8/2015 16:00,0.400899888,0.62298995,0.051193317,0.208196721
6/8/2015 17:00,0.401012373,0.607977387,0.051073986,0.201092896
6/8/2015 18:00,0.400449944,0.589321608,0.050596659,0.182513661
6/8/2015 19:00,0.400899888,0.587123116,0.050357995,0.175956284
6/8/2015 20:00,0.401012373,0.58040201,0.049761337,0.187795993
6/8/2015 21:00,0.401124859,0.543278894,0.046539379,0.210928962
6/8/2015 22:00,0.401124859,0.504459799,0.048806683,0.241165756
6/8/2015 23:00,0.401574803,0.492525126,0.047136038,0.239162113
6/9/2015 0:00,0.401574803,0.496482412,0.045704057,0.244626594
6/9/2015 1:00,0.401687289,0.491896985,0.045346062,0.220400729
6/9/2015 2:00,0.401912261,0.491080402,0.04522673,0.178324226
6/9/2015 3:00,0.402137233,0.524560302,0.046897375,0.148998179
6/9/2015 4:00,0.402137233,0.593278894,0.04797136,0.110928962
6/9/2015 5:00,0.402024747,0.662562814,0.047613365,0.091985428
6/9/2015 6:00,0.401912261,0.679271357,0.045465394,0.093442623
6/9/2015 7:00,0.402137233,0.679082915,0.045942721,0.115300546
6/9/2015 8:00,0.401799775,0.678894472,0.045942721,0.136976321
6/9/2015 9:00,0.401687289,0.679271357,0.045465394,0.156648452
6/9/2015 10:00,0.401012373,0.668907035,0.04797136,0.168123862
6/9/2015 11:00,0.400787402,0.660427136,0.049522673,0.174499089
6/9/2015 12:00,0.40056243,0.653580402,0.049522673,0.193260474
6/9/2015 13:00,0.403374578,0.623178392,0.049403341,0.212021858
6/9/2015 14:00,0.413723285,0.621859296,0.049403341,0.219307832
6/9/2015 15:00,0.446231721,0.596922111,0.049403341,0.209653916
6/9/2015 16:00,0.45984252,0.59321608,0.04928401,0.2
6/9/2015 17:00,0.456467942,0.596482412,0.049164678,0.204553734
6/9/2015 18:00,0.464566929,0.595917085,0.049045346,0.185063752
6/9/2015 19:00,0.466591676,0.585929648,0.049164678,0.204007286
6/9/2015 20:00,0.466929134,0.566896985,0.050477327,0.254462659
6/9/2015 21:00,0.467266592,0.548806533,0.050477327,0.300910747
6/9/2015 22:00,0.467604049,0.510301508,0.046897375,0.351183971
6/9/2015 23:00,0.468053993,0.492839196,0.046181384,0.375227687
6/10/2015 0:00,0.468053993,0.490640704,0.045942721,0.39143898
6/10/2015 1:00,0.467716535,0.481658291,0.044868735,0.396357013
6/10/2015 2:00,0.467716535,0.479648241,0.043556086,0.396357013
6/10/2015 3:00,0.466816648,0.509673367,0.044152745,0.374134791
6/10/2015 4:00,0.466366704,0.549309045,0.044868735,0.344626594
6/10/2015 5:00,0.465804274,0.631030151,0.046181384,0.319854281
6/10/2015 6:00,0.471991001,0.654020101,0.045584726,0.329143898
6/10/2015 7:00,0.472103487,0.639949749,0.046897375,0.352459016
6/10/2015 8:00,0.472440945,0.64120603,0.046539379,0.380145719
6/10/2015 9:00,0.472890889,0.63008794,0.047732697,0.420218579
6/10/2015 10:00,0.472328459,0.626319095,0.044749403,0.453369763
6/10/2015 11:00,0.472103487,0.61928392,0.044272076,0.480145719
6/10/2015 12:00,0.471991001,0.612060302,0.046062053,0.512386157
6/10/2015 13:00,0.472215973,0.586180905,0.045584726,0.559744991
6/10/2015 14:00,0.471653543,0.564761307,0.042720764,0.576684882
6/10/2015 15:00,0.471541057,0.564258794,0.042840095,0.584517304
6/10/2015 16:00,0.471091114,0.556595477,0.042840095,0.572859745
6/10/2015 17:00,0.471316085,0.553077889,0.042004773,0.553005464
6/10/2015 18:00,0.4712036,0.551444724,0.042004773,0.507468124
6/10/2015 19:00,0.4712036,0.550753769,0.042004773,0.503825137
6/10/2015 20:00,0.471428571,0.551947236,0.043078759,0.522404372
6/10/2015 21:00,0.471541057,0.529145729,0.043078759,0.500546448
6/10/2015 22:00,0.471766029,0.476130653,0.045942721,0.49143898
6/10/2015 23:00,0.472103487,0.462123116,0.046300716,0.455373406
6/11/2015 0:00,0.471316085,0.466645729,0.046300716,0.411839709
6/11/2015 1:00,0.470303712,0.463693467,0.046300716,0.381602914
6/11/2015 2:00,0.469628796,0.465515075,0.046420048,0.352641166
6/11/2015 3:00,0.469628796,0.513944724,0.046897375,0.302367942
6/11/2015 4:00,0.470416198,0.563944724,0.047016706,0.249544627
6/11/2015 5:00,0.47064117,0.633354271,0.047613365,0.216939891
6/11/2015 6:00,0.471991001,0.655778894,0.047732697,0.212932605
6/11/2015 7:00,0.471991001,0.661997487,0.052386635,0.217850638
6/11/2015 8:00,0.472328459,0.652701005,0.049642005,0.237522769
6/11/2015 9:00,0.472440945,0.653266332,0.049642005,0.271584699
6/11/2015 10:00,0.472328459,0.645163317,0.049761337,0.28870674
6/11/2015 11:00,0.472328459,0.614384422,0.052147971,0.292531876
6/11/2015 12:00,0.472328459,0.614447236,0.055369928,0.295810565
6/11/2015 13:00,0.470978628,0.654459799,0.062052506,0.312932605
6/11/2015 14:00,0.47064117,0.610929648,0.050119332,0.31129326
6/11/2015 15:00,0.47064117,0.600565327,0.046778043,0.311111111
6/11/2015 16:00,0.470191226,0.588944724,0.046658711,0.292896175
6/11/2015 17:00,0.47064117,0.588253769,0.046539379,0.280327869
6/11/2015 18:00,0.470866142,0.593592965,0.046420048,0.249362477
6/11/2015 19:00,0.470978628,0.589133166,0.046181384,0.235519126
6/11/2015 20:00,0.4712036,0.57531407,0.047494033,0.269581056
6/11/2015 21:00,0.471541057,0.555464824,0.047374702,0.281238616
6/11/2015 22:00,0.4712036,0.525879397,0.047852029,0.273588342
6/11/2015 23:00,0.4712036,0.51218593,0.047852029,0.269763206
6/12/2015 0:00,0.471316085,0.511683417,0.04797136,0.238433515
6/12/2015 1:00,0.471428571,0.497110553,0.047374702,0.200364299
6/12/2015 2:00,0.4712036,0.510238693,0.047374702,0.179234973
6/12/2015 3:00,0.4712036,0.5375,0.047852029,0.148816029
6/12/2015 4:00,0.471091114,0.586306533,0.047732697,0.114936248
6/12/2015 5:00,0.470978628,0.630464824,0.061097852,0.098360656
6/12/2015 6:00,0.470866142,0.654585427,0.059307876,0.107468124
6/12/2015 7:00,0.470866142,0.652512563,0.056085919,0.126411658
6/12/2015 8:00,0.4712036,0.648743719,0.055966587,0.169034608
6/12/2015 9:00,0.471316085,0.647173367,0.054653938,0.201457195
6/12/2015 10:00,0.471316085,0.627952261,0.053699284,0.205464481
6/12/2015 11:00,0.470866142,0.607851759,0.052983294,0.228779599
6/12/2015 12:00,0.469966254,0.605339196,0.053460621,0.253916211
6/12/2015 13:00,0.469178853,0.600816583,0.052863962,0.275227687
6/12/2015 14:00,0.468841395,0.60571608,0.040334129,0.275774135
6/12/2015 15:00,0.468616423,0.604334171,0.040214797,0.25992714
6/12/2015 16:00,0.468166479,0.60201005,0.040095465,0.249544627
6/12/2015 17:00,0.468728909,0.594723618,0.039976134,0.228779599
6/12/2015 18:00,0.469066367,0.588190955,0.041288783,0.18870674
6/12/2015 19:00,0.469066367,0.582349246,0.043198091,0.183424408
6/12/2015 20:00,0.469291339,0.576193467,0.043794749,0.193442623
6/12/2015 21:00,0.469853768,0.553266332,0.044272076,0.220218579
6/12/2015 22:00,0.470191226,0.525502513,0.03973747,0.247358834
6/12/2015 23:00,0.470528684,0.516708543,0.039498807,0.246812386
6/13/2015 0:00,0.470303712,0.51080402,0.039618138,0.263752277
6/13/2015 1:00,0.470528684,0.508668342,0.039498807,0.260655738
6/13/2015 2:00,0.470753656,0.506658291,0.039498807,0.250455373
6/13/2015 3:00,0.47064117,0.516394472,0.039498807,0.202185792
6/13/2015 4:00,0.470303712,0.529271357,0.039498807,0.169945355
6/13/2015 5:00,0.469066367,0.55370603,0.039498807,0.150273224
6/13/2015 6:00,0.468391451,0.574811558,0.039976134,0.150455373
6/13/2015 7:00,0.467941507,0.583542714,0.040095465,0.166848816
6/13/2015 8:00,0.467379078,0.587939698,0.040095465,0.183970856
6/13/2015 9:00,0.467491564,0.590201005,0.039976134,0.189617486
6/13/2015 10:00,0.467266592,0.593341709,0.039976134,0.201821494
6/13/2015 11:00,0.467379078,0.588065327,0.039976134,0.20582878
6/13/2015 12:00,0.467154106,0.586432161,0.039976134,0.217850638
6/13/2015 13:00,0.46704162,0.582726131,0.039976134,0.230054645
6/13/2015 14:00,0.466816648,0.577135678,0.039976134,0.221311475
6/13/2015 15:00,0.465241845,0.57839196,0.039856802,0.210382514
6/13/2015 16:00,0.465016873,0.572361809,0.03973747,0.194717668
6/13/2015 17:00,0.465354331,0.570288945,0.03973747,0.170673953
6/13/2015 18:00,0.465354331,0.561934673,0.039618138,0.140437158
6/13/2015 19:00,0.465466817,0.547047739,0.03973747,0.109289617
6/13/2015 20:00,0.465804274,0.53718593,0.03973747,0.107103825
6/13/2015 21:00,0.456467942,0.531092965,0.039260143,0.112386157
6/13/2015 22:00,0.456580427,0.530841709,0.039856802,0.12859745
6/13/2015 23:00,0.455230596,0.522298995,0.039856802,0.13715847
6/14/2015 0:00,0.452305962,0.508479899,0.039856802,0.141894353
6/14/2015 1:00,0.449718785,0.504145729,0.03973747,0.139344262
6/14/2015 2:00,0.449606299,0.496168342,0.03973747,0.145901639
6/14/2015 3:00,0.451968504,0.495100503,0.039260143,0.143715847
6/14/2015 4:00,0.458267717,0.502889447,0.037708831,0.132422587
6/14/2015 5:00,0.457705287,0.517022613,0.037708831,0.143897996
6/14/2015 6:00,0.463892013,0.545226131,0.038186158,0.151912568
6/14/2015 7:00,0.479077615,0.570477387,0.038782816,0.16867031
6/14/2015 8:00,0.478515186,0.582600503,0.03973747,0.196174863
6/14/2015 9:00,0.477952756,0.583479899,0.039856802,0.228051002
6/14/2015 10:00,0.471991001,0.574874372,0.040095465,0.256648452
6/14/2015 11:00,0.484701912,0.568592965,0.040453461,0.284699454
6/14/2015 12:00,0.502249719,0.565577889,0.041050119,0.308743169
6/14/2015 13:00,0.501574803,0.563316583,0.041646778,0.328961749
6/14/2015 14:00,0.502812148,0.551067839,0.041885442,0.340619308
6/14/2015 15:00,0.507086614,0.558040201,0.041408115,0.367213115
6/14/2015 16:00,0.520359955,0.563944724,0.042124105,0.380874317
6/14/2015 17:00,0.524971879,0.556092965,0.041646778,0.391074681
6/14/2015 18:00,0.524184477,0.552386935,0.041050119,0.393442623
6/14/2015 19:00,0.52935883,0.548115578,0.041288783,0.381238616
6/14/2015 20:00,0.536332958,0.546105528,0.038902148,0.369034608
6/14/2015 21:00,0.535208099,0.540954774,0.037589499,0.388342441
6/14/2015 22:00,0.48503937,0.511871859,0.038424821,0.415846995
6/14/2015 23:00,0.460404949,0.506721106,0.038663484,0.41420765
6/15/2015 0:00,0.455568054,0.502512563,0.039618138,0.410928962
6/15/2015 1:00,0.455568054,0.502826633,0.040334129,0.407103825
6/15/2015 2:00,0.45568054,0.505276382,0.041050119,0.392714026
6/15/2015 3:00,0.469291339,0.534422111,0.040811456,0.329508197
6/15/2015 4:00,0.48863892,0.57839196,0.039379475,0.277959927
6/15/2015 5:00,0.498200225,0.623366834,0.038066826,0.280510018
6/15/2015 6:00,0.505736783,0.634924623,0.038782816,0.299817851
6/15/2015 7:00,0.521034871,0.650565327,0.040572792,0.316211293
6/15/2015 8:00,0.521709786,0.649057789,0.038544153,0.330418944
6/15/2015 9:00,0.521147357,0.638316583,0.039856802,0.349726776
6/15/2015 10:00,0.520809899,0.630025126,0.040811456,0.379234973
6/15/2015 11:00,0.520697413,0.631846734,0.041288783,0.38287796
6/15/2015 12:00,0.520809899,0.630904523,0.041408115,0.382513661
6/15/2015 13:00,0.520584927,0.618530151,0.041408115,0.392714026
6/15/2015 14:00,0.520359955,0.60741206,0.041288783,0.391256831
6/15/2015 15:00,0.520134983,0.606218593,0.041050119,0.40273224
6/15/2015 16:00,0.520472441,0.596859296,0.040811456,0.395446266
6/15/2015 17:00,0.520584927,0.588944724,0.040811456,0.389981785
6/15/2015 18:00,0.520472441,0.589824121,0.039498807,0.380145719
6/15/2015 19:00,0.520584927,0.584233668,0.039498807,0.37723133
6/15/2015 20:00,0.520247469,0.570226131,0.038663484,0.416939891
6/15/2015 21:00,0.519797525,0.563190955,0.037708831,0.426047359
6/15/2015 22:00,0.519685039,0.512248744,0.036754177,0.438797814
6/15/2015 23:00,0.519572553,0.495100503,0.03627685,0.428961749
6/16/2015 0:00,0.519572553,0.488505025,0.036038186,0.410928962
6/16/2015 1:00,0.522834646,0.486494975,0.036515513,0.424590164
6/16/2015 2:00,0.524634421,0.48209799,0.03627685,0.424408015
6/16/2015 3:00,0.519910011,0.515640704,0.036754177,0.408743169
6/16/2015 4:00,0.519572553,0.572487437,0.035560859,0.384699454
6/16/2015 5:00,0.519797525,0.594535176,0.035083532,0.375774135
6/16/2015 6:00,0.535545557,0.615515075,0.035680191,0.370127505
6/16/2015 7:00,0.564454443,0.620288945,0.03699284,0.358834244
6/16/2015 8:00,0.571428571,0.621419598,0.039976134,0.344808743
6/16/2015 9:00,0.571991001,0.604082915,0.040095465,0.344626594
6/16/2015 10:00,0.57367829,0.602512563,0.041050119,0.351730419
6/16/2015 11:00,0.573340832,0.601758794,0.041050119,0.348087432
6/16/2015 12:00,0.572890889,0.604836683,0.041646778,0.363205829
6/16/2015 13:00,0.572440945,0.605339196,0.042243437,0.373224044
6/16/2015 14:00,0.572665917,0.593341709,0.040930788,0.37140255
6/16/2015 15:00,0.572553431,0.587751256,0.040811456,0.364663024
6/16/2015 16:00,0.572215973,0.590138191,0.040214797,0.36010929
6/16/2015 17:00,0.571541057,0.589447236,0.039498807,0.334608379
6/16/2015 18:00,0.572778403,0.587248744,0.040453461,0.306375228
6/16/2015 19:00,0.573565804,0.586432161,0.03973747,0.285428051
6/16/2015 20:00,0.572553431,0.580778894,0.038424821,0.290163934
6/16/2015 21:00,0.572215973,0.562437186,0.039379475,0.300728597
6/16/2015 22:00,0.572328459,0.508856784,0.036634845,0.316211293
6/16/2015 23:00,0.572328459,0.502763819,0.036515513,0.316575592
6/17/2015 0:00,0.570303712,0.50138191,0.035441527,0.311839709
6/17/2015 1:00,0.538357705,0.502889447,0.035799523,0.286338798
6/17/2015 2:00,0.520584927,0.503203518,0.036157518,0.23989071
6/17/2015 3:00,0.521034871,0.536557789,0.035322196,0.175591985
6/17/2015 4:00,0.520472441,0.590326633,0.035441527,0.129508197
6/17/2015 5:00,0.520809899,0.644535176,0.036754177,0.107832423
6/17/2015 6:00,0.521259843,0.648052764,0.037231504,0.113114754
6/17/2015 7:00,0.520809899,0.651570352,0.038066826,0.116757741
6/17/2015 8:00,0.521034871,0.65508794,0.039976134,0.122040073
6/17/2015 9:00,0.519347582,0.651256281,0.040572792,0.134790528
6/17/2015 10:00,0.518897638,0.634798995,0.040453461,0.161202186
6/17/2015 11:00,0.515185602,0.632474874,0.038782816,0.185974499
6/17/2015 12:00,0.502699663,0.625879397,0.038544153,0.212568306
6/17/2015 13:00,0.502474691,0.628203518,0.038782816,0.253005464
6/17/2015 14:00,0.510461192,0.620037688,0.038305489,0.265938069
6/17/2015 15:00,0.513723285,0.629962312,0.037589499,0.282513661
6/17/2015 16:00,0.513948256,0.629836683,0.037708831,0.296903461
6/17/2015 17:00,0.519347582,0.625125628,0.037589499,0.288342441
6/17/2015 18:00,0.521034871,0.616457286,0.037589499,0.266848816
6/17/2015 19:00,0.515185602,0.597236181,0.037589499,0.273952641
6/17/2015 20:00,0.515973003,0.583417085,0.037589499,0.293624772
6/17/2015 21:00,0.520809899,0.557663317,0.035560859,0.290346084
6/17/2015 22:00,0.520697413,0.50339196,0.036396181,0.262112933
6/17/2015 23:00,0.520809899,0.489258794,0.036396181,0.2143898
6/18/2015 0:00,0.521034871,0.4875,0.037112172,0.185974499
6/18/2015 1:00,0.521147357,0.483605528,0.037112172,0.171584699
6/18/2015 2:00,0.521372328,0.482286432,0.037112172,0.155919854
6/18/2015 3:00,0.521259843,0.512939698,0.03627685,0.155737705
6/18/2015 4:00,0.520697413,0.571168342,0.036157518,0.1428051
6/18/2015 5:00,0.520922385,0.617211055,0.036396181,0.127322404
6/18/2015 6:00,0.520922385,0.661557789,0.036515513,0.122586521
6/18/2015 7:00,0.520809899,0.656030151,0.037470167,0.125865209
6/18/2015 8:00,0.520472441,0.656532663,0.03973747,0.130054645
6/18/2015 9:00,0.520359955,0.652261307,0.039856802,0.140255009
6/18/2015 10:00,0.520809899,0.637688442,0.03973747,0.149726776
6/18/2015 11:00,0.520247469,0.629459799,0.038424821,0.163387978
6/18/2015 12:00,0.519910011,0.617399497,0.037947494,0.171948998
6/18/2015 13:00,0.519797525,0.608479899,0.037947494,0.184153005
6/18/2015 14:00,0.51856018,0.607474874,0.037947494,0.186156648
6/18/2015 15:00,0.506411699,0.6,0.035560859,0.174134791
6/18/2015 16:00,0.503149606,0.595163317,0.035680191,0.155919854
6/18/2015 17:00,0.506749156,0.580276382,0.035680191,0.15701275
6/18/2015 18:00,0.514623172,0.571168342,0.034844869,0.145901639
6/18/2015 19:00,0.523284589,0.560175879,0.034606205,0.148998179
6/18/2015 20:00,0.52935883,0.552763819,0.03424821,0.149180328
6/18/2015 21:00,0.529583802,0.524183417,0.03424821,0.159744991
6/18/2015 22:00,0.529021372,0.483542714,0.033054893,0.161566485
6/18/2015 23:00,0.53352081,0.459170854,0.033054893,0.168123862
6/19/2015 0:00,0.538020247,0.443592965,0.03353222,0.178142077
6/19/2015 1:00,0.542407199,0.432851759,0.034725537,0.178870674
6/19/2015 2:00,0.54431946,0.418969849,0.034725537,0.178142077
6/19/2015 3:00,0.54488189,0.442399497,0.032458234,0.167941712
6/19/2015 4:00,0.549493813,0.496356784,0.032458234,0.142258652
6/19/2015 5:00,0.549943757,0.560866834,0.032935561,0.127686703
6/19/2015 6:00,0.554330709,0.580967337,0.032935561,0.125865209
6/19/2015 7:00,0.557030371,0.588819095,0.033054893,0.135154827
6/19/2015 8:00,0.55928009,0.596105528,0.033174224,0.148816029
6/19/2015 9:00,0.560967379,0.582286432,0.034486874,0.152641166
6/19/2015 10:00,0.562429696,0.590703518,0.034367542,0.141894353
6/19/2015 11:00,0.56287964,0.585552764,0.034486874,0.143715847
6/19/2015 12:00,0.56287964,0.572613065,0.035202864,0.12859745
6/19/2015 13:00,0.562767154,0.560741206,0.035322196,0.130965392
6/19/2015 14:00,0.562429696,0.555967337,0.035322196,0.121311475
6/19/2015 15:00,0.561754781,0.554396985,0.035202864,0.107285974
6/19/2015 16:00,0.561529809,0.551444724,0.035202864,0.107285974
6/19/2015 17:00,0.561867267,0.542085427,0.035083532,0.110018215
6/19/2015 18:00,0.561642295,0.538065327,0.03424821,0.106921676
6/19/2015 19:00,0.561754781,0.537374372,0.03424821,0.121129326
6/19/2015 20:00,0.561192351,0.535866834,0.034128878,0.146448087
6/19/2015 21:00,0.561192351,0.519535176,0.034009547,0.171948998
6/19/2015 22:00,0.545556805,0.474434673,0.033054893,0.187067395
6/19/2015 23:00,0.528571429,0.469849246,0.032696897,0.191803279
6/20/2015 0:00,0.528908886,0.451884422,0.032696897,0.189981785
6/20/2015 1:00,0.528571429,0.446042714,0.032696897,0.184153005
6/20/2015 2:00,0.528683915,0.444221106,0.032577566,0.17431694
6/20/2015 3:00,0.528458943,0.447110553,0.032696897,0.152459016
6/20/2015 4:00,0.528458943,0.468153266,0.032696897,0.109107468
6/20/2015 5:00,0.528683915,0.505213568,0.032696897,0.070127505
6/20/2015 6:00,0.546119235,0.524309045,0.034009547,0.057559199
6/20/2015 7:00,0.576265467,0.548115578,0.034367542,0.051730419
6/20/2015 8:00,0.582902137,0.552135678,0.034486874,0.049908925
6/20/2015 9:00,0.594825647,0.541394472,0.034367542,0.055373406
6/20/2015 10:00,0.606299213,0.539321608,0.03424821,0.078688525
6/20/2015 11:00,0.61136108,0.540012563,0.033890215,0.092167577
6/20/2015 12:00,0.612373453,0.538065327,0.033651551,0.093624772
6/20/2015 13:00,0.612485939,0.538128141,0.033651551,0.088888889
6/20/2015 14:00,0.612148481,0.534170854,0.033651551,0.079052823
6/20/2015 15:00,0.613948256,0.539007538,0.03353222,0.074863388
6/20/2015 16:00,0.613835771,0.534673367,0.033412888,0.070309654
6/20/2015 17:00,0.613835771,0.529962312,0.033412888,0.0571949
6/20/2015 18:00,0.614060742,0.519158291,0.033293556,0.051730419
6/20/2015 19:00,0.614173228,0.516959799,0.033651551,0.060837887
6/20/2015 20:00,0.614623172,0.515577889,0.033293556,0.066484517
6/20/2015 21:00,0.615185602,0.510175879,0.032338902,0.071584699
6/20/2015 22:00,0.61799775,0.451633166,0.032458234,0.069763206
6/20/2015 23:00,0.618335208,0.434736181,0.030548926,0.070491803
6/21/2015 0:00,0.61856018,0.426067839,0.029116945,0.064298725
6/21/2015 1:00,0.619235096,0.425,0.028281623,0.059744991
6/21/2015 2:00,0.621484814,0.423680905,0.027923628,0.062659381
6/21/2015 3:00,0.6215973,0.423241206,0.028162291,0.055373406
6/21/2015 4:00,0.621709786,0.434861809,0.028042959,0.041165756
6/21/2015 5:00,0.621484814,0.450879397,0.028162291,0.031147541
6/21/2015 6:00,0.623622047,0.47468593,0.028520286,0.023861566
6/21/2015 7:00,0.623622047,0.500690955,0.029355609,0.020582878
6/21/2015 8:00,0.623172103,0.521105528,0.030310263,0.020765027
6/21/2015 9:00,0.622947132,0.532035176,0.031980907,0.025865209
6/21/2015 10:00,0.614510686,0.529899497,0.033054893,0.034608379
6/21/2015 11:00,0.605736783,0.53209799,0.034128878,0.054098361
6/21/2015 12:00,0.602924634,0.529522613,0.033770883,0.056284153
6/21/2015 13:00,0.591226097,0.529836683,0.03424821,0.067213115
6/21/2015 14:00,0.582677165,0.529522613,0.034486874,0.064298725
6/21/2015 15:00,0.580539933,0.537562814,0.034725537,0.047723133
6/21/2015 16:00,0.586276715,0.537939698,0.034606205,0.041165756
6/21/2015 17:00,0.586839145,0.538944724,0.033174224,0.034790528
6/21/2015 18:00,0.586951631,0.535741206,0.031861575,0.037887067
6/21/2015 19:00,0.587176603,0.534987437,0.030190931,0.048269581
6/21/2015 20:00,0.593250844,0.525816583,0.030190931,0.052641166
6/21/2015 21:00,0.595275591,0.497173367,0.030190931,0.048087432
6/21/2015 22:00,0.613948256,0.439572864,0.030310263,0.036065574
6/21/2015 23:00,0.618447694,0.424497487,0.030071599,0.03151184
6/22/2015 0:00,0.624634421,0.423052764,0.02875895,0.025500911
6/22/2015 1:00,0.625534308,0.421545226,0.028162291,0.021311475
6/22/2015 2:00,0.625646794,0.418907035,0.028162291,0.023132969
6/22/2015 3:00,0.625534308,0.466394472,0.028878282,0.026229508
6/22/2015 4:00,0.631721035,0.53781407,0.030190931,0.027504554
6/22/2015 5:00,0.632283465,0.609924623,0.032100239,0.024225865
6/22/2015 6:00,0.632395951,0.649120603,0.03221957,0.032240437
6/22/2015 7:00,0.632395951,0.656532663,0.033174224,0.044444444
6/22/2015 8:00,0.632733408,0.654773869,0.034009547,0.054826958
6/22/2015 9:00,0.632508436,0.651256281,0.034367542,0.070491803
6/22/2015 10:00,0.632170979,0.641520101,0.035560859,0.083970856
6/22/2015 11:00,0.631946007,0.639949749,0.035799523,0.093806922
6/22/2015 12:00,0.631608549,0.634610553,0.035799523,0.102185792
6/22/2015 13:00,0.631496063,0.625125628,0.036038186,0.10564663
6/22/2015 14:00,0.631046119,0.619095477,0.035799523,0.095081967
6/22/2015 15:00,0.630821147,0.629208543,0.035799523,0.092896175
6/22/2015 16:00,0.63048369,0.610929648,0.035918854,0.106193078
6/22/2015 17:00,0.63048369,0.602198492,0.035322196,0.101092896
6/22/2015 18:00,0.630708661,0.585552764,0.03353222,0.080510018
6/22/2015 19:00,0.630708661,0.570603015,0.033054893,0.06848816
6/22/2015 20:00,0.630933633,0.550439698,0.031980907,0.057377049
6/22/2015 21:00,0.630596175,0.513505025,0.032696897,0.056284153
6/22/2015 22:00,0.62992126,0.441080402,0.030310263,0.048269581
6/22/2015 23:00,0.630146232,0.435050251,0.030310263,0.046994536
6/23/2015 0:00,0.630371204,0.431155779,0.030190931,0.043897996
6/23/2015 1:00,0.63048369,0.427386935,0.030190931,0.039708561
6/23/2015 2:00,0.630821147,0.433479899,0.030429594,0.040983607
6/23/2015 3:00,0.631158605,0.467525126,0.030787589,0.039344262
6/23/2015 4:00,0.631383577,0.559924623,0.031742243,0.038615665
6/23/2015 5:00,0.631383577,0.608668342,0.033293556,0.040801457
6/23/2015 6:00,0.631271091,0.627638191,0.033890215,0.041894353
6/23/2015 7:00,0.631271091,0.632286432,0.033770883,0.041165756
6/23/2015 8:00,0.634420697,0.629648241,0.033054893,0.050819672
6/23/2015 9:00,0.635095613,0.625628141,0.032458234,0.054826958
6/23/2015 10:00,0.634533183,0.619786432,0.032338902,0.060473588
6/23/2015 11:00,0.634420697,0.623555276,0.032338902,0.061020036
6/23/2015 12:00,0.638920135,0.622613065,0.032338902,0.072131148
6/23/2015 13:00,0.638807649,0.60540201,0.032338902,0.081420765
6/23/2015 14:00,0.638470191,0.60678392,0.032338902,0.074499089
6/23/2015 15:00,0.638245219,0.62160804,0.03221957,0.083970856
6/23/2015 16:00,0.64128234,0.614635678,0.03353222,0.078506375
6/23/2015 17:00,0.640944882,0.604585427,0.032935561,0.073952641
6/23/2015 18:00,0.64071991,0.557977387,0.03221957,0.065209472
6/23/2015 19:00,0.64128234,0.513128141,0.031145585,0.065027322
6/23/2015 20:00,0.644431946,0.501633166,0.031026253,0.071948998
6/23/2015 21:00,0.644656918,0.476130653,0.031026253,0.079417122
6/23/2015 22:00,0.644994376,0.443844221,0.030429594,0.092531876
6/23/2015 23:00,0.645219348,0.425251256,0.030787589,0.103460838
6/24/2015 0:00,0.64848144,0.409484925,0.030906921,0.109471767
6/24/2015 1:00,0.646906637,0.404459799,0.030906921,0.126775956
6/24/2015 2:00,0.648031496,0.404334171,0.031026253,0.143351548
6/24/2015 3:00,0.662992126,0.428140704,0.031145585,0.146630237
6/24/2015 4:00,0.674915636,0.493781407,0.031264916,0.13989071
6/24/2015 5:00,0.675590551,0.522550251,0.031861575,0.144262295
6/24/2015 6:00,0.675590551,0.538819095,0.031264916,0.154098361
6/24/2015 7:00,0.675703037,0.542085427,0.031622912,0.173952641
6/24/2015 8:00,0.675703037,0.541834171,0.032100239,0.2
6/24/2015 9:00,0.674915636,0.535678392,0.030310263,0.220582878
6/24/2015 10:00,0.68087739,0.541331658,0.030429594,0.235336976
6/24/2015 11:00,0.687176603,0.528203518,0.031861575,0.243351548
6/24/2015 12:00,0.692463442,0.517839196,0.032935561,0.256284153
6/24/2015 13:00,0.696625422,0.513756281,0.032935561,0.291256831
6/24/2015 14:00,0.697862767,0.520100503,0.032935561,0.329690346
6/24/2015 15:00,0.698875141,0.519221106,0.032696897,0.336247723
6/24/2015 16:00,0.700337458,0.519095477,0.032696897,0.368852459
6/24/2015 17:00,0.701799775,0.516771357,0.032696897,0.386520947
6/24/2015 18:00,0.701912261,0.507726131,0.031980907,0.380692168
6/24/2015 19:00,0.693250844,0.506909548,0.031861575,0.392167577
6/24/2015 20:00,0.63712036,0.504208543,0.030310263,0.431876138
6/24/2015 21:00,0.614060742,0.481721106,0.029952267,0.457377049
6/24/2015 22:00,0.584701912,0.399748744,0.03150358,0.459198543
6/24/2015 23:00,0.573340832,0.399497487,0.031622912,0.453005464
6/25/2015 0:00,0.573565804,0.399183417,0.032100239,0.435519126
6/25/2015 1:00,0.571541057,0.389761307,0.032100239,0.411111111
6/25/2015 2:00,0.573790776,0.388379397,0.03221957,0.387431694
6/25/2015 3:00,0.575478065,0.440954774,0.031742243,0.35992714
6/25/2015 4:00,0.575365579,0.487123116,0.032577566,0.346448087
6/25/2015 5:00,0.574578178,0.542776382,0.033412888,0.3428051
6/25/2015 6:00,0.57480315,0.566457286,0.033651551,0.329326047
6/25/2015 7:00,0.575365579,0.572550251,0.035560859,0.316393443
6/25/2015 8:00,0.575365579,0.584484925,0.033651551,0.312750455
6/25/2015 9:00,0.575253093,0.585175879,0.033412888,0.32276867
6/25/2015 10:00,0.575365579,0.579585427,0.033651551,0.329508197
6/25/2015 11:00,0.57480315,0.584547739,0.033651551,0.336612022
6/25/2015 12:00,0.57480315,0.577072864,0.033651551,0.335883424
6/25/2015 13:00,0.57424072,0.557537688,0.033651551,0.339708561
6/25/2015 14:00,0.573003375,0.543781407,0.033770883,0.351001821
6/25/2015 15:00,0.573003375,0.541143216,0.033412888,0.351001821
6/25/2015 16:00,0.573228346,0.539384422,0.033174224,0.350273224
6/25/2015 17:00,0.577165354,0.542525126,0.033412888,0.327868852
6/25/2015 18:00,0.580989876,0.523869347,0.032696897,0.287795993
6/25/2015 19:00,0.580764904,0.516520101,0.032100239,0.274134791
6/25/2015 20:00,0.580539933,0.511432161,0.032458234,0.283242259
6/25/2015 21:00,0.580989876,0.50741206,0.032338902,0.273952641
6/25/2015 22:00,0.580989876,0.419723618,0.029952267,0.269945355
6/25/2015 23:00,0.58087739,0.405276382,0.029952267,0.267577413
6/26/2015 0:00,0.581102362,0.399309045,0.029952267,0.26557377
6/26/2015 1:00,0.581214848,0.4,0.029832936,0.266848816
6/26/2015 2:00,0.581214848,0.40031407,0.028878282,0.264480874
6/26/2015 3:00,0.580989876,0.427135678,0.028878282,0.250273224
6/26/2015 4:00,0.58087739,0.508542714,0.028997613,0.202003643
6/26/2015 5:00,0.581214848,0.57160804,0.029832936,0.169216758
6/26/2015 6:00,0.580764904,0.615326633,0.029832936,0.157559199
6/26/2015 7:00,0.580539933,0.619409548,0.030548926,0.153551913
6/26/2015 8:00,0.580427447,0.618341709,0.030668258,0.149908925
6/26/2015 9:00,0.580089989,0.613002513,0.030787589,0.155009107
6/26/2015 10:00,0.579415073,0.614133166,0.030429594,0.157377049
6/26/2015 11:00,0.579302587,0.603203518,0.030310263,0.166848816
6/26/2015 12:00,0.579077615,0.586683417,0.029952267,0.169034608
6/26/2015 13:00,0.578515186,0.577763819,0.029952267,0.169216758
6/26/2015 14:00,0.578177728,0.593090452,0.028997613,0.152823315
6/26/2015 15:00,0.578065242,0.569032663,0.028878282,0.140801457
6/26/2015 16:00,0.577615298,0.568655779,0.027207637,0.132058288
6/26/2015 17:00,0.577615298,0.562562814,0.027088305,0.119125683
6/26/2015 18:00,0.577502812,0.530276382,0.027684964,0.117304189
6/26/2015 19:00,0.57784027,0.52298995,0.026372315,0.127504554
6/26/2015 20:00,0.577727784,0.514761307,0.025298329,0.149362477
6/26/2015 21:00,0.578065242,0.498869347,0.024940334,0.169216758
6/26/2015 22:00,0.578290214,0.443090452,0.023508353,0.167213115
6/26/2015 23:00,0.578515186,0.409422111,0.022792363,0.171038251
6/27/2015 0:00,0.578627672,0.392399497,0.021002387,0.184153005
6/27/2015 1:00,0.579077615,0.387374372,0.021002387,0.181602914
6/27/2015 2:00,0.554443195,0.38209799,0.022315036,0.161930783
6/27/2015 3:00,0.52992126,0.391143216,0.022315036,0.138979964
6/27/2015 4:00,0.52992126,0.441017588,0.022195704,0.096357013
6/27/2015 5:00,0.529696288,0.493341709,0.023389021,0.069398907
6/27/2015 6:00,0.529471316,0.527135678,0.025298329,0.056102004
6/27/2015 7:00,0.529246344,0.552638191,0.025417661,0.0428051
6/27/2015 8:00,0.528908886,0.563190955,0.025894988,0.03442623
6/27/2015 9:00,0.528458943,0.545854271,0.028281623,0.032240437
6/27/2015 10:00,0.528571429,0.545728643,0.028997613,0.030965392
6/27/2015 11:00,0.528346457,0.532223618,0.029713604,0.03151184
6/27/2015 12:00,0.528233971,0.528831658,0.029952267,0.036247723
6/27/2015 13:00,0.528121485,0.523429648,0.029952267,0.03424408
6/27/2015 14:00,0.526884139,0.523555276,0.030190931,0.03442623
6/27/2015 15:00,0.524071991,0.526319095,0.030071599,0.034790528
6/27/2015 16:00,0.52215973,0.547864322,0.030071599,0.036794171
6/27/2015 17:00,0.523284589,0.531092965,0.029952267,0.035519126
6/27/2015 18:00,0.525421822,0.515075377,0.029713604,0.039526412
6/27/2015 19:00,0.525871766,0.513630653,0.028878282,0.055737705
6/27/2015 20:00,0.52632171,0.515640704,0.028878282,0.083970856
6/27/2015 21:00,0.526884139,0.496356784,0.028281623,0.103096539
6/27/2015 22:00,0.534758155,0.418530151,0.028997613,0.105464481
6/27/2015 23:00,0.541507312,0.390389447,0.028281623,0.107650273
6/28/2015 0:00,0.546119235,0.372738693,0.028162291,0.119125683
6/28/2015 1:00,0.550506187,0.364321608,0.028162291,0.130054645
6/28/2015 2:00,0.551631046,0.361180905,0.027565632,0.143351548
6/28/2015 3:00,0.551631046,0.360929648,0.027565632,0.120218579
6/28/2015 4:00,0.551293588,0.401758794,0.029236277,0.085063752
6/28/2015 5:00,0.55095613,0.414824121,0.030429594,0.055555556
6/28/2015 6:00,0.550168729,0.455841709,0.031980907,0.044444444
6/28/2015 7:00,0.549943757,0.48008794,0.031980907,0.042440801
6/28/2015 8:00,0.555005624,0.491771357,0.032100239,0.054098361
6/28/2015 9:00,0.559730034,0.498994975,0.032577566,0.075956284
6/28/2015 10:00,0.567491564,0.491268844,0.032577566,0.099635701
6/28/2015 11:00,0.57367829,0.483354271,0.032100239,0.112021858
6/28/2015 12:00,0.574465692,0.483291457,0.031980907,0.136247723
6/28/2015 13:00,0.57424072,0.484736181,0.032458234,0.153005464
6/28/2015 14:00,0.573565804,0.49089196,0.031384248,0.166666667
6/28/2015 15:00,0.573903262,0.513065327,0.031264916,0.177595628
6/28/2015 16:00,0.573790776,0.535992462,0.030787589,0.174134791
6/28/2015 17:00,0.573565804,0.541959799,0.030668258,0.174863388
6/28/2015 18:00,0.573790776,0.532474874,0.030548926,0.158469945
6/28/2015 19:00,0.57784027,0.530904523,0.030548926,0.165938069
6/28/2015 20:00,0.610573678,0.522110553,0.030548926,0.189981785
6/28/2015 21:00,0.623397075,0.465201005,0.030548926,0.196721311
6/28/2015 22:00,0.639482565,0.398052764,0.028400955,0.201457195
6/28/2015 23:00,0.656355456,0.381532663,0.028400955,0.1856102
6/29/2015 0:00,0.657930259,0.377072864,0.028400955,0.153187614
6/29/2015 1:00,0.66231721,0.375,0.028400955,0.145355191
6/29/2015 2:00,0.666816648,0.37531407,0.027804296,0.14007286
6/29/2015 3:00,0.666704162,0.393969849,0.027804296,0.123132969
6/29/2015 4:00,0.666591676,0.482035176,0.027804296,0.100364299
6/29/2015 5:00,0.666366704,0.565640704,0.028639618,0.098907104
6/29/2015 6:00,0.667154106,0.600816583,0.02875895,0.1
6/29/2015 7:00,0.667716535,0.613190955,0.032458234,0.101821494
6/29/2015 8:00,0.672553431,0.626193467,0.030787589,0.116211293
6/29/2015 9:00,0.67480315,0.644660804,0.030906921,0.12003643
6/29/2015 10:00,0.67480315,0.629585427,0.030906921,0.126411658
6/29/2015 11:00,0.681664792,0.623806533,0.030787589,0.127686703
6/29/2015 12:00,0.688301462,0.614824121,0.030668258,0.122222222
6/29/2015 13:00,0.688526434,0.612876884,0.030668258,0.134608379
6/29/2015 14:00,0.688413948,0.600816583,0.030668258,0.152641166
6/29/2015 15:00,0.690326209,0.599183417,0.029355609,0.154644809
6/29/2015 16:00,0.699662542,0.58580402,0.029236277,0.172677596
6/29/2015 17:00,0.702137233,0.578015075,0.029116945,0.179599271
6/29/2015 18:00,0.702024747,0.552072864,0.028400955,0.175956284
6/29/2015 19:00,0.706974128,0.520979899,0.027565632,0.189981785
6/29/2015 20:00,0.708211474,0.496356784,0.027565632,0.193806922
6/29/2015 21:00,0.707986502,0.468153266,0.027565632,0.207468124
6/29/2015 22:00,0.707874016,0.397675879,0.030787589,0.233515483
6/29/2015 23:00,0.707986502,0.386557789,0.030906921,0.246448087
6/30/2015 0:00,0.708211474,0.377386935,0.030668258,0.267030965
6/30/2015 1:00,0.707986502,0.377261307,0.030668258,0.272677596
6/30/2015 2:00,0.708098988,0.376067839,0.030787589,0.260473588
6/30/2015 3:00,0.707986502,0.395037688,0.030906921,0.223861566
6/30/2015 4:00,0.70832396,0.463065327,0.030906921,0.17431694
6/30/2015 5:00,0.707986502,0.53951005,0.031742243,0.146083789
6/30/2015 6:00,0.707874016,0.578203518,0.031861575,0.128779599
6/30/2015 7:00,0.708098988,0.590829146,0.031861575,0.124225865
6/30/2015 8:00,0.708548931,0.595728643,0.031980907,0.115482696
6/30/2015 9:00,0.711023622,0.596231156,0.031861575,0.10564663
6/30/2015 10:00,0.711023622,0.588379397,0.031742243,0.116211293
6/30/2015 11:00,0.711473566,0.579522613,0.031742243,0.112750455
6/30/2015 12:00,0.711248594,0.572047739,0.031742243,0.12003643
6/30/2015 13:00,0.711023622,0.566582915,0.031742243,0.122040073
6/30/2015 14:00,0.711023622,0.552701005,0.031742243,0.12295082
6/30/2015 15:00,0.710686164,0.567336683,0.031622912,0.124590164
6/30/2015 16:00,0.710461192,0.566080402,0.03150358,0.120400729
6/30/2015 17:00,0.710123735,0.569849246,0.031384248,0.101821494
6/30/2015 18:00,0.709448819,0.554082915,0.029713604,0.076138434
6/30/2015 19:00,0.709223847,0.539886935,0.029713604,0.070127505
6/30/2015 20:00,0.709111361,0.514886935,0.029713604,0.082513661
6/30/2015 21:00,0.708998875,0.482977387,0.030548926,0.104553734
6/30/2015 22:00,0.709223847,0.398680905,0.028997613,0.113843352
6/30/2015 23:00,0.709336333,0.383982412,0.028997613,0.107285974
7/1/2015 0:00,0.709561305,0.377449749,0.028878282,0.108925319
7/1/2015 1:00,0.709561305,0.374183417,0.029116945,0.110746812
7/1/2015 2:00,0.709898763,0.371042714,0.028997613,0.090710383
7/1/2015 3:00,0.709786277,0.391645729,0.029116945,0.064663024
7/1/2015 4:00,0.710011249,0.48951005,0.029713604,0.043533698
7/1/2015 5:00,0.709786277,0.58951005,0.029952267,0.027140255
7/1/2015 6:00,0.710011249,0.618592965,0.030429594,0.015300546
7/1/2015 7:00,0.709223847,0.636369347,0.029952267,0.013661202
7/1/2015 8:00,0.708773903,0.635678392,0.029952267,0.02003643
7/1/2015 9:00,0.708098988,0.637060302,0.029952267,0.03132969
7/1/2015 10:00,0.713160855,0.633919598,0.030190931,0.041712204
7/1/2015 11:00,0.723622047,0.629082915,0.029952267,0.053005464
7/1/2015 12:00,0.735883015,0.623241206,0.029952267,0.059562842
7/1/2015 13:00,0.738357705,0.606281407,0.029713604,0.061020036
7/1/2015 14:00,0.737457818,0.587123116,0.029713604,0.059016393
7/1/2015 15:00,0.739482565,0.582349246,0.029594272,0.060837887
7/1/2015 16:00,0.740607424,0.569723618,0.029355609,0.064116576
7/1/2015 17:00,0.739482565,0.541896985,0.029355609,0.06575592
7/1/2015 18:00,0.741169854,0.511809045,0.028639618,0.066484517
7/1/2015 19:00,0.746456693,0.489384422,0.028878282,0.079599271
7/1/2015 20:00,0.744094488,0.456909548,0.027923628,0.090346084
7/1/2015 21:00,0.744544432,0.43718593,0.027565632,0.112932605
7/1/2015 22:00,0.751856018,0.339949749,0.029355609,0.128233151
7/1/2015 23:00,0.751968504,0.314761307,0.029355609,0.134790528
7/2/2015 0:00,0.761417323,0.300376884,0.029116945,0.148816029
7/2/2015 1:00,0.760517435,0.275439698,0.02947494,0.166302368
7/2/2015 2:00,0.760404949,0.275125628,0.029355609,0.184335155
7/2/2015 3:00,0.760854893,0.320791457,0.02947494,0.177777778
7/2/2015 4:00,0.761754781,0.418844221,0.030071599,0.132604736
7/2/2015 5:00,0.761642295,0.517776382,0.030548926,0.080874317
7/2/2015 6:00,0.761754781,0.538630653,0.031980907,0.067577413
7/2/2015 7:00,0.761304837,0.55031407,0.031861575,0.075409836
7/2/2015 8:00,0.760629921,0.549497487,0.031980907,0.092714026
7/2/2015 9:00,0.760967379,0.552198492,0.03221957,0.124408015
7/2/2015 10:00,0.760292463,0.53888191,0.032458234,0.153551913
7/2/2015 11:00,0.759730034,0.527261307,0.03221957,0.173770492
7/2/2015 12:00,0.75871766,0.500125628,0.032338902,0.18852459
7/2/2015 13:00,0.758830146,0.501570352,0.031980907,0.200910747
7/2/2015 14:00,0.759617548,0.477261307,0.031980907,0.20582878
7/2/2015 15:00,0.759392576,0.467336683,0.030787589,0.20564663
7/2/2015 16:00,0.760517435,0.462060302,0.030668258,0.20291439
7/2/2015 17:00,0.760967379,0.465515075,0.030548926,0.208014572
7/2/2015 18:00,0.760854893,0.449497487,0.029713604,0.194899818
7/2/2015 19:00,0.761417323,0.438819095,0.030071599,0.211111111
7/2/2015 20:00,0.762204724,0.413316583,0.030190931,0.265938069
7/2/2015 21:00,0.762204724,0.393278894,0.029713604,0.33715847
7/2/2015 22:00,0.732508436,0.309924623,0.030548926,0.375045537
7/2/2015 23:00,0.682564679,0.278329146,0.030548926,0.383606557
7/3/2015 0:00,0.690551181,0.264070352,0.030548926,0.415482696
7/3/2015 1:00,0.676715411,0.262562814,0.030787589,0.419672131
7/3/2015 2:00,0.7,0.276821608,0.030906921,0.391803279
7/3/2015 3:00,0.71079865,0.34290201,0.030906921,0.35136612
7/3/2015 4:00,0.712935883,0.450628141,0.030906921,0.285974499
7/3/2015 5:00,0.714735658,0.512688442,0.031622912,0.206739526
7/3/2015 6:00,0.719010124,0.542964824,0.031622912,0.169034608
7/3/2015 7:00,0.73048369,0.551633166,0.032100239,0.154826958
7/3/2015 8:00,0.738020247,0.556344221,0.032577566,0.159016393
7/3/2015 9:00,0.74015748,0.542399497,0.031980907,0.174681239
7/3/2015 10:00,0.742519685,0.527575377,0.03221957,0.186703097
7/3/2015 11:00,0.744769404,0.521984925,0.033412888,0.202003643
7/3/2015 12:00,0.746456693,0.49861809,0.033054893,0.230601093
7/3/2015 13:00,0.749943757,0.496356784,0.032935561,0.249726776
7/3/2015 14:00,0.753768279,0.496356784,0.032816229,0.264845173
7/3/2015 15:00,0.75624297,0.495791457,0.032577566,0.239708561
7/3/2015 16:00,0.75568054,0.490326633,0.033054893,0.23151184
7/3/2015 17:00,0.743869516,0.467211055,0.032816229,0.228051002
7/3/2015 18:00,0.734870641,0.444974874,0.031742243,0.248087432
7/3/2015 19:00,0.733745782,0.432914573,0.031622912,0.291985428
7/3/2015 20:00,0.738470191,0.421670854,0.03221957,0.325865209
7/3/2015 21:00,0.748706412,0.417776382,0.031980907,0.322404372
7/3/2015 22:00,0.738920135,0.367148241,0.030429594,0.310382514
7/3/2015 23:00,0.709448819,0.333731156,0.030429594,0.284881603
7/4/2015 0:00,0.710123735,0.315326633,0.030429594,0.268123862
7/4/2015 1:00,0.711136108,0.310992462,0.030429594,0.27723133
7/4/2015 2:00,0.7143982,0.312939698,0.030429594,0.298542805
7/4/2015 3:00,0.714510686,0.319849246,0.030429594,0.304007286
7/4/2015 4:00,0.716535433,0.356344221,0.030548926,0.270309654
7/4/2015 5:00,0.720022497,0.403768844,0.030548926,0.229690346
7/4/2015 6:00,0.72519685,0.438505025,0.031264916,0.208378871
7/4/2015 7:00,0.728233971,0.468341709,0.031145585,0.186520947
7/4/2015 8:00,0.731158605,0.487562814,0.031264916,0.166484517
7/4/2015 9:00,0.733633296,0.487625628,0.031384248,0.150819672
7/4/2015 10:00,0.738807649,0.488442211,0.031622912,0.137887067
7/4/2015 11:00,0.741394826,0.485113065,0.032100239,0.138615665
7/4/2015 12:00,0.741732283,0.478454774,0.031980907,0.149726776
7/4/2015 13:00,0.740944882,0.470603015,0.031980907,0.153005464
7/4/2015 14:00,0.742969629,0.470665829,0.031861575,0.145901639
7/4/2015 15:00,0.744994376,0.467964824,0.031861575,0.142076503
7/4/2015 16:00,0.746794151,0.471231156,0.031742243,0.124225865
7/4/2015 17:00,0.729808774,0.471733668,0.031742243,0.106739526
7/4/2015 18:00,0.714510686,0.45741206,0.031622912,0.092167577
7/4/2015 19:00,0.712598425,0.455213568,0.031622912,0.093989071
7/4/2015 20:00,0.702587177,0.442650754,0.031622912,0.126229508
7/4/2015 21:00,0.70303712,0.41111809,0.031622912,0.143715847
7/4/2015 22:00,0.702362205,0.368278894,0.030071599,0.137522769
7/4/2015 23:00,0.702924634,0.329648241,0.030071599,0.14007286
7/5/2015 0:00,0.675815523,0.315012563,0.030071599,0.127868852
7/5/2015 1:00,0.602362205,0.300879397,0.030071599,0.108925319
7/5/2015 2:00,0.609786277,0.296796482,0.030071599,0.092531876
7/5/2015 3:00,0.635320585,0.325753769,0.030071599,0.077595628
7/5/2015 4:00,0.65511811,0.381092965,0.030071599,0.059380692
7/5/2015 5:00,0.656130484,0.403831658,0.030071599,0.032240437
7/5/2015 6:00,0.656017998,0.429962312,0.030190931,0.020947177
7/5/2015 7:00,0.65511811,0.464886935,0.030071599,0.017668488
7/5/2015 8:00,0.653318335,0.484924623,0.030190931,0.018032787
7/5/2015 9:00,0.655005624,0.49629397,0.030190931,0.022222222
7/5/2015 10:00,0.653430821,0.497047739,0.031026253,0.02859745
7/5/2015 11:00,0.651968504,0.495665829,0.031026253,0.029872495
7/5/2015 12:00,0.651631046,0.494849246,0.031026253,0.034972678
7/5/2015 13:00,0.650843645,0.486746231,0.030906921,0.041894353
7/5/2015 14:00,0.649381327,0.486809045,0.030906921,0.056284153
7/5/2015 15:00,0.649831271,0.491645729,0.030668258,0.073770492
7/5/2015 16:00,0.649718785,0.492336683,0.030429594,0.085974499
7/5/2015 17:00,0.663892013,0.490201005,0.030429594,0.096174863
7/5/2015 18:00,0.679077615,0.488693467,0.030429594,0.128233151
7/5/2015 19:00,0.68200225,0.482977387,0.030429594,0.18579235
7/5/2015 20:00,0.6928009,0.45138191,0.030429594,0.233151184
7/5/2015 21:00,0.692913386,0.429020101,0.030429594,0.261748634
7/5/2015 22:00,0.693138358,0.347864322,0.032338902,0.300546448
7/5/2015 23:00,0.69943757,0.308542714,0.032338902,0.314571949
7/6/2015 0:00,0.700899888,0.284798995,0.032338902,0.302185792
7/6/2015 1:00,0.70416198,0.271356784,0.032338902,0.309471767
7/6/2015 2:00,0.706074241,0.269974874,0.032338902,0.333879781
7/6/2015 3:00,0.706186727,0.286494975,0.032338902,0.364845173
7/6/2015 4:00,0.706074241,0.338002513,0.032338902,0.372495446
7/6/2015 5:00,0.705286839,0.406532663,0.035799523,0.378324226
7/6/2015 6:00,0.704611924,0.437562814,0.035918854,0.376502732
7/6/2015 7:00,0.704611924,0.44629397,0.037708831,0.399453552
7/6/2015 8:00,0.704724409,0.444158291,0.042243437,0.437704918
7/6/2015 9:00,0.704949381,0.433417085,0.036515513,0.499089253
7/6/2015 10:00,0.704724409,0.431218593,0.036396181,0.563570128
7/6/2015 11:00,0.704724409,0.422675879,0.036515513,0.583606557
7/6/2015 12:00,0.704499438,0.411306533,0.038424821,0.612204007
7/6/2015 13:00,0.704386952,0.425942211,0.038782816,0.622222222
7/6/2015 14:00,0.704386952,0.426319095,0.038424821,0.598360656
7/6/2015 15:00,0.704274466,0.426507538,0.038663484,0.594535519
7/6/2015 16:00,0.704049494,0.426193467,0.037231504,0.589253188
7/6/2015 17:00,0.704274466,0.425879397,0.035202864,0.586703097
7/6/2015 18:00,0.70416198,0.418907035,0.033651551,0.555191257
7/6/2015 19:00,0.70416198,0.41388191,0.032577566,0.5428051
7/6/2015 20:00,0.704274466,0.40678392,0.032577566,0.532604736
7/6/2015 21:00,0.704724409,0.388944724,0.032577566,0.545537341
7/6/2015 22:00,0.704724409,0.319849246,0.032100239,0.549544627
7/6/2015 23:00,0.704836895,0.290263819,0.031742243,0.520765027
7/7/2015 0:00,0.704949381,0.276005025,0.031742243,0.491985428
7/7/2015 1:00,0.704724409,0.270288945,0.032100239,0.476684882
7/7/2015 2:00,0.705286839,0.270665829,0.031980907,0.484517304
7/7/2015 3:00,0.705174353,0.290452261,0.031980907,0.486703097
7/7/2015 4:00,0.705511811,0.389258794,0.03221957,0.49435337
7/7/2015 5:00,0.705624297,0.444158291,0.032816229,0.496174863
7/7/2015 6:00,0.705624297,0.474560302,0.032816229,0.487978142
7/7/2015 7:00,0.706186727,0.492399497,0.033174224,0.483242259
7/7/2015 8:00,0.705511811,0.48919598,0.032458234,0.484881603
7/7/2015 9:00,0.706074241,0.490954774,0.032577566,0.493260474
7/7/2015 10:00,0.706074241,0.49321608,0.032577566,0.5
7/7/2015 11:00,0.705961755,0.491645729,0.032577566,0.499271403
7/7/2015 12:00,0.706074241,0.492336683,0.032816229,0.483060109
7/7/2015 13:00,0.706186727,0.478831658,0.032816229,0.441530055
7/7/2015 14:00,0.705849269,0.483731156,0.032458234,0.420400729
7/7/2015 15:00,0.705736783,0.48379397,0.032696897,0.380510018
7/7/2015 16:00,0.706186727,0.483291457,0.031622912,0.327868852
7/7/2015 17:00,0.706749156,0.48410804,0.031742243,0.273224044
7/7/2015 18:00,0.707086614,0.492776382,0.031264916,0.234972678
7/7/2015 19:00,0.707086614,0.484359296,0.031742243,0.203825137
7/7/2015 20:00,0.706749156,0.476319095,0.03150358,0.207832423
7/7/2015 21:00,0.702474691,0.461243719,0.031622912,0.196721311
7/7/2015 22:00,0.683127109,0.383542714,0.031384248,0.181420765
7/7/2015 23:00,0.682339708,0.351570352,0.031145585,0.159198543
7/8/2015 0:00,0.683014623,0.333731156,0.031026253,0.151730419
7/8/2015 1:00,0.683802025,0.318341709,0.031384248,0.147723133
7/8/2015 2:00,0.684589426,0.314886935,0.031384248,0.143351548
7/8/2015 3:00,0.684926884,0.332537688,0.031264916,0.144808743
7/8/2015 4:00,0.684814398,0.409045226,0.03150358,0.148087432
7/8/2015 5:00,0.684814398,0.468404523,0.031384248,0.166302368
7/8/2015 6:00,0.684364454,0.482600503,0.032816229,0.189253188
7/8/2015 7:00,0.684251969,0.490075377,0.033054893,0.212204007
7/8/2015 8:00,0.684139483,0.490138191,0.033412888,0.230965392
7/8/2015 9:00,0.683689539,0.485364322,0.03353222,0.263387978
7/8/2015 10:00,0.683689539,0.482977387,0.033770883,0.300546448
7/8/2015 11:00,0.683802025,0.470854271,0.033651551,0.316211293
7/8/2015 12:00,0.683802025,0.464007538,0.034009547,0.316757741
7/8/2015 13:00,0.683802025,0.457160804,0.034009547,0.323132969
7/8/2015 14:00,0.684251969,0.456218593,0.033651551,0.330601093
7/8/2015 15:00,0.684701912,0.453077889,0.033770883,0.32859745
7/8/2015 16:00,0.684926884,0.448680905,0.033412888,0.333697632
7/8/2015 17:00,0.684589426,0.444095477,0.033412888,0.310746812
7/8/2015 18:00,0.683802025,0.43548995,0.032935561,0.29708561
7/8/2015 19:00,0.683914511,0.421482412,0.033412888,0.286885246
7/8/2015 20:00,0.684589426,0.409798995,0.033174224,0.301092896
7/8/2015 21:00,0.684926884,0.379334171,0.033293556,0.318397086
7/8/2015 22:00,0.684926884,0.311871859,0.029116945,0.320947177
7/8/2015 23:00,0.685489314,0.27468593,0.029116945,0.340619308
7/9/2015 0:00,0.685151856,0.254334171,0.02947494,0.367941712
7/9/2015 1:00,0.685376828,0.242022613,0.02947494,0.386885246
7/9/2015 2:00,0.685489314,0.241080402,0.02947494,0.408378871
7/9/2015 3:00,0.6856018,0.261871859,0.02947494,0.41147541
7/9/2015 4:00,0.685714286,0.339258794,0.029594272,0.413296903
7/9/2015 5:00,0.685939258,0.401884422,0.030548926,0.426411658
7/9/2015 6:00,0.685939258,0.426130653,0.031980907,0.435883424
7/9/2015 7:00,0.6856018,0.439070352,0.034486874,0.446265938
7/9/2015 8:00,0.673003375,0.440515075,0.032100239,0.44571949
7/9/2015 9:00,0.668841395,0.434987437,0.032100239,0.453551913
7/9/2015 10:00,0.668953881,0.43951005,0.03221957,0.452823315
7/9/2015 11:00,0.669853768,0.423869347,0.03221957,0.471220401
7/9/2015 12:00,0.676490439,0.419221106,0.032100239,0.48287796
7/9/2015 13:00,0.682339708,0.415389447,0.032100239,0.482331512
7/9/2015 14:00,0.6856018,0.406532663,0.032100239,0.49435337
7/9/2015 15:00,0.686051744,0.410427136,0.031980907,0.503096539
7/9/2015 16:00,0.686276715,0.392022613,0.031145585,0.489253188
7/9/2015 17:00,0.686501687,0.386180905,0.031145585,0.481420765
7/9/2015 18:00,0.686276715,0.377763819,0.031145585,0.504189435
7/9/2015 19:00,0.686164229,0.361809045,0.031145585,0.510564663
7/9/2015 20:00,0.686501687,0.349874372,0.031145585,0.525318761
7/9/2015 21:00,0.686726659,0.320414573,0.031145585,0.548998179
7/9/2015 22:00,0.676377953,0.289698492,0.02947494,0.567941712
7/9/2015 23:00,0.661417323,0.27361809,0.029236277,0.574681239
7/10/2015 0:00,0.660517435,0.258354271,0.029116945,0.55428051
7/10/2015 1:00,0.660404949,0.251130653,0.02947494,0.542076503
7/10/2015 2:00,0.660742407,0.250628141,0.02947494,0.538615665
7/10/2015 3:00,0.661079865,0.263128141,0.02947494,0.536429872
7/10/2015 4:00,0.661079865,0.312374372,0.029832936,0.530418944
7/10/2015 5:00,0.661079865,0.396796482,0.030429594,0.539708561
7/10/2015 6:00,0.660967379,0.439698492,0.030429594,0.556102004
7/10/2015 7:00,0.660967379,0.460929648,0.032100239,0.559380692
7/10/2015 8:00,0.661079865,0.452889447,0.031264916,0.555555556
7/10/2015 9:00,0.660517435,0.453831658,0.031384248,0.547723133
7/10/2015 10:00,0.660517435,0.459610553,0.031384248,0.532969035
7/10/2015 11:00,0.660292463,0.453015075,0.031264916,0.515118397
7/10/2015 12:00,0.660404949,0.449623116,0.032696897,0.5
7/10/2015 13:00,0.660517435,0.453140704,0.032935561,0.461930783
7/10/2015 14:00,0.660067492,0.4375,0.032577566,0.443169399
7/10/2015 15:00,0.660404949,0.440389447,0.032577566,0.418943534
7/10/2015 16:00,0.660404949,0.448052764,0.03150358,0.403278689
7/10/2015 17:00,0.660854893,0.459359296,0.031622912,0.357377049
7/10/2015 18:00,0.660967379,0.468153266,0.031145585,0.351001821
7/10/2015 19:00,0.660854893,0.466268844,0.03150358,0.33442623
7/10/2015 20:00,0.661079865,0.457914573,0.031264916,0.338797814
7/10/2015 21:00,0.660967379,0.440075377,0.031384248,0.359562842
7/10/2015 22:00,0.660742407,0.442336683,0.030787589,0.357377049
7/10/2015 23:00,0.660404949,0.417964824,0.030429594,0.357923497
7/11/2015 0:00,0.660629921,0.398241206,0.030429594,0.370856102
7/11/2015 1:00,0.661529809,0.393781407,0.030787589,0.352276867
7/11/2015 2:00,0.661529809,0.391080402,0.030668258,0.331693989
7/11/2015 3:00,0.661754781,0.395351759,0.030668258,0.304189435
7/11/2015 4:00,0.661642295,0.451444724,0.030906921,0.244444444
7/11/2015 5:00,0.661867267,0.477512563,0.030787589,0.172131148
7/11/2015 6:00,0.661529809,0.501067839,0.031145585,0.138797814
7/11/2015 7:00,0.661192351,0.525690955,0.031622912,0.102003643
7/11/2015 8:00,0.660629921,0.53209799,0.031861575,0.086703097
7/11/2015 9:00,0.660404949,0.532035176,0.031145585,0.07723133
7/11/2015 10:00,0.660517435,0.533919598,0.030906921,0.073224044
7/11/2015 11:00,0.660404949,0.538190955,0.030787589,0.073406193
7/11/2015 12:00,0.660404949,0.536809045,0.030906921,0.075774135
7/11/2015 13:00,0.659955006,0.536055276,0.030906921,0.07431694
7/11/2015 14:00,0.659730034,0.536243719,0.031384248,0.073952641
7/11/2015 15:00,0.659617548,0.526130653,0.030548926,0.076684882
7/11/2015 16:00,0.659505062,0.535113065,0.030310263,0.071584699
7/11/2015 17:00,0.659392576,0.531030151,0.030548926,0.063934426
7/11/2015 18:00,0.659505062,0.517211055,0.030071599,0.058834244
7/11/2015 19:00,0.659505062,0.513190955,0.030429594,0.062659381
7/11/2015 20:00,0.65984252,0.502198492,0.030071599,0.065209472
7/11/2015 21:00,0.660292463,0.49428392,0.030190931,0.067577413
7/11/2015 22:00,0.660067492,0.476193467,0.029355609,0.076138434
7/11/2015 23:00,0.660292463,0.458542714,0.029116945,0.079234973
7/12/2015 0:00,0.660517435,0.448743719,0.028997613,0.071948998
7/12/2015 1:00,0.660517435,0.437311558,0.029355609,0.070127505
7/12/2015 2:00,0.660404949,0.434296482,0.029355609,0.067030965
7/12/2015 3:00,0.660742407,0.434170854,0.029355609,0.063023679
7/12/2015 4:00,0.660742407,0.445917085,0.02947494,0.053734062
7/12/2015 5:00,0.660629921,0.464070352,0.029355609,0.043897996
7/12/2015 6:00,0.660067492,0.495791457,0.029236277,0.037522769
7/12/2015 7:00,0.659617548,0.542399497,0.029832936,0.034608379
7/12/2015 8:00,0.658942632,0.550565327,0.030429594,0.036065574
7/12/2015 9:00,0.658942632,0.561432161,0.030548926,0.04007286
7/12/2015 10:00,0.658942632,0.549560302,0.030548926,0.0428051
7/12/2015 11:00,0.65928009,0.543718593,0.030548926,0.038433515
7/12/2015 12:00,0.659730034,0.539949749,0.030787589,0.040983607
7/12/2015 13:00,0.659505062,0.540263819,0.030787589,0.044808743
7/12/2015 14:00,0.659505062,0.541582915,0.030429594,0.04571949
7/12/2015 15:00,0.658942632,0.544660804,0.030548926,0.044262295
7/12/2015 16:00,0.65928009,0.550942211,0.030310263,0.043169399
7/12/2015 17:00,0.65928009,0.547424623,0.030310263,0.039526412
7/12/2015 18:00,0.659167604,0.545917085,0.029355609,0.038797814
7/12/2015 19:00,0.65928009,0.542776382,0.029832936,0.036976321
7/12/2015 20:00,0.659167604,0.526821608,0.02947494,0.04007286
7/12/2015 21:00,0.659617548,0.492713568,0.029594272,0.046265938
7/12/2015 22:00,0.661417323,0.456407035,0.02947494,0.050273224
7/12/2015 23:00,0.661192351,0.439949749,0.029116945,0.051001821
7/13/2015 0:00,0.661304837,0.438379397,0.028639618,0.049362477
7/13/2015 1:00,0.661417323,0.438190955,0.028997613,0.047176685
7/13/2015 2:00,0.660967379,0.438190955,0.028639618,0.044626594
7/13/2015 3:00,0.660854893,0.452512563,0.02875895,0.036794171
7/13/2015 4:00,0.671878515,0.494472362,0.029594272,0.026593807
7/13/2015 5:00,0.687176603,0.520854271,0.030548926,0.018032787
7/13/2015 6:00,0.686839145,0.536683417,0.030787589,0.015118397
7/13/2015 7:00,0.687289089,0.553266332,0.032458234,0.018397086
7/13/2015 8:00,0.687514061,0.55879397,0.033054893,0.020947177
7/13/2015 9:00,0.687064117,0.555339196,0.02947494,0.026047359
7/13/2015 10:00,0.686839145,0.563567839,0.032696897,0.040619308
7/13/2015 11:00,0.686051744,0.558103015,0.033054893,0.053734062
7/13/2015 12:00,0.685714286,0.541771357,0.033412888,0.070491803
7/13/2015 13:00,0.685714286,0.563253769,0.033412888,0.068123862
7/13/2015 14:00,0.685826772,0.564447236,0.032935561,0.065209472
7/13/2015 15:00,0.685489314,0.56048995,0.033054893,0.063205829
7/13/2015 16:00,0.685714286,0.559296482,0.031384248,0.049362477
7/13/2015 17:00,0.685826772,0.548366834,0.031861575,0.051001821
7/13/2015 18:00,0.685939258,0.541582915,0.031384248,0.04571949
7/13/2015 19:00,0.686164229,0.530778894,0.031742243,0.052641166
7/13/2015 20:00,0.685714286,0.522047739,0.030906921,0.061566485
7/13/2015 21:00,0.6856018,0.511432161,0.030548926,0.075956284
7/13/2015 22:00,0.685714286,0.483103015,0.026849642,0.079781421
7/13/2015 23:00,0.685939258,0.45678392,0.026968974,0.085428051
7/14/2015 0:00,0.696062992,0.452889447,0.026849642,0.079417122
7/14/2015 1:00,0.697525309,0.44968593,0.02673031,0.07704918
7/14/2015 2:00,0.703374578,0.446670854,0.02673031,0.066120219
7/14/2015 3:00,0.715748031,0.463253769,0.026610979,0.056284153
7/14/2015 4:00,0.723509561,0.504899497,0.025178998,0.045901639
7/14/2015 5:00,0.731496063,0.541457286,0.025536993,0.032058288
7/14/2015 6:00,0.731608549,0.563128141,0.025536993,0.024043716
7/14/2015 7:00,0.732170979,0.573680905,0.02601432,0.024590164
7/14/2015 8:00,0.732283465,0.57701005,0.027088305,0.027686703
7/14/2015 9:00,0.732733408,0.574120603,0.027088305,0.032604736
7/14/2015 10:00,0.731946007,0.569409548,0.027207637,0.040437158
7/14/2015 11:00,0.731721035,0.570728643,0.027326969,0.050819672
7/14/2015 12:00,0.730821147,0.565263819,0.027326969,0.059380692
7/14/2015 13:00,0.730146232,0.560741206,0.027565632,0.06010929
7/14/2015 14:00,0.73048369,0.563316583,0.027565632,0.067759563
7/14/2015 15:00,0.730371204,0.558479899,0.027923628,0.06867031
7/14/2015 16:00,0.730596175,0.554522613,0.027326969,0.07140255
7/14/2015 17:00,0.730821147,0.540326633,0.027684964,0.072313297
7/14/2015 18:00,0.731383577,0.528643216,0.027923628,0.070856102
7/14/2015 19:00,0.731833521,0.527952261,0.028162291,0.097632058
7/14/2015 20:00,0.732170979,0.517148241,0.028042959,0.136612022
7/14/2015 21:00,0.727559055,0.504648241,0.028281623,0.167577413
7/14/2015 22:00,0.705736783,0.464007538,0.028520286,0.174863388
7/14/2015 23:00,0.705736783,0.440012563,0.028520286,0.186885246
7/15/2015 0:00,0.705736783,0.431469849,0.028520286,0.187431694
7/15/2015 1:00,0.705849269,0.421984925,0.028520286,0.185063752
7/15/2015 2:00,0.706299213,0.417273869,0.028520286,0.195081967
7/15/2015 3:00,0.705961755,0.432223618,0.028520286,0.184699454
7/15/2015 4:00,0.705736783,0.480967337,0.02875895,0.1428051
7/15/2015 5:00,0.705736783,0.524057789,0.029952267,0.120947177
7/15/2015 6:00,0.705511811,0.549183417,0.030071599,0.110928962
7/15/2015 7:00,0.705736783,0.560552764,0.030310263,0.09726776
7/15/2015 8:00,0.705736783,0.560866834,0.030429594,0.094899818
7/15/2015 9:00,0.706861642,0.56218593,0.030906921,0.093442623
7/15/2015 10:00,0.705399325,0.562374372,0.030906921,0.10291439
7/15/2015 11:00,0.705174353,0.563693467,0.030906921,0.115664845
7/15/2015 12:00,0.704611924,0.567085427,0.030906921,0.12568306
7/15/2015 13:00,0.704611924,0.558542714,0.030787589,0.149362477
7/15/2015 14:00,0.704836895,0.544409548,0.031145585,0.169034608
7/15/2015 15:00,0.704836895,0.544221106,0.030906921,0.160473588
7/15/2015 16:00,0.705061867,0.545414573,0.030787589,0.165027322
7/15/2015 17:00,0.704949381,0.55169598,0.031384248,0.167577413
7/15/2015 18:00,0.705624297,0.54321608,0.031264916,0.154644809
7/15/2015 19:00,0.705849269,0.53548995,0.031264916,0.167941712
7/15/2015 20:00,0.705624297,0.525062814,0.031264916,0.206557377
7/15/2015 21:00,0.705624297,0.495100503,0.031264916,0.231876138
7/15/2015 22:00,0.706299213,0.447236181,0.030906921,0.222222222
7/15/2015 23:00,0.706074241,0.426570352,0.030906921,0.211657559
7/16/2015 0:00,0.706186727,0.424937186,0.030906921,0.200728597
7/16/2015 1:00,0.706074241,0.421482412,0.030906921,0.199271403
7/16/2015 2:00,0.706074241,0.422738693,0.030906921,0.189071038
7/16/2015 3:00,0.706524184,0.440263819,0.030906921,0.176138434
7/16/2015 4:00,0.706186727,0.491143216,0.030906921,0.148269581
7/16/2015 5:00,0.706074241,0.537939698,0.031742243,0.129143898
7/16/2015 6:00,0.706299213,0.554962312,0.031861575,0.121857923
7/16/2015 7:00,0.705174353,0.56790201,0.031980907,0.120582878
7/16/2015 8:00,0.705286839,0.569723618,0.032100239,0.137522769
7/16/2015 9:00,0.705286839,0.569158291,0.032100239,0.153187614
7/16/2015 10:00,0.705174353,0.566959799,0.032100239,0.175409836
7/16/2015 11:00,0.705061867,0.564007538,0.032100239,0.201092896
7/16/2015 12:00,0.704836895,0.563630653,0.032100239,0.235883424
7/16/2015 13:00,0.704724409,0.556281407,0.032100239,0.256466302
7/16/2015 14:00,0.704274466,0.541080402,0.031980907,0.267577413
7/16/2015 15:00,0.70416198,0.539133166,0.031861575,0.279781421
7/16/2015 16:00,0.70416198,0.539133166,0.031026253,0.289435337
7/16/2015 17:00,0.703937008,0.536683417,0.031145585,0.294899818
7/16/2015 18:00,0.70416198,0.538442211,0.031026253,0.289981785
7/16/2015 19:00,0.704386952,0.527701005,0.031026253,0.310382514
7/16/2015 20:00,0.704499438,0.51388191,0.031026253,0.355191257
7/16/2015 21:00,0.701574803,0.497424623,0.031026253,0.374134791
7/16/2015 22:00,0.677502812,0.455150754,0.031026253,0.393260474
7/16/2015 23:00,0.661754781,0.437876884,0.030310263,0.411839709
7/17/2015 0:00,0.660517435,0.430904523,0.030310263,0.41712204
7/17/2015 1:00,0.660179978,0.422424623,0.030310263,0.412568306
7/17/2015 2:00,0.660067492,0.422424623,0.030310263,0.400728597
7/17/2015 3:00,0.659730034,0.445791457,0.028162291,0.376867031
7/17/2015 4:00,0.659955006,0.510678392,0.028281623,0.321857923
7/17/2015 5:00,0.659955006,0.547550251,0.029832936,0.271584699
7/17/2015 6:00,0.660179978,0.576193467,0.02947494,0.239162113
7/17/2015 7:00,0.660179978,0.583228643,0.030429594,0.189617486
7/17/2015 8:00,0.660292463,0.583291457,0.030787589,0.151001821
7/17/2015 9:00,0.660067492,0.583165829,0.030906921,0.124954463
7/17/2015 10:00,0.660067492,0.581469849,0.030906921,0.101457195
7/17/2015 11:00,0.659955006,0.573492462,0.030906921,0.073588342
7/17/2015 12:00,0.659617548,0.571859296,0.030906921,0.059562842
7/17/2015 13:00,0.658492688,0.551130653,0.030668258,0.059562842
7/17/2015 14:00,0.657142857,0.544346734,0.030429594,0.0571949
7/17/2015 15:00,0.657255343,0.543027638,0.030071599,0.055555556
7/17/2015 16:00,0.657367829,0.542336683,0.029116945,0.055919854
7/17/2015 17:00,0.657255343,0.522801508,0.028997613,0.061930783
7/17/2015 18:00,0.657367829,0.514321608,0.029116945,0.076502732
7/17/2015 19:00,0.657705287,0.497236181,0.028997613,0.11147541
7/17/2015 20:00,0.658492688,0.490263819,0.028997613,0.173770492
7/17/2015 21:00,0.65871766,0.471545226,0.028639618,0.211657559
7/17/2015 22:00,0.638695163,0.431344221,0.027684964,0.246083789
7/17/2015 23:00,0.636445444,0.405904523,0.027684964,0.266484517
7/18/2015 0:00,0.636895388,0.405025126,0.027684964,0.294535519
7/18/2015 1:00,0.636895388,0.400125628,0.027684964,0.309289617
7/18/2015 2:00,0.636895388,0.396796482,0.027684964,0.333333333
7/18/2015 3:00,0.636445444,0.398932161,0.027565632,0.343533698
7/18/2015 4:00,0.636220472,0.41991206,0.027684964,0.333697632
7/18/2015 5:00,0.635995501,0.443655779,0.027804296,0.315300546
7/18/2015 6:00,0.636107987,0.493844221,0.028042959,0.325865209
7/18/2015 7:00,0.635995501,0.512562814,0.028281623,0.349908925
7/18/2015 8:00,0.635770529,0.514070352,0.028520286,0.378324226
7/18/2015 9:00,0.635995501,0.506469849,0.028639618,0.410018215
7/18/2015 10:00,0.635433071,0.488819095,0.028639618,0.435519126
7/18/2015 11:00,0.635208099,0.480904523,0.028639618,0.483424408
7/18/2015 12:00,0.635433071,0.459547739,0.028639618,0.525865209
7/18/2015 13:00,0.635658043,0.438693467,0.028520286,0.557377049
7/18/2015 14:00,0.635770529,0.44120603,0.028281623,0.567213115
7/18/2015 15:00,0.635770529,0.461432161,0.028162291,0.566666667
7/18/2015 16:00,0.635433071,0.46048995,0.027923628,0.53151184
7/18/2015 17:00,0.635545557,0.459673367,0.027804296,0.516939891
7/18/2015 18:00,0.635770529,0.459484925,0.027684964,0.500182149
7/18/2015 19:00,0.635883015,0.454459799,0.027684964,0.480692168
7/18/2015 20:00,0.635770529,0.44660804,0.027684964,0.469216758
7/18/2015 21:00,0.635658043,0.440577889,0.027684964,0.464480874
7/18/2015 22:00,0.635883015,0.40709799,0.027684964,0.43989071
7/18/2015 23:00,0.636220472,0.392776382,0.027684964,0.42295082
7/19/2015 0:00,0.636445444,0.383103015,0.027684964,0.401457195
7/19/2015 1:00,0.636782902,0.371733668,0.027684964,0.376138434
7/19/2015 2:00,0.637232846,0.36790201,0.027684964,0.363570128
7/19/2015 3:00,0.63712036,0.376193467,0.027684964,0.358834244
7/19/2015 4:00,0.637345332,0.393592965,0.027684964,0.330054645
7/19/2015 5:00,0.637457818,0.431846734,0.029236277,0.329508197
7/19/2015 6:00,0.637232846,0.45571608,0.02947494,0.337340619
7/19/2015 7:00,0.637345332,0.48379397,0.029594272,0.328233151
7/19/2015 8:00,0.63712036,0.514007538,0.029832936,0.296721311
7/19/2015 9:00,0.637007874,0.526633166,0.029952267,0.261384335
7/19/2015 10:00,0.63712036,0.538002513,0.029952267,0.239344262
7/19/2015 11:00,0.636895388,0.536620603,0.029952267,0.210564663
7/19/2015 12:00,0.636782902,0.529208543,0.029952267,0.190346084
7/19/2015 13:00,0.636895388,0.532160804,0.029832936,0.190892532
7/19/2015 14:00,0.63712036,0.539635678,0.029594272,0.182149362
7/19/2015 15:00,0.637007874,0.548555276,0.02947494,0.163752277
7/19/2015 16:00,0.636895388,0.556218593,0.029236277,0.152276867
7/19/2015 17:00,0.63655793,0.562248744,0.029116945,0.129143898
7/19/2015 18:00,0.636445444,0.559359296,0.029116945,0.110200364
7/19/2015 19:00,0.636107987,0.556595477,0.029116945,0.113661202
7/19/2015 20:00,0.635433071,0.545917085,0.029116945,0.131147541
7/19/2015 21:00,0.635883015,0.52701005,0.029116945,0.144808743
7/19/2015 22:00,0.636220472,0.448115578,0.027326969,0.165209472
7/19/2015 23:00,0.63655793,0.416520101,0.027326969,0.163570128
7/20/2015 0:00,0.636670416,0.401758794,0.027326969,0.155373406
7/20/2015 1:00,0.637007874,0.388819095,0.027326969,0.157559199
7/20/2015 2:00,0.637345332,0.384798995,0.027326969,0.156102004
7/20/2015 3:00,0.637570304,0.393655779,0.027326969,0.145537341
7/20/2015 4:00,0.637570304,0.440138191,0.027326969,0.134061931
7/20/2015 5:00,0.637345332,0.486243719,0.027565632,0.122040073
7/20/2015 6:00,0.63712036,0.531658291,0.028520286,0.12003643
7/20/2015 7:00,0.637232846,0.534045226,0.028520286,0.130236794
7/20/2015 8:00,0.637570304,0.540075377,0.02875895,0.157377049
7/20/2015 9:00,0.636332958,0.550816583,0.028997613,0.170856102
7/20/2015 10:00,0.63768279,0.537374372,0.028997613,0.19708561
7/20/2015 11:00,0.637345332,0.533354271,0.028997613,0.213479053
7/20/2015 12:00,0.63768279,0.525753769,0.028281623,0.220947177
7/20/2015 13:00,0.637457818,0.523743719,0.028281623,0.221129326
7/20/2015 14:00,0.637232846,0.517273869,0.028162291,0.209289617
7/20/2015 15:00,0.63712036,0.55169598,0.027923628,0.206193078
7/20/2015 16:00,0.63712036,0.562751256,0.027565632,0.1856102
7/20/2015 17:00,0.63712036,0.558165829,0.027684964,0.175774135
7/20/2015 18:00,0.63712036,0.553768844,0.029713604,0.170491803
7/20/2015 19:00,0.637345332,0.547424623,0.029713604,0.169398907
7/20/2015 20:00,0.637457818,0.538756281,0.029713604,0.200182149
7/20/2015 21:00,0.637570304,0.517525126,0.029713604,0.214754098
7/20/2015 22:00,0.637457818,0.451193467,0.028878282,0.198907104
7/20/2015 23:00,0.63768279,0.415954774,0.028878282,0.178142077
7/21/2015 0:00,0.63768279,0.397173367,0.028639618,0.159380692
7/21/2015 1:00,0.637795276,0.397738693,0.028878282,0.141530055
7/21/2015 2:00,0.637907762,0.379459799,0.028878282,0.139526412
7/21/2015 3:00,0.638245219,0.381344221,0.02875895,0.132240437
7/21/2015 4:00,0.638132733,0.420100503,0.028639618,0.120400729
7/21/2015 5:00,0.637907762,0.480464824,0.029355609,0.095810565
7/21/2015 6:00,0.637907762,0.525188442,0.02947494,0.09417122
7/21/2015 7:00,0.638020247,0.53410804,0.029355609,0.114754098
7/21/2015 8:00,0.638020247,0.545854271,0.02947494,0.14007286
7/21/2015 9:00,0.638132733,0.546105528,0.029832936,0.16575592
7/21/2015 10:00,0.638020247,0.536180905,0.030190931,0.197814208
7/21/2015 11:00,0.637795276,0.53379397,0.030668258,0.243715847
7/21/2015 12:00,0.638020247,0.522236181,0.030668258,0.273224044
7/21/2015 13:00,0.636895388,0.515954774,0.029713604,0.26557377
7/21/2015 14:00,0.636445444,0.511243719,0.027923628,0.26867031
7/21/2015 15:00,0.636782902,0.514572864,0.027684964,0.271220401
7/21/2015 16:00,0.636782902,0.518153266,0.027446301,0.275774135
7/21/2015 17:00,0.636895388,0.517964824,0.027446301,0.271948998
7/21/2015 18:00,0.637007874,0.518404523,0.027207637,0.262659381
7/21/2015 19:00,0.63712036,0.517713568,0.027207637,0.24007286
7/21/2015 20:00,0.63712036,0.508040201,0.027207637,0.228051002
7/21/2015 21:00,0.63712036,0.491959799,0.027207637,0.234790528
7/21/2015 22:00,0.637345332,0.4625,0.027804296,0.231876138
7/21/2015 23:00,0.637345332,0.43611809,0.027684964,0.221311475
7/22/2015 0:00,0.637345332,0.415640704,0.027565632,0.220218579
7/22/2015 1:00,0.637457818,0.416771357,0.027565632,0.226047359
7/22/2015 2:00,0.637570304,0.419723618,0.027684964,0.201821494
7/22/2015 3:00,0.637457818,0.434547739,0.027684964,0.183424408
7/22/2015 4:00,0.637457818,0.490326633,0.027565632,0.165938069
7/22/2015 5:00,0.637232846,0.538819095,0.029236277,0.157377049
7/22/2015 6:00,0.63712036,0.555213568,0.029355609,0.160655738
7/22/2015 7:00,0.63712036,0.564635678,0.02947494,0.170673953
7/22/2015 8:00,0.63712036,0.568655779,0.029713604,0.17704918
7/22/2015 9:00,0.637345332,0.567964824,0.029952267,0.185974499
7/22/2015 10:00,0.637232846,0.576256281,0.030071599,0.187795993
7/22/2015 11:00,0.637232846,0.573680905,0.029952267,0.188160291
7/22/2015 12:00,0.637232846,0.577261307,0.029713604,0.208014572
7/22/2015 13:00,0.637345332,0.562751256,0.029713604,0.228961749
7/22/2015 14:00,0.637457818,0.555276382,0.029713604,0.229872495
7/22/2015 15:00,0.637345332,0.560992462,0.029594272,0.206010929
7/22/2015 16:00,0.637345332,0.564070352,0.028400955,0.182513661
7/22/2015 17:00,0.637232846,0.564447236,0.028520286,0.157377049
7/22/2015 18:00,0.63712036,0.54968593,0.028400955,0.122222222
7/22/2015 19:00,0.637007874,0.54830402,0.028281623,0.119672131
7/22/2015 20:00,0.63655793,0.536809045,0.028281623,0.13132969
7/22/2015 21:00,0.636445444,0.519346734,0.028400955,0.138069217
7/22/2015 22:00,0.636670416,0.48008794,0.025178998,0.130236794
7/22/2015 23:00,0.63655793,0.433040201,0.025059666,0.142076503
7/23/2015 0:00,0.636332958,0.405590452,0.024940334,0.144808743
7/23/2015 1:00,0.635995501,0.405527638,0.024940334,0.166484517
7/23/2015 2:00,0.636220472,0.404208543,0.024940334,0.166666667
7/23/2015 3:00,0.636332958,0.413316583,0.025059666,0.159016393
7/23/2015 4:00,0.635995501,0.490389447,0.024821002,0.167213115
7/23/2015 5:00,0.636220472,0.557977387,0.024343675,0.153916211
7/23/2015 6:00,0.63655793,0.588128141,0.024582339,0.177595628
7/23/2015 7:00,0.636445444,0.588756281,0.026491647,0.205282332
7/23/2015 8:00,0.636670416,0.588442211,0.023508353,0.245173042
7/23/2015 9:00,0.636332958,0.582851759,0.023389021,0.286885246
7/23/2015 10:00,0.63655793,0.572738693,0.023389021,0.317304189
7/23/2015 11:00,0.636782902,0.573178392,0.023508353,0.33424408
7/23/2015 12:00,0.636670416,0.56991206,0.023389021,0.345173042
7/23/2015 13:00,0.636782902,0.565012563,0.023508353,0.350091075
7/23/2015 14:00,0.636670416,0.542650754,0.02398568,0.358469945
7/23/2015 15:00,0.636670416,0.538253769,0.023866348,0.372859745
7/23/2015 16:00,0.636895388,0.546105528,0.023627685,0.367759563
7/23/2015 17:00,0.637232846,0.548366834,0.023627685,0.345173042
7/23/2015 18:00,0.637232846,0.551444724,0.023508353,0.329690346
7/23/2015 19:00,0.637232846,0.551256281,0.02326969,0.316575592
7/23/2015 20:00,0.637345332,0.546168342,0.02326969,0.319489982
7/23/2015 21:00,0.637345332,0.529208543,0.023508353,0.327322404
7/23/2015 22:00,0.63768279,0.478015075,0.022315036,0.331693989
7/23/2015 23:00,0.637795276,0.442211055,0.022315036,0.324408015
7/24/2015 0:00,0.637907762,0.435552764,0.022315036,0.321493625
7/24/2015 1:00,0.638020247,0.433103015,0.022315036,0.321857923
7/24/2015 2:00,0.638245219,0.431092965,0.022315036,0.320400729
7/24/2015 3:00,0.638132733,0.439447236,0.022315036,0.291985428
7/24/2015 4:00,0.638245219,0.480150754,0.022434368,0.236976321
7/24/2015 5:00,0.638132733,0.546231156,0.02326969,0.187249545
7/24/2015 6:00,0.638020247,0.573555276,0.023508353,0.190710383
7/24/2015 7:00,0.638132733,0.577638191,0.023747017,0.20273224
7/24/2015 8:00,0.638245219,0.578580402,0.023866348,0.208196721
7/24/2015 9:00,0.638245219,0.579585427,0.02398568,0.221311475
7/24/2015 10:00,0.638020247,0.581344221,0.024105012,0.23132969
7/24/2015 11:00,0.638020247,0.581407035,0.024105012,0.224225865
7/24/2015 12:00,0.637907762,0.568907035,0.02398568,0.202550091
7/24/2015 13:00,0.637570304,0.563630653,0.024224344,0.209471767
7/24/2015 14:00,0.637795276,0.569535176,0.024224344,0.193624772
7/24/2015 15:00,0.637570304,0.591896985,0.024224344,0.184153005
7/24/2015 16:00,0.637457818,0.594849246,0.02326969,0.170309654
7/24/2015 17:00,0.637570304,0.58580402,0.023150358,0.153916211
7/24/2015 18:00,0.637345332,0.584798995,0.023031026,0.135701275
7/24/2015 19:00,0.637907762,0.579145729,0.022911695,0.14863388
7/24/2015 20:00,0.63768279,0.565766332,0.022792363,0.163934426
7/24/2015 21:00,0.638132733,0.532851759,0.022553699,0.162112933
7/24/2015 22:00,0.638470191,0.498115578,0.024224344,0.153551913
7/24/2015 23:00,0.638470191,0.482663317,0.024105012,0.139526412
7/25/2015 0:00,0.638920135,0.468467337,0.024105012,0.138251366
7/25/2015 1:00,0.639145107,0.45709799,0.024224344,0.135883424
7/25/2015 2:00,0.639145107,0.434170854,0.024105012,0.133333333
7/25/2015 3:00,0.639145107,0.414133166,0.024105012,0.140255009
7/25/2015 4:00,0.639032621,0.415703518,0.024105012,0.149544627
7/25/2015 5:00,0.639032621,0.458605528,0.024105012,0.153551913
7/25/2015 6:00,0.638920135,0.494158291,0.024343675,0.169763206
7/25/2015 7:00,0.639257593,0.526633166,0.024224344,0.199635701
7/25/2015 8:00,0.639482565,0.54120603,0.024343675,0.217850638
7/25/2015 9:00,0.639482565,0.525628141,0.024463007,0.237704918
7/25/2015 10:00,0.639257593,0.510552764,0.024463007,0.283060109
7/25/2015 11:00,0.639257593,0.510175879,0.024463007,0.289435337
7/25/2015 12:00,0.639595051,0.493278894,0.024463007,0.299817851
7/25/2015 13:00,0.639370079,0.488442211,0.024463007,0.283970856
7/25/2015 14:00,0.639595051,0.51620603,0.02601432,0.263570128
7/25/2015 15:00,0.639370079,0.511494975,0.026491647,0.255373406
7/25/2015 16:00,0.639145107,0.535238693,0.026491647,0.248269581
7/25/2015 17:00,0.638470191,0.542713568,0.02673031,0.24571949
7/25/2015 18:00,0.636445444,0.524120603,0.026610979,0.245355191
7/25/2015 19:00,0.634420697,0.531721106,0.026372315,0.240983607
7/25/2015 20:00,0.631721035,0.510741206,0.026133652,0.241347905
7/25/2015 21:00,0.624746907,0.462876884,0.025536993,0.242076503
7/25/2015 22:00,0.58143982,0.400502513,0.02601432,0.252276867
7/25/2015 23:00,0.577390326,0.344535176,0.026491647,0.256466302
7/26/2015 0:00,0.577052868,0.298806533,0.026610979,0.269945355
7/26/2015 1:00,0.577615298,0.275125628,0.026610979,0.283060109
7/26/2015 2:00,0.577165354,0.24491206,0.026610979,0.296721311
7/26/2015 3:00,0.57784027,0.24290201,0.026610979,0.301092896
7/26/2015 4:00,0.577952756,0.300188442,0.026491647,0.325318761
7/26/2015 5:00,0.578065242,0.340263819,0.025536993,0.353916211
7/26/2015 6:00,0.577952756,0.393341709,0.025536993,0.372677596
7/26/2015 7:00,0.578177728,0.421859296,0.026133652,0.402367942
7/26/2015 8:00,0.577952756,0.429648241,0.026252983,0.448269581
7/26/2015 9:00,0.577952756,0.433165829,0.026372315,0.491074681
7/26/2015 10:00,0.578065242,0.43178392,0.026372315,0.526775956
7/26/2015 11:00,0.578065242,0.420163317,0.026491647,0.580327869
7/26/2015 12:00,0.578065242,0.41959799,0.026372315,0.617668488
7/26/2015 13:00,0.578290214,0.465703518,0.026372315,0.609836066
7/26/2015 14:00,0.570191226,0.469095477,0.026372315,0.590710383
7/26/2015 15:00,0.56704162,0.485301508,0.026252983,0.564480874
7/26/2015 16:00,0.561754781,0.507223618,0.026133652,0.538797814
7/26/2015 17:00,0.554893138,0.521231156,0.027326969,0.521311475
7/26/2015 18:00,0.555005624,0.522298995,0.027207637,0.487795993
7/26/2015 19:00,0.555005624,0.524560302,0.027088305,0.460473588
7/26/2015 20:00,0.554893138,0.530590452,0.02673031,0.439526412
7/26/2015 21:00,0.554780652,0.515452261,0.026133652,0.428051002
7/26/2015 22:00,0.564004499,0.492085427,0.028042959,0.401275046
7/26/2015 23:00,0.569741282,0.481721106,0.027804296,0.369034608
7/27/2015 0:00,0.571541057,0.459484925,0.027923628,0.342622951
7/27/2015 1:00,0.573003375,0.456407035,0.028042959,0.341894353
7/27/2015 2:00,0.574578178,0.46218593,0.027923628,0.342076503
7/27/2015 3:00,0.57480315,0.482223618,0.027923628,0.327686703
7/27/2015 4:00,0.574578178,0.542462312,0.027923628,0.30582878
7/27/2015 5:00,0.574578178,0.586494975,0.028878282,0.27996357
7/27/2015 6:00,0.574465692,0.61388191,0.028878282,0.287249545
7/27/2015 7:00,0.57424072,0.619974874,0.030071599,0.272677596
7/27/2015 8:00,0.573790776,0.620477387,0.02875895,0.260473588
7/27/2015 9:00,0.57424072,0.624371859,0.028878282,0.264845173
7/27/2015 10:00,0.574578178,0.630841709,0.028997613,0.262295082
7/27/2015 11:00,0.57480315,0.620791457,0.028997613,0.221675774
7/27/2015 12:00,0.57480315,0.624371859,0.028997613,0.215118397
7/27/2015 13:00,0.574578178,0.625251256,0.028997613,0.201821494
7/27/2015 14:00,0.574578178,0.632035176,0.028997613,0.184881603
7/27/2015 15:00,0.574915636,0.630213568,0.030071599,0.168852459
7/27/2015 16:00,0.574690664,0.627198492,0.029832936,0.156648452
7/27/2015 17:00,0.57480315,0.624434673,0.029832936,0.152459016
7/27/2015 18:00,0.574915636,0.620163317,0.028997613,0.150273224
7/27/2015 19:00,0.575028121,0.608040201,0.028878282,0.171584699
7/27/2015 20:00,0.574690664,0.598994975,0.027923628,0.198907104
7/27/2015 21:00,0.574353206,0.55571608,0.027923628,0.213296903
7/27/2015 22:00,0.574690664,0.516645729,0.027207637,0.202003643
7/27/2015 23:00,0.575140607,0.496168342,0.027088305,0.195810565
7/28/2015 0:00,0.575028121,0.491959799,0.027326969,0.175956284
7/28/2015 1:00,0.575140607,0.491268844,0.027326969,0.16010929
7/28/2015 2:00,0.575028121,0.49428392,0.027446301,0.149362477
7/28/2015 3:00,0.574915636,0.516394472,0.027326969,0.149362477
7/28/2015 4:00,0.575140607,0.558982412,0.027565632,0.139344262
7/28/2015 5:00,0.575028121,0.614824121,0.028400955,0.130965392
7/28/2015 6:00,0.574690664,0.637876884,0.028520286,0.118032787
7/28/2015 7:00,0.574690664,0.639133166,0.028639618,0.115300546
7/28/2015 8:00,0.57367829,0.644849246,0.028639618,0.127686703
7/28/2015 9:00,0.573453318,0.642650754,0.02875895,0.143533698
7/28/2015 10:00,0.571316085,0.652072864,0.028520286,0.145173042
7/28/2015 11:00,0.570753656,0.650879397,0.028639618,0.152459016
7/28/2015 12:00,0.572103487,0.650565327,0.028520286,0.142622951
7/28/2015 13:00,0.571653543,0.644849246,0.028400955,0.146083789
7/28/2015 14:00,0.573228346,0.645854271,0.028400955,0.150819672
7/28/2015 15:00,0.590438695,0.646733668,0.028162291,0.144808743
7/28/2015 16:00,0.603712036,0.634170854,0.028162291,0.139162113
7/28/2015 17:00,0.607986502,0.627072864,0.028162291,0.137340619
7/28/2015 18:00,0.607649044,0.62129397,0.027326969,0.135336976
7/28/2015 19:00,0.606299213,0.61218593,0.027326969,0.133697632
7/28/2015 20:00,0.607424072,0.594221106,0.027207637,0.132786885
7/28/2015 21:00,0.606749156,0.558542714,0.027326969,0.131693989
7/28/2015 22:00,0.606974128,0.533228643,0.026252983,0.132058288
7/28/2015 23:00,0.610461192,0.513630653,0.026133652,0.121493625
7/29/2015 0:00,0.610911136,0.509987437,0.026252983,0.115300546
7/29/2015 1:00,0.61079865,0.498052764,0.026372315,0.120400729
7/29/2015 2:00,0.611136108,0.494346734,0.026372315,0.124043716
7/29/2015 3:00,0.611023622,0.519409548,0.026252983,0.132058288
7/29/2015 4:00,0.611248594,0.551570352,0.026491647,0.133879781
7/29/2015 5:00,0.610573678,0.645477387,0.027326969,0.136065574
7/29/2015 6:00,0.611248594,0.656030151,0.027446301,0.130783242
7/29/2015 7:00,0.61136108,0.65678392,0.028520286,0.128415301
7/29/2015 8:00,0.611811024,0.660741206,0.028520286,0.128779599
7/29/2015 9:00,0.611698538,0.660364322,0.02875895,0.149908925
7/29/2015 10:00,0.612485939,0.667085427,0.028639618,0.164116576
7/29/2015 11:00,0.613385827,0.666896985,0.028639618,0.171948998
7/29/2015 12:00,0.613048369,0.677952261,0.028639618,0.172313297
7/29/2015 13:00,0.612710911,0.681407035,0.028520286,0.159744991
7/29/2015 14:00,0.612485939,0.676633166,0.028520286,0.147905282
7/29/2015 15:00,0.613273341,0.677512563,0.028400955,0.139708561
7/29/2015 16:00,0.609898763,0.669472362,0.028400955,0.13442623
7/29/2015 17:00,0.610461192,0.662437186,0.028281623,0.124590164
7/29/2015 18:00,0.609786277,0.655590452,0.027326969,0.115118397
7/29/2015 19:00,0.611248594,0.644660804,0.027565632,0.124772313
7/29/2015 20:00,0.610573678,0.623806533,0.027326969,0.138433515
7/29/2015 21:00,0.608886389,0.586683417,0.026491647,0.13715847
7/29/2015 22:00,0.597862767,0.558605528,0.027207637,0.14863388
7/29/2015 23:00,0.591901012,0.545728643,0.027207637,0.146812386
7/30/2015 0:00,0.592688414,0.53071608,0.027326969,0.144262295
7/30/2015 1:00,0.595500562,0.52330402,0.027446301,0.141347905
7/30/2015 2:00,0.601237345,0.515012563,0.027446301,0.141165756
7/30/2015 3:00,0.60359955,0.548806533,0.027326969,0.139526412
7/30/2015 4:00,0.609111361,0.607349246,0.027565632,0.138615665
7/30/2015 5:00,0.608773903,0.678517588,0.028639618,0.133333333
7/30/2015 6:00,0.608886389,0.709987437,0.029116945,0.128233151
7/30/2015 7:00,0.608661417,0.710552764,0.02947494,0.118397086
7/30/2015 8:00,0.608436445,0.70339196,0.029713604,0.133879781
7/30/2015 9:00,0.60832396,0.702198492,0.029832936,0.158105647
7/30/2015 10:00,0.608661417,0.702575377,0.029832936,0.181602914
7/30/2015 11:00,0.609336333,0.702638191,0.029952267,0.197449909
7/30/2015 12:00,0.609448819,0.688316583,0.029952267,0.215482696
7/30/2015 13:00,0.609448819,0.682663317,0.029832936,0.207832423
7/30/2015 14:00,0.609223847,0.684861809,0.02947494,0.22295082
7/30/2015 15:00,0.609111361,0.679145729,0.029355609,0.240437158
7/30/2015 16:00,0.609336333,0.670414573,0.026133652,0.231876138
7/30/2015 17:00,0.609336333,0.653580402,0.02601432,0.223497268
7/30/2015 18:00,0.609336333,0.641331658,0.025298329,0.219307832
7/30/2015 19:00,0.609336333,0.614886935,0.025298329,0.23989071
7/30/2015 20:00,0.609673791,0.607851759,0.025178998,0.252459016
7/30/2015 21:00,0.600787402,0.574434673,0.027088305,0.251001821
7/30/2015 22:00,0.58503937,0.498806533,0.028042959,0.274863388
7/30/2015 23:00,0.584701912,0.496042714,0.027804296,0.286520947
7/31/2015 0:00,0.583689539,0.482663317,0.027923628,0.286338798
7/31/2015 1:00,0.583802025,0.479208543,0.028042959,0.273041894
7/31/2015 2:00,0.583914511,0.477952261,0.028042959,0.274863388
7/31/2015 3:00,0.583914511,0.490954774,0.028042959,0.268852459
7/31/2015 4:00,0.584026997,0.530653266,0.028042959,0.267759563
7/31/2015 5:00,0.583689539,0.622047739,0.028878282,0.257741348
7/31/2015 6:00,0.583352081,0.653203518,0.028997613,0.250091075
7/31/2015 7:00,0.583239595,0.684484925,0.029116945,0.242622951
7/31/2015 8:00,0.583464567,0.68611809,0.029236277,0.23989071
7/31/2015 9:00,0.583577053,0.681595477,0.029236277,0.247176685
7/31/2015 10:00,0.583802025,0.670791457,0.029236277,0.25701275
7/31/2015 11:00,0.583914511,0.661934673,0.029355609,0.267030965
7/31/2015 12:00,0.583689539,0.657537688,0.029355609,0.272495446
7/31/2015 13:00,0.583239595,0.653077889,0.029236277,0.26575592
7/31/2015 14:00,0.583127109,0.659547739,0.029116945,0.267577413
7/31/2015 15:00,0.583352081,0.675439698,0.028997613,0.275045537
7/31/2015 16:00,0.583239595,0.676256281,0.02875895,0.272313297
7/31/2015 17:00,0.583127109,0.677449749,0.028878282,0.257559199
7/31/2015 18:00,0.582902137,0.670037688,0.028162291,0.254098361
7/31/2015 19:00,0.583352081,0.667713568,0.028042959,0.265938069
7/31/2015 20:00,0.583127109,0.666457286,0.028162291,0.298178506
7/31/2015 21:00,0.583352081,0.629271357,0.028042959,0.326775956
7/31/2015 22:00,0.57367829,0.581344221,0.029236277,0.350637523
7/31/2015 23:00,0.557817773,0.564572864,0.029116945,0.358834244
8/1/2015 0:00,0.556355456,0.551821608,0.028997613,0.360655738
8/1/2015 1:00,0.556467942,0.548492462,0.029236277,0.368852459
8/1/2015 2:00,0.556355456,0.54321608,0.029236277,0.35992714
8/1/2015 3:00,0.556467942,0.542273869,0.029355609,0.337704918
8/1/2015 4:00,0.560404949,0.564572864,0.029116945,0.298542805
8/1/2015 5:00,0.56704162,0.580967337,0.02947494,0.236794171
8/1/2015 6:00,0.576377953,0.604962312,0.029594272,0.191985428
8/1/2015 7:00,0.587289089,0.635929648,0.029594272,0.166666667
8/1/2015 8:00,0.595163105,0.668467337,0.029832936,0.154462659
8/1/2015 9:00,0.600787402,0.666771357,0.029832936,0.157741348
8/1/2015 10:00,0.601012373,0.667211055,0.029832936,0.16848816
8/1/2015 11:00,0.601799775,0.655150754,0.029832936,0.184153005
8/1/2015 12:00,0.600899888,0.656469849,0.029713604,0.187795993
8/1/2015 13:00,0.602474691,0.656658291,0.029713604,0.172677596
8/1/2015 14:00,0.607649044,0.656030151,0.029713604,0.156830601
8/1/2015 15:00,0.617210349,0.665326633,0.029594272,0.14863388
8/1/2015 16:00,0.618110236,0.665263819,0.02947494,0.138251366
8/1/2015 17:00,0.617660292,0.668153266,0.02947494,0.12859745
8/1/2015 18:00,0.591451069,0.667336683,0.029355609,0.132240437
8/1/2015 19:00,0.570191226,0.672550251,0.02947494,0.140983607
8/1/2015 20:00,0.549156355,0.671419598,0.029594272,0.160837887
8/1/2015 21:00,0.544769404,0.651067839,0.029594272,0.169763206
8/1/2015 22:00,0.542069741,0.596670854,0.029116945,0.154462659
8/1/2015 23:00,0.543194601,0.593153266,0.028997613,0.15154827
8/2/2015 0:00,0.549156355,0.589384422,0.028878282,0.147176685
8/2/2015 1:00,0.550281215,0.580150754,0.029116945,0.150455373
8/2/2015 2:00,0.550281215,0.569221106,0.029116945,0.153369763
8/2/2015 3:00,0.550281215,0.568781407,0.029236277,0.169216758
8/2/2015 4:00,0.550056243,0.577072864,0.029116945,0.165209472
8/2/2015 5:00,0.551293588,0.595100503,0.029355609,0.123679417
8/2/2015 6:00,0.554443195,0.627386935,0.029355609,0.105100182
8/2/2015 7:00,0.556805399,0.671733668,0.029355609,0.125318761
8/2/2015 8:00,0.559617548,0.680778894,0.029594272,0.132058288
8/2/2015 9:00,0.561754781,0.688567839,0.029594272,0.161020036
8/2/2015 10:00,0.564116985,0.677386935,0.029952267,0.17704918
8/2/2015 11:00,0.566141732,0.677449749,0.029952267,0.191074681
8/2/2015 12:00,0.568503937,0.665012563,0.029952267,0.204918033
8/2/2015 13:00,0.571091114,0.661934673,0.029952267,0.20856102
8/2/2015 14:00,0.572890889,0.659610553,0.029952267,0.211839709
8/2/2015 15:00,0.573115861,0.658982412,0.029952267,0.223679417
8/2/2015 16:00,0.572890889,0.663379397,0.029832936,0.210018215
8/2/2015 17:00,0.573003375,0.670414573,0.029832936,0.180874317
8/2/2015 18:00,0.572665917,0.673806533,0.029713604,0.181056466
8/2/2015 19:00,0.572440945,0.668467337,0.029116945,0.220765027
8/2/2015 20:00,0.572665917,0.664635678,0.028520286,0.252276867
8/2/2015 21:00,0.572890889,0.615201005,0.028520286,0.260837887
8/2/2015 22:00,0.573115861,0.561243719,0.027565632,0.26575592
8/2/2015 23:00,0.573228346,0.555339196,0.027565632,0.266848816
8/3/2015 0:00,0.573453318,0.542399497,0.027446301,0.267577413
8/3/2015 1:00,0.573565804,0.542273869,0.027684964,0.261202186
8/3/2015 2:00,0.573228346,0.543278894,0.027684964,0.262295082
8/3/2015 3:00,0.573453318,0.570540201,0.027804296,0.242076503
8/3/2015 4:00,0.573453318,0.636620603,0.028281623,0.205464481
8/3/2015 5:00,0.573453318,0.65508794,0.030071599,0.153369763
8/3/2015 6:00,0.573453318,0.665640704,0.030071599,0.120218579
8/3/2015 7:00,0.573565804,0.670917085,0.030429594,0.086338798
8/3/2015 8:00,0.573228346,0.670288945,0.030668258,0.067395264
8/3/2015 9:00,0.574015748,0.672927136,0.030668258,0.054644809
8/3/2015 10:00,0.574353206,0.671796482,0.030668258,0.046812386
8/3/2015 11:00,0.57424072,0.665326633,0.030668258,0.053369763
8/3/2015 12:00,0.574128234,0.663253769,0.030548926,0.060837887
8/3/2015 13:00,0.574015748,0.666457286,0.030548926,0.059380692
8/3/2015 14:00,0.573903262,0.672927136,0.029832936,0.055009107
8/3/2015 15:00,0.573453318,0.674183417,0.029832936,0.053916211
8/3/2015 16:00,0.573453318,0.66758794,0.029713604,0.05992714
8/3/2015 17:00,0.573228346,0.655025126,0.029713604,0.062112933
8/3/2015 18:00,0.573340832,0.650628141,0.029594272,0.070856102
8/3/2015 19:00,0.573340832,0.6375,0.029713604,0.11712204
8/3/2015 20:00,0.573565804,0.611055276,0.029832936,0.1571949
8/3/2015 21:00,0.57367829,0.55709799,0.029832936,0.178870674
8/3/2015 22:00,0.57367829,0.51451005,0.029832936,0.195628415
8/3/2015 23:00,0.573903262,0.507600503,0.029832936,0.198360656
8/4/2015 0:00,0.574128234,0.500753769,0.029713604,0.196721311
8/4/2015 1:00,0.576490439,0.508165829,0.029952267,0.189981785
8/4/2015 2:00,0.576490439,0.512311558,0.029832936,0.191803279
8/4/2015 3:00,0.576715411,0.543341709,0.029832936,0.207832423
8/4/2015 4:00,0.576715411,0.605276382,0.029832936,0.206193078
8/4/2015 5:00,0.578515186,0.659924623,0.030429594,0.175227687
8/4/2015 6:00,0.578852643,0.673680905,0.030668258,0.142622951
8/4/2015 7:00,0.578627672,0.676444724,0.031026253,0.153369763
8/4/2015 8:00,0.578852643,0.674560302,0.030787589,0.186703097
8/4/2015 9:00,0.579527559,0.676758794,0.031026253,0.196903461
8/4/2015 10:00,0.582227222,0.675565327,0.031026253,0.208743169
8/4/2015 11:00,0.582339708,0.675125628,0.031264916,0.220947177
8/4/2015 12:00,0.58200225,0.667713568,0.031145585,0.22568306
8/4/2015 13:00,0.58200225,0.657160804,0.030906921,0.236976321
8/4/2015 14:00,0.584251969,0.658354271,0.030906921,0.24571949
8/4/2015 15:00,0.585376828,0.670100503,0.030668258,0.257377049
8/4/2015 16:00,0.585264342,0.676444724,0.030548926,0.267213115
8/4/2015 17:00,0.585264342,0.668153266,0.030429594,0.294717668
8/4/2015 18:00,0.587514061,0.663819095,0.030429594,0.358105647
8/4/2015 19:00,0.588526434,0.646545226,0.030548926,0.395628415
8/4/2015 20:00,0.588413948,0.631658291,0.030548926,0.387249545
8/4/2015 21:00,0.58863892,0.571984925,0.030429594,0.370127505
8/4/2015 22:00,0.590551181,0.518530151,0.029952267,0.352641166
8/4/2015 23:00,0.591001125,0.499497487,0.029952267,0.314936248
8/5/2015 0:00,0.591226097,0.498241206,0.029832936,0.279417122
8/5/2015 1:00,0.591001125,0.49830402,0.029952267,0.277959927
8/5/2015 2:00,0.593025872,0.512939698,0.029952267,0.275227687
8/5/2015 3:00,0.593588301,0.55169598,0.029952267,0.275409836
8/5/2015 4:00,0.593588301,0.595351759,0.030071599,0.263205829
8/5/2015 5:00,0.593475816,0.651444724,0.030787589,0.204189435
8/5/2015 6:00,0.594825647,0.677763819,0.030787589,0.192714026
8/5/2015 7:00,0.59583802,0.681909548,0.030906921,0.189617486
8/5/2015 8:00,0.59583802,0.680464824,0.030906921,0.187431694
8/5/2015 9:00,0.595613048,0.681155779,0.031026253,0.186520947
8/5/2015 10:00,0.595613048,0.68178392,0.030906921,0.170673953
8/5/2015 11:00,0.595725534,0.676444724,0.031026253,0.162477231
8/5/2015 12:00,0.595613048,0.681155779,0.030787589,0.167030965
8/5/2015 13:00,0.595725534,0.678580402,0.030787589,0.164116576
8/5/2015 14:00,0.595725534,0.664698492,0.029952267,0.152094718
8/5/2015 15:00,0.59583802,0.663693467,0.030190931,0.13442623
8/5/2015 16:00,0.600112486,0.662939698,0.030071599,0.126593807
8/5/2015 17:00,0.600224972,0.659987437,0.030071599,0.108378871
8/5/2015 18:00,0.600224972,0.649748744,0.030071599,0.106739526
8/5/2015 19:00,0.600337458,0.649183417,0.029952267,0.115118397
8/5/2015 20:00,0.600112486,0.636306533,0.029952267,0.117486339
8/5/2015 21:00,0.6,0.599748744,0.029952267,0.121493625
8/5/2015 22:00,0.600112486,0.522613065,0.028997613,0.13151184
8/5/2015 23:00,0.600112486,0.514321608,0.028878282,0.115118397
8/6/2015 0:00,0.599887514,0.508668342,0.029116945,0.102367942
8/6/2015 1:00,0.600112486,0.503140704,0.029116945,0.095264117
8/6/2015 2:00,0.6,0.503329146,0.029236277,0.091256831
8/6/2015 3:00,0.6,0.534296482,0.029116945,0.074863388
8/6/2015 4:00,0.610911136,0.596670854,0.029355609,0.059562842
8/6/2015 5:00,0.621484814,0.647424623,0.029236277,0.053187614
8/6/2015 6:00,0.621822272,0.690577889,0.029355609,0.04007286
8/6/2015 7:00,0.62215973,0.694346734,0.029355609,0.034972678
8/6/2015 8:00,0.621822272,0.694346734,0.031145585,0.037704918
8/6/2015 9:00,0.622047244,0.69428392,0.029594272,0.047176685
8/6/2015 10:00,0.621934758,0.686055276,0.02947494,0.053551913
8/6/2015 11:00,0.621934758,0.688505025,0.029594272,0.065938069
8/6/2015 12:00,0.621484814,0.68781407,0.029594272,0.072495446
8/6/2015 13:00,0.621259843,0.679522613,0.029355609,0.06557377
8/6/2015 14:00,0.621147357,0.667399497,0.029355609,0.069763206
8/6/2015 15:00,0.621259843,0.666331658,0.029236277,0.059562842
8/6/2015 16:00,0.621259843,0.648115578,0.029236277,0.04571949
8/6/2015 17:00,0.621484814,0.646984925,0.029236277,0.041712204
8/6/2015 18:00,0.621372328,0.643278894,0.029116945,0.050637523
8/6/2015 19:00,0.621709786,0.627449749,0.029116945,0.067759563
8/6/2015 20:00,0.621484814,0.615577889,0.028997613,0.095992714
8/6/2015 21:00,0.616422947,0.578329146,0.029116945,0.122222222
8/6/2015 22:00,0.600224972,0.522864322,0.030906921,0.143169399
8/6/2015 23:00,0.6,0.512123116,0.030906921,0.149726776
8/7/2015 0:00,0.599662542,0.508856784,0.030787589,0.16557377
8/7/2015 1:00,0.599887514,0.508731156,0.030906921,0.171948998
8/7/2015 2:00,0.599662542,0.509673367,0.030787589,0.178324226
8/7/2015 3:00,0.6,0.548366834,0.030906921,0.178142077
8/7/2015 4:00,0.6,0.607474874,0.031026253,0.172677596
8/7/2015 5:00,0.600112486,0.651130653,0.03150358,0.170856102
8/7/2015 6:00,0.599887514,0.670414573,0.031622912,0.134972678
8/7/2015 7:00,0.6,0.689070352,0.031861575,0.102367942
8/7/2015 8:00,0.599775028,0.698492462,0.031861575,0.115664845
8/7/2015 9:00,0.599662542,0.698555276,0.031980907,0.145901639
8/7/2015 10:00,0.599775028,0.683731156,0.031622912,0.155009107
8/7/2015 11:00,0.59943757,0.67160804,0.031622912,0.171948998
8/7/2015 12:00,0.599100112,0.662311558,0.031384248,0.18287796
8/7/2015 13:00,0.598425197,0.655276382,0.030668258,0.190346084
8/7/2015 14:00,0.598425197,0.646922111,0.031742243,0.181056466
8/7/2015 15:00,0.598425197,0.657349246,0.032458234,0.176502732
8/7/2015 16:00,0.598312711,0.656532663,0.032458234,0.181056466
8/7/2015 17:00,0.598425197,0.645163317,0.032338902,0.166120219
8/7/2015 18:00,0.598875141,0.631407035,0.032338902,0.191074681
8/7/2015 19:00,0.595950506,0.619723618,0.03221957,0.209107468
8/7/2015 20:00,0.594375703,0.605527638,0.031742243,0.177777778
8/7/2015 21:00,0.5928009,0.57129397,0.031622912,0.16867031
8/7/2015 22:00,0.583127109,0.523806533,0.03150358,0.161202186
8/7/2015 23:00,0.581214848,0.494786432,0.03150358,0.173406193
8/8/2015 0:00,0.580989876,0.475816583,0.031384248,0.160473588
8/8/2015 1:00,0.580989876,0.470603015,0.031622912,0.143897996
8/8/2015 2:00,0.581102362,0.463630653,0.03150358,0.143897996
8/8/2015 3:00,0.581102362,0.461746231,0.03150358,0.143533698
8/8/2015 4:00,0.581102362,0.47638191,0.031622912,0.115664845
8/8/2015 5:00,0.581214848,0.512437186,0.03221957,0.095264117
8/8/2015 6:00,0.581327334,0.543153266,0.03221957,0.073952641
8/8/2015 7:00,0.581102362,0.563693467,0.032338902,0.071766849
8/8/2015 8:00,0.581327334,0.576130653,0.032338902,0.077413479
8/8/2015 9:00,0.581664792,0.575188442,0.031264916,0.087431694
8/8/2015 10:00,0.58143982,0.567399497,0.030548926,0.104371585
8/8/2015 11:00,0.581327334,0.563128141,0.029952267,0.121857923
8/8/2015 12:00,0.581327334,0.561243719,0.029832936,0.138615665
8/8/2015 13:00,0.581214848,0.560552764,0.029832936,0.159744991
8/8/2015 14:00,0.581327334,0.560050251,0.029832936,0.190163934
8/8/2015 15:00,0.581327334,0.560113065,0.029952267,0.207468124
8/8/2015 16:00,0.581327334,0.562562814,0.029952267,0.201639344
8/8/2015 17:00,0.58143982,0.562437186,0.029832936,0.205282332
8/8/2015 18:00,0.581327334,0.558668342,0.029713604,0.217850638
8/8/2015 19:00,0.58143982,0.552638191,0.029594272,0.241530055
8/8/2015 20:00,0.581552306,0.547675879,0.029713604,0.276867031
8/8/2015 21:00,0.581664792,0.523366834,0.031980907,0.279234973
8/8/2015 22:00,0.564566929,0.474371859,0.031026253,0.275956284
8/8/2015 23:00,0.553318335,0.462437186,0.031026253,0.271766849
8/9/2015 0:00,0.553430821,0.453957286,0.031026253,0.256284153
8/9/2015 1:00,0.553318335,0.448178392,0.031264916,0.236065574
8/9/2015 2:00,0.553430821,0.446733668,0.031026253,0.23132969
8/9/2015 3:00,0.553543307,0.449560302,0.031145585,0.192349727
8/9/2015 4:00,0.553768279,0.460050251,0.031264916,0.143715847
8/9/2015 5:00,0.553655793,0.503957286,0.031264916,0.072859745
8/9/2015 6:00,0.553655793,0.527638191,0.031384248,0.050273224
8/9/2015 7:00,0.553880765,0.564761307,0.03150358,0.052276867
8/9/2015 8:00,0.553993251,0.590515075,0.03150358,0.061202186
8/9/2015 9:00,0.553993251,0.591959799,0.031742243,0.081602914
8/9/2015 10:00,0.553993251,0.591331658,0.031622912,0.103278689
8/9/2015 11:00,0.553993251,0.586871859,0.03221957,0.117304189
8/9/2015 12:00,0.553655793,0.582788945,0.031980907,0.12568306
8/9/2015 13:00,0.553655793,0.591017588,0.031384248,0.125136612
8/9/2015 14:00,0.553543307,0.591959799,0.031384248,0.111657559
8/9/2015 15:00,0.553093363,0.594346734,0.03150358,0.101821494
8/9/2015 16:00,0.553205849,0.618781407,0.031384248,0.079052823
8/9/2015 17:00,0.553430821,0.638253769,0.031384248,0.068123862
8/9/2015 18:00,0.553543307,0.624874372,0.031264916,0.074499089
8/9/2015 19:00,0.553430821,0.631846734,0.031145585,0.098907104
8/9/2015 20:00,0.553543307,0.627889447,0.031742243,0.10582878
8/9/2015 21:00,0.554105737,0.592839196,0.031742243,0.103825137
8/9/2015 22:00,0.57064117,0.523178392,0.030906921,0.112204007
8/9/2015 23:00,0.571991001,0.508856784,0.030906921,0.117304189
8/10/2015 0:00,0.571766029,0.504334171,0.030906921,0.110928962
8/10/2015 1:00,0.571653543,0.504962312,0.031026253,0.093806922
8/10/2015 2:00,0.575590551,0.498241206,0.030906921,0.091074681
8/10/2015 3:00,0.597187852,0.529145729,0.030906921,0.093806922
8/10/2015 4:00,0.642857143,0.557537688,0.030668258,0.106557377
8/10/2015 5:00,0.6784027,0.614572864,0.031861575,0.089253188
8/10/2015 6:00,0.678852643,0.627198492,0.031980907,0.06575592
8/10/2015 7:00,0.679302587,0.63379397,0.033890215,0.050273224
8/10/2015 8:00,0.680202475,0.647738693,0.03221957,0.053005464
8/10/2015 9:00,0.68143982,0.649811558,0.033174224,0.055737705
8/10/2015 10:00,0.681327334,0.645163317,0.032338902,0.058834244
8/10/2015 11:00,0.681214848,0.643090452,0.033054893,0.060291439
8/10/2015 12:00,0.681102362,0.642211055,0.032816229,0.063023679
8/10/2015 13:00,0.680764904,0.635992462,0.032816229,0.060291439
8/10/2015 14:00,0.680089989,0.634924623,0.031742243,0.055191257
8/10/2015 15:00,0.680202475,0.641834171,0.031026253,0.053005464
8/10/2015 16:00,0.680314961,0.632223618,0.031742243,0.048998179
8/10/2015 17:00,0.680314961,0.627135678,0.031622912,0.054462659
8/10/2015 18:00,0.680539933,0.620288945,0.031742243,0.072313297
8/10/2015 19:00,0.680539933,0.614007538,0.031145585,0.093806922
8/10/2015 20:00,0.680764904,0.592211055,0.031145585,0.112386157
8/10/2015 21:00,0.67727784,0.553266332,0.031026253,0.119307832
8/10/2015 22:00,0.660404949,0.498241206,0.028400955,0.113114754
8/10/2015 23:00,0.660292463,0.47468593,0.028520286,0.097632058
8/11/2015 0:00,0.660067492,0.463065327,0.028400955,0.089071038
8/11/2015 1:00,0.659955006,0.462311558,0.028520286,0.096357013
8/11/2015 2:00,0.65984252,0.463442211,0.028400955,0.101821494
8/11/2015 3:00,0.660292463,0.48410804,0.028520286,0.120947177
8/11/2015 4:00,0.660179978,0.515326633,0.028878282,0.142258652
8/11/2015 5:00,0.660404949,0.596105528,0.02947494,0.151912568
8/11/2015 6:00,0.659617548,0.620603015,0.030071599,0.135154827
8/11/2015 7:00,0.659167604,0.631532663,0.030429594,0.129690346
8/11/2015 8:00,0.659955006,0.634045226,0.030310263,0.113843352
8/11/2015 9:00,0.661079865,0.62839196,0.029236277,0.119489982
8/11/2015 10:00,0.661417323,0.625879397,0.030071599,0.137522769
8/11/2015 11:00,0.661867267,0.623806533,0.030071599,0.151183971
8/11/2015 12:00,0.662204724,0.619535176,0.029236277,0.175409836
8/11/2015 13:00,0.662429696,0.612437186,0.029236277,0.203096539
8/11/2015 14:00,0.662429696,0.611997487,0.029355609,0.213479053
8/11/2015 15:00,0.66231721,0.620163317,0.02947494,0.228779599
8/11/2015 16:00,0.661754781,0.604396985,0.028042959,0.238979964
8/11/2015 17:00,0.661754781,0.588756281,0.028281623,0.247540984
8/11/2015 18:00,0.661867267,0.567148241,0.028162291,0.262112933
8/11/2015 19:00,0.661867267,0.561432161,0.027804296,0.290892532
8/11/2015 20:00,0.662767154,0.542964824,0.027565632,0.309471767
8/11/2015 21:00,0.664454443,0.510929648,0.027565632,0.293442623
8/11/2015 22:00,0.643532058,0.456595477,0.02601432,0.255737705
8/11/2015 23:00,0.612148481,0.443341709,0.025894988,0.218761384
8/12/2015 0:00,0.584589426,0.440515075,0.02601432,0.198542805
8/12/2015 1:00,0.575140607,0.441080402,0.02601432,0.202367942
8/12/2015 2:00,0.570753656,0.447110553,0.02601432,0.214025501
8/12/2015 3:00,0.572778403,0.483856784,0.025059666,0.210564663
8/12/2015 4:00,0.577390326,0.540012563,0.02398568,0.210200364
8/12/2015 5:00,0.579077615,0.625879397,0.025298329,0.169398907
8/12/2015 6:00,0.579752531,0.652449749,0.025536993,0.136976321
8/12/2015 7:00,0.582114736,0.65910804,0.023389021,0.118579235
8/12/2015 8:00,0.582339708,0.672361809,0.023150358,0.123132969
8/12/2015 9:00,0.582564679,0.679208543,0.022195704,0.124043716
8/12/2015 10:00,0.582227222,0.680778894,0.022195704,0.124954463
8/12/2015 11:00,0.582789651,0.673241206,0.022315036,0.130783242
8/12/2015 12:00,0.582789651,0.661494975,0.022195704,0.133515483
8/12/2015 13:00,0.582902137,0.661432161,0.022076372,0.138979964
8/12/2015 14:00,0.582902137,0.649434673,0.021718377,0.154644809
8/12/2015 15:00,0.582902137,0.66589196,0.022553699,0.158834244
8/12/2015 16:00,0.583014623,0.679145729,0.022673031,0.176684882
8/12/2015 17:00,0.582789651,0.679962312,0.022553699,0.184881603
8/12/2015 18:00,0.583014623,0.665640704,0.022553699,0.193624772
8/12/2015 19:00,0.583127109,0.652763819,0.023150358,0.253005464
8/12/2015 20:00,0.582902137,0.615263819,0.022553699,0.325500911
8/12/2015 21:00,0.583802025,0.588630653,0.021599045,0.343715847
8/12/2015 22:00,0.599100112,0.534296482,0.020405728,0.333879781
8/12/2015 23:00,0.599662542,0.509987437,0.019928401,0.330965392
8/13/2015 0:00,0.600224972,0.505213568,0.019928401,0.302185792
8/13/2015 1:00,0.600224972,0.495037688,0.020047733,0.275956284
8/13/2015 2:00,0.600337458,0.505276382,0.020047733,0.281056466
8/13/2015 3:00,0.600674916,0.537248744,0.02052506,0.271766849
8/13/2015 4:00,0.60056243,0.566582915,0.024105012,0.227868852
8/13/2015 5:00,0.592688414,0.621545226,0.028162291,0.153005464
8/13/2015 6:00,0.569066367,0.623869347,0.025775656,0.132422587
8/13/2015 7:00,0.567379078,0.627952261,0.025417661,0.143351548
8/13/2015 8:00,0.567266592,0.632914573,0.025536993,0.140619308
8/13/2015 9:00,0.567604049,0.631846734,0.024463007,0.136429872
8/13/2015 10:00,0.567829021,0.624057789,0.023508353,0.13442623
8/13/2015 11:00,0.567491564,0.628077889,0.023508353,0.13442623
8/13/2015 12:00,0.566366704,0.631407035,0.024582339,0.13132969
8/13/2015 13:00,0.569628796,0.609233668,0.026491647,0.141894353
8/13/2015 14:00,0.580539933,0.617273869,0.026252983,0.138615665
8/13/2015 15:00,0.588863892,0.62330402,0.026968974,0.133151184
8/13/2015 16:00,0.593025872,0.623115578,0.027565632,0.136247723
8/13/2015 17:00,0.596737908,0.619535176,0.027565632,0.146265938
8/13/2015 18:00,0.597075366,0.622864322,0.027804296,0.167030965
8/13/2015 19:00,0.596850394,0.62638191,0.027684964,0.212750455
8/13/2015 20:00,0.597075366,0.608040201,0.027446301,0.249726776
8/13/2015 21:00,0.597637795,0.554334171,0.027446301,0.264845173
8/13/2015 22:00,0.598425197,0.478643216,0.029236277,0.279052823
8/13/2015 23:00,0.598650169,0.440766332,0.029116945,0.279234973
8/14/2015 0:00,0.598762655,0.436934673,0.028997613,0.256830601
8/14/2015 1:00,0.598650169,0.435992462,0.028997613,0.243351548
8/14/2015 2:00,0.598762655,0.436997487,0.028878282,0.235519126
8/14/2015 3:00,0.598987627,0.47839196,0.028878282,0.230601093
8/14/2015 4:00,0.598875141,0.546042714,0.028878282,0.216029144
8/14/2015 5:00,0.598762655,0.603266332,0.029594272,0.187795993
8/14/2015 6:00,0.598425197,0.634233668,0.029713604,0.168852459
8/14/2015 7:00,0.598762655,0.640515075,0.029832936,0.175956284
8/14/2015 8:00,0.598312711,0.642713568,0.029832936,0.191256831
8/14/2015 9:00,0.598312711,0.641080402,0.029594272,0.200364299
8/14/2015 10:00,0.598200225,0.636871859,0.028878282,0.214754098
8/14/2015 11:00,0.598200225,0.618090452,0.028520286,0.233151184
8/14/2015 12:00,0.598087739,0.597236181,0.028520286,0.249362477
8/14/2015 13:00,0.597750281,0.577512563,0.028639618,0.250637523
8/14/2015 14:00,0.597075366,0.560992462,0.027923628,0.251001821
8/14/2015 15:00,0.597300337,0.564258794,0.027684964,0.259198543
8/14/2015 16:00,0.59696288,0.571231156,0.027446301,0.247540984
8/14/2015 17:00,0.597075366,0.573555276,0.027088305,0.224408015
8/14/2015 18:00,0.597750281,0.566520101,0.027088305,0.232969035
8/14/2015 19:00,0.596287964,0.567148241,0.027088305,0.279417122
8/14/2015 20:00,0.583464567,0.544032663,0.026849642,0.328051002
8/14/2015 21:00,0.583127109,0.513253769,0.028400955,0.338433515
8/14/2015 22:00,0.580652418,0.448241206,0.029355609,0.333879781
8/14/2015 23:00,0.580202475,0.41589196,0.029236277,0.33132969
8/15/2015 0:00,0.580652418,0.405904523,0.029236277,0.324408015
8/15/2015 1:00,0.580652418,0.4,0.02947494,0.325136612
8/15/2015 2:00,0.581102362,0.401067839,0.029236277,0.342258652
8/15/2015 3:00,0.581327334,0.424497487,0.029116945,0.355373406
8/15/2015 4:00,0.581327334,0.426444724,0.02875895,0.358652095
8/15/2015 5:00,0.581664792,0.455150754,0.028400955,0.316575592
8/15/2015 6:00,0.581777278,0.50031407,0.028639618,0.272677596
8/15/2015 7:00,0.58200225,0.563002513,0.02875895,0.264298725
8/15/2015 8:00,0.582452193,0.584296482,0.028878282,0.290710383
8/15/2015 9:00,0.585376828,0.604271357,0.028997613,0.34571949
8/15/2015 10:00,0.58200225,0.546105528,0.028878282,0.385974499
8/15/2015 11:00,0.580989876,0.536557789,0.028878282,0.396903461
8/15/2015 12:00,0.580989876,0.521796482,0.028997613,0.409471767
8/15/2015 13:00,0.58087739,0.517650754,0.02875895,0.421311475
8/15/2015 14:00,0.580989876,0.518027638,0.028639618,0.419854281
8/15/2015 15:00,0.581214848,0.522298995,0.02875895,0.404918033
8/15/2015 16:00,0.581102362,0.529773869,0.028520286,0.389071038
8/15/2015 17:00,0.581327334,0.531532663,0.028520286,0.382149362
8/15/2015 18:00,0.580652418,0.516520101,0.028400955,0.397449909
8/15/2015 19:00,0.580202475,0.510741206,0.028162291,0.436976321
8/15/2015 20:00,0.580427447,0.495288945,0.028281623,0.459198543
8/15/2015 21:00,0.580539933,0.471796482,0.028281623,0.452641166
8/15/2015 22:00,0.580427447,0.391834171,0.02875895,0.426047359
8/15/2015 23:00,0.580089989,0.370100503,0.02875895,0.40291439
8/16/2015 0:00,0.580314961,0.354082915,0.028639618,0.358834244
8/16/2015 1:00,0.580089989,0.345477387,0.02875895,0.323679417
8/16/2015 2:00,0.580089989,0.342022613,0.028639618,0.300546448
8/16/2015 3:00,0.580089989,0.345791457,0.02875895,0.293806922
8/16/2015 4:00,0.580202475,0.350942211,0.028639618,0.281238616
8/16/2015 5:00,0.580314961,0.3875,0.028400955,0.256466302
8/16/2015 6:00,0.580314961,0.438190955,0.028639618,0.239526412
8/16/2015 7:00,0.580539933,0.483040201,0.028639618,0.216029144
8/16/2015 8:00,0.580202475,0.510552764,0.028878282,0.218397086
8/16/2015 9:00,0.580202475,0.514007538,0.02875895,0.249362477
8/16/2015 10:00,0.580089989,0.523932161,0.028997613,0.296357013
8/16/2015 11:00,0.579977503,0.527512563,0.028878282,0.332969035
8/16/2015 12:00,0.579977503,0.516834171,0.028997613,0.351730419
8/16/2015 13:00,0.579415073,0.516017588,0.02875895,0.357559199
8/16/2015 14:00,0.579302587,0.51959799,0.02875895,0.353916211
8/16/2015 15:00,0.579190101,0.534170854,0.02875895,0.351730419
8/16/2015 16:00,0.579077615,0.538756281,0.028520286,0.345901639
8/16/2015 17:00,0.578740157,0.561871859,0.028520286,0.33715847
8/16/2015 18:00,0.578740157,0.563128141,0.028520286,0.363752277
8/16/2015 19:00,0.579077615,0.556407035,0.028281623,0.421857923
8/16/2015 20:00,0.578740157,0.530778894,0.028400955,0.440983607
8/16/2015 21:00,0.578740157,0.479334171,0.028520286,0.436429872
8/16/2015 22:00,0.578290214,0.394723618,0.028997613,0.418397086
8/16/2015 23:00,0.578627672,0.376633166,0.028878282,0.418032787
8/17/2015 0:00,0.578515186,0.366708543,0.028878282,0.406921676
8/17/2015 1:00,0.579077615,0.362876884,0.026849642,0.402367942
8/17/2015 2:00,0.578852643,0.36790201,0.023508353,0.391803279
8/17/2015 3:00,0.578740157,0.404711055,0.023508353,0.384881603
8/17/2015 4:00,0.579752531,0.508354271,0.024940334,0.359380692
8/17/2015 5:00,0.587739033,0.594974874,0.026372315,0.322222222
8/17/2015 6:00,0.588526434,0.608668342,0.027804296,0.293442623
8/17/2015 7:00,0.590326209,0.610741206,0.028639618,0.305464481
8/17/2015 8:00,0.590326209,0.607726131,0.030429594,0.334608379
8/17/2015 9:00,0.590101237,0.612939698,0.031145585,0.364663024
8/17/2015 10:00,0.578965129,0.609422111,0.029952267,0.390163934
8/17/2015 11:00,0.577502812,0.611620603,0.029952267,0.409289617
8/17/2015 12:00,0.578177728,0.607788945,0.030071599,0.415482696
8/17/2015 13:00,0.577952756,0.59830402,0.029952267,0.415482696
8/17/2015 14:00,0.569066367,0.597864322,0.02875895,0.41147541
8/17/2015 15:00,0.560292463,0.600565327,0.028997613,0.404553734
8/17/2015 16:00,0.559617548,0.587374372,0.028878282,0.388888889
8/17/2015 17:00,0.559392576,0.580464824,0.02875895,0.372495446
8/17/2015 18:00,0.559167604,0.570414573,0.02875895,0.385428051
8/17/2015 19:00,0.558830146,0.557286432,0.028520286,0.407650273
8/17/2015 20:00,0.559055118,0.521545226,0.027923628,0.41129326
8/17/2015 21:00,0.558942632,0.468969849,0.028042959,0.38579235
8/17/2015 22:00,0.559505062,0.362060302,0.02601432,0.375409836
8/17/2015 23:00,0.559730034,0.328077889,0.025894988,0.358287796
8/18/2015 0:00,0.560292463,0.326193467,0.026491647,0.343169399
8/18/2015 1:00,0.560067492,0.324120603,0.02601432,0.33424408
8/18/2015 2:00,0.560517435,0.330527638,0.025894988,0.325318761
8/18/2015 3:00,0.560179978,0.373743719,0.025894988,0.312750455
8/18/2015 4:00,0.560517435,0.456658291,0.025894988,0.306921676
8/18/2015 5:00,0.560629921,0.53718593,0.025536993,0.295810565
8/18/2015 6:00,0.560517435,0.556092965,0.025894988,0.299635701
8/18/2015 7:00,0.560629921,0.564070352,0.026252983,0.311657559
8/18/2015 8:00,0.560292463,0.561494975,0.027684964,0.33442623
8/18/2015 9:00,0.560517435,0.563128141,0.027923628,0.352094718
8/18/2015 10:00,0.560404949,0.551633166,0.027923628,0.365938069
8/18/2015 11:00,0.560179978,0.544032663,0.027923628,0.371948998
8/18/2015 12:00,0.560179978,0.538253769,0.027923628,0.366666667
8/18/2015 13:00,0.560517435,0.520917085,0.027923628,0.359380692
8/18/2015 14:00,0.560404949,0.521670854,0.027804296,0.357741348
8/18/2015 15:00,0.559955006,0.542525126,0.027684964,0.346083789
8/18/2015 16:00,0.55984252,0.554334171,0.027565632,0.329690346
8/18/2015 17:00,0.55984252,0.552072864,0.027446301,0.313114754
8/18/2015 18:00,0.559955006,0.552638191,0.027326969,0.351730419
8/18/2015 19:00,0.559167604,0.52839196,0.026968974,0.427140255
8/18/2015 20:00,0.559730034,0.511871859,0.027207637,0.469581056
8/18/2015 21:00,0.560404949,0.463505025,0.027207637,0.467030965
8/18/2015 22:00,0.560292463,0.358040201,0.02673031,0.446448087
8/18/2015 23:00,0.560629921,0.344974874,0.026491647,0.401821494
8/19/2015 0:00,0.560742407,0.342650754,0.026610979,0.367759563
8/19/2015 1:00,0.560629921,0.346356784,0.026610979,0.34007286
8/19/2015 2:00,0.560404949,0.352324121,0.02673031,0.315118397
8/19/2015 3:00,0.560629921,0.400879397,0.026968974,0.293624772
8/19/2015 4:00,0.560742407,0.488505025,0.026849642,0.260291439
8/19/2015 5:00,0.560517435,0.585741206,0.029952267,0.21420765
8/19/2015 6:00,0.560517435,0.599434673,0.031980907,0.167213115
8/19/2015 7:00,0.560967379,0.60370603,0.032338902,0.144808743
8/19/2015 8:00,0.560967379,0.602386935,0.031742243,0.171038251
8/19/2015 9:00,0.560742407,0.600753769,0.030310263,0.239708561
8/19/2015 10:00,0.560742407,0.59660804,0.02947494,0.255191257
8/19/2015 11:00,0.560517435,0.590954774,0.028997613,0.235519126
8/19/2015 12:00,0.560517435,0.594472362,0.028639618,0.222040073
8/19/2015 13:00,0.560179978,0.590263819,0.026491647,0.217304189
8/19/2015 14:00,0.560179978,0.592211055,0.026252983,0.208378871
8/19/2015 15:00,0.559730034,0.616143216,0.028042959,0.192349727
8/19/2015 16:00,0.559505062,0.618530151,0.027088305,0.180327869
8/19/2015 17:00,0.558492688,0.602135678,0.025775656,0.176867031
8/19/2015 18:00,0.557030371,0.59491206,0.027088305,0.241347905
8/19/2015 19:00,0.557030371,0.578580402,0.026849642,0.325500911
8/19/2015 20:00,0.557705287,0.528831658,0.024940334,0.370491803
8/19/2015 21:00,0.558492688,0.452952261,0.024821002,0.365027322
8/19/2015 22:00,0.559055118,0.413442211,0.029116945,0.333151184
8/19/2015 23:00,0.559617548,0.399748744,0.028520286,0.292896175
8/20/2015 0:00,0.55984252,0.396231156,0.029236277,0.270491803
8/20/2015 1:00,0.559955006,0.398241206,0.029116945,0.252094718
8/20/2015 2:00,0.560292463,0.405904523,0.02947494,0.228961749
8/20/2015 3:00,0.560517435,0.453140704,0.030071599,0.2
8/20/2015 4:00,0.560742407,0.534359296,0.031026253,0.180145719
8/20/2015 5:00,0.560629921,0.62298995,0.032100239,0.150637523
8/20/2015 6:00,0.560629921,0.644032663,0.036396181,0.089799636
8/20/2015 7:00,0.560742407,0.644472362,0.03973747,0.060473588
8/20/2015 8:00,0.563667042,0.645414573,0.033651551,0.071220401
8/20/2015 9:00,0.565016873,0.644158291,0.031384248,0.093989071
8/20/2015 10:00,0.564679415,0.642085427,0.031622912,0.101092896
8/20/2015 11:00,0.564454443,0.633291457,0.03150358,0.097632058
8/20/2015 12:00,0.566591676,0.626319095,0.03150358,0.096721311
8/20/2015 13:00,0.567154106,0.623680905,0.030548926,0.095628415
8/20/2015 14:00,0.566254218,0.619346734,0.030190931,0.099635701
8/20/2015 15:00,0.566591676,0.620603015,0.027088305,0.095992714
8/20/2015 16:00,0.568841395,0.616331658,0.029713604,0.099817851
8/20/2015 17:00,0.569741282,0.613756281,0.030906921,0.123679417
8/20/2015 18:00,0.569741282,0.59290201,0.030906921,0.195810565
8/20/2015 19:00,0.570191226,0.578015075,0.027923628,0.251183971
8/20/2015 20:00,0.572440945,0.539761307,0.027088305,0.289071038
8/20/2015 21:00,0.57367829,0.472173367,0.025894988,0.292531876
8/20/2015 22:00,0.573790776,0.381407035,0.022911695,0.267030965
8/20/2015 23:00,0.573790776,0.367776382,0.022673031,0.240255009
8/21/2015 0:00,0.576040495,0.36589196,0.022195704,0.229143898
8/21/2015 1:00,0.577165354,0.369158291,0.022434368,0.212932605
8/21/2015 2:00,0.57727784,0.375188442,0.023747017,0.193806922
8/21/2015 3:00,0.57727784,0.415326633,0.023866348,0.161020036
8/21/2015 4:00,0.579527559,0.505653266,0.025059666,0.162477231
8/21/2015 5:00,0.580427447,0.621859296,0.029116945,0.152459016
8/21/2015 6:00,0.580539933,0.630653266,0.029236277,0.104189435
8/21/2015 7:00,0.580652418,0.63580402,0.029594272,0.071948998
8/21/2015 8:00,0.581777278,0.634610553,0.029116945,0.074134791
8/21/2015 9:00,0.581889764,0.633040201,0.029355609,0.080874317
8/21/2015 10:00,0.581327334,0.633919598,0.028878282,0.087249545
8/21/2015 11:00,0.58087739,0.624874372,0.029116945,0.087613843
8/21/2015 12:00,0.580539933,0.613756281,0.028997613,0.093806922
8/21/2015 13:00,0.580202475,0.605464824,0.028878282,0.093260474
8/21/2015 14:00,0.579865017,0.595665829,0.028639618,0.08852459
8/21/2015 15:00,0.579865017,0.591708543,0.028281623,0.085974499
8/21/2015 16:00,0.580427447,0.587876884,0.028042959,0.084517304
8/21/2015 17:00,0.580989876,0.572424623,0.028997613,0.084153005
8/21/2015 18:00,0.581102362,0.556218593,0.028997613,0.124225865
8/21/2015 19:00,0.581327334,0.545414573,0.028997613,0.173952641
8/21/2015 20:00,0.581777278,0.49968593,0.029116945,0.196903461
8/21/2015 21:00,0.582227222,0.439886935,0.029116945,0.189981785
8/21/2015 22:00,0.582227222,0.377261307,0.027088305,0.181420765
8/21/2015 23:00,0.582564679,0.347927136,0.025775656,0.161566485
8/22/2015 0:00,0.582789651,0.343655779,0.026133652,0.136794171
8/22/2015 1:00,0.583014623,0.343781407,0.025536993,0.119125683
8/22/2015 2:00,0.583239595,0.347047739,0.024463007,0.119672131
8/22/2015 3:00,0.583464567,0.358542714,0.023866348,0.110564663
8/22/2015 4:00,0.583464567,0.379962312,0.024343675,0.109107468
8/22/2015 5:00,0.583127109,0.437625628,0.02398568,0.102185792
8/22/2015 6:00,0.583239595,0.491708543,0.02398568,0.075956284
8/22/2015 7:00,0.583239595,0.535301508,0.024343675,0.05428051
8/22/2015 8:00,0.583464567,0.54120603,0.024463007,0.060473588
8/22/2015 9:00,0.583127109,0.526193467,0.024701671,0.073041894
8/22/2015 10:00,0.583014623,0.504334171,0.024940334,0.078506375
8/22/2015 11:00,0.583014623,0.475753769,0.025417661,0.080692168
8/22/2015 12:00,0.582452193,0.466143216,0.025417661,0.078870674
8/22/2015 13:00,0.582227222,0.469158291,0.025536993,0.070127505
8/22/2015 14:00,0.58200225,0.478454774,0.025894988,0.061930783
8/22/2015 15:00,0.580989876,0.502324121,0.025775656,0.060291439
8/22/2015 16:00,0.578065242,0.507977387,0.025536993,0.050637523
8/22/2015 17:00,0.576715411,0.501444724,0.025656325,0.052094718
8/22/2015 18:00,0.579865017,0.500251256,0.026133652,0.076684882
8/22/2015 19:00,0.581664792,0.489447236,0.026372315,0.097449909
8/22/2015 20:00,0.582339708,0.456972362,0.026372315,0.105282332
8/22/2015 21:00,0.582339708,0.417273869,0.024343675,0.104007286
8/22/2015 22:00,0.582564679,0.345100503,0.023866348,0.091256831
8/22/2015 23:00,0.582677165,0.321419598,0.02398568,0.079781421
8/23/2015 0:00,0.582789651,0.310866834,0.024940334,0.077413479
8/23/2015 1:00,0.582677165,0.303077889,0.025298329,0.075045537
8/23/2015 2:00,0.583127109,0.299937186,0.025059666,0.078506375
8/23/2015 3:00,0.583464567,0.293592965,0.025178998,0.089981785
8/23/2015 4:00,0.583464567,0.299623116,0.023747017,0.096721311
8/23/2015 5:00,0.583352081,0.320728643,0.023389021,0.085428051
8/23/2015 6:00,0.583352081,0.363253769,0.025417661,0.069581056
8/23/2015 7:00,0.583464567,0.379020101,0.025894988,0.063934426
8/23/2015 8:00,0.583577053,0.364133166,0.026133652,0.078870674
8/23/2015 9:00,0.583464567,0.363756281,0.026252983,0.098360656
8/23/2015 10:00,0.583689539,0.365201005,0.025536993,0.117668488
8/23/2015 11:00,0.583352081,0.362060302,0.026252983,0.142076503
8/23/2015 12:00,0.583014623,0.358479899,0.026372315,0.157923497
8/23/2015 13:00,0.582789651,0.356595477,0.027684964,0.171038251
8/23/2015 14:00,0.582452193,0.360238693,0.027446301,0.181785064
8/23/2015 15:00,0.582114736,0.394346734,0.027088305,0.182513661
8/23/2015 16:00,0.58200225,0.420037688,0.026849642,0.176502732
8/23/2015 17:00,0.582114736,0.425376884,0.02673031,0.18870674
8/23/2015 18:00,0.581889764,0.427701005,0.026849642,0.224772313
8/23/2015 19:00,0.582114736,0.429648241,0.025178998,0.272313297
8/23/2015 20:00,0.582227222,0.401130653,0.025178998,0.29143898
8/23/2015 21:00,0.58200225,0.352826633,0.024940334,0.298178506
8/23/2015 22:00,0.582339708,0.316331658,0.025775656,0.277959927
8/23/2015 23:00,0.582339708,0.305967337,0.025894988,0.264480874
8/24/2015 0:00,0.582452193,0.305025126,0.024701671,0.237522769
8/24/2015 1:00,0.582564679,0.30540201,0.024343675,0.211839709
8/24/2015 2:00,0.582339708,0.308103015,0.024105012,0.190528233
8/24/2015 3:00,0.582227222,0.337751256,0.023508353,0.183424408
8/24/2015 4:00,0.582339708,0.435238693,0.024821002,0.206739526
8/24/2015 5:00,0.582227222,0.523115578,0.025775656,0.213661202
8/24/2015 6:00,0.582339708,0.576570352,0.025894988,0.20291439
8/24/2015 7:00,0.582339708,0.603077889,0.028281623,0.201821494
8/24/2015 8:00,0.582227222,0.604208543,0.026252983,0.226229508
8/24/2015 9:00,0.581552306,0.598115578,0.026491647,0.23132969
8/24/2015 10:00,0.581552306,0.595414573,0.026491647,0.255191257
8/24/2015 11:00,0.581102362,0.582349246,0.026491647,0.284699454
8/24/2015 12:00,0.581214848,0.563128141,0.026372315,0.290163934
8/24/2015 13:00,0.581214848,0.551130653,0.026372315,0.299817851
8/24/2015 14:00,0.580652418,0.552072864,0.02601432,0.313296903
8/24/2015 15:00,0.580539933,0.557035176,0.026252983,0.321493625
8/24/2015 16:00,0.580539933,0.554962312,0.025894988,0.30856102
8/24/2015 17:00,0.580539933,0.549309045,0.025775656,0.302185792
8/24/2015 18:00,0.58087739,0.530213568,0.025894988,0.338433515
8/24/2015 19:00,0.579415073,0.520100503,0.02601432,0.367030965
8/24/2015 20:00,0.579190101,0.463002513,0.025894988,0.376867031
8/24/2015 21:00,0.579415073,0.389698492,0.022553699,0.366848816
8/24/2015 22:00,0.579865017,0.312374372,0.022792363,0.354462659
8/24/2015 23:00,0.580539933,0.298241206,0.020883055,0.3428051
8/25/2015 0:00,0.581214848,0.286432161,0.020405728,0.320400729
8/25/2015 1:00,0.581664792,0.28410804,0.020405728,0.300728597
8/25/2015 2:00,0.581664792,0.28951005,0.020405728,0.280145719
8/25/2015 3:00,0.581889764,0.323869347,0.021121718,0.278506375
8/25/2015 4:00,0.581777278,0.445037688,0.025059666,0.26867031
8/25/2015 5:00,0.581327334,0.566017588,0.025536993,0.23442623
8/25/2015 6:00,0.58143982,0.583982412,0.025775656,0.205464481
8/25/2015 7:00,0.581552306,0.587751256,0.025178998,0.194717668
8/25/2015 8:00,0.581327334,0.580213568,0.02601432,0.177413479
8/25/2015 9:00,0.581552306,0.571859296,0.025298329,0.193624772
8/25/2015 10:00,0.581552306,0.547110553,0.025656325,0.218761384
8/25/2015 11:00,0.581327334,0.530213568,0.025775656,0.243715847
8/25/2015 12:00,0.581214848,0.529208543,0.025298329,0.270309654
8/25/2015 13:00,0.580764904,0.530967337,0.025059666,0.286520947
8/25/2015 14:00,0.581102362,0.501633166,0.026252983,0.308378871
8/25/2015 15:00,0.580202475,0.495665829,0.025536993,0.31420765
8/25/2015 16:00,0.579640045,0.490012563,0.024343675,0.318761384
8/25/2015 17:00,0.579752531,0.488002513,0.02398568,0.324043716
8/25/2015 18:00,0.579527559,0.481972362,0.020644391,0.373952641
8/25/2015 19:00,0.580089989,0.468718593,0.021002387,0.406921676
8/25/2015 20:00,0.579190101,0.409798995,0.02052506,0.425318761
8/25/2015 21:00,0.578515186,0.353643216,0.020286396,0.425136612
8/25/2015 22:00,0.578290214,0.296922111,0.020883055,0.407103825
8/25/2015 23:00,0.578065242,0.284045226,0.02052506,0.393260474
8/26/2015 0:00,0.578177728,0.281595477,0.020763723,0.376138434
8/26/2015 1:00,0.5784027,0.282726131,0.02052506,0.363570128
8/26/2015 2:00,0.579077615,0.288190955,0.021121718,0.35154827
8/26/2015 3:00,0.578965129,0.32701005,0.021121718,0.347723133
8/26/2015 4:00,0.578965129,0.443467337,0.024343675,0.343897996
8/26/2015 5:00,0.579077615,0.566457286,0.024463007,0.336794171
8/26/2015 6:00,0.579302587,0.579585427,0.024582339,0.323315118
8/26/2015 7:00,0.579977503,0.581721106,0.024582339,0.320218579
8/26/2015 8:00,0.580652418,0.585364322,0.025059666,0.323132969
8/26/2015 9:00,0.582339708,0.580276382,0.025059666,0.318397086
8/26/2015 10:00,0.58200225,0.570414573,0.025178998,0.302550091
8/26/2015 11:00,0.582677165,0.541771357,0.025417661,0.283788707
8/26/2015 12:00,0.583464567,0.542022613,0.025894988,0.268306011
8/26/2015 13:00,0.583577053,0.54968593,0.025656325,0.258834244
8/26/2015 14:00,0.584251969,0.567148241,0.025536993,0.25992714
8/26/2015 15:00,0.58503937,0.578203518,0.025417661,0.249908925
8/26/2015 16:00,0.585264342,0.584233668,0.025417661,0.227140255
8/26/2015 17:00,0.5856018,0.583542714,0.025417661,0.235336976
8/26/2015 18:00,0.585826772,0.580150754,0.025178998,0.275409836
8/26/2015 19:00,0.586051744,0.557474874,0.025059666,0.321493625
8/26/2015 20:00,0.586501687,0.455967337,0.025417661,0.331693989
8/26/2015 21:00,0.587064117,0.350690955,0.023627685,0.316575592
8/26/2015 22:00,0.587401575,0.280150754,0.019928401,0.329326047
8/26/2015 23:00,0.587514061,0.254836683,0.019331742,0.349726776
8/27/2015 0:00,0.587964004,0.248366834,0.019451074,0.357377049
8/27/2015 1:00,0.587964004,0.248743719,0.019451074,0.371948998
8/27/2015 2:00,0.587851519,0.253894472,0.019331742,0.391803279
8/27/2015 3:00,0.58807649,0.321733668,0.019451074,0.381602914
8/27/2015 4:00,0.587851519,0.464133166,0.021479714,0.352094718
8/27/2015 5:00,0.587626547,0.559170854,0.025775656,0.307650273
8/27/2015 6:00,0.587514061,0.595917085,0.025894988,0.287613843
8/27/2015 7:00,0.587626547,0.598869347,0.025894988,0.287067395
8/27/2015 8:00,0.587851519,0.594221106,0.02601432,0.292167577
8/27/2015 9:00,0.58807649,0.586494975,0.025894988,0.326775956
8/27/2015 10:00,0.58807649,0.570603015,0.025894988,0.358652095
8/27/2015 11:00,0.587964004,0.561180905,0.025656325,0.367395264
8/27/2015 12:00,0.587851519,0.546482412,0.025298329,0.393624772
8/27/2015 13:00,0.587739033,0.524309045,0.024701671,0.43715847
8/27/2015 14:00,0.587514061,0.511180905,0.024224344,0.46575592
8/27/2015 15:00,0.586501687,0.514384422,0.023866348,0.498178506
8/27/2015 16:00,0.585939258,0.518969849,0.023508353,0.499453552
8/27/2015 17:00,0.586051744,0.50879397,0.023747017,0.49708561
8/27/2015 18:00,0.587289089,0.514824121,0.023866348,0.506557377
8/27/2015 19:00,0.587851519,0.509296482,0.020286396,0.485428051
8/27/2015 20:00,0.587851519,0.463693467,0.019809069,0.473224044
8/27/2015 21:00,0.587739033,0.395477387,0.020286396,0.475591985
8/27/2015 22:00,0.587851519,0.310238693,0.020644391,0.441347905
8/27/2015 23:00,0.58807649,0.305590452,0.020644391,0.424590164
8/28/2015 0:00,0.58807649,0.301130653,0.020405728,0.403278689
8/28/2015 1:00,0.587964004,0.302449749,0.020286396,0.400546448
8/28/2015 2:00,0.58807649,0.30571608,0.020286396,0.381967213
8/28/2015 3:00,0.587964004,0.381407035,0.020405728,0.386703097
8/28/2015 4:00,0.58807649,0.46821608,0.020763723,0.37996357
8/28/2015 5:00,0.587964004,0.586180905,0.025298329,0.367759563
8/28/2015 6:00,0.588413948,0.618655779,0.025417661,0.353005464
8/28/2015 7:00,0.588863892,0.617650754,0.026252983,0.378870674
8/28/2015 8:00,0.589088864,0.614698492,0.026372315,0.401092896
8/28/2015 9:00,0.589651294,0.583291457,0.026491647,0.427322404
8/28/2015 10:00,0.589876265,0.573366834,0.026610979,0.453005464
8/28/2015 11:00,0.590213723,0.549937186,0.026849642,0.46557377
8/28/2015 12:00,0.590101237,0.52638191,0.02673031,0.457923497
8/28/2015 13:00,0.590326209,0.517839196,0.026610979,0.454462659
8/28/2015 14:00,0.590663667,0.500879397,0.026252983,0.472495446
8/28/2015 15:00,0.590776153,0.502135678,0.026133652,0.453916211
8/28/2015 16:00,0.591338583,0.511369347,0.025656325,0.416939891
8/28/2015 17:00,0.591563555,0.511746231,0.025536993,0.380510018
8/28/2015 18:00,0.592125984,0.513253769,0.025656325,0.396174863
8/28/2015 19:00,0.59223847,0.489133166,0.025775656,0.426958106
8/28/2015 20:00,0.592463442,0.453015075,0.025656325,0.464480874
8/28/2015 21:00,0.592350956,0.399309045,0.024940334,0.493260474
8/28/2015 22:00,0.5928009,0.288567839,0.020167064,0.49708561
8/28/2015 23:00,0.593025872,0.266331658,0.018735084,0.501639344
8/29/2015 0:00,0.593138358,0.261620603,0.018735084,0.492349727
8/29/2015 1:00,0.593250844,0.258228643,0.018735084,0.49708561
8/29/2015 2:00,0.592913386,0.260552764,0.018735084,0.492896175
8/29/2015 3:00,0.593025872,0.287939698,0.018735084,0.472859745
8/29/2015 4:00,0.593025872,0.316017588,0.019570406,0.45428051
8/29/2015 5:00,0.5928009,0.377763819,0.022076372,0.392531876
8/29/2015 6:00,0.592913386,0.449560302,0.022434368,0.351912568
8/29/2015 7:00,0.593025872,0.491457286,0.022553699,0.361202186
8/29/2015 8:00,0.593250844,0.504145729,0.022553699,0.378506375
8/29/2015 9:00,0.593475816,0.499057789,0.022195704,0.395628415
8/29/2015 10:00,0.59336333,0.48919598,0.022076372,0.392896175
8/29/2015 11:00,0.593138358,0.467964824,0.022792363,0.415118397
8/29/2015 12:00,0.593250844,0.467148241,0.023031026,0.410564663
8/29/2015 13:00,0.593025872,0.477701005,0.02398568,0.391256831
8/29/2015 14:00,0.592350956,0.49120603,0.024701671,0.374681239
8/29/2015 15:00,0.59223847,0.511997487,0.024582339,0.344990893
8/29/2015 16:00,0.592125984,0.518404523,0.024582339,0.295446266
8/29/2015 17:00,0.592125984,0.517650754,0.024582339,0.251730419
8/29/2015 18:00,0.59223847,0.522487437,0.024582339,0.264116576
8/29/2015 19:00,0.592688414,0.50709799,0.024582339,0.292349727
8/29/2015 20:00,0.592688414,0.479773869,0.024582339,0.317486339
8/29/2015 21:00,0.593025872,0.435175879,0.024463007,0.305282332
8/29/2015 22:00,0.593138358,0.346168342,0.02398568,0.291621129
8/29/2015 23:00,0.5928009,0.332600503,0.02398568,0.264116576
8/30/2015 0:00,0.592463442,0.327512563,0.023866348,0.243351548
8/30/2015 1:00,0.59223847,0.329522613,0.023866348,0.230965392
8/30/2015 2:00,0.592125984,0.32701005,0.023866348,0.221129326
8/30/2015 3:00,0.591788526,0.343341709,0.023866348,0.204189435
8/30/2015 4:00,0.591563555,0.366896985,0.02398568,0.205100182
8/30/2015 5:00,0.591226097,0.406972362,0.024105012,0.175227687
8/30/2015 6:00,0.591113611,0.445477387,0.024343675,0.124954463
8/30/2015 7:00,0.591451069,0.49290201,0.024582339,0.098907104
8/30/2015 8:00,0.591113611,0.532474874,0.024940334,0.092167577
8/30/2015 9:00,0.590776153,0.544032663,0.025059666,0.082149362
8/30/2015 10:00,0.590776153,0.519346734,0.025178998,0.077777778
8/30/2015 11:00,0.590551181,0.476193467,0.025178998,0.087431694
8/30/2015 12:00,0.590213723,0.470163317,0.024940334,0.098724954
8/30/2015 13:00,0.589538808,0.479334171,0.024821002,0.105464481
8/30/2015 14:00,0.588413948,0.525816583,0.024701671,0.098178506
8/30/2015 15:00,0.587851519,0.552512563,0.024343675,0.087067395
8/30/2015 16:00,0.58807649,0.563819095,0.024105012,0.069398907
8/30/2015 17:00,0.588976378,0.567462312,0.023866348,0.064298725
8/30/2015 18:00,0.588863892,0.572927136,0.023866348,0.083606557
8/30/2015 19:00,0.589088864,0.567839196,0.02398568,0.097996357
8/30/2015 20:00,0.589088864,0.527135678,0.02398568,0.107103825
8/30/2015 21:00,0.589088864,0.47638191,0.02398568,0.112750455
8/30/2015 22:00,0.589651294,0.390766332,0.023866348,0.113661202
8/30/2015 23:00,0.589876265,0.376130653,0.023747017,0.104918033
8/31/2015 0:00,0.589876265,0.37638191,0.023866348,0.093806922
8/31/2015 1:00,0.58976378,0.377198492,0.023747017,0.083242259
8/31/2015 2:00,0.589876265,0.389070352,0.023866348,0.080145719
8/31/2015 3:00,0.58976378,0.439572864,0.02398568,0.078506375
8/31/2015 4:00,0.590101237,0.550565327,0.024105012,0.072859745
8/31/2015 5:00,0.58976378,0.595665829,0.024940334,0.069034608
8/31/2015 6:00,0.58976378,0.606658291,0.025059666,0.057377049
8/31/2015 7:00,0.589988751,0.607349246,0.026372315,0.046812386
8/31/2015 8:00,0.58976378,0.609673367,0.028281623,0.050819672
8/31/2015 9:00,0.589988751,0.602889447,0.028281623,0.05154827
8/31/2015 10:00,0.58976378,0.598366834,0.030190931,0.057741348
8/31/2015 11:00,0.589651294,0.593969849,0.02601432,0.063023679
8/31/2015 12:00,0.589538808,0.572550251,0.025656325,0.063205829
8/31/2015 13:00,0.589426322,0.577072864,0.024105012,0.07704918
8/31/2015 14:00,0.589313836,0.580025126,0.022792363,0.099817851
8/31/2015 15:00,0.589088864,0.577512563,0.022911695,0.103642987
8/31/2015 16:00,0.589426322,0.592776382,0.021718377,0.112021858
8/31/2015 17:00,0.589426322,0.57870603,0.021121718,0.132786885
8/31/2015 18:00,0.58920135,0.571733668,0.019570406,0.162295082
8/31/2015 19:00,0.589088864,0.549937186,0.018615752,0.195446266
8/31/2015 20:00,0.58807649,0.500502513,0.018138425,0.204735883
8/31/2015 21:00,0.588301462,0.428015075,0.019928401,0.231693989
8/31/2015 22:00,0.588526434,0.337939698,0.024582339,0.279052823
8/31/2015 23:00,0.588301462,0.325376884,0.024224344,0.292349727
9/1/2015 0:00,0.588413948,0.311746231,0.02398568,0.306739526
9/1/2015 1:00,0.587964004,0.313065327,0.024105012,0.342622951
9/1/2015 2:00,0.587964004,0.31790201,0.024582339,0.363387978
9/1/2015 3:00,0.587851519,0.374309045,0.025178998,0.344626594
9/1/2015 4:00,0.587626547,0.497675879,0.028400955,0.329326047
9/1/2015 5:00,0.587289089,0.578015075,0.031264916,0.302003643
9/1/2015 6:00,0.587176603,0.606846734,0.031384248,0.260837887
9/1/2015 7:00,0.587289089,0.610301508,0.031384248,0.239526412
9/1/2015 8:00,0.586726659,0.602638191,0.031622912,0.228233151
9/1/2015 9:00,0.586164229,0.610364322,0.031861575,0.221493625
9/1/2015 10:00,0.584926884,0.602512563,0.033293556,0.215482696
9/1/2015 11:00,0.585151856,0.582474874,0.033293556,0.220947177
9/1/2015 12:00,0.586389201,0.566771357,0.033293556,0.240437158
9/1/2015 13:00,0.586951631,0.565640704,0.032577566,0.254644809
9/1/2015 14:00,0.587064117,0.569221106,0.031384248,0.260655738
9/1/2015 15:00,0.586839145,0.575502513,0.028997613,0.261566485
9/1/2015 16:00,0.586276715,0.563253769,0.028878282,0.254462659
9/1/2015 17:00,0.586726659,0.563505025,0.028878282,0.267030965
9/1/2015 18:00,0.586276715,0.543467337,0.028400955,0.293442623
9/1/2015 19:00,0.586501687,0.510866834,0.028281623,0.321129326
9/1/2015 20:00,0.586614173,0.459233668,0.028520286,0.352094718
9/1/2015 21:00,0.586276715,0.408542714,0.02947494,0.368123862
9/1/2015 22:00,0.586501687,0.324560302,0.030787589,0.369398907
9/1/2015 23:00,0.586501687,0.299874372,0.030787589,0.373406193
9/2/2015 0:00,0.586164229,0.285929648,0.030668258,0.383242259
9/2/2015 1:00,0.585939258,0.285678392,0.030787589,0.375409836
9/2/2015 2:00,0.585939258,0.292336683,0.030787589,0.37723133
9/2/2015 3:00,0.5856018,0.35370603,0.031384248,0.379781421
9/2/2015 4:00,0.585376828,0.450125628,0.032577566,0.386156648
9/2/2015 5:00,0.585264342,0.547424623,0.031026253,0.376684882
9/2/2015 6:00,0.585151856,0.577449749,0.032100239,0.36557377
9/2/2015 7:00,0.585264342,0.580276382,0.032816229,0.368123862
9/2/2015 8:00,0.5856018,0.568655779,0.034128878,0.374499089
9/2/2015 9:00,0.5856018,0.564447236,0.03424821,0.387067395
9/2/2015 10:00,0.585939258,0.56589196,0.037112172,0.381967213
9/2/2015 11:00,0.586164229,0.554585427,0.032816229,0.376867031
9/2/2015 12:00,0.586501687,0.564133166,0.033174224,0.370856102
9/2/2015 13:00,0.586164229,0.563442211,0.03353222,0.370127505
9/2/2015 14:00,0.586276715,0.561620603,0.03627685,0.366666667
9/2/2015 15:00,0.586389201,0.56620603,0.032696897,0.339708561
9/2/2015 16:00,0.586389201,0.561746231,0.034009547,0.327504554
9/2/2015 17:00,0.586389201,0.559296482,0.032338902,0.32859745
9/2/2015 18:00,0.586051744,0.558731156,0.035322196,0.332240437
9/2/2015 19:00,0.586276715,0.53178392,0.0349642,0.344444444
9/2/2015 20:00,0.586501687,0.46821608,0.03627685,0.342076503
9/2/2015 21:00,0.586839145,0.429773869,0.034486874,0.315482696
9/2/2015 22:00,0.586951631,0.385992462,0.029713604,0.288888889
9/2/2015 23:00,0.587401575,0.372550251,0.029713604,0.24863388
9/3/2015 0:00,0.587289089,0.354208543,0.030071599,0.217486339
9/3/2015 1:00,0.587289089,0.357349246,0.029713604,0.199089253
9/3/2015 2:00,0.587514061,0.385364322,0.029594272,0.190346084
9/3/2015 3:00,0.587514061,0.44830402,0.030071599,0.190163934
9/3/2015 4:00,0.587401575,0.520854271,0.031026253,0.186338798
9/3/2015 5:00,0.587289089,0.584736181,0.034009547,0.158652095
9/3/2015 6:00,0.587626547,0.599874372,0.035441527,0.122404372
9/3/2015 7:00,0.587514061,0.611432161,0.036396181,0.101821494
9/3/2015 8:00,0.586951631,0.606218593,0.036873508,0.104918033
9/3/2015 9:00,0.586951631,0.615326633,0.036038186,0.10273224
9/3/2015 10:00,0.586839145,0.611243719,0.038544153,0.097449909
9/3/2015 11:00,0.587064117,0.597110553,0.037470167,0.09417122
9/3/2015 12:00,0.587176603,0.607726131,0.037350835,0.09708561
9/3/2015 13:00,0.587176603,0.613505025,0.037828162,0.09726776
9/3/2015 14:00,0.587176603,0.627575377,0.037112172,0.089253188
9/3/2015 15:00,0.587514061,0.623178392,0.037350835,0.076684882
9/3/2015 16:00,0.587401575,0.625188442,0.035441527,0.069581056
9/3/2015 17:00,0.587176603,0.626005025,0.035083532,0.070127505
9/3/2015 18:00,0.586839145,0.62361809,0.037231504,0.070309654
9/3/2015 19:00,0.587064117,0.602135678,0.035202864,0.076138434
9/3/2015 20:00,0.587289089,0.548994975,0.034128878,0.080327869
9/3/2015 21:00,0.587401575,0.50678392,0.033174224,0.089799636
9/3/2015 22:00,0.587851519,0.437562814,0.032577566,0.09417122
9/3/2015 23:00,0.588188976,0.420477387,0.032338902,0.086885246
9/4/2015 0:00,0.588301462,0.409673367,0.033293556,0.072677596
9/4/2015 1:00,0.588301462,0.417022613,0.032458234,0.064663024
9/4/2015 2:00,0.588526434,0.431721106,0.032696897,0.049544627
9/4/2015 3:00,0.588413948,0.476319095,0.032577566,0.043351548
9/4/2015 4:00,0.588413948,0.551319095,0.034009547,0.037522769
9/4/2015 5:00,0.588188976,0.61419598,0.035441527,0.040801457
9/4/2015 6:00,0.587064117,0.648869347,0.03627685,0.033151184
9/4/2015 7:00,0.586951631,0.652826633,0.036634845,0.019307832
9/4/2015 8:00,0.587176603,0.656281407,0.036396181,0.019125683
9/4/2015 9:00,0.587289089,0.652072864,0.037828162,0.024954463
9/4/2015 10:00,0.587626547,0.635866834,0.037231504,0.03424408
9/4/2015 11:00,0.587626547,0.61281407,0.037589499,0.041712204
9/4/2015 12:00,0.587289089,0.608919598,0.037589499,0.049180328
9/4/2015 13:00,0.587514061,0.603015075,0.037947494,0.05992714
9/4/2015 14:00,0.588188976,0.593153266,0.037947494,0.06575592
9/4/2015 15:00,0.587964004,0.595540201,0.037350835,0.081602914
9/4/2015 16:00,0.587176603,0.600753769,0.036396181,0.077595628
9/4/2015 17:00,0.586726659,0.602889447,0.035202864,0.09708561
9/4/2015 18:00,0.586051744,0.601067839,0.034486874,0.128961749
9/4/2015 19:00,0.586614173,0.579836683,0.032816229,0.163934426
9/4/2015 20:00,0.587064117,0.528957286,0.032100239,0.172131148
9/4/2015 21:00,0.587176603,0.476570352,0.032338902,0.174134791
9/4/2015 22:00,0.587626547,0.41928392,0.037589499,0.159016393
9/4/2015 23:00,0.58807649,0.382223618,0.037470167,0.161566485
9/5/2015 0:00,0.588413948,0.350062814,0.037470167,0.158105647
9/5/2015 1:00,0.588413948,0.343530151,0.037589499,0.150455373
9/5/2015 2:00,0.588526434,0.34120603,0.037589499,0.146994536
9/5/2015 3:00,0.58863892,0.358542714,0.037470167,0.14571949
9/5/2015 4:00,0.58863892,0.411871859,0.037350835,0.140619308
9/5/2015 5:00,0.588751406,0.458542714,0.037589499,0.129872495
9/5/2015 6:00,0.588751406,0.500942211,0.038186158,0.118397086
9/5/2015 7:00,0.588413948,0.523052764,0.038066826,0.107103825
9/5/2015 8:00,0.588526434,0.508479899,0.037947494,0.115118397
9/5/2015 9:00,0.588751406,0.480590452,0.038902148,0.122404372
9/5/2015 10:00,0.588863892,0.453643216,0.039140811,0.144262295
9/5/2015 11:00,0.588863892,0.434610553,0.039260143,0.147358834
9/5/2015 12:00,0.589088864,0.417336683,0.039260143,0.156830601
9/5/2015 13:00,0.588863892,0.420037688,0.03627685,0.166120219
9/5/2015 14:00,0.588526434,0.426319095,0.036157518,0.199635701
9/5/2015 15:00,0.588301462,0.452386935,0.035560859,0.206739526
9/5/2015 16:00,0.588188976,0.482788945,0.035322196,0.222040073
9/5/2015 17:00,0.58807649,0.484547739,0.034844869,0.249544627
9/5/2015 18:00,0.587964004,0.483731156,0.037947494,0.278142077
9/5/2015 19:00,0.58807649,0.447927136,0.038544153,0.31712204
9/5/2015 20:00,0.588526434,0.399623116,0.038066826,0.35136612
9/5/2015 21:00,0.588413948,0.330150754,0.037947494,0.371584699
9/5/2015 22:00,0.588976378,0.257160804,0.039856802,0.387978142
9/5/2015 23:00,0.589088864,0.22870603,0.039498807,0.391803279
9/6/2015 0:00,0.589313836,0.204773869,0.039498807,0.395628415
9/6/2015 1:00,0.589088864,0.195100503,0.039618138,0.424954463
9/6/2015 2:00,0.58920135,0.191959799,0.040214797,0.434790528
9/6/2015 3:00,0.589088864,0.192525126,0.041050119,0.47996357
9/6/2015 4:00,0.589313836,0.2,0.040930788,0.511839709
9/6/2015 5:00,0.589426322,0.238693467,0.041169451,0.494899818
9/6/2015 6:00,0.58920135,0.291017588,0.041646778,0.471948998
9/6/2015 7:00,0.58920135,0.332914573,0.041408115,0.467030965
9/6/2015 8:00,0.589313836,0.356595477,0.040811456,0.4856102
9/6/2015 9:00,0.58976378,0.368278894,0.041050119,0.481056466
9/6/2015 10:00,0.589651294,0.360929648,0.041288783,0.477777778
9/6/2015 11:00,0.58976378,0.340703518,0.042362768,0.476138434
9/6/2015 12:00,0.589651294,0.34798995,0.042124105,0.466484517
9/6/2015 13:00,0.589426322,0.347613065,0.042243437,0.466302368
9/6/2015 14:00,0.58920135,0.366394472,0.042124105,0.455009107
9/6/2015 15:00,0.589088864,0.377952261,0.041169451,0.447540984
9/6/2015 16:00,0.588413948,0.429773869,0.040930788,0.420765027
9/6/2015 17:00,0.58807649,0.477952261,0.038544153,0.415664845
9/6/2015 18:00,0.587964004,0.478768844,0.035083532,0.473588342
9/6/2015 19:00,0.588301462,0.465389447,0.03424821,0.512386157
9/6/2015 20:00,0.588863892,0.417336683,0.033770883,0.524225865
9/6/2015 21:00,0.58920135,0.364761307,0.033651551,0.538797814
9/6/2015 22:00,0.589088864,0.324183417,0.033890215,0.526229508
9/6/2015 23:00,0.58920135,0.289447236,0.033651551,0.523497268
9/7/2015 0:00,0.589313836,0.284736181,0.033651551,0.520582878
9/7/2015 1:00,0.58920135,0.281846734,0.033770883,0.535519126
9/7/2015 2:00,0.589426322,0.29798995,0.033890215,0.52276867
9/7/2015 3:00,0.589313836,0.384296482,0.034009547,0.509107468
9/7/2015 4:00,0.588976378,0.509045226,0.034009547,0.471766849
9/7/2015 5:00,0.588976378,0.607474874,0.035083532,0.395446266
9/7/2015 6:00,0.588863892,0.640829146,0.037350835,0.278506375
9/7/2015 7:00,0.588526434,0.644409548,0.03902148,0.229326047
9/7/2015 8:00,0.588976378,0.644472362,0.041169451,0.232058288
9/7/2015 9:00,0.588413948,0.646419598,0.041408115,0.266484517
9/7/2015 10:00,0.588526434,0.640326633,0.041527446,0.289435337
9/7/2015 11:00,0.588526434,0.634924623,0.040811456,0.32003643
9/7/2015 12:00,0.588526434,0.635175879,0.038782816,0.363752277
9/7/2015 13:00,0.588301462,0.618090452,0.038663484,0.399089253
9/7/2015 14:00,0.588188976,0.617525126,0.036515513,0.432604736
9/7/2015 15:00,0.58807649,0.612311558,0.035441527,0.446994536
9/7/2015 16:00,0.588301462,0.59968593,0.034367542,0.452823315
9/7/2015 17:00,0.588188976,0.593907035,0.034009547,0.478688525
9/7/2015 18:00,0.588301462,0.589949749,0.034128878,0.51712204
9/7/2015 19:00,0.588526434,0.558165829,0.034606205,0.541165756
9/7/2015 20:00,0.588751406,0.509798995,0.034128878,0.560291439
9/7/2015 21:00,0.58863892,0.434296482,0.034009547,0.562295082
9/7/2015 22:00,0.588526434,0.36790201,0.035083532,0.548087432
9/7/2015 23:00,0.588526434,0.331218593,0.035202864,0.539526412
9/8/2015 0:00,0.588751406,0.328643216,0.035202864,0.541712204
9/8/2015 1:00,0.588976378,0.33919598,0.035680191,0.518761384
9/8/2015 2:00,0.588751406,0.352261307,0.035799523,0.497632058
9/8/2015 3:00,0.588863892,0.424246231,0.035799523,0.477595628
9/8/2015 4:00,0.589088864,0.523429648,0.036634845,0.447905282
9/8/2015 5:00,0.588863892,0.571733668,0.038066826,0.372313297
9/8/2015 6:00,0.588526434,0.569535176,0.039856802,0.291621129
9/8/2015 7:00,0.586726659,0.573680905,0.040453461,0.271948998
9/8/2015 8:00,0.58807649,0.57468593,0.040692124,0.261748634
9/8/2015 9:00,0.58863892,0.575879397,0.041050119,0.246083789
9/8/2015 10:00,0.588976378,0.564824121,0.041408115,0.243715847
9/8/2015 11:00,0.588413948,0.562939698,0.043794749,0.228779599
9/8/2015 12:00,0.588188976,0.559233668,0.043436754,0.224590164
9/8/2015 13:00,0.588188976,0.55910804,0.043317422,0.215664845
9/8/2015 14:00,0.588526434,0.557537688,0.043078759,0.191256831
9/8/2015 15:00,0.588751406,0.561306533,0.042601432,0.164116576
9/8/2015 16:00,0.58863892,0.576005025,0.039976134,0.132786885
9/8/2015 17:00,0.588526434,0.582977387,0.038186158,0.146994536
9/8/2015 18:00,0.588413948,0.585301508,0.035799523,0.179599271
9/8/2015 19:00,0.588751406,0.556281407,0.035799523,0.205464481
9/8/2015 20:00,0.58920135,0.517336683,0.035202864,0.221857923
9/8/2015 21:00,0.589426322,0.478203518,0.035680191,0.232969035
9/8/2015 22:00,0.589313836,0.405213568,0.03627685,0.232604736
9/8/2015 23:00,0.588863892,0.369535176,0.036157518,0.238615665
9/9/2015 0:00,0.589088864,0.366268844,0.036157518,0.24863388
9/9/2015 1:00,0.589426322,0.365515075,0.035322196,0.257559199
9/9/2015 2:00,0.589538808,0.384736181,0.034844869,0.257559199
9/9/2015 3:00,0.589651294,0.439070352,0.034486874,0.246265938
9/9/2015 4:00,0.589876265,0.524183417,0.03424821,0.246265938
9/9/2015 5:00,0.590326209,0.589133166,0.034367542,0.222404372
9/9/2015 6:00,0.590326209,0.608417085,0.03424821,0.179234973
9/9/2015 7:00,0.590213723,0.613442211,0.035799523,0.121493625
9/9/2015 8:00,0.589538808,0.60678392,0.038305489,0.082149362
9/9/2015 9:00,0.589876265,0.602826633,0.039260143,0.079052823
9/9/2015 10:00,0.589876265,0.597738693,0.035441527,0.07723133
9/9/2015 11:00,0.589313836,0.596733668,0.035680191,0.079599271
9/9/2015 12:00,0.589088864,0.597738693,0.036396181,0.077959927
9/9/2015 13:00,0.58920135,0.58888191,0.036634845,0.076684882
9/9/2015 14:00,0.589088864,0.589572864,0.036754177,0.073952641
9/9/2015 15:00,0.58920135,0.571796482,0.036515513,0.081785064
9/9/2015 16:00,0.589088864,0.566457286,0.034844869,0.103642987
9/9/2015 17:00,0.588976378,0.559610553,0.034128878,0.139526412
9/9/2015 18:00,0.58863892,0.565201005,0.032935561,0.170309654
9/9/2015 19:00,0.589088864,0.539384422,0.031861575,0.183606557
9/9/2015 20:00,0.589313836,0.497864322,0.030190931,0.184517304
9/9/2015 21:00,0.589426322,0.445665829,0.029832936,0.181420765
9/9/2015 22:00,0.589651294,0.373994975,0.032338902,0.178324226
9/9/2015 23:00,0.589538808,0.359233668,0.03221957,0.170309654
9/10/2015 0:00,0.589876265,0.357600503,0.032100239,0.159744991
9/10/2015 1:00,0.590101237,0.356595477,0.031742243,0.150455373
9/10/2015 2:00,0.590551181,0.365389447,0.032577566,0.138797814
9/10/2015 3:00,0.590438695,0.420037688,0.037231504,0.129872495
9/10/2015 4:00,0.590326209,0.521733668,0.039140811,0.118397086
9/10/2015 5:00,0.590663667,0.585741206,0.040811456,0.10856102
9/10/2015 6:00,0.590663667,0.59830402,0.043675418,0.082331512
9/10/2015 7:00,0.590888639,0.598869347,0.046778043,0.046994536
9/10/2015 8:00,0.590776153,0.601570352,0.046658711,0.025865209
9/10/2015 9:00,0.590888639,0.613065327,0.045704057,0.022586521
9/10/2015 10:00,0.591001125,0.609484925,0.04522673,0.022586521
9/10/2015 11:00,0.590213723,0.604208543,0.04522673,0.024772313
9/10/2015 12:00,0.589651294,0.595477387,0.043556086,0.024043716
9/10/2015 13:00,0.589651294,0.599748744,0.04451074,0.025136612
9/10/2015 14:00,0.58976378,0.599309045,0.043317422,0.027686703
9/10/2015 15:00,0.589313836,0.598429648,0.043078759,0.030418944
9/10/2015 16:00,0.589313836,0.611746231,0.042840095,0.03442623
9/10/2015 17:00,0.588863892,0.63379397,0.042959427,0.049726776
9/10/2015 18:00,0.588863892,0.627701005,0.044033413,0.068306011
9/10/2015 19:00,0.58920135,0.597864322,0.043914081,0.08287796
9/10/2015 20:00,0.58920135,0.543969849,0.044391408,0.096903461
9/10/2015 21:00,0.58920135,0.460741206,0.042840095,0.110382514
9/10/2015 22:00,0.58976378,0.374120603,0.039498807,0.112568306
9/10/2015 23:00,0.590101237,0.348994975,0.039379475,0.118214936
9/11/2015 0:00,0.589988751,0.338944724,0.039379475,0.120218579
9/11/2015 1:00,0.590213723,0.348492462,0.03973747,0.114025501
9/11/2015 2:00,0.590326209,0.368844221,0.041169451,0.112021858
9/11/2015 3:00,0.590213723,0.434924623,0.042840095,0.120765027
9/11/2015 4:00,0.590101237,0.53781407,0.044272076,0.128233151
9/11/2015 5:00,0.589988751,0.645100503,0.044391408,0.119489982
9/11/2015 6:00,0.589876265,0.656658291,0.045107399,0.101092896
9/11/2015 7:00,0.58976378,0.658228643,0.044749403,0.096174863
9/11/2015 8:00,0.589651294,0.654899497,0.044391408,0.115482696
9/11/2015 9:00,0.58920135,0.638442211,0.043078759,0.146994536
9/11/2015 10:00,0.588751406,0.605150754,0.043794749,0.181420765
9/11/2015 11:00,0.588751406,0.58209799,0.042004773,0.200546448
9/11/2015 12:00,0.588751406,0.562248744,0.041169451,0.213843352
9/11/2015 13:00,0.588526434,0.554585427,0.041050119,0.220765027
9/11/2015 14:00,0.588301462,0.543844221,0.041050119,0.235519126
9/11/2015 15:00,0.588188976,0.544660804,0.040811456,0.246630237
9/11/2015 16:00,0.588526434,0.546796482,0.040095465,0.250819672
9/11/2015 17:00,0.588413948,0.542713568,0.038544153,0.300182149
9/11/2015 18:00,0.588526434,0.522236181,0.037350835,0.359562842
9/11/2015 19:00,0.588526434,0.499434673,0.037828162,0.370856102
9/11/2015 20:00,0.588188976,0.463190955,0.038424821,0.367213115
9/11/2015 21:00,0.588413948,0.418341709,0.038424821,0.344990893
9/11/2015 22:00,0.588301462,0.345477387,0.035799523,0.31129326
9/11/2015 23:00,0.588413948,0.318592965,0.035560859,0.296903461
9/12/2015 0:00,0.588526434,0.311997487,0.034844869,0.27704918
9/12/2015 1:00,0.58863892,0.312060302,0.0349642,0.264663024
9/12/2015 2:00,0.588751406,0.31758794,0.034844869,0.256102004
9/12/2015 3:00,0.589088864,0.326319095,0.035083532,0.251912568
9/12/2015 4:00,0.588751406,0.36959799,0.034844869,0.271038251
9/12/2015 5:00,0.588751406,0.442085427,0.035560859,0.283606557
9/12/2015 6:00,0.589088864,0.496482412,0.036515513,0.286703097
9/12/2015 7:00,0.589088864,0.514447236,0.036754177,0.295992714
9/12/2015 8:00,0.588976378,0.516017588,0.036873508,0.304735883
9/12/2015 9:00,0.588413948,0.513756281,0.037112172,0.324043716
9/12/2015 10:00,0.588301462,0.503140704,0.037112172,0.351730419
9/12/2015 11:00,0.588301462,0.465954774,0.036157518,0.358652095
9/12/2015 12:00,0.588863892,0.422047739,0.036157518,0.351730419
9/12/2015 13:00,0.58863892,0.448555276,0.03627685,0.34845173
9/12/2015 14:00,0.588413948,0.447298995,0.036396181,0.361748634
9/12/2015 15:00,0.588301462,0.456658291,0.03627685,0.358652095
9/12/2015 16:00,0.588301462,0.468278894,0.03627685,0.347540984
9/12/2015 17:00,0.58807649,0.470728643,0.035680191,0.370673953
9/12/2015 18:00,0.588188976,0.468278894,0.034486874,0.409471767
9/12/2015 19:00,0.587851519,0.43379397,0.035083532,0.426229508
9/12/2015 20:00,0.587851519,0.395917085,0.035083532,0.43442623
9/12/2015 21:00,0.588188976,0.342776382,0.035918854,0.422222222
9/12/2015 22:00,0.588301462,0.282223618,0.039498807,0.387431694
9/12/2015 23:00,0.588526434,0.266143216,0.039856802,0.377413479
9/13/2015 0:00,0.588301462,0.259359296,0.039856802,0.362477231
9/13/2015 1:00,0.587626547,0.257851759,0.041408115,0.352459016
9/13/2015 2:00,0.587739033,0.258479899,0.041527446,0.350637523
9/13/2015 3:00,0.587626547,0.260113065,0.041646778,0.341530055
9/13/2015 4:00,0.587739033,0.274371859,0.042004773,0.357741348
9/13/2015 5:00,0.587626547,0.309610553,0.042243437,0.366666667
9/13/2015 6:00,0.587626547,0.361997487,0.041050119,0.373770492
9/13/2015 7:00,0.587289089,0.418969849,0.041169451,0.379781421
9/13/2015 8:00,0.587289089,0.446922111,0.041288783,0.391803279
9/13/2015 9:00,0.587514061,0.459861809,0.041288783,0.39435337
9/13/2015 10:00,0.587626547,0.453580402,0.041288783,0.392896175
9/13/2015 11:00,0.587401575,0.454962312,0.041050119,0.384517304
9/13/2015 12:00,0.587176603,0.436809045,0.040811456,0.3856102
9/13/2015 13:00,0.587626547,0.435050251,0.040692124,0.376867031
9/13/2015 14:00,0.587289089,0.452889447,0.040572792,0.371948998
9/13/2015 15:00,0.587289089,0.498994975,0.040453461,0.37140255
9/13/2015 16:00,0.587176603,0.504334171,0.040453461,0.382331512
9/13/2015 17:00,0.586614173,0.510427136,0.040453461,0.401457195
9/13/2015 18:00,0.586726659,0.507537688,0.040453461,0.423497268
9/13/2015 19:00,0.586839145,0.48410804,0.040572792,0.437704918
9/13/2015 20:00,0.587176603,0.414949749,0.040572792,0.428961749
9/13/2015 21:00,0.587289089,0.343844221,0.039618138,0.419125683
9/13/2015 22:00,0.587401575,0.266896985,0.038782816,0.391803279
9/13/2015 23:00,0.587514061,0.233291457,0.038066826,0.373224044
9/14/2015 0:00,0.587514061,0.225376884,0.037589499,0.371220401
9/14/2015 1:00,0.587739033,0.224497487,0.037947494,0.385063752
9/14/2015 2:00,0.587739033,0.248115578,0.038305489,0.399271403
9/14/2015 3:00,0.587739033,0.298492462,0.039140811,0.418943534
9/14/2015 4:00,0.587514061,0.400502513,0.040692124,0.447540984
9/14/2015 5:00,0.587514061,0.465515075,0.03973747,0.475409836
9/14/2015 6:00,0.587289089,0.497298995,0.039498807,0.474681239
9/14/2015 7:00,0.587401575,0.499560302,0.039260143,0.484699454
9/14/2015 8:00,0.587401575,0.507474874,0.037470167,0.495628415
9/14/2015 9:00,0.587176603,0.509736181,0.038305489,0.52003643
9/14/2015 10:00,0.587289089,0.517336683,0.038544153,0.520400729
9/14/2015 11:00,0.587401575,0.508542714,0.038424821,0.516393443
9/14/2015 12:00,0.587739033,0.509673367,0.038424821,0.519489982
9/14/2015 13:00,0.587739033,0.504836683,0.038305489,0.539344262
9/14/2015 14:00,0.587626547,0.497738693,0.037828162,0.546083789
9/14/2015 15:00,0.586164229,0.502449749,0.037589499,0.552094718
9/14/2015 16:00,0.585939258,0.502261307,0.036634845,0.55701275
9/14/2015 17:00,0.586389201,0.508542714,0.03699284,0.564663024
9/14/2015 18:00,0.586164229,0.495414573,0.036873508,0.581238616
9/14/2015 19:00,0.587064117,0.462939698,0.03699284,0.575591985
9/14/2015 20:00,0.587176603,0.388756281,0.036515513,0.566120219
9/14/2015 21:00,0.587514061,0.341017588,0.037589499,0.555919854
9/14/2015 22:00,0.587851519,0.240452261,0.032577566,0.523861566
9/14/2015 23:00,0.587964004,0.217650754,0.030787589,0.48287796
9/15/2015 0:00,0.587851519,0.210552764,0.031622912,0.460837887
9/15/2015 1:00,0.587739033,0.20201005,0.031742243,0.451001821
9/15/2015 2:00,0.586726659,0.209987437,0.03221957,0.4428051
9/15/2015 3:00,0.586051744,0.251444724,0.032458234,0.41712204
9/15/2015 4:00,0.586726659,0.354208543,0.032816229,0.417304189
9/15/2015 5:00,0.586839145,0.467022613,0.032577566,0.404553734
9/15/2015 6:00,0.587176603,0.496859296,0.031861575,0.383788707
9/15/2015 7:00,0.587176603,0.500690955,0.028520286,0.401821494
9/15/2015 8:00,0.586164229,0.507726131,0.02947494,0.45428051
9/15/2015 9:00,0.58447694,0.49861809,0.030071599,0.514936248
9/15/2015 10:00,0.58200225,0.490640704,0.030548926,0.533879781
9/15/2015 11:00,0.58143982,0.488630653,0.030071599,0.530418944
9/15/2015 12:00,0.568841395,0.480339196,0.030548926,0.563387978
9/15/2015 13:00,0.553655793,0.483291457,0.030429594,0.549362477
9/15/2015 14:00,0.546344207,0.494786432,0.030071599,0.530236794
9/15/2015 15:00,0.513835771,0.513693467,0.029832936,0.494535519
9/15/2015 16:00,0.498425197,0.515703518,0.029713604,0.468123862
9/15/2015 17:00,0.489988751,0.54459799,0.029713604,0.475591985
9/15/2015 18:00,0.475365579,0.545854271,0.029832936,0.453005464
9/15/2015 19:00,0.475703037,0.5,0.029832936,0.437522769
9/15/2015 20:00,0.476265467,0.444723618,0.029832936,0.421129326
9/15/2015 21:00,0.476827897,0.376570352,0.029832936,0.381967213
9/15/2015 22:00,0.477502812,0.297173367,0.028997613,0.351730419
9/15/2015 23:00,0.47727784,0.276005025,0.030071599,0.324225865
9/16/2015 0:00,0.477727784,0.277135678,0.030071599,0.302550091
9/16/2015 1:00,0.477390326,0.27669598,0.030071599,0.293806922
9/16/2015 2:00,0.477615298,0.300879397,0.028997613,0.283606557
9/16/2015 3:00,0.477615298,0.348115578,0.028997613,0.259198543
9/16/2015 4:00,0.477615298,0.470665829,0.028878282,0.253187614
9/16/2015 5:00,0.477390326,0.584170854,0.031264916,0.250455373
9/16/2015 6:00,0.477390326,0.617462312,0.031026253,0.224225865
9/16/2015 7:00,0.477390326,0.616708543,0.031384248,0.218397086
9/16/2015 8:00,0.478740157,0.613630653,0.037112172,0.221857923
9/16/2015 9:00,0.479415073,0.615075377,0.037112172,0.214936248
9/16/2015 10:00,0.479527559,0.607035176,0.033174224,0.209289617
9/16/2015 11:00,0.479415073,0.594032663,0.035202864,0.193078324
9/16/2015 12:00,0.478965129,0.590326633,0.039498807,0.167759563
9/16/2015 13:00,0.478515186,0.586871859,0.035083532,0.164298725
9/16/2015 14:00,0.478740157,0.57839196,0.03150358,0.16848816
9/16/2015 15:00,0.478740157,0.581658291,0.032458234,0.199089253
9/16/2015 16:00,0.478965129,0.565389447,0.032338902,0.269398907
9/16/2015 17:00,0.479190101,0.564824121,0.031622912,0.319854281
9/16/2015 18:00,0.478065242,0.557788945,0.031384248,0.3428051
9/16/2015 19:00,0.47784027,0.515326633,0.031264916,0.331876138
9/16/2015 20:00,0.477727784,0.452763819,0.031622912,0.287613843
9/16/2015 21:00,0.477952756,0.367650754,0.031622912,0.290710383
9/16/2015 22:00,0.477727784,0.275062814,0.029116945,0.311839709
9/16/2015 23:00,0.477952756,0.252763819,0.028162291,0.327868852
9/17/2015 0:00,0.477727784,0.24428392,0.028162291,0.319854281
9/17/2015 1:00,0.477615298,0.23580402,0.028162291,0.331147541
9/17/2015 2:00,0.47784027,0.231846734,0.028162291,0.357923497
9/17/2015 3:00,0.477727784,0.286494975,0.028162291,0.395992714
9/17/2015 4:00,0.477952756,0.387123116,0.028162291,0.411111111
9/17/2015 5:00,0.477502812,0.49830402,0.029594272,0.44863388
9/17/2015 6:00,0.477615298,0.522487437,0.029236277,0.465391621
9/17/2015 7:00,0.477052868,0.523806533,0.029355609,0.47996357
9/17/2015 8:00,0.468953881,0.513190955,0.032100239,0.485063752
9/17/2015 9:00,0.476490439,0.503957286,0.028878282,0.49726776
9/17/2015 10:00,0.476377953,0.495351759,0.028639618,0.541894353
9/17/2015 11:00,0.476377953,0.487123116,0.028639618,0.560291439
9/17/2015 12:00,0.476040495,0.482788945,0.028997613,0.549180328
9/17/2015 13:00,0.475815523,0.464384422,0.030190931,0.549544627
9/17/2015 14:00,0.475478065,0.469849246,0.030190931,0.542258652
9/17/2015 15:00,0.475478065,0.468090452,0.030071599,0.533515483
9/17/2015 16:00,0.47727784,0.471482412,0.028400955,0.526411658
9/17/2015 17:00,0.492463442,0.478957286,0.028400955,0.506375228
9/17/2015 18:00,0.498762655,0.46991206,0.030071599,0.50564663
9/17/2015 19:00,0.499662542,0.410866834,0.030190931,0.497996357
9/17/2015 20:00,0.511136108,0.370100503,0.030310263,0.48287796
9/17/2015 21:00,0.513160855,0.295665829,0.030310263,0.464298725
9/17/2015 22:00,0.530596175,0.241771357,0.028878282,0.453734062
9/17/2015 23:00,0.537795276,0.227261307,0.028878282,0.450273224
9/18/2015 0:00,0.53768279,0.220791457,0.028639618,0.452823315
9/18/2015 1:00,0.54431946,0.219786432,0.029116945,0.457559199
9/18/2015 2:00,0.568278965,0.226130653,0.029116945,0.46848816
9/18/2015 3:00,0.571091114,0.270665829,0.029116945,0.486703097
9/18/2015 4:00,0.585264342,0.345791457,0.030429594,0.512750455
9/18/2015 5:00,0.593925759,0.421545226,0.031384248,0.527686703
9/18/2015 6:00,0.601124859,0.436494975,0.031861575,0.523132969
9/18/2015 7:00,0.601349831,0.444158291,0.031861575,0.49726776
9/18/2015 8:00,0.605511811,0.431344221,0.032100239,0.475956284
9/18/2015 9:00,0.613948256,0.441331658,0.032100239,0.465027322
9/18/2015 10:00,0.616985377,0.421984925,0.032816229,0.471948998
9/18/2015 11:00,0.620134983,0.408668342,0.032696897,0.49417122
9/18/2015 12:00,0.623397075,0.363002513,0.032696897,0.506739526
9/18/2015 13:00,0.626659168,0.372236181,0.032100239,0.527504554
9/18/2015 14:00,0.630033746,0.384987437,0.031980907,0.542622951
9/18/2015 15:00,0.632733408,0.407914573,0.03221957,0.573406193
9/18/2015 16:00,0.635658043,0.452889447,0.031264916,0.589071038
9/18/2015 17:00,0.644656918,0.459359296,0.031145585,0.593806922
9/18/2015 18:00,0.654105737,0.433228643,0.030906921,0.60564663
9/18/2015 19:00,0.658155231,0.386432161,0.03150358,0.610382514
9/18/2015 20:00,0.661417323,0.334861809,0.03150358,0.612568306
9/18/2015 21:00,0.663217098,0.264447236,0.032100239,0.59708561
9/18/2015 22:00,0.663329584,0.239761307,0.031264916,0.588160291
9/18/2015 23:00,0.663667042,0.23209799,0.031145585,0.57431694
9/19/2015 0:00,0.663779528,0.230590452,0.031622912,0.567759563
9/19/2015 1:00,0.664004499,0.232914573,0.031622912,0.552094718
9/19/2015 2:00,0.666816648,0.234484925,0.031622912,0.532240437
9/19/2015 3:00,0.674915636,0.238944724,0.03150358,0.508743169
9/19/2015 4:00,0.677952756,0.235175879,0.031622912,0.480510018
9/19/2015 5:00,0.680539933,0.267273869,0.03221957,0.461202186
9/19/2015 6:00,0.651406074,0.357726131,0.032696897,0.424954463
9/19/2015 7:00,0.610348706,0.428580402,0.03221957,0.412932605
9/19/2015 8:00,0.607649044,0.45709799,0.032100239,0.416575592
9/19/2015 9:00,0.618897638,0.456595477,0.03221957,0.424954463
9/19/2015 10:00,0.626771654,0.416959799,0.031384248,0.435519126
9/19/2015 11:00,0.631833521,0.401256281,0.032100239,0.43442623
9/19/2015 12:00,0.661979753,0.386746231,0.031861575,0.436794171
9/19/2015 13:00,0.66591676,0.386055276,0.03150358,0.428415301
9/19/2015 14:00,0.666816648,0.376884422,0.031145585,0.412750455
9/19/2015 15:00,0.665354331,0.393781407,0.031145585,0.399089253
9/19/2015 16:00,0.666366704,0.410866834,0.030906921,0.392531876
9/19/2015 17:00,0.671316085,0.413567839,0.031145585,0.407650273
9/19/2015 18:00,0.673565804,0.418592965,0.031026253,0.416029144
9/19/2015 19:00,0.674128234,0.38410804,0.030668258,0.425318761
9/19/2015 20:00,0.674353206,0.330527638,0.030787589,0.425500911
9/19/2015 21:00,0.674353206,0.281846734,0.031026253,0.420582878
9/19/2015 22:00,0.674465692,0.242713568,0.029713604,0.39708561
9/19/2015 23:00,0.674578178,0.239133166,0.02947494,0.381056466
9/20/2015 0:00,0.67424072,0.236683417,0.030310263,0.371584699
9/20/2015 1:00,0.675028121,0.235175879,0.030310263,0.358469945
9/20/2015 2:00,0.675478065,0.233228643,0.030548926,0.364480874
9/20/2015 3:00,0.675590551,0.234610553,0.030548926,0.361748634
9/20/2015 4:00,0.675815523,0.23951005,0.030429594,0.353916211
9/20/2015 5:00,0.678965129,0.255967337,0.032816229,0.339526412
9/20/2015 6:00,0.680989876,0.303203518,0.033293556,0.31147541
9/20/2015 7:00,0.680989876,0.337311558,0.033293556,0.268123862
9/20/2015 8:00,0.681327334,0.337311558,0.033890215,0.232422587
9/20/2015 9:00,0.684589426,0.35370603,0.034009547,0.20291439
9/20/2015 10:00,0.684589426,0.334233668,0.033054893,0.189071038
9/20/2015 11:00,0.684701912,0.328831658,0.033651551,0.187067395
9/20/2015 12:00,0.684701912,0.331281407,0.032577566,0.183788707
9/20/2015 13:00,0.687514061,0.325690955,0.03221957,0.191256831
9/20/2015 14:00,0.687626547,0.341394472,0.032100239,0.178688525
9/20/2015 15:00,0.687289089,0.40201005,0.03221957,0.168123862
9/20/2015 16:00,0.686839145,0.454459799,0.032100239,0.164845173
9/20/2015 17:00,0.689988751,0.477575377,0.03221957,0.18870674
9/20/2015 18:00,0.690213723,0.492085427,0.032100239,0.201457195
9/20/2015 19:00,0.690326209,0.468153266,0.031980907,0.192896175
9/20/2015 20:00,0.690551181,0.43178392,0.031861575,0.181967213
9/20/2015 21:00,0.693925759,0.398994975,0.032100239,0.162659381
9/20/2015 22:00,0.693813273,0.331344221,0.032935561,0.145173042
9/20/2015 23:00,0.693813273,0.313002513,0.032577566,0.139344262
9/21/2015 0:00,0.693813273,0.310175879,0.033174224,0.125865209
9/21/2015 1:00,0.69696288,0.312123116,0.033054893,0.114025501
9/21/2015 2:00,0.69696288,0.334987437,0.033054893,0.117304189
9/21/2015 3:00,0.696850394,0.381407035,0.034606205,0.113661202
9/21/2015 4:00,0.696850394,0.502449749,0.035918854,0.103096539
9/21/2015 5:00,0.69696288,0.564321608,0.035918854,0.098542805
9/21/2015 6:00,0.696737908,0.618404523,0.036754177,0.088342441
9/21/2015 7:00,0.696062992,0.610427136,0.039976134,0.076684882
9/21/2015 8:00,0.696850394,0.611369347,0.037112172,0.067395264
9/21/2015 9:00,0.69696288,0.602386935,0.036873508,0.067395264
9/21/2015 10:00,0.700449944,0.595979899,0.033174224,0.063570128
9/21/2015 11:00,0.700899888,0.588253769,0.035083532,0.069581056
9/21/2015 12:00,0.701012373,0.585866834,0.035918854,0.067395264
9/21/2015 13:00,0.701012373,0.579082915,0.035918854,0.06867031
9/21/2015 14:00,0.703487064,0.5875,0.035560859,0.066120219
9/21/2015 15:00,0.70359955,0.586243719,0.035680191,0.069034608
9/21/2015 16:00,0.702137233,0.594221106,0.034725537,0.068123862
9/21/2015 17:00,0.702137233,0.590452261,0.035918854,0.066484517
9/21/2015 18:00,0.705061867,0.571670854,0.034367542,0.071584699
9/21/2015 19:00,0.705399325,0.541520101,0.032338902,0.075591985
9/21/2015 20:00,0.705174353,0.483417085,0.032338902,0.076867031
9/21/2015 21:00,0.704949381,0.371922111,0.032577566,0.080874317
9/21/2015 22:00,0.707649044,0.310427136,0.035918854,0.082149362
9/21/2015 23:00,0.70416198,0.290452261,0.035918854,0.088160291
9/22/2015 0:00,0.683914511,0.28209799,0.036038186,0.100364299
9/22/2015 1:00,0.683689539,0.280653266,0.035799523,0.109289617
9/22/2015 2:00,0.686839145,0.297613065,0.036038186,0.122222222
9/22/2015 3:00,0.686839145,0.361055276,0.036873508,0.132604736
9/22/2015 4:00,0.686389201,0.494660804,0.036634845,0.13151184
9/22/2015 5:00,0.686614173,0.561934673,0.037112172,0.135154827
9/22/2015 6:00,0.688863892,0.582223618,0.037350835,0.127686703
9/22/2015 7:00,0.689651294,0.588253769,0.037708831,0.121493625
9/22/2015 8:00,0.689988751,0.590012563,0.038782816,0.123132969
9/22/2015 9:00,0.690101237,0.589007538,0.035441527,0.135883424
9/22/2015 10:00,0.689988751,0.580841709,0.035680191,0.143533698
9/22/2015 11:00,0.68976378,0.579585427,0.035680191,0.134790528
9/22/2015 12:00,0.689988751,0.582537688,0.035918854,0.136065574
9/22/2015 13:00,0.689876265,0.579962312,0.035441527,0.134790528
9/22/2015 14:00,0.690663667,0.565640704,0.035560859,0.150637523
9/22/2015 15:00,0.693700787,0.578517588,0.035441527,0.16010929
9/22/2015 16:00,0.696850394,0.591080402,0.035202864,0.183060109
9/22/2015 17:00,0.699325084,0.593090452,0.036157518,0.205464481
9/22/2015 18:00,0.701124859,0.575125628,0.036396181,0.223861566
9/22/2015 19:00,0.702587177,0.527324121,0.036634845,0.238615665
9/22/2015 20:00,0.704499438,0.440640704,0.036754177,0.23442623
9/22/2015 21:00,0.706299213,0.366959799,0.036873508,0.232058288
9/22/2015 22:00,0.707874016,0.294974874,0.036515513,0.222222222
9/22/2015 23:00,0.709561305,0.278266332,0.036634845,0.207832423
9/23/2015 0:00,0.711248594,0.277952261,0.036754177,0.190710383
9/23/2015 1:00,0.712935883,0.279962312,0.036515513,0.178870674
9/23/2015 2:00,0.713385827,0.296356784,0.036634845,0.180327869
9/23/2015 3:00,0.713498313,0.38611809,0.03627685,0.189799636
9/23/2015 4:00,0.713273341,0.491143216,0.036754177,0.201275046
9/23/2015 5:00,0.712935883,0.558103015,0.035680191,0.210200364
9/23/2015 6:00,0.712935883,0.604585427,0.034606205,0.211657559
9/23/2015 7:00,0.713273341,0.605527638,0.035083532,0.204189435
9/23/2015 8:00,0.712935883,0.600628141,0.034128878,0.196174863
9/23/2015 9:00,0.712710911,0.595854271,0.033651551,0.183060109
9/23/2015 10:00,0.712598425,0.59120603,0.033651551,0.168123862
9/23/2015 11:00,0.712710911,0.584296482,0.033174224,0.161202186
9/23/2015 12:00,0.712373453,0.589886935,0.034367542,0.144990893
9/23/2015 13:00,0.712260967,0.597550251,0.034009547,0.147358834
9/23/2015 14:00,0.712035996,0.592211055,0.034367542,0.136976321
9/23/2015 15:00,0.712148481,0.594346734,0.033174224,0.141530055
9/23/2015 16:00,0.718447694,0.593278894,0.032696897,0.161020036
9/23/2015 17:00,0.72632171,0.58781407,0.031861575,0.199635701
9/23/2015 18:00,0.726434196,0.572298995,0.031861575,0.232604736
9/23/2015 19:00,0.726771654,0.507726131,0.033054893,0.229326047
9/23/2015 20:00,0.731158605,0.440201005,0.032338902,0.223861566
9/23/2015 21:00,0.734758155,0.366645729,0.032816229,0.224772313
9/23/2015 22:00,0.734420697,0.308919598,0.034606205,0.216757741
9/23/2015 23:00,0.734758155,0.29660804,0.034486874,0.208196721
9/24/2015 0:00,0.735770529,0.295163317,0.034486874,0.189435337
9/24/2015 1:00,0.739595051,0.297675879,0.034367542,0.165209472
9/24/2015 2:00,0.744656918,0.300879397,0.034606205,0.152276867
9/24/2015 3:00,0.744094488,0.368153266,0.035680191,0.169216758
9/24/2015 4:00,0.743532058,0.462751256,0.037350835,0.17431694
9/24/2015 5:00,0.743532058,0.575879397,0.038305489,0.164298725
9/24/2015 6:00,0.742857143,0.587123116,0.038305489,0.15428051
9/24/2015 7:00,0.743307087,0.577952261,0.038424821,0.152094718
9/24/2015 8:00,0.744431946,0.568592965,0.036515513,0.168306011
9/24/2015 9:00,0.745331834,0.565389447,0.035799523,0.193806922
9/24/2015 10:00,0.743869516,0.545917085,0.037231504,0.201821494
9/24/2015 11:00,0.741732283,0.530904523,0.036754177,0.228415301
9/24/2015 12:00,0.742294713,0.516080402,0.037112172,0.240983607
9/24/2015 13:00,0.744769404,0.504522613,0.036754177,0.244080146
9/24/2015 14:00,0.750393701,0.501130653,0.035560859,0.23424408
9/24/2015 15:00,0.750618673,0.503643216,0.035560859,0.257559199
9/24/2015 16:00,0.751068616,0.509296482,0.035322196,0.280692168
9/24/2015 17:00,0.754105737,0.503329146,0.035202864,0.328779599
9/24/2015 18:00,0.739932508,0.480213568,0.035799523,0.365938069
9/24/2015 19:00,0.713723285,0.420854271,0.036873508,0.403096539
9/24/2015 20:00,0.714848144,0.357537688,0.037112172,0.418761384
9/24/2015 21:00,0.715185602,0.315515075,0.034844869,0.40273224
9/24/2015 22:00,0.715073116,0.295791457,0.030071599,0.380327869
9/24/2015 23:00,0.715185602,0.291582915,0.028997613,0.352276867
9/25/2015 0:00,0.71552306,0.293153266,0.029594272,0.339526412
9/25/2015 1:00,0.715410574,0.295791457,0.029236277,0.352094718
9/25/2015 2:00,0.715298088,0.304836683,0.029832936,0.353005464
9/25/2015 3:00,0.715298088,0.341520101,0.030548926,0.367213115
9/25/2015 4:00,0.71552306,0.436557789,0.031742243,0.381420765
9/25/2015 5:00,0.715298088,0.54459799,0.034844869,0.418579235
9/25/2015 6:00,0.71552306,0.561871859,0.039498807,0.400182149
9/25/2015 7:00,0.715185602,0.564698492,0.044391408,0.415118397
9/25/2015 8:00,0.715298088,0.564007538,0.037231504,0.440983607
9/25/2015 9:00,0.715298088,0.560929648,0.036873508,0.458469945
9/25/2015 10:00,0.715635546,0.52298995,0.036754177,0.455191257
9/25/2015 11:00,0.715298088,0.481155779,0.036873508,0.45136612
9/25/2015 12:00,0.714510686,0.466959799,0.038066826,0.456284153
9/25/2015 13:00,0.714173228,0.450062814,0.037947494,0.433333333
9/25/2015 14:00,0.713610799,0.453831658,0.037708831,0.378506375
9/25/2015 15:00,0.713498313,0.484170854,0.036873508,0.335883424
9/25/2015 16:00,0.713385827,0.489761307,0.036873508,0.338797814
9/25/2015 17:00,0.713610799,0.471545226,0.036396181,0.383424408
9/25/2015 18:00,0.713610799,0.446168342,0.03627685,0.389617486
9/25/2015 19:00,0.714060742,0.406595477,0.03627685,0.377777778
9/25/2015 20:00,0.714735658,0.379711055,0.036038186,0.360291439
9/25/2015 21:00,0.715073116,0.358856784,0.035202864,0.352641166
9/25/2015 22:00,0.715298088,0.28178392,0.038902148,0.349908925
9/25/2015 23:00,0.715410574,0.265389447,0.038663484,0.336429872
9/26/2015 0:00,0.715410574,0.259484925,0.038663484,0.325865209
9/26/2015 1:00,0.715298088,0.255464824,0.038663484,0.336247723
9/26/2015 2:00,0.71552306,0.259987437,0.038782816,0.34863388
9/26/2015 3:00,0.71552306,0.263253769,0.039379475,0.33442623
9/26/2015 4:00,0.715860517,0.283731156,0.039140811,0.327868852
9/26/2015 5:00,0.716197975,0.321670854,0.03973747,0.324772313
9/26/2015 6:00,0.716535433,0.359359296,0.039618138,0.276867031
9/26/2015 7:00,0.716535433,0.403768844,0.039856802,0.225136612
9/26/2015 8:00,0.716647919,0.404145729,0.039498807,0.214025501
9/26/2015 9:00,0.716985377,0.397110553,0.03973747,0.238069217
9/26/2015 10:00,0.716647919,0.393404523,0.040095465,0.275956284
9/26/2015 11:00,0.716985377,0.379585427,0.040930788,0.292167577
9/26/2015 12:00,0.717210349,0.370540201,0.040572792,0.301821494
9/26/2015 13:00,0.717097863,0.372801508,0.040453461,0.319489982
9/26/2015 14:00,0.717097863,0.377072864,0.040214797,0.313843352
9/26/2015 15:00,0.716872891,0.388819095,0.039856802,0.305464481
9/26/2015 16:00,0.716872891,0.39798995,0.040811456,0.317850638
9/26/2015 17:00,0.716760405,0.410427136,0.040692124,0.357377049
9/26/2015 18:00,0.717210349,0.397675879,0.040334129,0.38579235
9/26/2015 19:00,0.717435321,0.370414573,0.040095465,0.412021858
9/26/2015 20:00,0.717660292,0.323366834,0.039618138,0.407468124
9/26/2015 21:00,0.71799775,0.300251256,0.039379475,0.403096539
9/26/2015 22:00,0.718110236,0.267839196,0.041885442,0.39143898
9/26/2015 23:00,0.71856018,0.260050251,0.042004773,0.38852459
9/27/2015 0:00,0.71856018,0.254585427,0.042004773,0.382149362
9/27/2015 1:00,0.718222722,0.254522613,0.042004773,0.392167577
9/27/2015 2:00,0.718897638,0.25709799,0.042243437,0.397449909
9/27/2015 3:00,0.718672666,0.26991206,0.042601432,0.395628415
9/27/2015 4:00,0.71856018,0.285552764,0.042720764,0.402367942
9/27/2015 5:00,0.718110236,0.306909548,0.043436754,0.403278689
9/27/2015 6:00,0.718672666,0.339635678,0.041646778,0.37431694
9/27/2015 7:00,0.719010124,0.387123116,0.04176611,0.334608379
9/27/2015 8:00,0.718785152,0.420414573,0.041527446,0.304007286
9/27/2015 9:00,0.718447694,0.421419598,0.041408115,0.307103825
9/27/2015 10:00,0.718222722,0.409296482,0.041885442,0.29726776
9/27/2015 11:00,0.716985377,0.389635678,0.042124105,0.291621129
9/27/2015 12:00,0.716310461,0.387437186,0.04176611,0.295446266
9/27/2015 13:00,0.715410574,0.391834171,0.041646778,0.307650273
9/27/2015 14:00,0.714735658,0.386557789,0.041885442,0.313661202
9/27/2015 15:00,0.715185602,0.413693467,0.041527446,0.290346084
9/27/2015 16:00,0.715185602,0.435175879,0.041646778,0.310746812
9/27/2015 17:00,0.715410574,0.469660804,0.041646778,0.358834244
9/27/2015 18:00,0.716310461,0.466394472,0.04176611,0.370491803
9/27/2015 19:00,0.716872891,0.451130653,0.041646778,0.376867031
9/27/2015 20:00,0.717435321,0.378140704,0.041288783,0.361020036
9/27/2015 21:00,0.717660292,0.337688442,0.03973747,0.33132969
9/27/2015 22:00,0.717772778,0.29459799,0.041646778,0.312021858
9/27/2015 23:00,0.717547807,0.291143216,0.041408115,0.291074681
9/28/2015 0:00,0.717435321,0.291582915,0.041527446,0.285428051
9/28/2015 1:00,0.717322835,0.294032663,0.042124105,0.280510018
9/28/2015 2:00,0.717660292,0.299748744,0.042004773,0.281602914
9/28/2015 3:00,0.717322835,0.367462312,0.043436754,0.29435337
9/28/2015 4:00,0.717547807,0.474748744,0.044391408,0.277777778
9/28/2015 5:00,0.717210349,0.569974874,0.044988067,0.23151184
9/28/2015 6:00,0.716872891,0.599623116,0.044988067,0.156284153
9/28/2015 7:00,0.717210349,0.60910804,0.045584726,0.082513661
9/28/2015 8:00,0.717097863,0.609736181,0.046897375,0.048269581
9/28/2015 9:00,0.716872891,0.61111809,0.046181384,0.045173042
9/28/2015 10:00,0.716535433,0.596356784,0.047732697,0.052094718
9/28/2015 11:00,0.71552306,0.577386935,0.04797136,0.055919854
9/28/2015 12:00,0.714848144,0.572361809,0.049642005,0.057923497
9/28/2015 13:00,0.713948256,0.573115578,0.048090692,0.055919854
9/28/2015 14:00,0.713498313,0.580527638,0.048329356,0.050273224
9/28/2015 15:00,0.714285714,0.584359296,0.04797136,0.049544627
9/28/2015 16:00,0.714735658,0.589007538,0.046897375,0.048087432
9/28/2015 17:00,0.714848144,0.6,0.046539379,0.05136612
9/28/2015 18:00,0.71496063,0.585364322,0.046300716,0.065938069
9/28/2015 19:00,0.715860517,0.551633166,0.046300716,0.088888889
9/28/2015 20:00,0.716647919,0.479773869,0.045704057,0.114025501
9/28/2015 21:00,0.716760405,0.406218593,0.044749403,0.123132969
9/28/2015 22:00,0.716872891,0.339698492,0.048090692,0.135701275
9/28/2015 23:00,0.716872891,0.317022613,0.04797136,0.149544627
9/29/2015 0:00,0.716535433,0.313253769,0.04797136,0.178506375
9/29/2015 1:00,0.716647919,0.31589196,0.04797136,0.202367942
9/29/2015 2:00,0.716985377,0.325188442,0.04797136,0.221129326
9/29/2015 3:00,0.716985377,0.394974874,0.048210024,0.237522769
9/29/2015 4:00,0.717097863,0.520163317,0.049880668,0.247358834
9/29/2015 5:00,0.717322835,0.590703518,0.050238663,0.251912568
9/29/2015 6:00,0.70776153,0.609233668,0.049880668,0.254826958
9/29/2015 7:00,0.697525309,0.61388191,0.049880668,0.251183971
9/29/2015 8:00,0.693475816,0.610175879,0.051312649,0.22276867
9/29/2015 9:00,0.705286839,0.596356784,0.049642005,0.229872495
9/29/2015 10:00,0.713160855,0.58008794,0.049522673,0.223861566
9/29/2015 11:00,0.714285714,0.571984925,0.04725537,0.247905282
9/29/2015 12:00,0.715185602,0.559296482,0.047136038,0.260655738
9/29/2015 13:00,0.714848144,0.547236181,0.047016706,0.289981785
9/29/2015 14:00,0.71496063,0.529208543,0.046658711,0.324954463
9/29/2015 15:00,0.71496063,0.52468593,0.047016706,0.350819672
9/29/2015 16:00,0.714060742,0.540829146,0.048090692,0.424590164
9/29/2015 17:00,0.713723285,0.550376884,0.048448687,0.472677596
9/29/2015 18:00,0.715973003,0.526130653,0.048687351,0.487067395
9/29/2015 19:00,0.716872891,0.464824121,0.048448687,0.522040073
9/29/2015 20:00,0.716872891,0.403831658,0.048329356,0.528233151
9/29/2015 21:00,0.716985377,0.355527638,0.048329356,0.54007286
9/29/2015 22:00,0.716985377,0.31928392,0.049761337,0.540437158
9/29/2015 23:00,0.717322835,0.292839196,0.05,0.536612022
9/30/2015 0:00,0.717097863,0.285866834,0.050238663,0.507468124
9/30/2015 1:00,0.716985377,0.288505025,0.05071599,0.465391621
9/30/2015 2:00,0.717097863,0.310175879,0.05071599,0.451730419
9/30/2015 3:00,0.716647919,0.366268844,0.051073986,0.428051002
9/30/2015 4:00,0.716872891,0.455213568,0.051789976,0.406375228
9/30/2015 5:00,0.717097863,0.565452261,0.052267303,0.391985428
9/30/2015 6:00,0.717322835,0.60138191,0.052147971,0.354462659
9/30/2015 7:00,0.717547807,0.603266332,0.051789976,0.297996357
9/30/2015 8:00,0.717547807,0.597361809,0.051670644,0.307103825
9/30/2015 9:00,0.717210349,0.580904523,0.050835322,0.317304189
9/30/2015 10:00,0.717210349,0.572675879,0.051431981,0.308196721
9/30/2015 11:00,0.717210349,0.554711055,0.051431981,0.292714026
9/30/2015 12:00,0.716985377,0.548052764,0.050119332,0.301457195
9/30/2015 13:00,0.716647919,0.553454774,0.049880668,0.291621129
9/30/2015 14:00,0.716760405,0.542462312,0.049880668,0.299635701
9/30/2015 15:00,0.716647919,0.547361809,0.049522673,0.30856102
9/30/2015 16:00,0.716535433,0.561683417,0.050477327,0.344990893
9/30/2015 17:00,0.716872891,0.567525126,0.050357995,0.419854281
9/30/2015 18:00,0.716872891,0.533982412,0.049761337,0.418032787
9/30/2015 19:00,0.716985377,0.47870603,0.049164678,0.417668488
9/30/2015 20:00,0.717210349,0.424748744,0.048687351,0.40564663
9/30/2015 21:00,0.717097863,0.378768844,0.048448687,0.44863388
9/30/2015 22:00,0.717322835,0.319409548,0.042959427,0.472131148
9/30/2015 23:00,0.717435321,0.310866834,0.042959427,0.45992714
10/1/2015 0:00,0.717547807,0.304648241,0.043078759,0.470309654
10/1/2015 1:00,0.717660292,0.303643216,0.043675418,0.48579235
10/1/2015 2:00,0.717660292,0.314070352,0.043794749,0.474863388
10/1/2015 3:00,0.717772778,0.367650754,0.044152745,0.481238616
10/1/2015 4:00,0.717660292,0.443781407,0.045465394,0.49726776
10/1/2015 5:00,0.717885264,0.554459799,0.045584726,0.489617486
10/1/2015 6:00,0.717772778,0.576130653,0.045823389,0.474681239
10/1/2015 7:00,0.717885264,0.581155779,0.045704057,0.465938069
10/1/2015 8:00,0.717322835,0.586746231,0.045942721,0.461566485
10/1/2015 9:00,0.717885264,0.570979899,0.045704057,0.448087432
10/1/2015 10:00,0.717210349,0.556030151,0.046300716,0.422222222
10/1/2015 11:00,0.717097863,0.546733668,0.046300716,0.410382514
10/1/2015 12:00,0.716422947,0.538379397,0.046181384,0.431876138
10/1/2015 13:00,0.716760405,0.546231156,0.04797136,0.419125683
10/1/2015 14:00,0.716872891,0.53951005,0.048329356,0.397996357
10/1/2015 15:00,0.716647919,0.536934673,0.045942721,0.435701275
10/1/2015 16:00,0.716985377,0.554334171,0.046062053,0.498178506
10/1/2015 17:00,0.717097863,0.545477387,0.047016706,0.537704918
10/1/2015 18:00,0.717210349,0.533668342,0.046897375,0.577777778
10/1/2015 19:00,0.717435321,0.49861809,0.046420048,0.585428051
10/1/2015 20:00,0.717547807,0.443027638,0.046181384,0.592349727
10/1/2015 21:00,0.717772778,0.393907035,0.046778043,0.598360656
10/1/2015 22:00,0.717885264,0.345288945,0.043556086,0.589981785
10/1/2015 23:00,0.717772778,0.322927136,0.043436754,0.606557377
10/2/2015 0:00,0.718110236,0.307851759,0.043675418,0.628961749
10/2/2015 1:00,0.71799775,0.308291457,0.044272076,0.653187614
10/2/2015 2:00,0.71799775,0.318341709,0.044272076,0.674681239
10/2/2015 3:00,0.718110236,0.384484925,0.044868735,0.689799636
10/2/2015 4:00,0.718222722,0.515452261,0.046658711,0.701457195
10/2/2015 5:00,0.718335208,0.588190955,0.046778043,0.706739526
10/2/2015 6:00,0.718110236,0.592964824,0.046420048,0.683606557
10/2/2015 7:00,0.718110236,0.592148241,0.046181384,0.679781421
10/2/2015 8:00,0.717772778,0.592713568,0.047136038,0.689981785
10/2/2015 9:00,0.717885264,0.588002513,0.046300716,0.682331512
10/2/2015 10:00,0.717660292,0.565201005,0.044988067,0.684881603
10/2/2015 11:00,0.717322835,0.552324121,0.045704057,0.67704918
10/2/2015 12:00,0.717885264,0.549120603,0.045584726,0.670491803
10/2/2015 13:00,0.717772778,0.539949749,0.046300716,0.701275046
10/2/2015 14:00,0.717547807,0.540452261,0.046300716,0.709289617
10/2/2015 15:00,0.717660292,0.548806533,0.04522673,0.687067395
10/2/2015 16:00,0.717660292,0.55741206,0.046658711,0.685245902
10/2/2015 17:00,0.717547807,0.561997487,0.047494033,0.674681239
10/2/2015 18:00,0.717210349,0.554648241,0.046300716,0.645355191
10/2/2015 19:00,0.717210349,0.527889447,0.046181384,0.599453552
10/2/2015 20:00,0.71799775,0.484045226,0.045704057,0.527322404
10/2/2015 21:00,0.718222722,0.451507538,0.044868735,0.484517304
10/2/2015 22:00,0.717885264,0.412625628,0.047613365,0.451183971
10/2/2015 23:00,0.71799775,0.389447236,0.047494033,0.411839709
10/3/2015 0:00,0.718222722,0.386997487,0.047732697,0.361930783
10/3/2015 1:00,0.71799775,0.395477387,0.048210024,0.33989071
10/3/2015 2:00,0.718222722,0.413630653,0.048210024,0.306375228
10/3/2015 3:00,0.718222722,0.460615578,0.049164678,0.276502732
10/3/2015 4:00,0.718447694,0.502386935,0.049403341,0.259562842
10/3/2015 5:00,0.718335208,0.556281407,0.049164678,0.22276867
10/3/2015 6:00,0.718335208,0.599874372,0.049164678,0.173041894
10/3/2015 7:00,0.718447694,0.632600503,0.04928401,0.116757741
10/3/2015 8:00,0.71856018,0.642336683,0.04928401,0.086338798
10/3/2015 9:00,0.718335208,0.644786432,0.047374702,0.075227687
10/3/2015 10:00,0.717772778,0.647613065,0.046420048,0.085245902
10/3/2015 11:00,0.716647919,0.633479899,0.04522673,0.081967213
10/3/2015 12:00,0.71552306,0.624623116,0.045107399,0.085974499
10/3/2015 13:00,0.715410574,0.639384422,0.045584726,0.091621129
10/3/2015 14:00,0.715860517,0.645979899,0.045584726,0.095446266
10/3/2015 15:00,0.716535433,0.65370603,0.04522673,0.119854281
10/3/2015 16:00,0.716422947,0.659170854,0.046300716,0.184881603
10/3/2015 17:00,0.716310461,0.669095477,0.047852029,0.245537341
10/3/2015 18:00,0.716085489,0.648555276,0.048210024,0.301821494
10/3/2015 19:00,0.716310461,0.620979899,0.048329356,0.3143898
10/3/2015 20:00,0.715973003,0.579334171,0.048210024,0.330418944
10/3/2015 21:00,0.715748031,0.561432161,0.04797136,0.305100182
10/3/2015 22:00,0.716085489,0.516080402,0.05,0.280692168
10/3/2015 23:00,0.715973003,0.493027638,0.049880668,0.252094718
10/4/2015 0:00,0.716422947,0.476130653,0.050119332,0.240437158
10/4/2015 1:00,0.716760405,0.475565327,0.05071599,0.23424408
10/4/2015 2:00,0.717097863,0.477324121,0.05071599,0.234790528
10/4/2015 3:00,0.717435321,0.498366834,0.051073986,0.244080146
10/4/2015 4:00,0.717435321,0.507788945,0.050477327,0.247358834
10/4/2015 5:00,0.717322835,0.53718593,0.050477327,0.254462659
10/4/2015 6:00,0.717435321,0.584798995,0.049642005,0.246630237
10/4/2015 7:00,0.717435321,0.614824121,0.050238663,0.210746812
10/4/2015 8:00,0.717660292,0.632223618,0.050596659,0.19435337
10/4/2015 9:00,0.717435321,0.635113065,0.049522673,0.215664845
10/4/2015 10:00,0.717547807,0.624560302,0.048448687,0.230418944
10/4/2015 11:00,0.717435321,0.620163317,0.048448687,0.220218579
10/4/2015 12:00,0.717660292,0.61991206,0.049045346,0.235701275
10/4/2015 13:00,0.717322835,0.625125628,0.049403341,0.24007286
10/4/2015 14:00,0.717097863,0.624560302,0.049403341,0.226958106
10/4/2015 15:00,0.717210349,0.629962312,0.049045346,0.207285974
10/4/2015 16:00,0.717097863,0.64861809,0.049761337,0.198542805
10/4/2015 17:00,0.717097863,0.649748744,0.05202864,0.217668488
10/4/2015 18:00,0.717435321,0.652261307,0.051670644,0.223861566
10/4/2015 19:00,0.717435321,0.629082915,0.050835322,0.233515483
10/4/2015 20:00,0.71856018,0.613819095,0.050596659,0.231147541
10/4/2015 21:00,0.722947132,0.578454774,0.050477327,0.233333333
10/4/2015 22:00,0.7287964,0.535552764,0.049642005,0.234608379
10/4/2015 23:00,0.732395951,0.503015075,0.049403341,0.224590164
10/5/2015 0:00,0.739820022,0.489384422,0.05,0.208378871
10/5/2015 1:00,0.742069741,0.493718593,0.051193317,0.207832423
10/5/2015 2:00,0.741732283,0.515766332,0.051909308,0.211111111
10/5/2015 3:00,0.741169854,0.568592965,0.053699284,0.207650273
10/5/2015 4:00,0.740494938,0.619723618,0.05548926,0.203460838
10/5/2015 5:00,0.739820022,0.676193467,0.055727924,0.194899818
10/5/2015 6:00,0.739145107,0.696733668,0.055608592,0.151183971
10/5/2015 7:00,0.739595051,0.697738693,0.05823389,0.107468124
10/5/2015 8:00,0.74128234,0.695979899,0.056324582,0.083424408
10/5/2015 9:00,0.741057368,0.694158291,0.055966587,0.078142077
10/5/2015 10:00,0.740832396,0.690075377,0.056205251,0.075956284
10/5/2015 11:00,0.740269966,0.682349246,0.056324582,0.074863388
10/5/2015 12:00,0.740382452,0.678077889,0.056443914,0.080510018
10/5/2015 13:00,0.739482565,0.679208543,0.056205251,0.095628415
10/5/2015 14:00,0.738920135,0.68379397,0.055250597,0.124043716
10/5/2015 15:00,0.738695163,0.682977387,0.055250597,0.142622951
10/5/2015 16:00,0.738357705,0.685678392,0.057279236,0.18870674
10/5/2015 17:00,0.736332958,0.672801508,0.057159905,0.248998179
10/5/2015 18:00,0.728233971,0.656281407,0.05274463,0.295264117
10/5/2015 19:00,0.723509561,0.635113065,0.049761337,0.320765027
10/5/2015 20:00,0.722834646,0.60678392,0.047732697,0.345355191
10/5/2015 21:00,0.717660292,0.560301508,0.047732697,0.358287796
10/5/2015 22:00,0.716760405,0.472550251,0.045584726,0.35701275
10/5/2015 23:00,0.716985377,0.435301508,0.045346062,0.359562842
10/6/2015 0:00,0.716647919,0.42160804,0.046181384,0.38852459
10/6/2015 1:00,0.717435321,0.422361809,0.046062053,0.404735883
10/6/2015 2:00,0.717885264,0.439824121,0.046658711,0.400546448
10/6/2015 3:00,0.718110236,0.499183417,0.048210024,0.393989071
10/6/2015 4:00,0.717772778,0.626884422,0.051909308,0.38287796
10/6/2015 5:00,0.717660292,0.670917085,0.053221957,0.38852459
10/6/2015 6:00,0.71799775,0.672927136,0.054057279,0.396357013
10/6/2015 7:00,0.71799775,0.677952261,0.053579952,0.387978142
10/6/2015 8:00,0.718110236,0.679522613,0.05548926,0.398178506
10/6/2015 9:00,0.717772778,0.662060302,0.055608592,0.426229508
10/6/2015 10:00,0.717660292,0.649057789,0.056324582,0.444262295
10/6/2015 11:00,0.717772778,0.638442211,0.056801909,0.463752277
10/6/2015 12:00,0.717885264,0.637437186,0.057040573,0.476684882
10/6/2015 13:00,0.717660292,0.640515075,0.054415274,0.481056466
10/6/2015 14:00,0.71799775,0.640201005,0.052267303,0.490528233
10/6/2015 15:00,0.717772778,0.644158291,0.051789976,0.493442623
10/6/2015 16:00,0.717772778,0.651507538,0.052505967,0.533151184
10/6/2015 17:00,0.717885264,0.650251256,0.052147971,0.564480874
10/6/2015 18:00,0.717322835,0.643655779,0.051551313,0.583242259
10/6/2015 19:00,0.717435321,0.613505025,0.050596659,0.596903461
10/6/2015 20:00,0.717885264,0.54830402,0.050238663,0.609471767
10/6/2015 21:00,0.718222722,0.49428392,0.048926014,0.616211293
10/6/2015 22:00,0.718335208,0.40339196,0.054534606,0.607832423
10/6/2015 23:00,0.718897638,0.364007538,0.054415274,0.601821494
10/7/2015 0:00,0.71912261,0.351507538,0.054057279,0.604553734
10/7/2015 1:00,0.719460067,0.346042714,0.054653938,0.607468124
10/7/2015 2:00,0.719910011,0.371922111,0.05477327,0.609471767
10/7/2015 3:00,0.719685039,0.419032663,0.055011933,0.60582878
10/7/2015 4:00,0.719460067,0.536243719,0.055369928,0.606010929
10/7/2015 5:00,0.719572553,0.625753769,0.056085919,0.616939891
10/7/2015 6:00,0.719460067,0.630464824,0.05823389,0.607285974
10/7/2015 7:00,0.719572553,0.628203518,0.057995227,0.580692168
10/7/2015 8:00,0.719910011,0.606407035,0.057875895,0.560655738
10/7/2015 9:00,0.719910011,0.609673367,0.057637232,0.562112933
10/7/2015 10:00,0.720359955,0.604145729,0.057875895,0.583970856
10/7/2015 11:00,0.720247469,0.603517588,0.056801909,0.575774135
10/7/2015 12:00,0.720359955,0.610175879,0.05548926,0.5571949
10/7/2015 13:00,0.720134983,0.615452261,0.056443914,0.530783242
10/7/2015 14:00,0.720022497,0.623994975,0.0575179,0.501092896
10/7/2015 15:00,0.720247469,0.638819095,0.057995227,0.486703097
10/7/2015 16:00,0.719797525,0.652638191,0.058591885,0.505100182
10/7/2015 17:00,0.719797525,0.647298995,0.059188544,0.529690346
10/7/2015 18:00,0.720134983,0.633165829,0.059188544,0.534608379
10/7/2015 19:00,0.720359955,0.608542714,0.058472554,0.520400729
10/7/2015 20:00,0.720697413,0.563567839,0.058472554,0.498907104
10/7/2015 21:00,0.721034871,0.501507538,0.058591885,0.492531876
10/7/2015 22:00,0.721034871,0.413316583,0.061933174,0.46848816
10/7/2015 23:00,0.721147357,0.386243719,0.061813842,0.462112933
10/8/2015 0:00,0.721372328,0.384233668,0.062052506,0.441894353
10/8/2015 1:00,0.721484814,0.38548995,0.062529833,0.432786885
10/8/2015 2:00,0.7215973,0.394346734,0.062410501,0.41712204
10/8/2015 3:00,0.721372328,0.43580402,0.063245823,0.40856102
10/8/2015 4:00,0.721372328,0.553203518,0.064081146,0.406921676
10/8/2015 5:00,0.721034871,0.648994975,0.065155131,0.396903461
10/8/2015 6:00,0.721259843,0.665075377,0.06646778,0.389071038
10/8/2015 7:00,0.721934758,0.664886935,0.068257757,0.370309654
10/8/2015 8:00,0.721934758,0.66218593,0.069331742,0.358652095
10/8/2015 9:00,0.721484814,0.661683417,0.070286396,0.365391621
10/8/2015 10:00,0.721259843,0.649371859,0.071360382,0.376684882
10/8/2015 11:00,0.721147357,0.648241206,0.071479714,0.358105647
10/8/2015 12:00,0.721034871,0.650376884,0.070883055,0.328233151
10/8/2015 13:00,0.721147357,0.659233668,0.070644391,0.303825137
10/8/2015 14:00,0.721034871,0.656469849,0.070405728,0.271766849
10/8/2015 15:00,0.726546682,0.70201005,0.076610979,0.245355191
10/8/2015 16:00,0.726546682,0.709547739,0.07673031,0.242258652
10/8/2015 17:00,0.726546682,0.707474874,0.077446301,0.255737705
10/8/2015 18:00,0.726546682,0.699874372,0.07673031,0.253369763
10/8/2015 19:00,0.726546682,0.668907035,0.07601432,0.246994536
10/8/2015 20:00,0.726546682,0.620037688,0.075178998,0.246630237
10/8/2015 21:00,0.726546682,0.574937186,0.074105012,0.249908925
10/8/2015 22:00,0.741169854,0.42468593,0.067541766,0.234061931
10/8/2015 23:00,0.744206974,0.404962312,0.066348449,0.225865209
10/9/2015 0:00,0.746906637,0.393341709,0.066348449,0.212932605
10/9/2015 1:00,0.750393701,0.394221106,0.066587112,0.210382514
10/9/2015 2:00,0.752755906,0.412374372,0.06646778,0.210746812
10/9/2015 3:00,0.761304837,0.459547739,0.067303103,0.213479053
10/9/2015 4:00,0.769066367,0.583668342,0.069451074,0.212386157
10/9/2015 5:00,0.771091114,0.638128141,0.071837709,0.22568306
10/9/2015 6:00,0.773228346,0.652763819,0.072434368,0.21147541
10/9/2015 7:00,0.774353206,0.659422111,0.075178998,0.189435337
10/9/2015 8:00,0.774128234,0.64798995,0.080310263,0.17431694
10/9/2015 9:00,0.774465692,0.647424623,0.08221957,0.167759563
10/9/2015 10:00,0.774128234,0.645979899,0.082100239,0.159744991
10/9/2015 11:00,0.777727784,0.690703518,0.082338902,0.150091075
10/9/2015 12:00,0.777727784,0.683103015,0.081861575,0.139708561
10/9/2015 13:00,0.777727784,0.677763819,0.081622912,0.124954463
10/9/2015 14:00,0.777727784,0.675062814,0.080787589,0.120218579
10/9/2015 15:00,0.777727784,0.674120603,0.080668258,0.126958106
10/9/2015 16:00,0.777727784,0.676005025,0.080668258,0.146265938
10/9/2015 17:00,0.777727784,0.671419598,0.080190931,0.161020036
10/9/2015 18:00,0.777727784,0.668592965,0.079355609,0.169581056
10/9/2015 19:00,0.777727784,0.635929648,0.076968974,0.158287796
10/9/2015 20:00,0.777727784,0.589949749,0.076252983,0.150273224
10/9/2015 21:00,0.777727784,0.534736181,0.075178998,0.145901639
10/9/2015 22:00,0.774690664,0.491457286,0.071718377,0.134608379
10/9/2015 23:00,0.775028121,0.463944724,0.071837709,0.124590164
10/10/2015 0:00,0.774915636,0.458668342,0.071360382,0.110382514
10/10/2015 1:00,0.775028121,0.457160804,0.071360382,0.099453552
10/10/2015 2:00,0.775140607,0.458856784,0.070167064,0.088160291
10/10/2015 3:00,0.775028121,0.482349246,0.07124105,0.080145719
10/10/2015 4:00,0.774915636,0.537562814,0.072195704,0.075227687
10/10/2015 5:00,0.774915636,0.590326633,0.072315036,0.067213115
10/10/2015 6:00,0.774915636,0.644221106,0.073389021,0.056830601
10/10/2015 7:00,0.77480315,0.665201005,0.073627685,0.040437158
10/10/2015 8:00,0.774353206,0.668907035,0.073389021,0.027868852
10/10/2015 9:00,0.774690664,0.677261307,0.073031026,0.022586521
10/10/2015 10:00,0.774015748,0.674183417,0.072673031,0.018214936
10/10/2015 11:00,0.774690664,0.661494975,0.072315036,0.016029144
10/10/2015 12:00,0.775140607,0.650376884,0.072434368,0.015300546
10/10/2015 13:00,0.775028121,0.642525126,0.072315036,0.0143898
10/10/2015 14:00,0.773565804,0.652198492,0.072434368,0.015300546
10/10/2015 15:00,0.772553431,0.663379397,0.072792363,0.02295082
10/10/2015 16:00,0.772103487,0.666582915,0.072673031,0.036794171
10/10/2015 17:00,0.772103487,0.667525126,0.072076372,0.047176685
10/10/2015 18:00,0.772328459,0.661871859,0.072315036,0.056466302
10/10/2015 19:00,0.772665917,0.615138191,0.071002387,0.069398907
10/10/2015 20:00,0.773115861,0.564886935,0.070644391,0.06848816
10/10/2015 21:00,0.773228346,0.510238693,0.069451074,0.067213115
10/10/2015 22:00,0.77367829,0.440075377,0.068973747,0.074863388
10/10/2015 23:00,0.77367829,0.39968593,0.068854415,0.081420765
10/11/2015 0:00,0.774015748,0.389886935,0.06849642,0.096357013
10/11/2015 1:00,0.774353206,0.392336683,0.06849642,0.107650273
10/11/2015 2:00,0.774353206,0.401256281,0.066706444,0.115118397
10/11/2015 3:00,0.774578178,0.391143216,0.066229117,0.121675774
10/11/2015 4:00,0.775028121,0.409170854,0.065990453,0.124954463
10/11/2015 5:00,0.774915636,0.45678392,0.065513126,0.126593807
10/11/2015 6:00,0.774690664,0.553517588,0.065632458,0.132058288
10/11/2015 7:00,0.774578178,0.591017588,0.065871122,0.114025501
10/11/2015 8:00,0.774578178,0.599371859,0.065513126,0.093078324
10/11/2015 9:00,0.77480315,0.604459799,0.064916468,0.089799636
10/11/2015 10:00,0.77480315,0.565577889,0.064558473,0.079234973
10/11/2015 11:00,0.77480315,0.546482412,0.064319809,0.067941712
10/11/2015 12:00,0.774353206,0.543844221,0.0650358,0.063205829
10/11/2015 13:00,0.77424072,0.545979899,0.065393795,0.064480874
10/11/2015 14:00,0.77424072,0.55879397,0.066945107,0.068306011
10/11/2015 15:00,0.773903262,0.636809045,0.067422434,0.069034608
10/11/2015 16:00,0.77424072,0.666645729,0.066945107,0.075409836
10/11/2015 17:00,0.774465692,0.688253769,0.065871122,0.088888889
10/11/2015 18:00,0.774915636,0.675,0.066109785,0.105100182
10/11/2015 19:00,0.774915636,0.658542714,0.065632458,0.103642987
10/11/2015 20:00,0.774915636,0.622864322,0.064797136,0.101639344
10/11/2015 21:00,0.775365579,0.568153266,0.06372315,0.114571949
10/11/2015 22:00,0.775140607,0.470477387,0.066825776,0.117486339
10/11/2015 23:00,0.775028121,0.4375,0.066825776,0.126229508
10/12/2015 0:00,0.775365579,0.436494975,0.066587112,0.128961749
10/12/2015 1:00,0.775365579,0.436620603,0.067541766,0.125136612
10/12/2015 2:00,0.775478065,0.438819095,0.068615752,0.123679417
10/12/2015 3:00,0.775253093,0.545665829,0.069928401,0.124225865
10/12/2015 4:00,0.775028121,0.621419598,0.072553699,0.128961749
10/12/2015 5:00,0.775365579,0.693090452,0.071002387,0.128233151
10/12/2015 6:00,0.774915636,0.694660804,0.071002387,0.132969035
10/12/2015 7:00,0.775253093,0.692085427,0.070763723,0.127140255
10/12/2015 8:00,0.775590551,0.697675879,0.070047733,0.109289617
10/12/2015 9:00,0.774690664,0.697047739,0.069331742,0.109107468
10/12/2015 10:00,0.775478065,0.690452261,0.068854415,0.110200364
10/12/2015 11:00,0.775253093,0.689258794,0.068615752,0.104007286
10/12/2015 12:00,0.775365579,0.681218593,0.067303103,0.109653916
10/12/2015 13:00,0.775365579,0.682223618,0.066945107,0.10582878
10/12/2015 14:00,0.775253093,0.67701005,0.067303103,0.113661202
10/12/2015 15:00,0.775140607,0.685992462,0.067661098,0.125500911
10/12/2015 16:00,0.774915636,0.691582915,0.070763723,0.157923497
10/12/2015 17:00,0.77480315,0.693341709,0.070047733,0.181967213
10/12/2015 18:00,0.774915636,0.673806533,0.068138425,0.186156648
10/12/2015 19:00,0.775590551,0.654836683,0.067899761,0.173224044
10/12/2015 20:00,0.775928009,0.61451005,0.066825776,0.154462659
10/12/2015 21:00,0.775928009,0.554585427,0.065632458,0.144808743
10/12/2015 22:00,0.775928009,0.454334171,0.065632458,0.132604736
10/12/2015 23:00,0.776152981,0.431909548,0.0650358,0.128415301
10/13/2015 0:00,0.776040495,0.429208543,0.065393795,0.128961749
10/13/2015 1:00,0.776377953,0.430213568,0.066229117,0.132422587
10/13/2015 2:00,0.776152981,0.440954774,0.066706444,0.147358834
10/13/2015 3:00,0.776040495,0.540012563,0.069093079,0.175409836
10/13/2015 4:00,0.775928009,0.616896985,0.071360382,0.196357013
10/13/2015 5:00,0.776152981,0.656344221,0.076133652,0.223497268
10/13/2015 6:00,0.775590551,0.654082915,0.078639618,0.230783242
10/13/2015 7:00,0.776040495,0.651821608,0.07875895,0.236976321
10/13/2015 8:00,0.775365579,0.652135678,0.078042959,0.22003643
10/13/2015 9:00,0.776265467,0.648869347,0.077088305,0.220947177
10/13/2015 10:00,0.776265467,0.643844221,0.076372315,0.224590164
10/13/2015 11:00,0.776377953,0.633668342,0.075656325,0.220582878
10/13/2015 12:00,0.776602925,0.629773869,0.074821002,0.21420765
10/13/2015 13:00,0.776490439,0.623555276,0.074940334,0.230236794
10/13/2015 14:00,0.776715411,0.619974874,0.075417661,0.267941712
10/13/2015 15:00,0.776490439,0.631721106,0.072792363,0.280874317
10/13/2015 16:00,0.776377953,0.631909548,0.072911695,0.315118397
10/13/2015 17:00,0.776602925,0.632977387,0.073389021,0.352094718
10/13/2015 18:00,0.776827897,0.616771357,0.06778043,0.346448087
10/13/2015 19:00,0.777165354,0.60201005,0.066229117,0.333151184
10/13/2015 20:00,0.777052868,0.567776382,0.065990453,0.303278689
10/13/2015 21:00,0.777052868,0.518969849,0.064797136,0.286520947
10/13/2015 22:00,0.777615298,0.433354271,0.063961814,0.28287796
10/13/2015 23:00,0.77727784,0.41821608,0.063842482,0.275591985
10/14/2015 0:00,0.777390326,0.415703518,0.063603819,0.25428051
10/14/2015 1:00,0.777502812,0.413944724,0.063365155,0.253005464
10/14/2015 2:00,0.777615298,0.429020101,0.063842482,0.250273224
10/14/2015 3:00,0.777390326,0.519660804,0.0650358,0.250637523
10/14/2015 4:00,0.777390326,0.614070352,0.068138425,0.249180328
10/14/2015 5:00,0.777052868,0.653643216,0.068615752,0.250273224
10/14/2015 6:00,0.777165354,0.651256281,0.068973747,0.237887067
10/14/2015 7:00,0.777165354,0.666834171,0.069331742,0.212568306
10/14/2015 8:00,0.77727784,0.672738693,0.069451074,0.176502732
10/14/2015 9:00,0.776827897,0.652701005,0.070644391,0.163570128
10/14/2015 10:00,0.776940382,0.643907035,0.072315036,0.144808743
10/14/2015 11:00,0.776827897,0.631344221,0.069212411,0.140801457
10/14/2015 12:00,0.776827897,0.618278894,0.069689737,0.144444444
10/14/2015 13:00,0.776602925,0.619032663,0.070763723,0.157923497
10/14/2015 14:00,0.776827897,0.6125,0.071002387,0.160291439
10/14/2015 15:00,0.776827897,0.624120603,0.071718377,0.174863388
10/14/2015 16:00,0.776490439,0.65169598,0.071957041,0.218761384
10/14/2015 17:00,0.776490439,0.647675879,0.069451074,0.243715847
10/14/2015 18:00,0.776827897,0.631846734,0.069928401,0.264298725
10/14/2015 19:00,0.776940382,0.609359296,0.069331742,0.276502732
10/14/2015 20:00,0.77727784,0.576193467,0.069570406,0.294717668
10/14/2015 21:00,0.777165354,0.524623116,0.070047733,0.31147541
10/14/2015 22:00,0.777052868,0.460741206,0.072195704,0.332969035
10/14/2015 23:00,0.777052868,0.430778894,0.073389021,0.372313297
10/15/2015 0:00,0.77727784,0.424748744,0.074701671,0.415664845
10/15/2015 1:00,0.777165354,0.424120603,0.075417661,0.422404372
10/15/2015 2:00,0.776940382,0.447236181,0.075775656,0.4428051
10/15/2015 3:00,0.777390326,0.536055276,0.076849642,0.459016393
10/15/2015 4:00,0.777052868,0.618153266,0.078281623,0.46010929
10/15/2015 5:00,0.777165354,0.65910804,0.082816229,0.454644809
10/15/2015 6:00,0.777165354,0.687060302,0.082816229,0.45428051
10/15/2015 7:00,0.777727784,0.673869347,0.085083532,0.41420765
10/15/2015 8:00,0.77784027,0.67129397,0.083293556,0.356830601
10/15/2015 9:00,0.779527559,0.699623116,0.088066826,0.338069217
10/15/2015 10:00,0.777390326,0.662625628,0.082577566,0.336247723
10/15/2015 11:00,0.777615298,0.656407035,0.079952267,0.327322404
10/15/2015 12:00,0.777502812,0.649811558,0.075894988,0.333151184
10/15/2015 13:00,0.777390326,0.644472362,0.075059666,0.339526412
10/15/2015 14:00,0.776940382,0.640954774,0.075536993,0.357923497
10/15/2015 15:00,0.775703037,0.649811558,0.075417661,0.405464481
10/15/2015 16:00,0.775028121,0.654271357,0.075178998,0.487978142
10/15/2015 17:00,0.775478065,0.650879397,0.075775656,0.514936248
10/15/2015 18:00,0.775590551,0.63951005,0.074224344,0.52568306
10/15/2015 19:00,0.775590551,0.615829146,0.073389021,0.516393443
10/15/2015 20:00,0.776715411,0.573052764,0.073747017,0.512750455
10/15/2015 21:00,0.77784027,0.546168342,0.073508353,0.487795993
10/15/2015 22:00,0.778177728,0.388630653,0.065990453,0.473588342
10/15/2015 23:00,0.77784027,0.358668342,0.065155131,0.43989071
10/16/2015 0:00,0.777727784,0.354773869,0.065513126,0.409653916
10/16/2015 1:00,0.777727784,0.354334171,0.066109785,0.412204007
10/16/2015 2:00,0.777615298,0.368844221,0.065632458,0.407832423
10/16/2015 3:00,0.77784027,0.439635678,0.066587112,0.429508197
10/16/2015 4:00,0.777390326,0.54798995,0.068735084,0.427322404
10/16/2015 5:00,0.77727784,0.621984925,0.070644391,0.418761384
10/16/2015 6:00,0.777502812,0.664572864,0.071002387,0.418397086
10/16/2015 7:00,0.777952756,0.669221106,0.071718377,0.393989071
10/16/2015 8:00,0.777502812,0.669472362,0.070763723,0.357741348
10/16/2015 9:00,0.778065242,0.666394472,0.070763723,0.327322404
10/16/2015 10:00,0.777502812,0.662939698,0.069689737,0.333879781
10/16/2015 11:00,0.777390326,0.651758794,0.069570406,0.333515483
10/16/2015 12:00,0.776940382,0.63580402,0.069570406,0.321493625
10/16/2015 13:00,0.773003375,0.622110553,0.069093079,0.313114754
10/16/2015 14:00,0.774578178,0.62638191,0.068973747,0.317304189
10/16/2015 15:00,0.774128234,0.629208543,0.069331742,0.330418944
10/16/2015 16:00,0.774578178,0.634987437,0.069809069,0.350455373
10/16/2015 17:00,0.776377953,0.634861809,0.070167064,0.353005464
10/16/2015 18:00,0.77727784,0.61991206,0.069570406,0.369581056
10/16/2015 19:00,0.777615298,0.561809045,0.068377088,0.347905282
10/16/2015 20:00,0.778065242,0.512939698,0.069212411,0.35136612
10/16/2015 21:00,0.778290214,0.47361809,0.069570406,0.362659381
10/16/2015 22:00,0.778740157,0.401319095,0.071360382,0.356648452
10/16/2015 23:00,0.779077615,0.374246231,0.070286396,0.344080146
10/17/2015 0:00,0.778627672,0.365012563,0.069689737,0.33132969
10/17/2015 1:00,0.778740157,0.36451005,0.070883055,0.318943534
10/17/2015 2:00,0.778740157,0.36959799,0.071002387,0.303278689
10/17/2015 3:00,0.778852643,0.392211055,0.070883055,0.31712204
10/17/2015 4:00,0.778515186,0.429836683,0.071479714,0.319307832
10/17/2015 5:00,0.778290214,0.475376884,0.072076372,0.318214936
10/17/2015 6:00,0.778515186,0.530778894,0.072315036,0.321129326
10/17/2015 7:00,0.778290214,0.581595477,0.069570406,0.292531876
10/17/2015 8:00,0.778290214,0.601130653,0.069212411,0.274863388
10/17/2015 9:00,0.778515186,0.6,0.069212411,0.263023679
10/17/2015 10:00,0.778627672,0.577952261,0.068854415,0.247358834
10/17/2015 11:00,0.778515186,0.568844221,0.071479714,0.243533698
10/17/2015 12:00,0.7784027,0.566645729,0.072315036,0.237887067
10/17/2015 13:00,0.778290214,0.565640704,0.071121718,0.233151184
10/17/2015 14:00,0.777952756,0.558668342,0.070883055,0.224590164
10/17/2015 15:00,0.777502812,0.585678392,0.070763723,0.236612022
10/17/2015 16:00,0.777502812,0.603831658,0.071121718,0.279599271
10/17/2015 17:00,0.777502812,0.61080402,0.071479714,0.295446266
10/17/2015 18:00,0.777502812,0.584736181,0.071599045,0.294899818
10/17/2015 19:00,0.777502812,0.544535176,0.073031026,0.285245902
10/17/2015 20:00,0.77784027,0.499811558,0.075059666,0.301457195
10/17/2015 21:00,0.778065242,0.451444724,0.074343675,0.285974499
10/17/2015 22:00,0.778177728,0.387123116,0.073389021,0.291256831
10/17/2015 23:00,0.7784027,0.369849246,0.073747017,0.31147541
10/18/2015 0:00,0.778515186,0.355339196,0.072911695,0.308014572
10/18/2015 1:00,0.778627672,0.349623116,0.073150358,0.312932605
10/18/2015 2:00,0.778627672,0.349371859,0.073389021,0.309836066
10/18/2015 3:00,0.778515186,0.357537688,0.073866348,0.29143898
10/18/2015 4:00,0.778627672,0.382537688,0.073866348,0.302550091
10/18/2015 5:00,0.778515186,0.415954774,0.073389021,0.320218579
10/18/2015 6:00,0.7784027,0.481407035,0.074224344,0.304735883
10/18/2015 7:00,0.7784027,0.52839196,0.073866348,0.276684882
10/18/2015 8:00,0.778515186,0.565577889,0.074463007,0.19708561
10/18/2015 9:00,0.7784027,0.568718593,0.075178998,0.127868852
10/18/2015 10:00,0.7784027,0.557223618,0.074940334,0.082149362
10/18/2015 11:00,0.778627672,0.570854271,0.074224344,0.061384335
10/18/2015 12:00,0.778852643,0.561432161,0.073389021,0.059016393
10/18/2015 13:00,0.778627672,0.572675879,0.073150358,0.055555556
10/18/2015 14:00,0.777165354,0.598178392,0.073508353,0.063387978
10/18/2015 15:00,0.773565804,0.616331658,0.073627685,0.085245902
10/18/2015 16:00,0.773340832,0.635992462,0.074463007,0.112568306
10/18/2015 17:00,0.776827897,0.631721106,0.074940334,0.140255009
10/18/2015 18:00,0.778290214,0.609673367,0.075417661,0.150637523
10/18/2015 19:00,0.778290214,0.597173367,0.07601432,0.14845173
10/18/2015 20:00,0.777727784,0.545979899,0.077684964,0.135701275
10/18/2015 21:00,0.777727784,0.490703518,0.078400955,0.118397086
10/18/2015 22:00,0.778065242,0.436306533,0.079594272,0.100728597
10/18/2015 23:00,0.778065242,0.398178392,0.079355609,0.083970856
10/19/2015 0:00,0.778065242,0.380276382,0.076849642,0.072313297
10/19/2015 1:00,0.778065242,0.375753769,0.075178998,0.064116576
10/19/2015 2:00,0.7784027,0.394158291,0.073866348,0.055555556
10/19/2015 3:00,0.778177728,0.467211055,0.075536993,0.051730419
10/19/2015 4:00,0.7784027,0.574560302,0.078520286,0.046448087
10/19/2015 5:00,0.778177728,0.664321608,0.084128878,0.044444444
10/19/2015 6:00,0.77784027,0.685427136,0.087231504,0.042440801
10/19/2015 7:00,0.777952756,0.690075377,0.088782816,0.036429872
10/19/2015 8:00,0.776265467,0.687311558,0.085560859,0.033515483
10/19/2015 9:00,0.776715411,0.684736181,0.087708831,0.026593807
10/19/2015 10:00,0.776040495,0.667462312,0.086157518,0.020947177
10/19/2015 11:00,0.776377953,0.637562814,0.084009547,0.020218579
10/19/2015 12:00,0.776265467,0.642211055,0.083174224,0.021493625
10/19/2015 13:00,0.776040495,0.643530151,0.083174224,0.020582878
10/19/2015 14:00,0.777502812,0.651507538,0.090214797,0.023497268
10/19/2015 15:00,0.777390326,0.654396985,0.091646778,0.033151184
10/19/2015 16:00,0.777390326,0.678831658,0.084486874,0.05701275
10/19/2015 17:00,0.777502812,0.678015075,0.083890215,0.073406193
10/19/2015 18:00,0.77727784,0.632914573,0.083293556,0.07431694
10/19/2015 19:00,0.777390326,0.589447236,0.080548926,0.070309654
10/19/2015 20:00,0.77727784,0.549246231,0.076968974,0.059198543
10/19/2015 21:00,0.777615298,0.498241206,0.077088305,0.054098361
10/19/2015 22:00,0.777727784,0.425942211,0.074105012,0.0571949
10/19/2015 23:00,0.77784027,0.394221106,0.072553699,0.064116576
10/20/2015 0:00,0.778065242,0.39290201,0.072076372,0.064845173
10/20/2015 1:00,0.7784027,0.391582915,0.071957041,0.064480874
10/20/2015 2:00,0.778065242,0.400188442,0.072434368,0.068123862
10/20/2015 3:00,0.777952756,0.486746231,0.072911695,0.062295082
10/20/2015 4:00,0.778290214,0.621670854,0.076372315,0.058287796
10/20/2015 5:00,0.778177728,0.657223618,0.081980907,0.052641166
10/20/2015 6:00,0.777615298,0.663630653,0.084009547,0.053734062
10/20/2015 7:00,0.777502812,0.659673367,0.087350835,0.051730419
10/20/2015 8:00,0.777727784,0.664258794,0.088066826,0.052823315
10/20/2015 9:00,0.77784027,0.664698492,0.087350835,0.058469945
10/20/2015 10:00,0.777952756,0.659233668,0.086873508,0.067213115
10/20/2015 11:00,0.777052868,0.652386935,0.08424821,0.072495446
10/20/2015 12:00,0.776602925,0.659798995,0.099403341,0.080692168
10/20/2015 13:00,0.776940382,0.657663317,0.085799523,0.096357013
10/20/2015 14:00,0.777052868,0.647173367,0.082338902,0.114025501
10/20/2015 15:00,0.77727784,0.648241206,0.083412888,0.131693989
10/20/2015 16:00,0.777390326,0.67531407,0.084009547,0.143897996
10/20/2015 17:00,0.776940382,0.667839196,0.082100239,0.15136612
10/20/2015 18:00,0.777052868,0.62129397,0.080190931,0.153916211
10/20/2015 19:00,0.777502812,0.586180905,0.078281623,0.150091075
10/20/2015 20:00,0.77784027,0.543592965,0.078281623,0.14863388
10/20/2015 21:00,0.777502812,0.494158291,0.078042959,0.162112933
10/20/2015 22:00,0.777052868,0.415075377,0.079594272,0.162295082
10/20/2015 23:00,0.77727784,0.377638191,0.079236277,0.149908925
10/21/2015 0:00,0.777727784,0.37298995,0.079713604,0.141712204
10/21/2015 1:00,0.77784027,0.373366834,0.080071599,0.129326047
10/21/2015 2:00,0.777952756,0.396922111,0.080787589,0.117486339
10/21/2015 3:00,0.778177728,0.464384422,0.081026253,0.121493625
10/21/2015 4:00,0.77784027,0.591080402,0.084128878,0.136976321
10/21/2015 5:00,0.778065242,0.651758794,0.087708831,0.151912568
10/21/2015 6:00,0.778065242,0.658919598,0.089976134,0.172131148
10/21/2015 7:00,0.77784027,0.65540201,0.091527446,0.204553734
10/21/2015 8:00,0.777502812,0.640452261,0.091527446,0.233515483
10/21/2015 9:00,0.777390326,0.639133166,0.089976134,0.264298725
10/21/2015 10:00,0.776827897,0.620351759,0.088782816,0.307650273
10/21/2015 11:00,0.777502812,0.609861809,0.089379475,0.357923497
10/21/2015 12:00,0.77784027,0.588002513,0.099403341,0.413114754
10/21/2015 13:00,0.77784027,0.572801508,0.095942721,0.458469945
10/21/2015 14:00,0.778065242,0.577763819,0.08699284,0.507103825
10/21/2015 15:00,0.77784027,0.58951005,0.086396181,0.555191257
10/21/2015 16:00,0.777727784,0.587562814,0.085322196,0.600182149
10/21/2015 17:00,0.777952756,0.551130653,0.082696897,0.637887067
10/21/2015 18:00,0.77784027,0.521796482,0.081026253,0.644808743
10/21/2015 19:00,0.778177728,0.482851759,0.079713604,0.65154827
10/21/2015 20:00,0.777165354,0.443530151,0.080310263,0.644262295
10/21/2015 21:00,0.776602925,0.392273869,0.078520286,0.62003643
10/21/2015 22:00,0.776602925,0.342713568,0.077326969,0.607468124
10/21/2015 23:00,0.776490439,0.316457286,0.077684964,0.595446266
10/22/2015 0:00,0.776602925,0.312939698,0.077923628,0.579781421
10/22/2015 1:00,0.776715411,0.311871859,0.078400955,0.588160291
10/22/2015 2:00,0.776602925,0.320100503,0.078997613,0.579417122
10/22/2015 3:00,0.776490439,0.382349246,0.079952267,0.563752277
10/22/2015 4:00,0.776265467,0.524434673,0.08150358,0.569581056
10/22/2015 5:00,0.776152981,0.602449749,0.081264916,0.567213115
10/22/2015 6:00,0.770191226,0.595665829,0.080906921,0.553187614
10/22/2015 7:00,0.772665917,0.58008794,0.082935561,0.553187614
10/22/2015 8:00,0.773790776,0.564886935,0.084009547,0.538251366
10/22/2015 9:00,0.774690664,0.561871859,0.08221957,0.546994536
10/22/2015 10:00,0.774578178,0.558479899,0.078639618,0.582513661
10/22/2015 11:00,0.774690664,0.537562814,0.079832936,0.598360656
10/22/2015 12:00,0.775253093,0.526507538,0.079713604,0.60273224
10/22/2015 13:00,0.775253093,0.524874372,0.080071599,0.610382514
10/22/2015 14:00,0.775028121,0.52870603,0.077804296,0.62568306
10/22/2015 15:00,0.774353206,0.545163317,0.078997613,0.624408015
10/22/2015 16:00,0.774465692,0.55741206,0.07601432,0.584517304
10/22/2015 17:00,0.774915636,0.556595477,0.07601432,0.559562842
10/22/2015 18:00,0.775478065,0.51928392,0.074940334,0.551730419
10/22/2015 19:00,0.774690664,0.45910804,0.074582339,0.549362477
10/22/2015 20:00,0.77480315,0.413128141,0.072792363,0.538433515
10/22/2015 21:00,0.77480315,0.366017588,0.071121718,0.544080146
10/22/2015 22:00,0.773453318,0.254711055,0.072076372,0.550091075
10/22/2015 23:00,0.772665917,0.223932161,0.072076372,0.564116576
10/23/2015 0:00,0.772665917,0.218592965,0.071002387,0.599271403
10/23/2015 1:00,0.772890889,0.218969849,0.070286396,0.631147541
10/23/2015 2:00,0.771428571,0.24089196,0.070644391,0.658105647
10/23/2015 3:00,0.771428571,0.297550251,0.072315036,0.657923497
10/23/2015 4:00,0.770978628,0.447236181,0.073389021,0.68579235
10/23/2015 5:00,0.759617548,0.56080402,0.073389021,0.689071038
10/23/2015 6:00,0.732058493,0.609422111,0.072673031,0.683424408
10/23/2015 7:00,0.731946007,0.614949749,0.072195704,0.674499089
10/23/2015 8:00,0.731721035,0.61589196,0.075178998,0.669398907
10/23/2015 9:00,0.732058493,0.578831658,0.076491647,0.690346084
10/23/2015 10:00,0.731833521,0.577889447,0.077088305,0.671948998
10/23/2015 11:00,0.728571429,0.566080402,0.077207637,0.674863388
10/23/2015 12:00,0.729583802,0.573994975,0.078042959,0.637704918
10/23/2015 13:00,0.729246344,0.570037688,0.076849642,0.564480874
10/23/2015 14:00,0.728908886,0.600188442,0.076372315,0.46848816
10/23/2015 15:00,0.728571429,0.641959799,0.077088305,0.420765027
10/23/2015 16:00,0.73295838,0.66790201,0.079236277,0.404007286
10/23/2015 17:00,0.761754781,0.660364322,0.079594272,0.354644809
10/23/2015 18:00,0.764791901,0.623555276,0.080548926,0.315846995
10/23/2015 19:00,0.764904387,0.609045226,0.079832936,0.287067395
10/23/2015 20:00,0.768841395,0.540138191,0.077207637,0.266666667
10/23/2015 21:00,0.771428571,0.478831658,0.075894988,0.265027322
10/23/2015 22:00,0.771991001,0.383228643,0.074224344,0.252641166
10/23/2015 23:00,0.771878515,0.359045226,0.073150358,0.270309654
10/24/2015 0:00,0.777165354,0.353015075,0.07326969,0.29726776
10/24/2015 1:00,0.777502812,0.352386935,0.073150358,0.33424408
10/24/2015 2:00,0.777390326,0.351507538,0.072553699,0.344626594
10/24/2015 3:00,0.77727784,0.364698492,0.072792363,0.371584699
10/24/2015 4:00,0.777502812,0.408165829,0.072673031,0.408196721
10/24/2015 5:00,0.77784027,0.46620603,0.074940334,0.433151184
10/24/2015 6:00,0.777615298,0.515640704,0.076133652,0.446083789
10/24/2015 7:00,0.776490439,0.572801508,0.072315036,0.430965392
10/24/2015 8:00,0.775703037,0.584484925,0.072434368,0.419854281
10/24/2015 9:00,0.775815523,0.585301508,0.07326969,0.385974499
10/24/2015 10:00,0.776152981,0.566959799,0.072673031,0.370127505
10/24/2015 11:00,0.776152981,0.54428392,0.074821002,0.364298725
10/24/2015 12:00,0.776152981,0.538379397,0.074582339,0.373770492
10/24/2015 13:00,0.776040495,0.538002513,0.074582339,0.399453552
10/24/2015 14:00,0.775590551,0.546984925,0.074343675,0.412204007
10/24/2015 15:00,0.775703037,0.578329146,0.074463007,0.455009107
10/24/2015 16:00,0.775815523,0.602135678,0.074463007,0.510564663
10/24/2015 17:00,0.776152981,0.583856784,0.074582339,0.559380692
10/24/2015 18:00,0.776377953,0.525879397,0.074343675,0.57431694
10/24/2015 19:00,0.776490439,0.476319095,0.074105012,0.584335155
10/24/2015 20:00,0.776715411,0.418404523,0.07326969,0.591803279
10/24/2015 21:00,0.776715411,0.37870603,0.073031026,0.597996357
10/24/2015 22:00,0.776715411,0.301633166,0.070763723,0.604007286
10/24/2015 23:00,0.776602925,0.273932161,0.071599045,0.599635701
10/25/2015 0:00,0.776715411,0.265703518,0.072315036,0.6
10/25/2015 1:00,0.776827897,0.262876884,0.072315036,0.599089253
10/25/2015 2:00,0.776940382,0.262374372,0.073150358,0.589799636
10/25/2015 3:00,0.776715411,0.266582915,0.073627685,0.575227687
10/25/2015 4:00,0.776152981,0.288002513,0.074940334,0.55428051
10/25/2015 5:00,0.776377953,0.328015075,0.074940334,0.539162113
10/25/2015 6:00,0.775815523,0.354522613,0.073389021,0.518943534
10/25/2015 7:00,0.775478065,0.396984925,0.072911695,0.506193078
10/25/2015 8:00,0.775478065,0.433291457,0.072911695,0.505100182
10/25/2015 9:00,0.775703037,0.449246231,0.072911695,0.518943534
10/25/2015 10:00,0.775703037,0.464133166,0.073031026,0.544444444
10/25/2015 11:00,0.775815523,0.468027638,0.073627685,0.544626594
10/25/2015 12:00,0.776377953,0.458919598,0.07326969,0.547723133
10/25/2015 13:00,0.776715411,0.465389447,0.073150358,0.561748634
10/25/2015 14:00,0.776490439,0.483291457,0.072553699,0.569216758
10/25/2015 15:00,0.776602925,0.536306533,0.072911695,0.607832423
10/25/2015 16:00,0.776715411,0.572738693,0.072911695,0.634061931
10/25/2015 17:00,0.776827897,0.587248744,0.073508353,0.664116576
10/25/2015 18:00,0.776827897,0.588505025,0.075298329,0.678506375
10/25/2015 19:00,0.777052868,0.561871859,0.070286396,0.667395264
10/25/2015 20:00,0.777390326,0.545917085,0.070405728,0.650455373
10/25/2015 21:00,0.77727784,0.508668342,0.071957041,0.610928962
10/25/2015 22:00,0.777390326,0.448429648,0.07326969,0.583060109
10/25/2015 23:00,0.777502812,0.368467337,0.072315036,0.54845173
10/26/2015 0:00,0.777390326,0.365201005,0.068257757,0.510200364
10/26/2015 1:00,0.77784027,0.364007538,0.072076372,0.493078324
10/26/2015 2:00,0.777952756,0.374623116,0.071599045,0.482513661
10/26/2015 3:00,0.777952756,0.405778894,0.071957041,0.44571949
10/26/2015 4:00,0.777615298,0.469409548,0.073389021,0.408743169
10/26/2015 5:00,0.77784027,0.596356784,0.081742243,0.364663024
10/26/2015 6:00,0.778065242,0.68410804,0.085560859,0.314571949
10/26/2015 7:00,0.777952756,0.691959799,0.088186158,0.273406193
10/26/2015 8:00,0.777952756,0.695477387,0.087708831,0.214571949
10/26/2015 9:00,0.777727784,0.697927136,0.088305489,0.166120219
10/26/2015 10:00,0.777952756,0.690389447,0.08973747,0.135154827
10/26/2015 11:00,0.778740157,0.68580402,0.087350835,0.137340619
10/26/2015 12:00,0.778290214,0.686809045,0.0849642,0.149908925
10/26/2015 13:00,0.7784027,0.676947236,0.083890215,0.201821494
10/26/2015 14:00,0.778065242,0.670226131,0.084009547,0.280327869
10/26/2015 15:00,0.777952756,0.669974874,0.084725537,0.368123862
10/26/2015 16:00,0.777952756,0.673178392,0.084844869,0.415300546
10/26/2015 17:00,0.778290214,0.684233668,0.083890215,0.442076503
10/26/2015 18:00,0.778515186,0.671356784,0.083770883,0.453187614
10/26/2015 19:00,0.778627672,0.635992462,0.079355609,0.444444444
10/26/2015 20:00,0.778627672,0.591645729,0.07601432,0.454826958
10/26/2015 21:00,0.749606299,0.541582915,0.074821002,0.461748634
10/26/2015 22:00,0.733745782,0.485866834,0.073747017,0.464663024
10/26/2015 23:00,0.732283465,0.37361809,0.075536993,0.456466302
10/27/2015 0:00,0.73048369,0.37669598,0.07601432,0.447176685
10/27/2015 1:00,0.729583802,0.388065327,0.077207637,0.442258652
10/27/2015 2:00,0.731383577,0.389447236,0.077684964,0.436429872
10/27/2015 3:00,0.740269966,0.410929648,0.079355609,0.408925319
10/27/2015 4:00,0.76231721,0.462688442,0.084128878,0.400182149
10/27/2015 5:00,0.77367829,0.612060302,0.085799523,0.354098361
10/27/2015 6:00,0.773565804,0.685678392,0.088782816,0.29726776
10/27/2015 7:00,0.773228346,0.681344221,0.090334129,0.272131148
10/27/2015 8:00,0.773340832,0.684798995,0.092124105,0.210928962
10/27/2015 9:00,0.774465692,0.689824121,0.088782816,0.151183971
10/27/2015 10:00,0.777952756,0.680150754,0.087470167,0.104735883
10/27/2015 11:00,0.778515186,0.676570352,0.087589499,0.074681239
10/27/2015 12:00,0.778290214,0.676821608,0.088902148,0.056830601
10/27/2015 13:00,0.778290214,0.671733668,0.089260143,0.049544627
10/27/2015 14:00,0.778065242,0.684170854,0.091169451,0.056830601
10/27/2015 15:00,0.777952756,0.692713568,0.091050119,0.07431694
10/27/2015 16:00,0.778177728,0.701821608,0.091646778,0.10273224
10/27/2015 17:00,0.778177728,0.695351759,0.08973747,0.121493625
10/27/2015 18:00,0.778290214,0.689447236,0.088305489,0.150273224
10/27/2015 19:00,0.778627672,0.639824121,0.083412888,0.189799636
10/27/2015 20:00,0.778177728,0.601193467,0.08221957,0.246630237
10/27/2015 21:00,0.778065242,0.543341709,0.08150358,0.301821494
10/27/2015 22:00,0.778290214,0.482223618,0.080548926,0.334972678
10/27/2015 23:00,0.778065242,0.405276382,0.082577566,0.361566485
10/28/2015 0:00,0.7784027,0.383103015,0.082100239,0.381967213
10/28/2015 1:00,0.778290214,0.374623116,0.082458234,0.377777778
10/28/2015 2:00,0.778515186,0.381846734,0.080429594,0.379781421
10/28/2015 3:00,0.778627672,0.385929648,0.081264916,0.387249545
10/28/2015 4:00,0.778627672,0.422738693,0.082100239,0.377777778
10/28/2015 5:00,0.778627672,0.542462312,0.083174224,0.386885246
10/28/2015 6:00,0.778515186,0.640766332,0.0849642,0.401821494
10/28/2015 7:00,0.778290214,0.657035176,0.08699284,0.380874317
10/28/2015 8:00,0.778515186,0.645351759,0.087112172,0.346448087
10/28/2015 9:00,0.778740157,0.645603015,0.084128878,0.3143898
10/28/2015 10:00,0.778852643,0.63718593,0.084606205,0.28870674
10/28/2015 11:00,0.778740157,0.635301508,0.0849642,0.274134791
10/28/2015 12:00,0.778740157,0.62839196,0.083651551,0.249726776
10/28/2015 13:00,0.7784027,0.633165829,0.081145585,0.241347905
10/28/2015 14:00,0.778290214,0.65709799,0.081622912,0.247540984
10/28/2015 15:00,0.778627672,0.660364322,0.084606205,0.24845173
10/28/2015 16:00,0.778290214,0.684987437,0.086634845,0.26848816
10/28/2015 17:00,0.776715411,0.688505025,0.088305489,0.294899818
10/28/2015 18:00,0.776940382,0.668467337,0.087112172,0.314754098
10/28/2015 19:00,0.776715411,0.634798995,0.085918854,0.308196721
10/28/2015 20:00,0.776152981,0.602701005,0.085322196,0.290163934
10/28/2015 21:00,0.775365579,0.561243719,0.084128878,0.267577413
10/28/2015 22:00,0.775478065,0.514007538,0.082935561,0.237887067
10/28/2015 23:00,0.775703037,0.409673367,0.082338902,0.218032787
10/29/2015 0:00,0.775815523,0.389447236,0.08150358,0.192714026
10/29/2015 1:00,0.775815523,0.382537688,0.081861575,0.183970856
10/29/2015 2:00,0.777165354,0.38611809,0.080668258,0.176684882
10/29/2015 3:00,0.777165354,0.406972362,0.080548926,0.160473588
10/29/2015 4:00,0.777052868,0.473869347,0.083054893,0.164480874
10/29/2015 5:00,0.77727784,0.59798995,0.087470167,0.157377049
10/29/2015 6:00,0.777615298,0.680276382,0.08973747,0.14298725
10/29/2015 7:00,0.777390326,0.690640704,0.090572792,0.12859745
10/29/2015 8:00,0.777727784,0.684422111,0.09451074,0.109653916
10/29/2015 9:00,0.777165354,0.687311558,0.087470167,0.095081967
10/29/2015 10:00,0.777390326,0.674811558,0.087231504,0.074499089
10/29/2015 11:00,0.778065242,0.66620603,0.088782816,0.056102004
10/29/2015 12:00,0.777390326,0.664384422,0.086515513,0.047176685
10/29/2015 13:00,0.777502812,0.661746231,0.08699284,0.049544627
10/29/2015 14:00,0.777502812,0.668969849,0.087112172,0.062659381
10/29/2015 15:00,0.777502812,0.697550251,0.088186158,0.08870674
10/29/2015 16:00,0.776377953,0.724434673,0.088186158,0.124590164
10/29/2015 17:00,0.775478065,0.728266332,0.087708831,0.140255009
10/29/2015 18:00,0.77480315,0.721105528,0.088424821,0.1428051
10/29/2015 19:00,0.77480315,0.714007538,0.087947494,0.128051002
10/29/2015 20:00,0.776040495,0.698366834,0.088544153,0.121493625
10/29/2015 21:00,0.777502812,0.633982412,0.088544153,0.113843352
10/29/2015 22:00,0.777727784,0.538944724,0.087350835,0.104553734
10/29/2015 23:00,0.77784027,0.415703518,0.084486874,0.108925319
10/30/2015 0:00,0.7784027,0.396545226,0.084844869,0.111657559
10/30/2015 1:00,0.778852643,0.39120603,0.084486874,0.120218579
10/30/2015 2:00,0.779527559,0.392336683,0.08424821,0.133333333
10/30/2015 3:00,0.779527559,0.435113065,0.085202864,0.144990893
10/30/2015 4:00,0.779527559,0.49629397,0.087350835,0.16284153
10/30/2015 5:00,0.779415073,0.623932161,0.089618138,0.166666667
10/30/2015 6:00,0.779302587,0.665201005,0.092004773,0.167213115
10/30/2015 7:00,0.778965129,0.66589196,0.093436754,0.169945355
10/30/2015 8:00,0.779190101,0.660615578,0.094630072,0.162295082
10/30/2015 9:00,0.778627672,0.674748744,0.094033413,0.1571949
10/30/2015 10:00,0.779077615,0.666080402,0.09451074,0.162295082
10/30/2015 11:00,0.779302587,0.654208543,0.094630072,0.169763206
10/30/2015 12:00,0.779190101,0.649748744,0.093675418,0.163934426
10/30/2015 13:00,0.779077615,0.639133166,0.093914081,0.165027322
10/30/2015 14:00,0.778740157,0.635427136,0.094391408,0.178142077
10/30/2015 15:00,0.77784027,0.643718593,0.093317422,0.210746812
10/30/2015 16:00,0.777165354,0.639761307,0.093198091,0.258469945
10/30/2015 17:00,0.776827897,0.630653266,0.093317422,0.305282332
10/30/2015 18:00,0.776715411,0.613756281,0.092601432,0.341712204
10/30/2015 19:00,0.777390326,0.570791457,0.091169451,0.361202186
10/30/2015 20:00,0.777952756,0.538630653,0.087470167,0.371948998
10/30/2015 21:00,0.778177728,0.492022613,0.08627685,0.385974499
10/30/2015 22:00,0.778290214,0.461809045,0.084486874,0.408925319
10/30/2015 23:00,0.778740157,0.366834171,0.080548926,0.426775956
10/31/2015 0:00,0.779527559,0.351193467,0.079594272,0.430054645
10/31/2015 1:00,0.779415073,0.345540201,0.07947494,0.416939891
10/31/2015 2:00,0.779752531,0.343090452,0.082338902,0.406375228
10/31/2015 3:00,0.779640045,0.338630653,0.081980907,0.402367942
10/31/2015 4:00,0.780202475,0.358605528,0.082100239,0.401639344
10/31/2015 5:00,0.780427447,0.441017588,0.082100239,0.387795993
10/31/2015 6:00,0.780314961,0.471482412,0.082696897,0.386156648
10/31/2015 7:00,0.780202475,0.509987437,0.083770883,0.371766849
10/31/2015 8:00,0.780089989,0.527575377,0.085322196,0.33424408
10/31/2015 9:00,0.779977503,0.537939698,0.083770883,0.303278689
10/31/2015 10:00,0.779865017,0.537688442,0.084844869,0.262477231
10/31/2015 11:00,0.779977503,0.539007538,0.084367542,0.253187614
10/31/2015 12:00,0.779865017,0.538567839,0.08424821,0.281056466
10/31/2015 13:00,0.779640045,0.541457286,0.085799523,0.297996357
10/31/2015 14:00,0.779752531,0.53580402,0.085560859,0.330236794
10/31/2015 15:00,0.779752531,0.546545226,0.085441527,0.367759563
10/31/2015 16:00,0.779640045,0.567399497,0.085680191,0.457559199
10/31/2015 17:00,0.780202475,0.569158291,0.08627685,0.510382514
10/31/2015 18:00,0.780652418,0.541080402,0.085918854,0.549362477
10/31/2015 19:00,0.780427447,0.527763819,0.079713604,0.571038251
10/31/2015 20:00,0.780764904,0.489384422,0.078281623,0.585245902
10/31/2015 21:00,0.780652418,0.451884422,0.076968974,0.61712204
10/31/2015 22:00,0.780764904,0.410364322,0.076968974,0.608743169
10/31/2015 23:00,0.780652418,0.339949749,0.074224344,0.603642987
11/1/2015 0:00,0.78087739,0.324811558,0.075298329,0.575045537
11/1/2015 1:00,0.780539933,0.317650754,0.075059666,0.555191257
11/1/2015 2:00,0.780652418,0.313567839,0.074940334,0.552094718
11/1/2015 3:00,0.780539933,0.315075377,0.074701671,0.551183971
11/1/2015 4:00,0.780202475,0.333731156,0.074582339,0.546448087
11/1/2015 5:00,0.779752531,0.362688442,0.074701671,0.527140255
11/1/2015 6:00,0.779527559,0.426256281,0.075656325,0.506739526
11/1/2015 7:00,0.779527559,0.46048995,0.076372315,0.522586521
11/1/2015 8:00,0.779302587,0.48781407,0.075775656,0.534972678
11/1/2015 9:00,0.779077615,0.495540201,0.075178998,0.524772313
11/1/2015 10:00,0.779302587,0.509422111,0.074701671,0.53132969
11/1/2015 11:00,0.779302587,0.497927136,0.073150358,0.551912568
11/1/2015 12:00,0.779415073,0.506846734,0.073389021,0.543169399
11/1/2015 13:00,0.779640045,0.509484925,0.073389021,0.542076503
11/1/2015 14:00,0.779977503,0.526319095,0.070763723,0.547358834
11/1/2015 15:00,0.779752531,0.543530151,0.07052506,0.556466302
11/1/2015 16:00,0.779865017,0.556030151,0.071479714,0.563023679
11/1/2015 17:00,0.779977503,0.565138191,0.072076372,0.567213115
11/1/2015 18:00,0.779977503,0.551633166,0.071121718,0.553916211
11/1/2015 19:00,0.780202475,0.536620603,0.07124105,0.554644809
11/1/2015 20:00,0.780314961,0.520288945,0.072792363,0.545173042
11/1/2015 21:00,0.780314961,0.480025126,0.072434368,0.577413479
11/1/2015 22:00,0.780539933,0.433228643,0.072076372,0.592349727
11/1/2015 23:00,0.780539933,0.325251256,0.074224344,0.599635701
11/2/2015 0:00,0.780652418,0.314949749,0.07398568,0.606193078
11/2/2015 1:00,0.780764904,0.310301508,0.073747017,0.631876138
11/2/2015 2:00,0.780989876,0.306909548,0.073747017,0.635519126
11/2/2015 3:00,0.780764904,0.324371859,0.074582339,0.629326047
11/2/2015 4:00,0.78087739,0.371545226,0.076133652,0.624590164
11/2/2015 5:00,0.780539933,0.501256281,0.078400955,0.636429872
11/2/2015 6:00,0.780539933,0.5875,0.079713604,0.635336976
11/2/2015 7:00,0.780539933,0.593592965,0.080190931,0.617304189
11/2/2015 8:00,0.780427447,0.596545226,0.080310263,0.599453552
11/2/2015 9:00,0.780539933,0.586180905,0.079832936,0.590346084
11/2/2015 10:00,0.778852643,0.590012563,0.080787589,0.580145719
11/2/2015 11:00,0.780314961,0.579711055,0.079116945,0.567395264
11/2/2015 12:00,0.779977503,0.578643216,0.079236277,0.546083789
11/2/2015 13:00,0.780089989,0.57669598,0.075894988,0.553916211
11/2/2015 14:00,0.779977503,0.58071608,0.076252983,0.56284153
11/2/2015 15:00,0.779752531,0.589321608,0.081264916,0.575956284
11/2/2015 16:00,0.780089989,0.582851759,0.08150358,0.58870674
11/2/2015 17:00,0.780089989,0.596419598,0.080190931,0.579234973
11/2/2015 18:00,0.780427447,0.6,0.080071599,0.569581056
11/2/2015 19:00,0.780427447,0.581846734,0.078997613,0.541530055
11/2/2015 20:00,0.780427447,0.554773869,0.07947494,0.52003643
11/2/2015 21:00,0.780427447,0.500188442,0.07947494,0.494899818
11/2/2015 22:00,0.780427447,0.45709799,0.079116945,0.47431694
11/2/2015 23:00,0.780539933,0.358856784,0.078162291,0.467759563
11/3/2015 0:00,0.780652418,0.345226131,0.078042959,0.459744991
11/3/2015 1:00,0.780652418,0.335615578,0.078042959,0.411111111
11/3/2015 2:00,0.780989876,0.34968593,0.078162291,0.37140255
11/3/2015 3:00,0.780989876,0.370603015,0.076491647,0.338251366
11/3/2015 4:00,0.781102362,0.431407035,0.079594272,0.305282332
11/3/2015 5:00,0.780989876,0.554145729,0.082577566,0.283060109
11/3/2015 6:00,0.780764904,0.613190955,0.082816229,0.26575592
11/3/2015 7:00,0.780989876,0.62129397,0.078997613,0.239344262
11/3/2015 8:00,0.781102362,0.618655779,0.07673031,0.265938069
11/3/2015 9:00,0.78087739,0.620603015,0.075298329,0.254098361
11/3/2015 10:00,0.780652418,0.621796482,0.076372315,0.224043716
11/3/2015 11:00,0.780314961,0.617022613,0.077207637,0.209471767
11/3/2015 12:00,0.780202475,0.626444724,0.079713604,0.198542805
11/3/2015 13:00,0.779977503,0.634296482,0.080429594,0.204371585
11/3/2015 14:00,0.779527559,0.633417085,0.080429594,0.245537341
11/3/2015 15:00,0.779415073,0.645414573,0.083293556,0.276320583
11/3/2015 16:00,0.779640045,0.639258794,0.083412888,0.30856102
11/3/2015 17:00,0.779640045,0.639070352,0.081264916,0.309107468
11/3/2015 18:00,0.779415073,0.625125628,0.081264916,0.332604736
11/3/2015 19:00,0.779865017,0.606155779,0.081622912,0.348087432
11/3/2015 20:00,0.779640045,0.578894472,0.081145585,0.37431694
11/3/2015 21:00,0.779865017,0.546231156,0.080310263,0.405282332
11/3/2015 22:00,0.779527559,0.481030151,0.079713604,0.40856102
11/3/2015 23:00,0.779190101,0.365201005,0.076849642,0.400364299
11/4/2015 0:00,0.779302587,0.34798995,0.07673031,0.392896175
11/4/2015 1:00,0.779415073,0.344723618,0.076968974,0.374134791
11/4/2015 2:00,0.779752531,0.344660804,0.076968974,0.340255009
11/4/2015 3:00,0.779640045,0.351067839,0.080429594,0.337522769
11/4/2015 4:00,0.779640045,0.409798995,0.083770883,0.311839709
11/4/2015 5:00,0.779752531,0.558542714,0.08353222,0.304189435
11/4/2015 6:00,0.779640045,0.607914573,0.082338902,0.290346084
11/4/2015 7:00,0.779865017,0.622613065,0.087708831,0.278506375
11/4/2015 8:00,0.779865017,0.608165829,0.092004773,0.261566485
11/4/2015 9:00,0.779640045,0.614321608,0.09176611,0.2428051
11/4/2015 10:00,0.779415073,0.618467337,0.107159905,0.226047359
11/4/2015 11:00,0.778740157,0.619095477,0.100596659,0.212204007
11/4/2015 12:00,0.778852643,0.619849246,0.07601432,0.20582878
11/4/2015 13:00,0.779302587,0.615075377,0.076133652,0.225318761
11/4/2015 14:00,0.779415073,0.615263819,0.07601432,0.229508197
11/4/2015 15:00,0.779752531,0.627575377,0.077088305,0.255737705
11/4/2015 16:00,0.780089989,0.632663317,0.077446301,0.24571949
11/4/2015 17:00,0.780314961,0.629020101,0.077326969,0.22276867
11/4/2015 18:00,0.780764904,0.628015075,0.073747017,0.231147541
11/4/2015 19:00,0.780652418,0.611243719,0.072315036,0.209289617
11/4/2015 20:00,0.78087739,0.57361809,0.071718377,0.173770492
11/4/2015 21:00,0.782564679,0.57638191,0.083890215,0.179234973
11/4/2015 22:00,0.782564679,0.51111809,0.083651551,0.173952641
11/4/2015 23:00,0.780989876,0.4,0.068615752,0.160473588
11/5/2015 0:00,0.781102362,0.385427136,0.069331742,0.141712204
11/5/2015 1:00,0.78087739,0.380339196,0.069570406,0.127322404
11/5/2015 2:00,0.780652418,0.381972362,0.069570406,0.109471767
11/5/2015 3:00,0.780652418,0.400879397,0.07052506,0.099089253
11/5/2015 4:00,0.780427447,0.436557789,0.071957041,0.095081967
11/5/2015 5:00,0.779865017,0.548115578,0.075298329,0.112204007
11/5/2015 6:00,0.779752531,0.648429648,0.077804296,0.127140255
11/5/2015 7:00,0.779527559,0.665452261,0.089140811,0.135154827
11/5/2015 8:00,0.779302587,0.651444724,0.106205251,0.16575592
11/5/2015 9:00,0.779077615,0.646482412,0.101073986,0.175591985
11/5/2015 10:00,0.779302587,0.640954774,0.104415274,0.156648452
11/5/2015 11:00,0.778965129,0.622613065,0.119689737,0.129143898
11/5/2015 12:00,0.778177728,0.628831658,0.129355609,0.104007286
11/5/2015 13:00,0.778065242,0.630778894,0.136157518,0.093806922
11/5/2015 14:00,0.778177728,0.649497487,0.152386635,0.08852459
11/5/2015 15:00,0.778177728,0.679020101,0.129832936,0.080145719
11/5/2015 16:00,0.778515186,0.700376884,0.123508353,0.070673953
11/5/2015 17:00,0.778852643,0.684484925,0.133293556,0.067759563
11/5/2015 18:00,0.779190101,0.649874372,0.132577566,0.06867031
11/5/2015 19:00,0.779527559,0.609673367,0.093794749,0.070491803
11/5/2015 20:00,0.779640045,0.565829146,0.086157518,0.065027322
11/5/2015 21:00,0.779977503,0.531595477,0.087589499,0.070127505
11/5/2015 22:00,0.780089989,0.501570352,0.086157518,0.074499089
11/5/2015 23:00,0.780089989,0.407035176,0.08699284,0.07140255
11/6/2015 0:00,0.779190101,0.396168342,0.087350835,0.059380692
11/6/2015 1:00,0.779077615,0.387939698,0.088663484,0.062659381
11/6/2015 2:00,0.779302587,0.393278894,0.088424821,0.071220401
11/6/2015 3:00,0.779527559,0.398241206,0.088544153,0.083242259
11/6/2015 4:00,0.779752531,0.423178392,0.090214797,0.083242259
11/6/2015 5:00,0.779190101,0.534987437,0.092243437,0.094535519
11/6/2015 6:00,0.779415073,0.63410804,0.094152745,0.090346084
11/6/2015 7:00,0.779752531,0.640138191,0.102267303,0.095081967
11/6/2015 8:00,0.779865017,0.627072864,0.100835322,0.084517304
11/6/2015 9:00,0.780089989,0.635364322,0.109188544,0.07996357
11/6/2015 10:00,0.779752531,0.634484925,0.11300716,0.077777778
11/6/2015 11:00,0.780089989,0.617022613,0.122195704,0.075045537
11/6/2015 12:00,0.780314961,0.611557789,0.122434368,0.080327869
11/6/2015 13:00,0.780539933,0.609170854,0.122673031,0.088160291
11/6/2015 14:00,0.780314961,0.61080402,0.140930788,0.104553734
11/6/2015 15:00,0.780089989,0.619849246,0.118615752,0.121857923
11/6/2015 16:00,0.779865017,0.643341709,0.116825776,0.154644809
11/6/2015 17:00,0.779752531,0.636871859,0.10823389,0.177959927
11/6/2015 18:00,0.779752531,0.592650754,0.092243437,0.190346084
11/6/2015 19:00,0.779977503,0.567776382,0.091050119,0.201639344
11/6/2015 20:00,0.780539933,0.526193467,0.088663484,0.215664845
11/6/2015 21:00,0.780539933,0.498869347,0.085918854,0.219307832
11/6/2015 22:00,0.780652418,0.45709799,0.081861575,0.228961749
11/6/2015 23:00,0.780652418,0.39120603,0.082100239,0.243169399
11/7/2015 0:00,0.780652418,0.373680905,0.08221957,0.256466302
11/7/2015 1:00,0.780089989,0.358605528,0.082458234,0.287249545
11/7/2015 2:00,0.779077615,0.341708543,0.081742243,0.31420765
11/7/2015 3:00,0.779077615,0.341645729,0.081264916,0.346083789
11/7/2015 4:00,0.733858268,0.360552764,0.081264916,0.371038251
11/7/2015 5:00,0.718785152,0.408417085,0.081264916,0.39435337
11/7/2015 6:00,0.718897638,0.444535176,0.081622912,0.41420765
11/7/2015 7:00,0.719010124,0.484045226,0.08221957,0.432422587
11/7/2015 8:00,0.718785152,0.517525126,0.082696897,0.416757741
11/7/2015 9:00,0.718447694,0.545163317,0.083174224,0.390710383
11/7/2015 10:00,0.718335208,0.555904523,0.083412888,0.352459016
11/7/2015 11:00,0.717885264,0.552072864,0.083651551,0.320947177
11/7/2015 12:00,0.71799775,0.546042714,0.083651551,0.325318761
11/7/2015 13:00,0.718110236,0.535929648,0.08424821,0.313114754
11/7/2015 14:00,0.71799775,0.539761307,0.083770883,0.317304189
11/7/2015 15:00,0.717885264,0.553894472,0.08424821,0.263205829
11/7/2015 16:00,0.71799775,0.557977387,0.08424821,0.267577413
11/7/2015 17:00,0.718447694,0.548052764,0.082935561,0.266120219
11/7/2015 18:00,0.718672666,0.520351759,0.082458234,0.301092896
11/7/2015 19:00,0.71799775,0.489321608,0.081861575,0.316575592
11/7/2015 20:00,0.719235096,0.446796482,0.081622912,0.337522769
11/7/2015 21:00,0.718897638,0.415829146,0.080906921,0.367941712
11/7/2015 22:00,0.719347582,0.373555276,0.081742243,0.421311475
11/7/2015 23:00,0.719797525,0.28951005,0.079594272,0.418943534
11/8/2015 0:00,0.720022497,0.277575377,0.079832936,0.446083789
11/8/2015 1:00,0.719685039,0.265075377,0.080668258,0.438615665
11/8/2015 2:00,0.719347582,0.263065327,0.080668258,0.440801457
11/8/2015 3:00,0.718785152,0.260615578,0.080787589,0.474863388
11/8/2015 4:00,0.719010124,0.267839196,0.080906921,0.519307832
11/8/2015 5:00,0.719685039,0.288693467,0.081145585,0.559016393
11/8/2015 6:00,0.719910011,0.313442211,0.081264916,0.586338798
11/8/2015 7:00,0.719685039,0.380653266,0.081980907,0.589617486
11/8/2015 8:00,0.719460067,0.434673367,0.081384248,0.569216758
11/8/2015 9:00,0.719347582,0.477826633,0.082816229,0.560655738
11/8/2015 10:00,0.719347582,0.499434673,0.081384248,0.548269581
11/8/2015 11:00,0.719460067,0.529648241,0.086157518,0.531147541
11/8/2015 12:00,0.719460067,0.538253769,0.086157518,0.486885246
11/8/2015 13:00,0.719572553,0.561306533,0.085918854,0.445173042
11/8/2015 14:00,0.719460067,0.585238693,0.085918854,0.378506375
11/8/2015 15:00,0.719572553,0.607035176,0.086396181,0.316939891
11/8/2015 16:00,0.719460067,0.61281407,0.086634845,0.271948998
11/8/2015 17:00,0.719685039,0.611557789,0.087470167,0.221675774
11/8/2015 18:00,0.719910011,0.60339196,0.087708831,0.183242259
11/8/2015 19:00,0.720247469,0.592713568,0.087828162,0.182695811
11/8/2015 20:00,0.720472441,0.539321608,0.087947494,0.20291439
11/8/2015 21:00,0.720697413,0.492650754,0.087828162,0.241165756
11/8/2015 22:00,0.720584927,0.436494975,0.087828162,0.334790528
11/8/2015 23:00,0.720584927,0.347361809,0.085799523,0.458652095
11/9/2015 0:00,0.721034871,0.298178392,0.083651551,0.568123862
11/9/2015 1:00,0.721034871,0.290326633,0.080787589,0.649726776
11/9/2015 2:00,0.721147357,0.287876884,0.080548926,0.701457195
11/9/2015 3:00,0.720697413,0.293341709,0.081264916,0.712932605
11/9/2015 4:00,0.720584927,0.341017588,0.08699284,0.715664845
11/9/2015 5:00,0.720584927,0.471042714,0.088902148,0.71129326
11/9/2015 6:00,0.720359955,0.547424623,0.093794749,0.696903461
11/9/2015 7:00,0.720359955,0.561243719,0.099164678,0.653187614
11/9/2015 8:00,0.720247469,0.562437186,0.10071599,0.634061931
11/9/2015 9:00,0.719572553,0.559547739,0.102505967,0.633879781
11/9/2015 10:00,0.720584927,0.548743719,0.105011933,0.638979964
11/9/2015 11:00,0.720472441,0.543907035,0.111217184,0.615846995
11/9/2015 12:00,0.719797525,0.535364322,0.113245823,0.580145719
11/9/2015 13:00,0.720472441,0.525816583,0.11778043,0.555191257
11/9/2015 14:00,0.720359955,0.530967337,0.129116945,0.533333333
11/9/2015 15:00,0.720359955,0.540263819,0.136157518,0.518032787
11/9/2015 16:00,0.720134983,0.553015075,0.124582339,0.513296903
11/9/2015 17:00,0.720022497,0.55910804,0.112649165,0.52859745
11/9/2015 18:00,0.720247469,0.54428392,0.094033413,0.533879781
11/9/2015 19:00,0.720584927,0.523806533,0.091646778,0.526411658
11/9/2015 20:00,0.720584927,0.482600503,0.091408115,0.514936248
11/9/2015 21:00,0.720922385,0.431030151,0.090214797,0.508014572
11/9/2015 22:00,0.721147357,0.381155779,0.089260143,0.519854281
11/9/2015 23:00,0.721147357,0.311180905,0.087589499,0.511111111
11/10/2015 0:00,0.721259843,0.301256281,0.087708831,0.494717668
11/10/2015 1:00,0.721259843,0.29968593,0.087470167,0.459198543
11/10/2015 2:00,0.721372328,0.301507538,0.087470167,0.435336976
11/10/2015 3:00,0.721709786,0.307977387,0.088066826,0.42003643
11/10/2015 4:00,0.721372328,0.366394472,0.088305489,0.415664845
11/10/2015 5:00,0.721034871,0.483165829,0.08902148,0.421129326
11/10/2015 6:00,0.720809899,0.566143216,0.096062053,0.422040073
11/10/2015 7:00,0.720584927,0.577701005,0.118257757,0.407832423
11/10/2015 8:00,0.659055118,0.584170854,0.125178998,0.375774135
11/10/2015 9:00,0.611586052,0.585427136,0.121837709,0.358287796
11/10/2015 10:00,0.637795276,0.577198492,0.116229117,0.33442623
11/10/2015 11:00,0.660629921,0.574497487,0.122434368,0.339708561
11/10/2015 12:00,0.675253093,0.569660804,0.136515513,0.357559199
11/10/2015 13:00,0.675703037,0.568655779,0.127804296,0.352823315
11/10/2015 14:00,0.676152981,0.572613065,0.107159905,0.367030965
11/10/2015 15:00,0.688751406,0.590075377,0.091050119,0.397996357
11/10/2015 16:00,0.705849269,0.592650754,0.088544153,0.435701275
11/10/2015 17:00,0.716647919,0.587688442,0.08902148,0.455555556
11/10/2015 18:00,0.720922385,0.571984925,0.089618138,0.458469945
11/10/2015 19:00,0.721484814,0.54798995,0.08902148,0.465027322
11/10/2015 20:00,0.721484814,0.495979899,0.088902148,0.476138434
11/10/2015 21:00,0.721484814,0.455967337,0.087589499,0.479052823
11/10/2015 22:00,0.721822272,0.413630653,0.087112172,0.498724954
11/10/2015 23:00,0.72215973,0.343718593,0.085202864,0.512750455
11/11/2015 0:00,0.72215973,0.323555276,0.0849642,0.550091075
11/11/2015 1:00,0.722272216,0.321733668,0.084725537,0.576138434
11/11/2015 2:00,0.72215973,0.321168342,0.084486874,0.565938069
11/11/2015 3:00,0.722047244,0.33379397,0.085202864,0.56867031
11/11/2015 4:00,0.722047244,0.370288945,0.086873508,0.537340619
11/11/2015 5:00,0.721934758,0.486494975,0.08902148,0.532969035
11/11/2015 6:00,0.7215973,0.544158291,0.097852029,0.555191257
11/11/2015 7:00,0.7215973,0.555025126,0.10202864,0.539708561
11/11/2015 8:00,0.721259843,0.55540201,0.117541766,0.516575592
11/11/2015 9:00,0.721484814,0.55678392,0.112291169,0.486156648
11/11/2015 10:00,0.721034871,0.558856784,0.119928401,0.452459016
11/11/2015 11:00,0.721484814,0.557788945,0.144033413,0.428961749
11/11/2015 12:00,0.721372328,0.557537688,0.115632458,0.390346084
11/11/2015 13:00,0.721147357,0.557223618,0.095823389,0.362477231
11/11/2015 14:00,0.704611924,0.572298995,0.096300716,0.363934426
11/11/2015 15:00,0.672440945,0.613693467,0.093556086,0.373041894
11/11/2015 16:00,0.660292463,0.658291457,0.095584726,0.346083789
11/11/2015 17:00,0.660067492,0.670540201,0.099403341,0.33424408
11/11/2015 18:00,0.660404949,0.62839196,0.098806683,0.327686703
11/11/2015 19:00,0.660292463,0.601633166,0.097732697,0.337704918
11/11/2015 20:00,0.660292463,0.564258794,0.09522673,0.324772313
11/11/2015 21:00,0.660629921,0.520854271,0.094033413,0.316757741
11/11/2015 22:00,0.660517435,0.481972362,0.093317422,0.309107468
11/11/2015 23:00,0.660517435,0.390389447,0.092959427,0.297632058
11/12/2015 0:00,0.660629921,0.368153266,0.092601432,0.271038251
11/12/2015 1:00,0.660629921,0.364070352,0.092124105,0.260837887
11/12/2015 2:00,0.660404949,0.364698492,0.092362768,0.277413479
11/12/2015 3:00,0.660292463,0.377638191,0.092840095,0.28852459
11/12/2015 4:00,0.660067492,0.423555276,0.094749403,0.295081967
11/12/2015 5:00,0.659955006,0.53580402,0.097494033,0.341347905
11/12/2015 6:00,0.625084364,0.607035176,0.100357995,0.378870674
11/12/2015 7:00,0.605061867,0.613567839,0.099522673,0.417668488
11/12/2015 8:00,0.603487064,0.61419598,0.101312649,0.436794171
11/12/2015 9:00,0.603149606,0.599497487,0.09928401,0.462112933
11/12/2015 10:00,0.603937008,0.599057789,0.100119332,0.491074681
11/12/2015 11:00,0.619235096,0.596105528,0.1,0.481602914
11/12/2015 12:00,0.651743532,0.595540201,0.099045346,0.477595628
11/12/2015 13:00,0.654555681,0.597801508,0.100119332,0.474499089
11/12/2015 14:00,0.654218223,0.617650754,0.099522673,0.456648452
11/12/2015 15:00,0.654443195,0.650376884,0.099880668,0.427322404
11/12/2015 16:00,0.657030371,0.690954774,0.101551313,0.384881603
11/12/2015 17:00,0.65871766,0.69861809,0.102267303,0.349908925
11/12/2015 18:00,0.658830146,0.669221106,0.102625298,0.337887067
11/12/2015 19:00,0.658605174,0.637437186,0.104295943,0.301821494
11/12/2015 20:00,0.658830146,0.593090452,0.102983294,0.255373406
11/12/2015 21:00,0.659392576,0.561494975,0.100477327,0.212750455
11/12/2015 22:00,0.659392576,0.511557789,0.100477327,0.185245902
11/12/2015 23:00,0.659505062,0.417336683,0.098926014,0.175409836
11/13/2015 0:00,0.659617548,0.393969849,0.098090692,0.187431694
11/13/2015 1:00,0.659617548,0.388693467,0.098210024,0.22003643
11/13/2015 2:00,0.659730034,0.387688442,0.098210024,0.257741348
11/13/2015 3:00,0.660179978,0.394786432,0.098568019,0.323497268
11/13/2015 4:00,0.65984252,0.433291457,0.098687351,0.426958106
11/13/2015 5:00,0.659730034,0.539886935,0.101909308,0.509653916
11/13/2015 6:00,0.659505062,0.601256281,0.102983294,0.54007286
11/13/2015 7:00,0.659617548,0.603957286,0.102505967,0.575409836
11/13/2015 8:00,0.659392576,0.608228643,0.102863962,0.607468124
11/13/2015 9:00,0.659392576,0.605967337,0.10274463,0.615118397
11/13/2015 10:00,0.659617548,0.582726131,0.102625298,0.611839709
11/13/2015 11:00,0.659617548,0.575376884,0.101551313,0.62276867
11/13/2015 12:00,0.659617548,0.56589196,0.103221957,0.610746812
11/13/2015 13:00,0.65984252,0.563442211,0.104057279,0.601457195
11/13/2015 14:00,0.659730034,0.571042714,0.104295943,0.623497268
11/13/2015 15:00,0.659730034,0.604396985,0.104534606,0.587795993
11/13/2015 16:00,0.659505062,0.604145729,0.104653938,0.575227687
11/13/2015 17:00,0.659505062,0.59321608,0.103579952,0.524408015
11/13/2015 18:00,0.659617548,0.576821608,0.103699284,0.477413479
11/13/2015 19:00,0.659617548,0.553329146,0.104057279,0.440801457
11/13/2015 20:00,0.659730034,0.514133166,0.103102625,0.428779599
11/13/2015 21:00,0.659730034,0.462123116,0.101789976,0.427686703
11/13/2015 22:00,0.659617548,0.416143216,0.101909308,0.415300546
11/13/2015 23:00,0.660292463,0.357788945,0.101431981,0.409107468
11/14/2015 0:00,0.660292463,0.333354271,0.101312649,0.413114754
11/14/2015 1:00,0.660404949,0.328580402,0.101431981,0.424772313
11/14/2015 2:00,0.660517435,0.324937186,0.101312649,0.419125683
11/14/2015 3:00,0.660517435,0.328329146,0.101670644,0.410928962
11/14/2015 4:00,0.660404949,0.340829146,0.102386635,0.41147541
11/14/2015 5:00,0.660404949,0.377449749,0.102863962,0.406557377
11/14/2015 6:00,0.660404949,0.406218593,0.103460621,0.399271403
11/14/2015 7:00,0.660404949,0.435427136,0.104057279,0.385974499
11/14/2015 8:00,0.660067492,0.480778894,0.103460621,0.393989071
11/14/2015 9:00,0.660067492,0.487060302,0.103221957,0.409471767
11/14/2015 10:00,0.669741282,0.488442211,0.101789976,0.432058288
11/14/2015 11:00,0.690213723,0.483919598,0.100954654,0.45992714
11/14/2015 12:00,0.703712036,0.501444724,0.101073986,0.479781421
11/14/2015 13:00,0.71799775,0.510301508,0.101312649,0.479052823
11/14/2015 14:00,0.721259843,0.539258794,0.101431981,0.479052823
11/14/2015 15:00,0.721484814,0.562751256,0.102625298,0.493806922
11/14/2015 16:00,0.7215973,0.56991206,0.102983294,0.499635701
11/14/2015 17:00,0.721822272,0.571231156,0.102983294,0.504553734
11/14/2015 18:00,0.721822272,0.569346734,0.10274463,0.498542805
11/14/2015 19:00,0.722384702,0.551193467,0.102386635,0.491074681
11/14/2015 20:00,0.72215973,0.526193467,0.10202864,0.474863388
11/14/2015 21:00,0.722272216,0.49290201,0.1,0.457923497
11/14/2015 22:00,0.722384702,0.458417085,0.099642005,0.440255009
11/14/2015 23:00,0.722497188,0.376444724,0.100954654,0.428961749
11/15/2015 0:00,0.722609674,0.347613065,0.100596659,0.412750455
11/15/2015 1:00,0.722834646,0.348743719,0.10071599,0.386156648
11/15/2015 2:00,0.722834646,0.343278894,0.100596659,0.344626594
11/15/2015 3:00,0.723059618,0.346922111,0.10071599,0.312021858
11/15/2015 4:00,0.722947132,0.35339196,0.100954654,0.293078324
11/15/2015 5:00,0.722834646,0.379208543,0.101073986,0.276684882
11/15/2015 6:00,0.723059618,0.421231156,0.101551313,0.242622951
11/15/2015 7:00,0.723059618,0.476005025,0.102267303,0.214571949
11/15/2015 8:00,0.723509561,0.527135678,0.102267303,0.170856102
11/15/2015 9:00,0.723397075,0.540326633,0.102267303,0.13442623
11/15/2015 10:00,0.723397075,0.55741206,0.101909308,0.110564663
11/15/2015 11:00,0.723284589,0.55169598,0.101670644,0.100182149
11/15/2015 12:00,0.723509561,0.553580402,0.102147971,0.091803279
11/15/2015 13:00,0.723622047,0.53781407,0.101551313,0.08287796
11/15/2015 14:00,0.723622047,0.564384422,0.103579952,0.083970856
11/15/2015 15:00,0.723284589,0.613567839,0.104892601,0.108014572
11/15/2015 16:00,0.723284589,0.652826633,0.105847255,0.12859745
11/15/2015 17:00,0.723397075,0.664761307,0.106205251,0.138615665
11/15/2015 18:00,0.723397075,0.647550251,0.106443914,0.152641166
11/15/2015 19:00,0.723397075,0.628454774,0.105727924,0.156102004
11/15/2015 20:00,0.723397075,0.600439698,0.10548926,0.146812386
11/15/2015 21:00,0.723509561,0.574497487,0.104892601,0.137522769
11/15/2015 22:00,0.723509561,0.523680905,0.104653938,0.109289617
11/15/2015 23:00,0.723622047,0.434798995,0.10477327,0.081420765
11/16/2015 0:00,0.723509561,0.41388191,0.104653938,0.075956284
11/16/2015 1:00,0.723509561,0.389070352,0.103699284,0.080510018
11/16/2015 2:00,0.723509561,0.385678392,0.105250597,0.073406193
11/16/2015 3:00,0.723509561,0.391520101,0.106443914,0.080874317
11/16/2015 4:00,0.723397075,0.428894472,0.106563246,0.095992714
11/16/2015 5:00,0.707424072,0.552952261,0.107995227,0.123132969
11/16/2015 6:00,0.699212598,0.643278894,0.111217184,0.15428051
11/16/2015 7:00,0.699662542,0.656281407,0.109785203,0.186703097
11/16/2015 8:00,0.704949381,0.636997487,0.108591885,0.227322404
11/16/2015 9:00,0.705061867,0.647613065,0.104295943,0.279234973
11/16/2015 10:00,0.705961755,0.64290201,0.104892601,0.304371585
11/16/2015 11:00,0.705849269,0.630025126,0.104534606,0.322222222
11/16/2015 12:00,0.705961755,0.629648241,0.104295943,0.369398907
11/16/2015 13:00,0.705961755,0.629711055,0.102386635,0.425318761
11/16/2015 14:00,0.706074241,0.627512563,0.102863962,0.463205829
11/16/2015 15:00,0.715973003,0.64428392,0.102983294,0.478324226
11/16/2015 16:00,0.721822272,0.648115578,0.10274463,0.488888889
11/16/2015 17:00,0.722272216,0.618467337,0.104057279,0.505282332
11/16/2015 18:00,0.72215973,0.60910804,0.103818616,0.531147541
11/16/2015 19:00,0.722609674,0.581972362,0.102147971,0.530054645
11/16/2015 20:00,0.722497188,0.543153266,0.100596659,0.514936248
11/16/2015 21:00,0.722497188,0.486494975,0.09928401,0.47996357
11/16/2015 22:00,0.722497188,0.436746231,0.100835322,0.450091075
11/16/2015 23:00,0.722384702,0.362060302,0.097016706,0.453369763
11/17/2015 0:00,0.72215973,0.349120603,0.096778043,0.443169399
11/17/2015 1:00,0.722497188,0.348932161,0.096539379,0.423132969
11/17/2015 2:00,0.722609674,0.350125628,0.096539379,0.39726776
11/17/2015 3:00,0.72272216,0.364572864,0.096300716,0.374863388
11/17/2015 4:00,0.722497188,0.422675879,0.097136038,0.366302368
11/17/2015 5:00,0.722272216,0.518781407,0.100238663,0.36557377
11/17/2015 6:00,0.721934758,0.611055276,0.101431981,0.353369763
11/17/2015 7:00,0.722384702,0.631532663,0.100596659,0.331876138
11/17/2015 8:00,0.72215973,0.630967337,0.101789976,0.306375228
11/17/2015 9:00,0.722609674,0.623178392,0.100119332,0.298178506
11/17/2015 10:00,0.722497188,0.625251256,0.099403341,0.293989071
11/17/2015 11:00,0.72272216,0.624560302,0.101551313,0.281967213
11/17/2015 12:00,0.722834646,0.602386935,0.102267303,0.277959927
11/17/2015 13:00,0.72272216,0.595540201,0.104176611,0.253369763
11/17/2015 14:00,0.72272216,0.620603015,0.104176611,0.270673953
11/17/2015 15:00,0.722609674,0.649183417,0.103102625,0.287249545
11/17/2015 16:00,0.722609674,0.676005025,0.103221957,0.295264117
11/17/2015 17:00,0.722609674,0.649560302,0.103221957,0.304189435
11/17/2015 18:00,0.722947132,0.63241206,0.101909308,0.296903461
11/17/2015 19:00,0.723172103,0.59798995,0.098448687,0.285428051
11/17/2015 20:00,0.723397075,0.55910804,0.098090692,0.263752277
11/17/2015 21:00,0.722834646,0.50138191,0.096658711,0.22568306
11/17/2015 22:00,0.722272216,0.424057789,0.096539379,0.206193078
11/17/2015 23:00,0.72215973,0.371482412,0.097016706,0.184699454
11/18/2015 0:00,0.722384702,0.352952261,0.096897375,0.181785064
11/18/2015 1:00,0.722497188,0.349434673,0.097136038,0.169945355
11/18/2015 2:00,0.722609674,0.351193467,0.097613365,0.156102004
11/18/2015 3:00,0.722947132,0.362248744,0.097852029,0.140619308
11/18/2015 4:00,0.722947132,0.409547739,0.098926014,0.121311475
11/18/2015 5:00,0.722947132,0.497613065,0.100835322,0.124408015
11/18/2015 6:00,0.722947132,0.602826633,0.10274463,0.137704918
11/18/2015 7:00,0.72272216,0.634045226,0.103579952,0.150637523
11/18/2015 8:00,0.722834646,0.628077889,0.104176611,0.172859745
11/18/2015 9:00,0.728346457,0.611306533,0.110023866,0.205282332
11/18/2015 10:00,0.738357705,0.602198492,0.108353222,0.217486339
11/18/2015 11:00,0.746119235,0.577261307,0.10548926,0.242622951
11/18/2015 12:00,0.759392576,0.575942211,0.103818616,0.258105647
11/18/2015 13:00,0.765804274,0.580967337,0.104534606,0.266666667
11/18/2015 14:00,0.767154106,0.590703518,0.103818616,0.250455373
11/18/2015 15:00,0.767491564,0.633605528,0.105131265,0.265027322
11/18/2015 16:00,0.769966254,0.65339196,0.100596659,0.285428051
11/18/2015 17:00,0.771766029,0.634484925,0.1,0.271766849
11/18/2015 18:00,0.773003375,0.600062814,0.099164678,0.234608379
11/18/2015 19:00,0.774353206,0.563128141,0.099045346,0.216757741
11/18/2015 20:00,0.775703037,0.514824121,0.098329356,0.215118397
11/18/2015 21:00,0.777615298,0.446859296,0.096897375,0.232786885
11/18/2015 22:00,0.779190101,0.382537688,0.097136038,0.258287796
11/18/2015 23:00,0.78087739,0.354773869,0.095465394,0.292714026
11/19/2015 0:00,0.782114736,0.339572864,0.094749403,0.312750455
11/19/2015 1:00,0.782789651,0.333040201,0.094868735,0.333515483
11/19/2015 2:00,0.783014623,0.33178392,0.094272076,0.360291439
11/19/2015 3:00,0.782564679,0.344660804,0.094033413,0.37704918
11/19/2015 4:00,0.78200225,0.392211055,0.09451074,0.39726776
11/19/2015 5:00,0.781889764,0.48580402,0.096181384,0.398542805
11/19/2015 6:00,0.781889764,0.596105528,0.099642005,0.396721311
11/19/2015 7:00,0.782114736,0.637688442,0.100238663,0.38579235
11/19/2015 8:00,0.782339708,0.631281407,0.104057279,0.372859745
11/19/2015 9:00,0.782564679,0.606344221,0.110023866,0.35154827
11/19/2015 10:00,0.782339708,0.594158291,0.107398568,0.332604736
11/19/2015 11:00,0.782564679,0.593844221,0.107398568,0.326047359
11/19/2015 12:00,0.782564679,0.596859296,0.107995227,0.319125683
11/19/2015 13:00,0.782677165,0.628643216,0.11097852,0.312750455
11/19/2015 14:00,0.782677165,0.650565327,0.11026253,0.315846995
11/19/2015 15:00,0.782564679,0.659422111,0.111455847,0.335701275
11/19/2015 16:00,0.782564679,0.66790201,0.111097852,0.357741348
11/19/2015 17:00,0.782677165,0.668530151,0.11097852,0.34007286
11/19/2015 18:00,0.783352081,0.649560302,0.11097852,0.32859745
11/19/2015 19:00,0.783577053,0.610615578,0.111813842,0.326593807
11/19/2015 20:00,0.783464567,0.591520101,0.112768496,0.299817851
11/19/2015 21:00,0.783577053,0.529208543,0.114797136,0.287795993
11/19/2015 22:00,0.783802025,0.459798995,0.115155131,0.2856102
11/19/2015 23:00,0.783914511,0.396231156,0.11646778,0.26557377
11/20/2015 0:00,0.783802025,0.374434673,0.116945107,0.253916211
11/20/2015 1:00,0.783802025,0.363756281,0.118735084,0.25428051
11/20/2015 2:00,0.783689539,0.365766332,0.121121718,0.234790528
11/20/2015 3:00,0.783914511,0.386620603,0.121360382,0.228961749
11/20/2015 4:00,0.783689539,0.454962312,0.121002387,0.207103825
11/20/2015 5:00,0.783577053,0.563316583,0.122911695,0.203460838
11/20/2015 6:00,0.783352081,0.684798995,0.122911695,0.193624772
11/20/2015 7:00,0.782789651,0.707537688,0.124582339,0.19143898
11/20/2015 8:00,0.740494938,0.710427136,0.124463007,0.178688525
11/20/2015 9:00,0.72519685,0.708668342,0.123150358,0.172313297
11/20/2015 10:00,0.72215973,0.716080402,0.127446301,0.169581056
11/20/2015 11:00,0.72215973,0.716834171,0.130310263,0.16010929
11/20/2015 12:00,0.722384702,0.709359296,0.132935561,0.158834244
11/20/2015 13:00,0.722384702,0.706281407,0.159069212,0.167759563
11/20/2015 14:00,0.722047244,0.707474874,0.181264916,0.185974499
11/20/2015 15:00,0.72215973,0.723743719,0.182338902,0.203096539
11/20/2015 16:00,0.721934758,0.687248744,0.181742243,0.208743169
11/20/2015 17:00,0.72215973,0.684673367,0.180429594,0.22568306
11/20/2015 18:00,0.721934758,0.661871859,0.164081146,0.246812386
11/20/2015 19:00,0.72215973,0.632851759,0.156085919,0.276867031
11/20/2015 20:00,0.722384702,0.616645729,0.155369928,0.313114754
11/20/2015 21:00,0.722384702,0.557851759,0.156324582,0.342440801
11/20/2015 22:00,0.72215973,0.473241206,0.160859189,0.35701275
11/20/2015 23:00,0.722272216,0.418718593,0.156682578,0.364116576
11/21/2015 0:00,0.721934758,0.385992462,0.155966587,0.378688525
11/21/2015 1:00,0.72215973,0.364133166,0.156324582,0.407832423
11/21/2015 2:00,0.722047244,0.355527638,0.156682578,0.424954463
11/21/2015 3:00,0.721934758,0.352763819,0.157040573,0.438069217
11/21/2015 4:00,0.721709786,0.359610553,0.157279236,0.436976321
11/21/2015 5:00,0.721934758,0.390515075,0.159069212,0.441894353
11/21/2015 6:00,0.721709786,0.458479899,0.16026253,0.431693989
11/21/2015 7:00,0.721484814,0.495854271,0.161813842,0.426411658
11/21/2015 8:00,0.721822272,0.531909548,0.162291169,0.422222222
11/21/2015 9:00,0.721934758,0.560678392,0.161097852,0.394535519
11/21/2015 10:00,0.721934758,0.559610553,0.161217184,0.375227687
11/21/2015 11:00,0.721822272,0.557223618,0.161694511,0.376867031
11/21/2015 12:00,0.721822272,0.550125628,0.161813842,0.381602914
11/21/2015 13:00,0.722047244,0.554145729,0.159546539,0.410018215
11/21/2015 14:00,0.721822272,0.568655779,0.157040573,0.451001821
11/21/2015 15:00,0.720247469,0.591708543,0.158472554,0.472677596
11/21/2015 16:00,0.708436445,0.597047739,0.159188544,0.493260474
11/21/2015 17:00,0.665579303,0.574120603,0.159665871,0.512568306
11/21/2015 18:00,0.636895388,0.570351759,0.162052506,0.517850638
11/21/2015 19:00,0.61023622,0.538379397,0.16097852,0.541894353
11/21/2015 20:00,0.58143982,0.508668342,0.160739857,0.572495446
11/21/2015 21:00,0.566254218,0.469158291,0.159904535,0.589617486
11/21/2015 22:00,0.566254218,0.433919598,0.159546539,0.606193078
11/21/2015 23:00,0.566366704,0.371984925,0.155847255,0.611111111
11/22/2015 0:00,0.566816648,0.344409548,0.155250597,0.621675774
11/22/2015 1:00,0.565691789,0.337751256,0.154653938,0.613843352
11/22/2015 2:00,0.56647919,0.327261307,0.153221957,0.624954463
11/22/2015 3:00,0.56647919,0.328329146,0.153699284,0.62568306
11/22/2015 4:00,0.566591676,0.325816583,0.153818616,0.635336976
11/22/2015 5:00,0.566366704,0.357788945,0.154892601,0.645173042
11/22/2015 6:00,0.566366704,0.399371859,0.156205251,0.618579235
11/22/2015 7:00,0.566141732,0.427261307,0.156443914,0.596721311
11/22/2015 8:00,0.566141732,0.494786432,0.157637232,0.552641166
11/22/2015 9:00,0.56591676,0.523241206,0.156085919,0.53424408
11/22/2015 10:00,0.565691789,0.529334171,0.157040573,0.49708561
11/22/2015 11:00,0.565579303,0.524874372,0.163245823,0.457741348
11/22/2015 12:00,0.565579303,0.523869347,0.163842482,0.420765027
11/22/2015 13:00,0.565579303,0.529836683,0.170763723,0.412386157
11/22/2015 14:00,0.565579303,0.535741206,0.172911695,0.413843352
11/22/2015 15:00,0.565241845,0.588316583,0.173508353,0.396903461
11/22/2015 16:00,0.565129359,0.631846734,0.182935561,0.37704918
11/22/2015 17:00,0.565354331,0.625942211,0.183293556,0.333333333
11/22/2015 18:00,0.565241845,0.618718593,0.17326969,0.300728597
11/22/2015 19:00,0.565354331,0.600942211,0.172315036,0.25992714
11/22/2015 20:00,0.565579303,0.596922111,0.17326969,0.225500911
11/22/2015 21:00,0.565466817,0.567713568,0.174701671,0.218214936
11/22/2015 22:00,0.565691789,0.525251256,0.173150358,0.217486339
11/22/2015 23:00,0.566254218,0.440326633,0.173389021,0.216029144
11/23/2015 0:00,0.566816648,0.427512563,0.173508353,0.206557377
11/23/2015 1:00,0.566816648,0.43548995,0.174224344,0.200364299
11/23/2015 2:00,0.566929134,0.454962312,0.174701671,0.196539162
11/23/2015 3:00,0.566591676,0.47468593,0.174343675,0.181967213
11/23/2015 4:00,0.566254218,0.543153266,0.179713604,0.175227687
11/23/2015 5:00,0.566254218,0.672298995,0.19928401,0.156284153
11/23/2015 6:00,0.566591676,0.693844221,0.199403341,0.139526412
11/23/2015 7:00,0.566591676,0.695288945,0.2,0.127322404
11/23/2015 8:00,0.565804274,0.692336683,0.201789976,0.11712204
11/23/2015 9:00,0.566704162,0.718341709,0.205011933,0.110018215
11/23/2015 10:00,0.56704162,0.720351759,0.205011933,0.108743169
11/23/2015 11:00,0.57727784,0.718467337,0.209188544,0.114754098
11/23/2015 12:00,0.594600675,0.719095477,0.209427208,0.124043716
11/23/2015 13:00,0.601237345,0.718467337,0.208830549,0.139526412
11/23/2015 14:00,0.604049494,0.723869347,0.209665871,0.182695811
11/23/2015 15:00,0.607986502,0.718969849,0.210620525,0.22568306
11/23/2015 16:00,0.612148481,0.701758794,0.211336516,0.282149362
11/23/2015 17:00,0.615298088,0.687437186,0.199403341,0.323315118
11/23/2015 18:00,0.617097863,0.688505025,0.179713604,0.393078324
11/23/2015 19:00,0.618110236,0.674937186,0.192362768,0.437887067
11/23/2015 20:00,0.619347582,0.627575377,0.158114558,0.49435337
11/23/2015 21:00,0.620809899,0.591457286,0.151909308,0.539526412
11/23/2015 22:00,0.62272216,0.49428392,0.149880668,0.592531876
11/23/2015 23:00,0.624409449,0.381344221,0.148806683,0.632422587
11/24/2015 0:00,0.625984252,0.36758794,0.147016706,0.650637523
11/24/2015 1:00,0.627671541,0.360113065,0.145942721,0.640801457
11/24/2015 2:00,0.628571429,0.355778894,0.14522673,0.658287796
11/24/2015 3:00,0.629021372,0.358479899,0.145584726,0.651730419
11/24/2015 4:00,0.629021372,0.401256281,0.147494033,0.656102004
11/24/2015 5:00,0.628683915,0.528894472,0.150357995,0.656466302
11/24/2015 6:00,0.6287964,0.599246231,0.151670644,0.624043716
11/24/2015 7:00,0.628683915,0.630904523,0.15477327,0.587067395
11/24/2015 8:00,0.628346457,0.634610553,0.154653938,0.57723133
11/24/2015 9:00,0.627671541,0.636934673,0.153937947,0.563752277
11/24/2015 10:00,0.628346457,0.637060302,0.155011933,0.557741348
11/24/2015 11:00,0.628346457,0.636871859,0.153579952,0.534608379
11/24/2015 12:00,0.628346457,0.63379397,0.150954654,0.536429872
11/24/2015 13:00,0.628571429,0.641394472,0.150596659,0.537704918
11/24/2015 14:00,0.631383577,0.682663317,0.151670644,0.54298725
11/24/2015 15:00,0.631383577,0.699246231,0.151789976,0.53715847
11/24/2015 16:00,0.6287964,0.645351759,0.149164678,0.526958106
11/24/2015 17:00,0.629021372,0.633919598,0.146539379,0.53715847
11/24/2015 18:00,0.628908886,0.617085427,0.144988067,0.543715847
11/24/2015 19:00,0.629021372,0.598241206,0.144630072,0.539526412
11/24/2015 20:00,0.628908886,0.563630653,0.144749403,0.54863388
11/24/2015 21:00,0.629021372,0.515201005,0.14451074,0.543169399
11/24/2015 22:00,0.629246344,0.458479899,0.144749403,0.536065574
11/24/2015 23:00,0.62935883,0.344660804,0.143675418,0.518761384
11/25/2015 0:00,0.62935883,0.327952261,0.144033413,0.491256831
11/25/2015 1:00,0.629471316,0.325062814,0.143914081,0.464480874
11/25/2015 2:00,0.629471316,0.328831658,0.144152745,0.447723133
11/25/2015 3:00,0.629471316,0.345665829,0.144749403,0.425318761
11/25/2015 4:00,0.62935883,0.433856784,0.146062053,0.406739526
11/25/2015 5:00,0.6287964,0.601444724,0.151909308,0.392167577
11/25/2015 6:00,0.628908886,0.676821608,0.169928401,0.368852459
11/25/2015 7:00,0.628908886,0.692399497,0.181145585,0.342622951
11/25/2015 8:00,0.6287964,0.694095477,0.174940334,0.318214936
11/25/2015 9:00,0.628908886,0.699183417,0.18699284,0.286885246
11/25/2015 10:00,0.6287964,0.697550251,0.187112172,0.269398907
11/25/2015 11:00,0.6287964,0.695037688,0.185322196,0.2428051
11/25/2015 12:00,0.6287964,0.697298995,0.185083532,0.20564663
11/25/2015 13:00,0.628458943,0.683103015,0.185202864,0.185974499
11/25/2015 14:00,0.628571429,0.695791457,0.185680191,0.180510018
11/25/2015 15:00,0.628683915,0.694032663,0.188902148,0.178506375
11/25/2015 16:00,0.6287964,0.687437186,0.192124105,0.173588342
11/25/2015 17:00,0.628683915,0.68580402,0.191169451,0.174499089
11/25/2015 18:00,0.629133858,0.676067839,0.184725537,0.189253188
11/25/2015 19:00,0.629133858,0.642964824,0.163365155,0.205464481
11/25/2015 20:00,0.629133858,0.615703518,0.156085919,0.208014572
11/25/2015 21:00,0.629133858,0.563756281,0.150596659,0.224225865
11/25/2015 22:00,0.629471316,0.494786432,0.143556086,0.227868852
11/25/2015 23:00,0.629471316,0.358228643,0.145584726,0.239708561
11/26/2015 0:00,0.62935883,0.33209799,0.144391408,0.253187614
11/26/2015 1:00,0.629696288,0.331344221,0.145465394,0.261930783
11/26/2015 2:00,0.629696288,0.332726131,0.146658711,0.264298725
11/26/2015 3:00,0.629696288,0.347801508,0.14725537,0.277595628
11/26/2015 4:00,0.629696288,0.399937186,0.148926014,0.278688525
11/26/2015 5:00,0.629471316,0.559045226,0.164319809,0.287067395
11/26/2015 6:00,0.629246344,0.642462312,0.184009547,0.291621129
11/26/2015 7:00,0.629133858,0.651507538,0.194988067,0.280874317
11/26/2015 8:00,0.629471316,0.655150754,0.190453461,0.268123862
11/26/2015 9:00,0.62935883,0.672801508,0.196300716,0.257741348
11/26/2015 10:00,0.629246344,0.671042714,0.196181384,0.252823315
11/26/2015 11:00,0.62935883,0.666080402,0.196181384,0.264298725
11/26/2015 12:00,0.62935883,0.669221106,0.194391408,0.305282332
11/26/2015 13:00,0.629246344,0.65031407,0.196062053,0.362295082
11/26/2015 14:00,0.629021372,0.644535176,0.197136038,0.426229508
11/26/2015 15:00,0.629133858,0.637751256,0.193078759,0.48287796
11/26/2015 16:00,0.629133858,0.631972362,0.187947494,0.545355191
11/26/2015 17:00,0.62935883,0.619786432,0.184844869,0.603642987
11/26/2015 18:00,0.629583802,0.599623116,0.170167064,0.669581056
11/26/2015 19:00,0.62992126,0.561432161,0.168377088,0.709289617
11/26/2015 20:00,0.629696288,0.511620603,0.157637232,0.732422587
11/26/2015 21:00,0.629471316,0.465201005,0.148568019,0.765209472
11/26/2015 22:00,0.629583802,0.427952261,0.147136038,0.796903461
11/26/2015 23:00,0.629696288,0.328894472,0.137112172,0.812932605
11/27/2015 0:00,0.62992126,0.321105528,0.135560859,0.822586521
11/27/2015 1:00,0.630146232,0.311683417,0.129713604,0.829326047
11/27/2015 2:00,0.630033746,0.312248744,0.129236277,0.840437158
11/27/2015 3:00,0.630146232,0.328768844,0.129832936,0.841712204
11/27/2015 4:00,0.630033746,0.372424623,0.130787589,0.820765027
11/27/2015 5:00,0.629808774,0.529773869,0.132696897,0.799817851
11/27/2015 6:00,0.629583802,0.589635678,0.135083532,0.780692168
11/27/2015 7:00,0.629246344,0.600439698,0.137828162,0.780510018
11/27/2015 8:00,0.629696288,0.591896985,0.138305489,0.770127505
11/27/2015 9:00,0.629471316,0.581595477,0.140334129,0.778688525
11/27/2015 10:00,0.629583802,0.569660804,0.139856802,0.767213115
11/27/2015 11:00,0.629696288,0.55201005,0.138902148,0.77723133
11/27/2015 12:00,0.629471316,0.544032663,0.138782816,0.800728597
11/27/2015 13:00,0.629246344,0.539824121,0.138544153,0.810928962
11/27/2015 14:00,0.62935883,0.539384422,0.138186158,0.821311475
11/27/2015 15:00,0.629471316,0.554648241,0.139976134,0.835336976
11/27/2015 16:00,0.629696288,0.556721106,0.140095465,0.858469945
11/27/2015 17:00,0.629808774,0.543781407,0.139618138,0.868123862
11/27/2015 18:00,0.629808774,0.534233668,0.140692124,0.877595628
11/27/2015 19:00,0.629808774,0.489258794,0.143436754,0.890528233
11/27/2015 20:00,0.630146232,0.450439698,0.144272076,0.884881603
11/27/2015 21:00,0.62992126,0.407663317,0.144152745,0.872677596
11/27/2015 22:00,0.629808774,0.346796482,0.143675418,0.849362477
11/27/2015 23:00,0.629696288,0.306595477,0.13902148,0.798907104
11/28/2015 0:00,0.629583802,0.272550251,0.137708831,0.767759563
11/28/2015 1:00,0.629808774,0.267525126,0.137828162,0.750637523
11/28/2015 2:00,0.629583802,0.267336683,0.137589499,0.754098361
11/28/2015 3:00,0.629696288,0.274623116,0.138305489,0.755737705
11/28/2015 4:00,0.629808774,0.298492462,0.138186158,0.718761384
11/28/2015 5:00,0.629583802,0.352324121,0.135560859,0.698178506
11/28/2015 6:00,0.629583802,0.399057789,0.135202864,0.660291439
11/28/2015 7:00,0.629583802,0.450251256,0.135441527,0.610564663
11/28/2015 8:00,0.629133858,0.496105528,0.138066826,0.5571949
11/28/2015 9:00,0.62935883,0.530339196,0.142362768,0.488888889
11/28/2015 10:00,0.629471316,0.535866834,0.146658711,0.450455373
11/28/2015 11:00,0.62935883,0.533417085,0.146778043,0.415300546
11/28/2015 12:00,0.629246344,0.540829146,0.147852029,0.386520947
11/28/2015 13:00,0.629471316,0.549120603,0.147374702,0.370856102
11/28/2015 14:00,0.629583802,0.561997487,0.147374702,0.380145719
11/28/2015 15:00,0.629471316,0.571419598,0.147732697,0.398542805
11/28/2015 16:00,0.629696288,0.574874372,0.148210024,0.414025501
11/28/2015 17:00,0.629471316,0.562123116,0.149164678,0.438251366
11/28/2015 18:00,0.629808774,0.54428392,0.151551313,0.466120219
11/28/2015 19:00,0.629808774,0.493718593,0.148806683,0.493078324
11/28/2015 20:00,0.630258718,0.44861809,0.148687351,0.525136612
11/28/2015 21:00,0.630596175,0.407160804,0.14928401,0.555555556
11/28/2015 22:00,0.630371204,0.367525126,0.147016706,0.598360656
11/28/2015 23:00,0.630371204,0.316520101,0.145584726,0.612386157
11/29/2015 0:00,0.63048369,0.287060302,0.140214797,0.659016393
11/29/2015 1:00,0.630708661,0.277701005,0.13973747,0.703460838
11/29/2015 2:00,0.63048369,0.270603015,0.139618138,0.750637523
11/29/2015 3:00,0.630596175,0.272361809,0.13973747,0.774134791
11/29/2015 4:00,0.630596175,0.274497487,0.140453461,0.809107468
11/29/2015 5:00,0.630146232,0.291645729,0.138305489,0.829326047
11/29/2015 6:00,0.630033746,0.322550251,0.138544153,0.839344262
11/29/2015 7:00,0.630146232,0.362939698,0.142004773,0.836247723
11/29/2015 8:00,0.630146232,0.390012563,0.143436754,0.828233151
11/29/2015 9:00,0.629696288,0.414949749,0.144391408,0.825865209
11/29/2015 10:00,0.629583802,0.428643216,0.143914081,0.815846995
11/29/2015 11:00,0.629471316,0.452072864,0.145823389,0.799271403
11/29/2015 12:00,0.62992126,0.437876884,0.146300716,0.792714026
11/29/2015 13:00,0.630258718,0.445603015,0.145942721,0.750455373
11/29/2015 14:00,0.630146232,0.471733668,0.145823389,0.746994536
11/29/2015 15:00,0.630033746,0.505590452,0.146420048,0.719125683
11/29/2015 16:00,0.630146232,0.515766332,0.146658711,0.693989071
11/29/2015 17:00,0.630258718,0.504082915,0.147136038,0.64863388
11/29/2015 18:00,0.63048369,0.481972362,0.147136038,0.628415301
11/29/2015 19:00,0.630258718,0.457851759,0.14725537,0.571766849
11/29/2015 20:00,0.630146232,0.446356784,0.147732697,0.546630237
11/29/2015 21:00,0.630146232,0.414321608,0.147613365,0.491803279
11/29/2015 22:00,0.629808774,0.382223618,0.14725537,0.419125683
11/29/2015 23:00,0.630258718,0.334861809,0.14928401,0.434790528
11/30/2015 0:00,0.630371204,0.318592965,0.149403341,0.441712204
11/30/2015 1:00,0.630258718,0.318530151,0.150119332,0.446994536
11/30/2015 2:00,0.630371204,0.326507538,0.150835322,0.447905282
11/30/2015 3:00,0.630146232,0.335929648,0.150477327,0.451001821
11/30/2015 4:00,0.629808774,0.396105528,0.150477327,0.472677596
11/30/2015 5:00,0.630033746,0.556092965,0.153341289,0.47723133
11/30/2015 6:00,0.62992126,0.631344221,0.152983294,0.48287796
11/30/2015 7:00,0.62992126,0.652386935,0.152863962,0.506557377
11/30/2015 8:00,0.629808774,0.632035176,0.152267303,0.532786885
11/30/2015 9:00,0.629808774,0.626130653,0.152505967,0.548087432
11/30/2015 10:00,0.62935883,0.621042714,0.151073986,0.540983607
11/30/2015 11:00,0.629808774,0.614698492,0.154295943,0.554826958
11/30/2015 12:00,0.62992126,0.61419598,0.15274463,0.56557377
11/30/2015 13:00,0.629808774,0.61991206,0.151789976,0.587613843
11/30/2015 14:00,0.629696288,0.639007538,0.151789976,0.604189435
11/30/2015 15:00,0.629583802,0.652638191,0.152386635,0.622040073
11/30/2015 16:00,0.629696288,0.652198492,0.152267303,0.628415301
11/30/2015 17:00,0.629808774,0.653454774,0.155727924,0.613479053
11/30/2015 18:00,0.62992126,0.652449749,0.154057279,0.608925319
11/30/2015 19:00,0.629808774,0.62701005,0.153221957,0.613114754
11/30/2015 20:00,0.629808774,0.587311558,0.151193317,0.593624772
11/30/2015 21:00,0.630146232,0.546859296,0.149642005,0.593624772
11/30/2015 22:00,0.630371204,0.463002513,0.148448687,0.595264117
11/30/2015 23:00,0.63048369,0.342211055,0.148687351,0.595081967
12/1/2015 0:00,0.630371204,0.329522613,0.148687351,0.627686703
12/1/2015 1:00,0.630596175,0.325753769,0.149045346,0.655373406
12/1/2015 2:00,0.630933633,0.325816583,0.149522673,0.677777778
12/1/2015 3:00,0.630596175,0.345854271,0.150357995,0.698907104
12/1/2015 4:00,0.63048369,0.40540201,0.151193317,0.729508197
12/1/2015 5:00,0.630258718,0.536871859,0.152386635,0.743351548
12/1/2015 6:00,0.630146232,0.60571608,0.155011933,0.752094718
12/1/2015 7:00,0.630371204,0.629899497,0.155250597,0.748998179
12/1/2015 8:00,0.631496063,0.627449749,0.155250597,0.735883424
12/1/2015 9:00,0.631271091,0.632160804,0.147494033,0.723497268
12/1/2015 10:00,0.631271091,0.629459799,0.145465394,0.714571949
12/1/2015 11:00,0.631158605,0.614321608,0.139618138,0.696174863
12/1/2015 12:00,0.630708661,0.617022613,0.136754177,0.692714026
12/1/2015 13:00,0.630933633,0.634798995,0.138782816,0.711111111
12/1/2015 14:00,0.630821147,0.646042714,0.137589499,0.685245902
12/1/2015 15:00,0.630821147,0.656092965,0.151670644,0.692167577
12/1/2015 16:00,0.63048369,0.652449749,0.165990453,0.708014572
12/1/2015 17:00,0.630258718,0.65678392,0.166587112,0.703642987
12/1/2015 18:00,0.630371204,0.650188442,0.165632458,0.67704918
12/1/2015 19:00,0.630371204,0.628643216,0.15548926,0.648087432
12/1/2015 20:00,0.630371204,0.589133166,0.153221957,0.630783242
12/1/2015 21:00,0.630708661,0.544221106,0.142720764,0.612932605
12/1/2015 22:00,0.630708661,0.484484925,0.140453461,0.597814208
12/1/2015 23:00,0.630708661,0.390326633,0.139379475,0.559198543
12/2/2015 0:00,0.630821147,0.369974874,0.13902148,0.536976321
12/2/2015 1:00,0.630708661,0.366645729,0.135322196,0.488160291
12/2/2015 2:00,0.630596175,0.368278894,0.135322196,0.462112933
12/2/2015 3:00,0.63048369,0.385866834,0.1349642,0.424954463
12/2/2015 4:00,0.62992126,0.456155779,0.134725537,0.391256831
12/2/2015 5:00,0.629808774,0.599748744,0.137947494,0.329690346
12/2/2015 6:00,0.629808774,0.716520101,0.166945107,0.275045537
12/2/2015 7:00,0.629696288,0.73008794,0.171718377,0.236612022
12/2/2015 8:00,0.629808774,0.727701005,0.172673031,0.233151184
12/2/2015 9:00,0.629133858,0.733165829,0.169928401,0.235883424
12/2/2015 10:00,0.629021372,0.727072864,0.160620525,0.257377049
12/2/2015 11:00,0.62935883,0.695917085,0.173389021,0.308925319
12/2/2015 12:00,0.630146232,0.678643216,0.161694511,0.401639344
12/2/2015 13:00,0.62935883,0.674497487,0.15071599,0.488160291
12/2/2015 14:00,0.629021372,0.675376884,0.145465394,0.544990893
12/2/2015 15:00,0.628908886,0.671922111,0.145584726,0.6
12/2/2015 16:00,0.6287964,0.674183417,0.146778043,0.648998179
12/2/2015 17:00,0.629021372,0.630653266,0.148329356,0.647358834
12/2/2015 18:00,0.629021372,0.600062814,0.147613365,0.646083789
12/2/2015 19:00,0.629021372,0.584233668,0.147016706,0.671038251
12/2/2015 20:00,0.629021372,0.559359296,0.145346062,0.682695811
12/2/2015 21:00,0.628571429,0.504334171,0.144988067,0.688342441
12/2/2015 22:00,0.628571429,0.443404523,0.144630072,0.661748634
12/2/2015 23:00,0.628346457,0.357663317,0.140811456,0.650819672
12/3/2015 0:00,0.628346457,0.345540201,0.138544153,0.622404372
12/3/2015 1:00,0.626996625,0.34629397,0.138066826,0.61147541
12/3/2015 2:00,0.62632171,0.352575377,0.138186158,0.589799636
12/3/2015 3:00,0.626546682,0.367525126,0.137947494,0.54298725
12/3/2015 4:00,0.627221597,0.441896985,0.138663484,0.518214936
12/3/2015 5:00,0.627109111,0.584798995,0.141885442,0.47723133
12/3/2015 6:00,0.626996625,0.672613065,0.15548926,0.476502732
12/3/2015 7:00,0.650168729,0.688819095,0.160739857,0.492167577
12/3/2015 8:00,0.678065242,0.681469849,0.164200477,0.505282332
12/3/2015 9:00,0.678290214,0.66281407,0.144868735,0.507832423
12/3/2015 10:00,0.687064117,0.652575377,0.144152745,0.501457195
12/3/2015 11:00,0.702812148,0.641708543,0.141408115,0.484699454
12/3/2015 12:00,0.713273341,0.64089196,0.143198091,0.475045537
12/3/2015 13:00,0.712485939,0.639824121,0.146658711,0.46575592
12/3/2015 14:00,0.710461192,0.641834171,0.149522673,0.456284153
12/3/2015 15:00,0.710461192,0.646482412,0.160620525,0.461202186
12/3/2015 16:00,0.713160855,0.648052764,0.178997613,0.4571949
12/3/2015 17:00,0.719572553,0.639761307,0.167541766,0.466302368
12/3/2015 18:00,0.721259843,0.624623116,0.164319809,0.46010929
12/3/2015 19:00,0.721259843,0.57129397,0.157756563,0.467577413
12/3/2015 20:00,0.721034871,0.519723618,0.156921241,0.49726776
12/3/2015 21:00,0.726434196,0.490577889,0.143317422,0.526593807
12/3/2015 22:00,0.727334083,0.439070352,0.13973747,0.563570128
12/3/2015 23:00,0.727334083,0.325439698,0.138902148,0.576138434
12/4/2015 0:00,0.727671541,0.308228643,0.137231504,0.611111111
12/4/2015 1:00,0.732620922,0.302638191,0.139498807,0.633515483
12/4/2015 2:00,0.733858268,0.29629397,0.140095465,0.670856102
12/4/2015 3:00,0.733745782,0.311494975,0.140811456,0.694717668
12/4/2015 4:00,0.73408324,0.366582915,0.140453461,0.714025501
12/4/2015 5:00,0.739707537,0.492964824,0.143675418,0.736429872
12/4/2015 6:00,0.740832396,0.57129397,0.146778043,0.750091075
12/4/2015 7:00,0.74128234,0.580025126,0.146658711,0.732058288
12/4/2015 8:00,0.74128234,0.566896985,0.146658711,0.717304189
12/4/2015 9:00,0.741057368,0.575502513,0.146658711,0.669945355
12/4/2015 10:00,0.740944882,0.572550251,0.144630072,0.610746812
12/4/2015 11:00,0.740494938,0.585552764,0.144152745,0.561748634
12/4/2015 12:00,0.740832396,0.586369347,0.143675418,0.534790528
12/4/2015 13:00,0.74128234,0.58951005,0.143436754,0.552276867
12/4/2015 14:00,0.741619798,0.574246231,0.143436754,0.619489982
12/4/2015 15:00,0.741394826,0.580276382,0.143675418,0.696539162
12/4/2015 16:00,0.741394826,0.573680905,0.145465394,0.740983607
12/4/2015 17:00,0.741619798,0.561432161,0.149642005,0.778142077
12/4/2015 18:00,0.741732283,0.55138191,0.150835322,0.792167577
12/4/2015 19:00,0.741844769,0.505904523,0.152267303,0.784153005
12/4/2015 20:00,0.741844769,0.46111809,0.151909308,0.763023679
12/4/2015 21:00,0.741844769,0.438505025,0.15071599,0.713661202
12/4/2015 22:00,0.741957255,0.363065327,0.138902148,0.682149362
12/4/2015 23:00,0.742294713,0.254082915,0.131861575,0.654644809
12/5/2015 0:00,0.742294713,0.223743719,0.130190931,0.667941712
12/5/2015 1:00,0.742407199,0.21758794,0.129594272,0.7
12/5/2015 2:00,0.742407199,0.215138191,0.125775656,0.730054645
12/5/2015 3:00,0.742182227,0.21388191,0.125536993,0.761566485
12/5/2015 4:00,0.742632171,0.219660804,0.125656325,0.805464481
12/5/2015 5:00,0.742632171,0.25,0.125536993,0.853369763
12/5/2015 6:00,0.742519685,0.314133166,0.125178998,0.876502732
12/5/2015 7:00,0.742407199,0.344221106,0.124940334,0.883788707
12/5/2015 8:00,0.742407199,0.368467337,0.123866348,0.890528233
12/5/2015 9:00,0.741957255,0.372424623,0.124940334,0.901457195
12/5/2015 10:00,0.741619798,0.377826633,0.126610979,0.891256831
12/5/2015 11:00,0.741507312,0.358982412,0.126610979,0.889435337
12/5/2015 12:00,0.742294713,0.349937186,0.125178998,0.88287796
12/5/2015 13:00,0.744544432,0.36048995,0.125298329,0.878506375
12/5/2015 14:00,0.743982002,0.391708543,0.125775656,0.859744991
12/5/2015 15:00,0.743982002,0.452701005,0.124701671,0.827140255
12/5/2015 16:00,0.74488189,0.460175879,0.125059666,0.808743169
12/5/2015 17:00,0.747469066,0.434610553,0.125059666,0.800728597
12/5/2015 18:00,0.747806524,0.400502513,0.124224344,0.809836066
12/5/2015 19:00,0.74791901,0.362939698,0.124343675,0.823132969
12/5/2015 20:00,0.748931384,0.328077889,0.123150358,0.84298725
12/5/2015 21:00,0.751631046,0.280967337,0.12398568,0.855555556
12/5/2015 22:00,0.751406074,0.241520101,0.123389021,0.847540984
12/5/2015 23:00,0.751631046,0.195226131,0.121837709,0.832786885
12/6/2015 0:00,0.752305962,0.178517588,0.12124105,0.823679417
12/6/2015 1:00,0.754780652,0.174309045,0.120644391,0.82568306
12/6/2015 2:00,0.754668166,0.173429648,0.120405728,0.816393443
12/6/2015 3:00,0.754330709,0.174371859,0.120644391,0.827140255
12/6/2015 4:00,0.755005624,0.176067839,0.120644391,0.832422587
12/6/2015 5:00,0.757255343,0.174937186,0.120883055,0.822222222
12/6/2015 6:00,0.757367829,0.18611809,0.122434368,0.816939891
12/6/2015 7:00,0.757030371,0.235929648,0.120286396,0.827322404
12/6/2015 8:00,0.757592801,0.266143216,0.121599045,0.831693989
12/6/2015 9:00,0.760517435,0.279648241,0.122553699,0.817668488
12/6/2015 10:00,0.760854893,0.302386935,0.124821002,0.816393443
12/6/2015 11:00,0.761192351,0.31451005,0.124224344,0.827140255
12/6/2015 12:00,0.761867267,0.325690955,0.124701671,0.843533698
12/6/2015 13:00,0.764229471,0.375690955,0.125656325,0.82295082
12/6/2015 14:00,0.763779528,0.449057789,0.12601432,0.803096539
12/6/2015 15:00,0.76344207,0.493027638,0.127923628,0.824408015
12/6/2015 16:00,0.764229471,0.517964824,0.128400955,0.864298725
12/6/2015 17:00,0.766929134,0.518467337,0.130071599,0.86848816
12/6/2015 18:00,0.76704162,0.486871859,0.12875895,0.881056466
12/6/2015 19:00,0.76704162,0.444346734,0.130429594,0.88287796
12/6/2015 20:00,0.767716535,0.404899497,0.129594272,0.880510018
12/6/2015 21:00,0.770416198,0.338693467,0.12875895,0.856102004
12/6/2015 22:00,0.770528684,0.28008794,0.127207637,0.847540984
12/6/2015 23:00,0.770303712,0.253015075,0.122434368,0.861748634
12/7/2015 0:00,0.771541057,0.227198492,0.122673031,0.879599271
12/7/2015 1:00,0.774128234,0.229271357,0.121957041,0.883970856
12/7/2015 2:00,0.774353206,0.230841709,0.122315036,0.8856102
12/7/2015 3:00,0.774465692,0.287751256,0.122315036,0.883970856
12/7/2015 4:00,0.775028121,0.436557789,0.12326969,0.871766849
12/7/2015 5:00,0.777390326,0.518655779,0.126849642,0.832240437
12/7/2015 6:00,0.776940382,0.582788945,0.128520286,0.813114754
12/7/2015 7:00,0.777165354,0.609422111,0.129355609,0.787067395
12/7/2015 8:00,0.777165354,0.606972362,0.144749403,0.755737705
12/7/2015 9:00,0.780089989,0.610992462,0.138305489,0.715482696
12/7/2015 10:00,0.780652418,0.619221106,0.131622912,0.687795993
12/7/2015 11:00,0.780427447,0.618404523,0.12875895,0.639708561
12/7/2015 12:00,0.780427447,0.631030151,0.135680191,0.60856102
12/7/2015 13:00,0.783014623,0.645037688,0.135441527,0.557377049
12/7/2015 14:00,0.783127109,0.656846734,0.151670644,0.542258652
12/7/2015 15:00,0.783127109,0.661243719,0.157279236,0.519854281
12/7/2015 16:00,0.783352081,0.664824121,0.160739857,0.506010929
12/7/2015 17:00,0.783464567,0.664007538,0.164200477,0.499635701
12/7/2015 18:00,0.783464567,0.659673367,0.153699284,0.474134791
12/7/2015 19:00,0.783127109,0.625565327,0.147374702,0.456648452
12/7/2015 20:00,0.783689539,0.600816583,0.14725537,0.446265938
12/7/2015 21:00,0.783689539,0.556344221,0.146539379,0.434061931
12/7/2015 22:00,0.782902137,0.51589196,0.146062053,0.411839709
12/7/2015 23:00,0.782114736,0.395037688,0.145107399,0.424954463
12/8/2015 0:00,0.782339708,0.369409548,0.141646778,0.447358834
12/8/2015 1:00,0.783464567,0.363128141,0.13902148,0.430418944
12/8/2015 2:00,0.783802025,0.363505025,0.134009547,0.425136612
12/8/2015 3:00,0.784026997,0.381218593,0.131145585,0.39726776
12/8/2015 4:00,0.783914511,0.474623116,0.127446301,0.401639344
12/8/2015 5:00,0.783464567,0.586306533,0.138902148,0.423132969
12/8/2015 6:00,0.783464567,0.678643216,0.157995227,0.426229508
12/8/2015 7:00,0.783239595,0.691959799,0.162649165,0.424408015
12/8/2015 8:00,0.782902137,0.692022613,0.148210024,0.426958106
12/8/2015 9:00,0.783127109,0.693655779,0.138305489,0.432786885
12/8/2015 10:00,0.783239595,0.684484925,0.134128878,0.418397086
12/8/2015 11:00,0.783577053,0.665577889,0.135083532,0.398360656
12/8/2015 12:00,0.783464567,0.65339196,0.135083532,0.417304189
12/8/2015 13:00,0.783577053,0.653454774,0.138305489,0.446083789
12/8/2015 14:00,0.783239595,0.668404523,0.136396181,0.476684882
12/8/2015 15:00,0.783352081,0.686997487,0.135918854,0.528779599
12/8/2015 16:00,0.783352081,0.683856784,0.135560859,0.575409836
12/8/2015 17:00,0.783577053,0.637939698,0.13424821,0.586520947
12/8/2015 18:00,0.783802025,0.60709799,0.133651551,0.590892532
12/8/2015 19:00,0.783689539,0.576821608,0.132816229,0.596174863
12/8/2015 20:00,0.783577053,0.54089196,0.13150358,0.599089253
12/8/2015 21:00,0.783464567,0.490263819,0.131622912,0.599453552
12/8/2015 22:00,0.783464567,0.440452261,0.132458234,0.590892532
12/8/2015 23:00,0.783239595,0.337374372,0.128281623,0.57704918
12/9/2015 0:00,0.783464567,0.310175879,0.124343675,0.574863388
12/9/2015 1:00,0.783464567,0.30138191,0.124224344,0.560291439
12/9/2015 2:00,0.783577053,0.301570352,0.124463007,0.563205829
12/9/2015 3:00,0.783802025,0.32669598,0.124463007,0.57704918
12/9/2015 4:00,0.783577053,0.400942211,0.124701671,0.600546448
12/9/2015 5:00,0.783689539,0.525628141,0.126491647,0.590163934
12/9/2015 6:00,0.783577053,0.614572864,0.127207637,0.583970856
12/9/2015 7:00,0.783464567,0.632788945,0.128878282,0.563570128
12/9/2015 8:00,0.782339708,0.622801508,0.128162291,0.536976321
12/9/2015 9:00,0.767154106,0.620540201,0.128520286,0.554462659
12/9/2015 10:00,0.763329584,0.613190955,0.128639618,0.589799636
12/9/2015 11:00,0.76231721,0.610113065,0.129355609,0.639162113
12/9/2015 12:00,0.762429696,0.602701005,0.132458234,0.699635701
12/9/2015 13:00,0.772103487,0.602701005,0.132338902,0.721129326
12/9/2015 14:00,0.778627672,0.619660804,0.133054893,0.735336976
12/9/2015 15:00,0.782227222,0.645728643,0.13424821,0.748269581
12/9/2015 16:00,0.781889764,0.643027638,0.135202864,0.752094718
12/9/2015 17:00,0.78200225,0.622550251,0.128400955,0.743715847
12/9/2015 18:00,0.78200225,0.599057789,0.12875895,0.750637523
12/9/2015 19:00,0.782227222,0.580653266,0.127923628,0.750091075
12/9/2015 20:00,0.782452193,0.543907035,0.127326969,0.76867031
12/9/2015 21:00,0.782339708,0.472801508,0.126491647,0.768852459
12/9/2015 22:00,0.782339708,0.383103015,0.126968974,0.802003643
12/9/2015 23:00,0.782677165,0.299937186,0.124343675,0.810200364
12/10/2015 0:00,0.782789651,0.25138191,0.123389021,0.809471767
12/10/2015 1:00,0.782564679,0.239635678,0.123508353,0.807468124
12/10/2015 2:00,0.782452193,0.239070352,0.122911695,0.82276867
12/10/2015 3:00,0.782227222,0.266394472,0.123031026,0.804918033
12/10/2015 4:00,0.782339708,0.322864322,0.123627685,0.818761384
12/10/2015 5:00,0.782339708,0.45169598,0.126968974,0.846812386
12/10/2015 6:00,0.78200225,0.548555276,0.138066826,0.847540984
12/10/2015 7:00,0.78200225,0.577763819,0.139140811,0.83989071
12/10/2015 8:00,0.782114736,0.581218593,0.140811456,0.821857923
12/10/2015 9:00,0.78200225,0.585992462,0.127804296,0.798178506
12/10/2015 10:00,0.782114736,0.58580402,0.124463007,0.77704918
12/10/2015 11:00,0.782227222,0.565012563,0.130310263,0.756830601
12/10/2015 12:00,0.782452193,0.565515075,0.130787589,0.75992714
12/10/2015 13:00,0.782227222,0.568090452,0.131264916,0.772677596
12/10/2015 14:00,0.782452193,0.573680905,0.132577566,0.781238616
12/10/2015 15:00,0.782339708,0.596482412,0.138902148,0.776684882
12/10/2015 16:00,0.782114736,0.594346734,0.138782816,0.773406193
12/10/2015 17:00,0.781777278,0.600376884,0.138782816,0.770673953
12/10/2015 18:00,0.783914511,0.595854271,0.138544153,0.756284153
12/10/2015 19:00,0.783689539,0.571482412,0.13902148,0.735336976
12/10/2015 20:00,0.783352081,0.532160804,0.140095465,0.721857923
12/10/2015 21:00,0.783352081,0.471859296,0.135799523,0.69726776
12/10/2015 22:00,0.783239595,0.417148241,0.135799523,0.681420765
12/10/2015 23:00,0.782902137,0.321356784,0.133293556,0.662659381
12/11/2015 0:00,0.783014623,0.28951005,0.133054893,0.667030965
12/11/2015 1:00,0.783239595,0.28718593,0.133651551,0.627504554
12/11/2015 2:00,0.783127109,0.288190955,0.134128878,0.604735883
12/11/2015 3:00,0.783239595,0.318467337,0.134606205,0.591256831
12/11/2015 4:00,0.783239595,0.390452261,0.13627685,0.568306011
12/11/2015 5:00,0.783352081,0.496859296,0.139140811,0.569581056
12/11/2015 6:00,0.757255343,0.625816583,0.142362768,0.541347905
12/11/2015 7:00,0.749268841,0.649434673,0.143436754,0.536612022
12/11/2015 8:00,0.748931384,0.65138191,0.142601432,0.50582878
12/11/2015 9:00,0.74904387,0.651067839,0.143078759,0.465027322
12/11/2015 10:00,0.749606299,0.65201005,0.142124105,0.451183971
12/11/2015 11:00,0.749718785,0.643907035,0.140095465,0.467577413
12/11/2015 12:00,0.749493813,0.641520101,0.141646778,0.446083789
12/11/2015 13:00,0.749831271,0.642650754,0.146300716,0.448087432
12/11/2015 14:00,0.749156355,0.652072864,0.146778043,0.492167577
12/11/2015 15:00,0.74904387,0.663002513,0.146897375,0.495264117
12/11/2015 16:00,0.74904387,0.67701005,0.14797136,0.52276867
12/11/2015 17:00,0.748931384,0.65879397,0.145942721,0.546812386
12/11/2015 18:00,0.74904387,0.653203518,0.144749403,0.569763206
12/11/2015 19:00,0.749606299,0.622738693,0.143317422,0.581420765
12/11/2015 20:00,0.759167604,0.578580402,0.142124105,0.601821494
12/11/2015 21:00,0.777727784,0.512751256,0.140572792,0.606375228
12/11/2015 22:00,0.785939258,0.461997487,0.139856802,0.59435337
12/11/2015 23:00,,,,0.589799636
12/12/2015 0:00,,,,0.608743169
12/12/2015 1:00,,,,0.610382514
12/12/2015 2:00,,,,0.608743169
12/12/2015 3:00,,,,0.587613843
12/12/2015 4:00,,,,0.561748634
12/12/2015 5:00,,,,0.551730419
12/12/2015 6:00,,,,0.533879781
12/12/2015 7:00,,,,0.538433515
12/12/2015 8:00,,,,0.557377049
12/12/2015 9:00,,,,0.541165756
12/12/2015 10:00,,,,0.526958106
12/12/2015 11:00,,,,0.523679417
12/12/2015 12:00,,,,0.523679417
12/12/2015 13:00,,,,0.529326047
12/12/2015 14:00,,,,0.517486339
12/12/2015 15:00,,,,0.523679417
12/12/2015 16:00,,,,0.500546448
12/12/2015 17:00,,,,0.468852459
12/12/2015 18:00,,,,0.442258652
12/12/2015 19:00,,,,0.421675774
12/12/2015 20:00,,,,0.378870674
12/12/2015 21:00,,,,0.330418944
12/12/2015 22:00,,,,0.296721311
12/12/2015 23:00,,,,0.255919854
12/13/2015 0:00,,,,0.239162113
12/13/2015 1:00,,,,0.222040073
12/13/2015 2:00,,,,0.203642987
12/13/2015 3:00,,,,0.199271403
12/13/2015 4:00,,,,0.187978142
12/13/2015 5:00,,,,0.183970856
12/13/2015 6:00,,,,0.179417122
12/13/2015 7:00,,,,0.178324226
12/13/2015 8:00,,,,0.172677596
12/13/2015 9:00,,,,0.155555556
12/13/2015 10:00,,,,0.136065574
12/13/2015 11:00,,,,0.136976321
12/13/2015 12:00,,,,0.150637523
12/13/2015 13:00,,,,0.176138434
12/13/2015 14:00,,,,0.194899818
12/13/2015 15:00,,,,0.221493625
12/13/2015 16:00,,,,0.239162113
12/13/2015 17:00,,,,0.243897996
12/13/2015 18:00,,,,0.246812386
12/13/2015 19:00,,,,0.26010929
12/13/2015 20:00,,,,0.242622951
12/13/2015 21:00,,,,0.253187614
12/13/2015 22:00,,,,0.281785064
12/13/2015 23:00,0.7856018,0.462311558,0.177923628,0.298907104
12/14/2015 0:00,0.78503937,0.432977387,0.177804296,0.327140255
12/14/2015 1:00,0.7856018,0.429962312,0.179832936,0.355009107
12/14/2015 2:00,0.785826772,0.437939698,0.18221957,0.368123862
12/14/2015 3:00,0.785376828,0.455527638,0.1849642,0.392896175
12/14/2015 4:00,0.784701912,0.533668342,0.195346062,0.369034608
12/14/2015 5:00,0.78447694,0.672738693,0.206205251,0.367577413
12/14/2015 6:00,0.78503937,0.697047739,0.210859189,0.36867031
12/14/2015 7:00,0.785264342,0.706532663,0.215632458,0.352823315
12/14/2015 8:00,0.785826772,0.713379397,0.211336516,0.327868852
12/14/2015 9:00,0.786051744,0.731344221,0.212529833,0.299635701
12/14/2015 10:00,0.786276715,0.738002513,0.211336516,0.275956284
12/14/2015 11:00,0.786389201,0.73241206,0.210381862,0.236976321
12/14/2015 12:00,0.786164229,0.731344221,0.209307876,0.170309654
12/14/2015 13:00,0.786276715,0.729585427,0.209665871,0.131876138
12/14/2015 14:00,0.786276715,0.748178392,0.209188544,0.121675774
12/14/2015 15:00,0.785826772,0.757286432,0.21372315,0.119489982
12/14/2015 16:00,0.786389201,0.730653266,0.213484487,0.138615665
12/14/2015 17:00,0.786276715,0.719346734,0.208711217,0.17140255
12/14/2015 18:00,0.786164229,0.705150754,0.207279236,0.220218579
12/14/2015 19:00,0.786389201,0.696984925,0.207756563,0.272859745
12/14/2015 20:00,0.786164229,0.666080402,0.195584726,0.310564663
12/14/2015 21:00,0.786389201,0.606972362,0.183174224,0.332604736
12/14/2015 22:00,0.786614173,0.522047739,0.172195704,0.359744991
12/14/2015 23:00,0.787064117,0.43209799,0.170047733,0.380874317
12/15/2015 0:00,0.786726659,0.414698492,0.165990453,0.39726776
12/15/2015 1:00,0.786726659,0.411306533,0.162529833,0.396721311
12/15/2015 2:00,0.748931384,0.416834171,0.163961814,0.407103825
12/15/2015 3:00,0.628571429,0.448994975,0.164677804,0.426593807
12/15/2015 4:00,0.628571429,0.515829146,0.175059666,0.418397086
12/15/2015 5:00,0.628346457,0.626758794,0.188663484,0.42276867
12/15/2015 6:00,0.628683915,0.677638191,0.208114558,0.42003643
12/15/2015 7:00,0.629133858,0.689761307,0.2150358,0.406921676
12/15/2015 8:00,0.628008999,0.692022613,0.217541766,0.380145719
12/15/2015 9:00,0.632170979,0.739007538,0.222911695,0.34007286
12/15/2015 10:00,0.629583802,0.700439698,0.216825776,0.320765027
12/15/2015 11:00,0.630146232,0.701444724,0.217422434,0.300546448
12/15/2015 12:00,0.630146232,0.708040201,0.217303103,0.287249545
12/15/2015 13:00,0.63048369,0.718404523,0.216706444,0.294535519
12/15/2015 14:00,0.63048369,0.723241206,0.216706444,0.286156648
12/15/2015 15:00,0.630033746,0.726821608,0.217899761,0.298360656
12/15/2015 16:00,0.630371204,0.725,0.21778043,0.30564663
12/15/2015 17:00,0.630371204,0.719723618,0.217303103,0.309836066
12/15/2015 18:00,0.630258718,0.717525126,0.217064439,0.302367942
12/15/2015 19:00,0.629246344,0.708605528,0.213484487,0.321311475
12/15/2015 20:00,0.62935883,0.69491206,0.208711217,0.328415301
12/15/2015 21:00,0.630033746,0.609170854,0.198090692,0.345355191
12/15/2015 22:00,0.630146232,0.533103015,0.192720764,0.364663024
12/15/2015 23:00,0.630146232,0.45138191,0.191050119,0.40856102
12/16/2015 0:00,0.630596175,0.423555276,0.187708831,0.438069217
12/16/2015 1:00,0.630821147,0.416017588,0.18150358,0.446265938
12/16/2015 2:00,0.630708661,0.414824121,0.181145585,0.452094718
12/16/2015 3:00,0.63048369,0.43611809,0.180071599,0.450091075
12/16/2015 4:00,0.630371204,0.483856784,0.187708831,0.432786885
12/16/2015 5:00,0.630596175,0.617650754,0.208114558,0.417486339
12/16/2015 6:00,0.630596175,0.68919598,0.213126492,0.405464481
12/16/2015 7:00,0.63048369,0.697173367,0.214439141,0.383242259
12/16/2015 8:00,0.630933633,0.71451005,0.215155131,0.359380692
12/16/2015 9:00,0.63048369,0.705150754,0.213842482,0.341894353
12/16/2015 10:00,0.630371204,0.71048995,0.214200477,0.300910747
12/16/2015 11:00,0.630596175,0.722236181,0.214916468,0.268852459
12/16/2015 12:00,0.630821147,0.730778894,0.214081146,0.238615665
12/16/2015 13:00,0.630708661,0.741457286,0.214081146,0.21420765
12/16/2015 14:00,0.630596175,0.748869347,0.21778043,0.204007286
12/16/2015 15:00,0.630596175,0.747298995,0.217303103,0.199817851
12/16/2015 16:00,0.628908886,0.747047739,0.206443914,0.195992714
12/16/2015 17:00,0.629133858,0.742211055,0.201431981,0.190528233
12/16/2015 18:00,0.6287964,0.718655779,0.201789976,0.206921676
12/16/2015 19:00,0.629021372,0.724874372,0.201909308,0.227504554
12/16/2015 20:00,0.629133858,0.680276382,0.20548926,0.241894353
12/16/2015 21:00,0.629696288,0.620854271,0.190334129,0.270491803
12/16/2015 22:00,0.62992126,0.520791457,0.172911695,0.287431694
12/16/2015 23:00,0.630146232,0.421545226,0.153818616,0.292349727
12/17/2015 0:00,0.630033746,0.408731156,0.146300716,0.279052823
12/17/2015 1:00,0.630146232,0.407537688,0.141408115,0.256284153
12/17/2015 2:00,0.630258718,0.41048995,0.13221957,0.241347905
12/17/2015 3:00,0.630033746,0.426130653,0.13221957,0.235336976
12/17/2015 4:00,0.630146232,0.465954774,0.131742243,0.223861566
12/17/2015 5:00,0.630258718,0.609547739,0.135083532,0.209653916
12/17/2015 6:00,0.629583802,0.725942211,0.162887828,0.198907104
12/17/2015 7:00,0.62935883,0.740577889,0.166825776,0.189071038
12/17/2015 8:00,0.629021372,0.746545226,0.17326969,0.184153005
12/17/2015 9:00,0.629246344,0.735866834,0.166348449,0.198907104
12/17/2015 10:00,0.629471316,0.735364322,0.166587112,0.212204007
12/17/2015 11:00,0.62935883,0.733542714,0.166229117,0.221857923
12/17/2015 12:00,0.629246344,0.731155779,0.166825776,0.243351548
12/17/2015 13:00,0.629808774,0.729711055,0.166587112,0.238979964
12/17/2015 14:00,0.62992126,0.732600503,0.167422434,0.230236794
12/17/2015 15:00,0.62992126,0.751319095,0.169451074,0.215300546
12/17/2015 16:00,0.630033746,0.736369347,0.152386635,0.214025501
12/17/2015 17:00,0.629808774,0.73178392,0.147852029,0.213843352
12/17/2015 18:00,0.629583802,0.722298995,0.145942721,0.220218579
12/17/2015 19:00,0.629583802,0.673366834,0.137828162,0.236247723
12/17/2015 20:00,0.629808774,0.598680905,0.132935561,0.259016393
12/17/2015 21:00,0.629808774,0.529208543,0.129116945,0.277595628
12/17/2015 22:00,0.629583802,0.452261307,0.12601432,0.323861566
12/17/2015 23:00,0.629583802,0.358605528,0.118615752,0.361748634
12/18/2015 0:00,0.62935883,0.321670854,0.118735084,0.382695811
12/18/2015 1:00,0.629583802,0.313756281,0.122315036,0.406739526
12/18/2015 2:00,0.629583802,0.314886935,0.123508353,0.425865209
12/18/2015 3:00,0.629583802,0.33071608,0.123389021,0.417304189
12/18/2015 4:00,0.62935883,0.366959799,0.12398568,0.42276867
12/18/2015 5:00,0.629246344,0.498241206,0.124105012,0.438615665
12/18/2015 6:00,0.629133858,0.635364322,0.126968974,0.465209472
12/18/2015 7:00,0.629246344,0.679585427,0.127565632,0.471038251
12/18/2015 8:00,0.628908886,0.670163317,0.127923628,0.474134791
12/18/2015 9:00,0.628121485,0.658982412,0.127446301,0.490892532
12/18/2015 10:00,0.628233971,0.639258794,0.124940334,0.501092896
12/18/2015 11:00,0.628346457,0.623241206,0.125059666,0.524225865
12/18/2015 12:00,0.628683915,0.619409548,0.124343675,0.577595628
12/18/2015 13:00,0.629246344,0.619221106,0.124105012,0.615118397
12/18/2015 14:00,0.628683915,0.616457286,0.124105012,0.620218579
12/18/2015 15:00,0.628121485,0.616080402,0.125178998,0.641712204
12/18/2015 16:00,0.628346457,0.615263819,0.125536993,0.683970856
12/18/2015 17:00,0.628571429,0.588379397,0.125298329,0.704371585
12/18/2015 18:00,0.628683915,0.555653266,0.123627685,0.764298725
12/18/2015 19:00,0.628683915,0.513944724,0.124821002,0.775227687
12/18/2015 20:00,0.6287964,0.442462312,0.123866348,0.802550091
12/18/2015 21:00,0.628683915,0.397738693,0.120883055,0.826593807
12/18/2015 22:00,0.628571429,0.347801508,0.11575179,0.856466302
12/18/2015 23:00,0.6287964,0.309610553,0.112052506,0.867030965
12/19/2015 0:00,0.628908886,0.281909548,0.112291169,0.861748634
12/19/2015 1:00,0.628908886,0.272738693,0.111575179,0.842440801
12/19/2015 2:00,0.629021372,0.27298995,0.110620525,0.819307832
12/19/2015 3:00,0.629246344,0.27638191,0.110381862,0.799635701
12/19/2015 4:00,0.637907762,0.294095477,0.110739857,0.761566485
12/19/2015 5:00,0.67784027,0.347424623,0.110859189,0.750091075
12/19/2015 6:00,0.685264342,0.400628141,0.11300716,0.731876138
12/19/2015 7:00,0.697525309,0.449811558,0.113603819,0.713296903
12/19/2015 8:00,0.709223847,0.488379397,0.111694511,0.680874317
12/19/2015 9:00,0.713835771,0.502701005,0.111694511,0.643351548
12/19/2015 10:00,0.713273341,0.513253769,0.112410501,0.586520947
12/19/2015 11:00,0.73712036,0.507851759,0.111336516,0.550091075
12/19/2015 12:00,0.741732283,0.504962312,0.113365155,0.5143898
12/19/2015 13:00,0.741957255,0.50540201,0.114319809,0.472313297
12/19/2015 14:00,0.742069741,0.536746231,0.113126492,0.425136612
12/19/2015 15:00,0.745331834,0.557474874,0.112291169,0.406557377
12/19/2015 16:00,0.748593926,0.55031407,0.114200477,0.445173042
12/19/2015 17:00,0.751631046,0.539824121,0.114439141,0.524590164
12/19/2015 18:00,0.754668166,0.499057789,0.112291169,0.583242259
12/19/2015 19:00,0.756130484,0.456532663,0.111933174,0.639344262
12/19/2015 20:00,0.756130484,0.414635678,0.112887828,0.699635701
12/19/2015 21:00,0.760292463,0.386934673,0.112649165,0.718032787
12/19/2015 22:00,0.762654668,0.317964824,0.111694511,0.725500911
12/19/2015 23:00,0.762654668,0.242085427,0.11097852,0.730601093
12/20/2015 0:00,0.762992126,0.20571608,0.110143198,0.729508197
12/20/2015 1:00,0.762767154,0.191080402,0.109546539,0.724408015
12/20/2015 2:00,0.762767154,0.19089196,0.109785203,0.736976321
12/20/2015 3:00,0.763217098,0.190640704,0.109785203,0.720765027
12/20/2015 4:00,0.769628796,0.191834171,0.109665871,0.728233151
12/20/2015 5:00,0.769403825,0.21388191,0.109546539,0.741712204
12/20/2015 6:00,0.768728909,0.232788945,0.108711217,0.765027322
12/20/2015 7:00,0.768166479,0.264698492,0.106085919,0.769581056
12/20/2015 8:00,0.773115861,0.303957286,0.106443914,0.750455373
12/20/2015 9:00,0.774353206,0.336306533,0.108353222,0.738615665
12/20/2015 10:00,0.776265467,0.362939698,0.109904535,0.7571949
12/20/2015 11:00,0.780652418,0.371356784,0.108591885,0.76010929
12/20/2015 12:00,0.780652418,0.377324121,0.110023866,0.743715847
12/20/2015 13:00,0.780427447,0.388756281,0.111575179,0.724772313
12/20/2015 14:00,0.780089989,0.419346734,0.112171838,0.71147541
12/20/2015 15:00,0.779865017,0.445414573,0.113126492,0.698907104
12/20/2015 16:00,0.780202475,0.461934673,0.113126492,0.691621129
12/20/2015 17:00,0.780202475,0.457600503,0.113484487,0.675409836
12/20/2015 18:00,0.780539933,0.428077889,0.112171838,0.654098361
12/20/2015 19:00,0.780764904,0.38580402,0.111813842,0.662295082
12/20/2015 20:00,0.780539933,0.344723618,0.112410501,0.674499089
12/20/2015 21:00,0.780427447,0.303454774,0.112052506,0.706921676
12/20/2015 22:00,0.780089989,0.250565327,0.111097852,0.725318761
12/20/2015 23:00,0.779977503,0.194535176,0.103102625,0.738433515
12/21/2015 0:00,0.780427447,0.187311558,0.104415274,0.753551913
12/21/2015 1:00,0.78200225,0.184673367,0.103699284,0.775956284
12/21/2015 2:00,0.783689539,0.181909548,0.103699284,0.793078324
12/21/2015 3:00,0.783802025,0.188567839,0.104415274,0.806739526
12/21/2015 4:00,0.783689539,0.225879397,0.106085919,0.799817851
12/21/2015 5:00,0.783239595,0.40169598,0.1075179,0.794717668
12/21/2015 6:00,0.783239595,0.51451005,0.110143198,0.802003643
12/21/2015 7:00,0.783014623,0.565766332,0.11026253,0.778870674
12/21/2015 8:00,0.783127109,0.576507538,0.11300716,0.774499089
12/21/2015 9:00,0.781102362,0.577763819,0.113126492,0.774499089
12/21/2015 10:00,0.783127109,0.573994975,0.112887828,0.766484517
12/21/2015 11:00,0.783127109,0.566268844,0.114319809,0.786885246
12/21/2015 12:00,0.782902137,0.561620603,0.115871122,0.783424408
12/21/2015 13:00,0.783239595,0.572613065,0.115155131,0.780510018
12/21/2015 14:00,0.782902137,0.584484925,0.115155131,0.794717668
12/21/2015 15:00,0.782902137,0.590829146,0.114677804,0.801092896
12/21/2015 16:00,0.783239595,0.585929648,0.11300716,0.80564663
12/21/2015 17:00,0.783127109,0.557726131,0.112052506,0.790710383
12/21/2015 18:00,0.783239595,0.537374372,0.111097852,0.785063752
12/21/2015 19:00,0.783352081,0.466959799,0.110381862,0.784517304
12/21/2015 20:00,0.783577053,0.388756281,0.109546539,0.766666667
12/21/2015 21:00,0.783914511,0.292650754,0.107756563,0.727686703
12/21/2015 22:00,0.783689539,0.213128141,0.107279236,0.707650273
12/21/2015 23:00,0.783689539,0.192336683,0.102147971,0.70273224
12/22/2015 0:00,0.783689539,0.185992462,0.102625298,0.656830601
12/22/2015 1:00,0.783802025,0.185866834,0.103221957,0.633879781
12/22/2015 2:00,0.784251969,0.187060302,0.103221957,0.638433515
12/22/2015 3:00,0.78447694,0.19629397,0.103818616,0.715846995
12/22/2015 4:00,0.784251969,0.231344221,0.10548926,0.754462659
12/22/2015 5:00,0.784364454,0.336934673,0.107995227,0.759380692
12/22/2015 6:00,0.784026997,0.459610553,0.108949881,0.767577413
12/22/2015 7:00,0.783577053,0.548680905,0.110381862,0.766120219
12/22/2015 8:00,0.783464567,0.554648241,0.109307876,0.696903461
12/22/2015 9:00,0.783802025,0.558919598,0.108591885,0.646083789
12/22/2015 10:00,0.790776153,0.561432161,0.108472554,0.59726776
12/22/2015 11:00,0.797412823,0.563693467,0.107398568,0.559562842
12/22/2015 12:00,0.798087739,0.548241206,0.102147971,0.492349727
12/22/2015 13:00,0.797637795,0.550753769,0.101789976,0.475774135
12/22/2015 14:00,0.794938133,0.556281407,0.101909308,0.499817851
12/22/2015 15:00,0.797187852,0.578517588,0.101909308,0.493260474
12/22/2015 16:00,0.801124859,0.572927136,0.10202864,0.53132969
12/22/2015 17:00,0.801799775,0.527638191,0.103818616,0.585245902
12/22/2015 18:00,0.801687289,0.478831658,0.103460621,0.62276867
12/22/2015 19:00,0.801349831,0.428015075,0.102147971,0.676138434
12/22/2015 20:00,0.804274466,0.377638191,0.09928401,0.687613843
12/22/2015 21:00,0.817772778,0.329020101,0.097136038,0.676502732
12/22/2015 22:00,0.820922385,0.261432161,0.096539379,0.659380692
12/22/2015 23:00,0.839595051,0.203894472,0.095346062,0.636247723
12/23/2015 0:00,0.854443195,0.172487437,0.094749403,0.611657559
12/23/2015 1:00,0.857930259,0.165075377,0.09451074,0.599453552
12/23/2015 2:00,0.861417323,0.167462312,0.094749403,0.556102004
12/23/2015 3:00,0.862204724,0.170226131,0.095823389,0.535154827
12/23/2015 4:00,0.862204724,0.19798995,0.099164678,0.531693989
12/23/2015 5:00,0.861979753,0.264447236,0.106801909,0.526411658
12/23/2015 6:00,0.861979753,0.371796482,0.110859189,0.51420765
12/23/2015 7:00,0.861642295,0.411620603,0.112768496,0.523861566
12/23/2015 8:00,0.860517435,0.41758794,0.113365155,0.581056466
12/23/2015 9:00,0.859055118,0.422173367,0.11372315,0.592167577
12/23/2015 10:00,0.857592801,0.411432161,0.112649165,0.590346084
12/23/2015 11:00,0.85871766,0.388002513,0.113126492,0.602550091
12/23/2015 12:00,0.863104612,0.37701005,0.113365155,0.620947177
12/23/2015 13:00,0.862429696,0.385364322,0.113961814,0.653551913
12/23/2015 14:00,0.86231721,0.393341709,0.112768496,0.673041894
12/23/2015 15:00,0.862654668,0.416457286,0.114200477,0.67996357
12/23/2015 16:00,0.863104612,0.412123116,0.11372315,0.667941712
12/23/2015 17:00,0.863104612,0.408479899,0.111097852,0.674134791
12/23/2015 18:00,0.863329584,0.380590452,0.110739857,0.698178506
12/23/2015 19:00,0.863667042,0.339321608,0.109904535,0.730965392
12/23/2015 20:00,0.864004499,0.308479899,0.107398568,0.755191257
12/23/2015 21:00,0.864229471,0.270100503,0.106443914,0.762477231
12/23/2015 22:00,0.864566929,0.225,0.099642005,0.796539162
12/23/2015 23:00,0.864566929,0.17531407,0.096062053,0.82003643
12/24/2015 0:00,0.864679415,0.156281407,0.094988067,0.824408015
12/24/2015 1:00,0.864566929,0.150502513,0.094630072,0.801092896
12/24/2015 2:00,0.864454443,0.155150754,0.093675418,0.761384335
12/24/2015 3:00,0.864566929,0.154711055,0.095465394,0.72859745
12/24/2015 4:00,0.864454443,0.160050251,0.096658711,0.713479053
12/24/2015 5:00,0.864566929,0.187374372,0.10071599,0.69726776
12/24/2015 6:00,0.864566929,0.223492462,0.100596659,0.695628415
12/24/2015 7:00,0.864454443,0.244849246,0.102267303,0.689071038
12/24/2015 8:00,0.864566929,0.266959799,0.107995227,0.669216758
12/24/2015 9:00,0.863554556,0.285992462,0.108114558,0.669763206
12/24/2015 10:00,0.863554556,0.28888191,0.109307876,0.677413479
12/24/2015 11:00,0.863779528,0.28071608,0.111694511,0.699635701
12/24/2015 12:00,0.864004499,0.278831658,0.110859189,0.732240437
12/24/2015 13:00,0.864116985,0.271482412,0.110620525,0.730418944
12/24/2015 14:00,0.864229471,0.263190955,0.111455847,0.732786885
12/24/2015 15:00,0.864004499,0.263693467,0.111813842,0.753734062
12/24/2015 16:00,0.863779528,0.246922111,0.111336516,0.783424408
12/24/2015 17:00,0.863892013,0.207474874,0.11026253,0.819854281
12/24/2015 18:00,0.864341957,0.188944724,0.109069212,0.837704918
12/24/2015 19:00,0.864341957,0.177701005,0.106921241,0.843715847
12/24/2015 20:00,0.864116985,0.171984925,0.105966587,0.860473588
12/24/2015 21:00,0.860179978,0.167085427,0.102147971,0.87431694
12/24/2015 22:00,0.824746907,0.15201005,0.100238663,0.885428051
12/24/2015 23:00,0.782564679,0.139886935,0.098210024,0.903096539
12/25/2015 0:00,0.782564679,0.133103015,0.098210024,0.901639344
12/25/2015 1:00,0.782902137,0.132851759,0.098210024,0.899453552
12/25/2015 2:00,0.783014623,0.132286432,0.099164678,0.898360656
12/25/2015 3:00,0.782902137,0.137311558,0.099403341,0.901092896
12/25/2015 4:00,0.782789651,0.14491206,0.101073986,0.888160291
12/25/2015 5:00,0.782677165,0.183040201,0.101670644,0.866848816
12/25/2015 6:00,0.782789651,0.2,0.101789976,0.8571949
12/25/2015 7:00,0.782902137,0.208731156,0.101670644,0.804918033
12/25/2015 8:00,0.782677165,0.22298995,0.101312649,0.822040073
12/25/2015 9:00,0.782677165,0.225062814,0.102386635,0.831147541
12/25/2015 10:00,0.782789651,0.228015075,0.101909308,0.844990893
12/25/2015 11:00,0.782564679,0.22330402,0.101551313,0.869034608
12/25/2015 12:00,0.782789651,0.21451005,0.101670644,0.866120219
12/25/2015 13:00,0.782902137,0.219472362,0.100835322,0.871948998
12/25/2015 14:00,0.782789651,0.238819095,0.100835322,0.875409836
12/25/2015 15:00,0.782339708,0.251319095,0.103102625,0.881056466
12/25/2015 16:00,0.782789651,0.252763819,0.10477327,0.867941712
12/25/2015 17:00,0.782789651,0.255276382,0.102147971,0.841530055
12/25/2015 18:00,0.783014623,0.248994975,0.101312649,0.809653916
12/25/2015 19:00,0.782902137,0.233919598,0.101193317,0.818214936
12/25/2015 20:00,0.782902137,0.223994975,0.101551313,0.819854281
12/25/2015 21:00,0.782902137,0.204334171,0.100835322,0.804918033
12/25/2015 22:00,0.783014623,0.182160804,0.101670644,0.776502732
12/25/2015 23:00,0.782902137,0.166834171,0.099045346,0.731147541
12/26/2015 0:00,0.782789651,0.16419598,0.098090692,0.685063752
12/26/2015 1:00,0.782789651,0.163442211,0.098210024,0.635883424
12/26/2015 2:00,0.783014623,0.163316583,0.098568019,0.577959927
12/26/2015 3:00,0.782902137,0.165012563,0.098448687,0.539162113
12/26/2015 4:00,0.783014623,0.167085427,0.098687351,0.506010929
12/26/2015 5:00,0.782902137,0.183919598,0.100835322,0.485245902
12/26/2015 6:00,0.783127109,0.217022613,0.103579952,0.460473588
12/26/2015 7:00,0.782902137,0.249120603,0.103818616,0.463934426
12/26/2015 8:00,0.783014623,0.261934673,0.106324582,0.466120219
12/26/2015 9:00,0.783014623,0.28951005,0.107637232,0.47704918
12/26/2015 10:00,0.783239595,0.29459799,0.120286396,0.469763206
12/26/2015 11:00,0.783127109,0.298429648,0.122911695,0.491074681
12/26/2015 12:00,0.783014623,0.306155779,0.12326969,0.490528233
12/26/2015 13:00,0.782902137,0.314447236,0.121479714,0.489799636
12/26/2015 14:00,0.782677165,0.349120603,0.119928401,0.484699454
12/26/2015 15:00,0.782564679,0.3875,0.120167064,0.48852459
12/26/2015 16:00,0.782677165,0.405653266,0.121718377,0.493260474
12/26/2015 17:00,0.782677165,0.401633166,0.123508353,0.48852459
12/26/2015 18:00,0.783014623,0.385113065,0.123866348,0.509653916
12/26/2015 19:00,0.782564679,0.366268844,0.123627685,0.48852459
12/26/2015 20:00,0.782789651,0.331469849,0.123031026,0.520218579
12/26/2015 21:00,0.782452193,0.301444724,0.114319809,0.515846995
12/26/2015 22:00,0.782902137,0.252198492,0.111575179,0.49726776
12/26/2015 23:00,0.783014623,0.216017588,0.108830549,0.466120219
12/27/2015 0:00,0.783352081,0.204208543,0.112768496,0.470127505
12/27/2015 1:00,0.783127109,0.204962312,0.11300716,0.462295082
12/27/2015 2:00,0.783127109,0.206218593,0.112171838,0.508014572
12/27/2015 3:00,0.783127109,0.210615578,0.111217184,0.530054645
12/27/2015 4:00,0.783239595,0.227324121,0.105727924,0.538433515
12/27/2015 5:00,0.791113611,0.247675879,0.107756563,0.541347905
12/27/2015 6:00,0.814060742,0.263065327,0.108114558,0.569581056
12/27/2015 7:00,0.842744657,0.295791457,0.107756563,0.608925319
12/27/2015 8:00,0.842519685,0.33071608,0.107995227,0.628233151
12/27/2015 9:00,0.842182227,0.375879397,0.107995227,0.629326047
12/27/2015 10:00,0.842294713,0.389761307,0.108830549,0.615118397
12/27/2015 11:00,0.842069741,0.39491206,0.108472554,0.58579235
12/27/2015 12:00,0.846569179,0.405841709,0.108472554,0.576502732
12/27/2015 13:00,0.846906637,0.411934673,0.109785203,0.524772313
12/27/2015 14:00,0.846794151,0.45201005,0.113365155,0.480874317
12/27/2015 15:00,0.846794151,0.49830402,0.113603819,0.459016393
12/27/2015 16:00,0.846906637,0.518090452,0.115155131,0.453916211
12/27/2015 17:00,0.851743532,0.517399497,0.117422434,0.46557377
12/27/2015 18:00,0.856467942,0.514321608,0.119212411,0.467577413
12/27/2015 19:00,0.85984252,0.494095477,0.11849642,0.481967213
12/27/2015 20:00,0.864116985,0.476947236,0.118615752,0.465209472
12/27/2015 21:00,0.864454443,0.439572864,0.119331742,0.437522769
12/27/2015 22:00,0.866929134,0.382223618,0.121121718,0.406010929
12/27/2015 23:00,0.87784027,0.31589196,0.12124105,0.363570128
12/28/2015 0:00,0.877952756,0.29798995,0.123627685,0.322222222
12/28/2015 1:00,0.878290214,0.297864322,0.128042959,0.292896175
12/28/2015 2:00,0.8784027,0.295854271,0.13424821,0.291985428
12/28/2015 3:00,0.8784027,0.328203518,0.137350835,0.278324226
12/28/2015 4:00,0.878290214,0.397047739,0.141169451,0.237340619
12/28/2015 5:00,0.877952756,0.511055276,0.148090692,0.213843352
12/28/2015 6:00,0.877727784,0.596042714,0.160501193,0.200728597
12/28/2015 7:00,0.877502812,0.648932161,0.161933174,0.187978142
12/28/2015 8:00,0.877727784,0.675439698,0.1575179,0.177777778
12/28/2015 9:00,0.877052868,0.678831658,0.161575179,0.158287796
12/28/2015 10:00,0.877502812,0.674183417,0.16026253,0.150455373
12/28/2015 11:00,0.877390326,0.666520101,0.149880668,0.151183971
12/28/2015 12:00,0.879527559,0.662562814,0.14928401,0.153916211
12/28/2015 13:00,0.884814398,0.653329146,0.148090692,0.151183971
12/28/2015 14:00,0.887401575,0.68209799,0.145823389,0.180510018
12/28/2015 15:00,0.891451069,0.683668342,0.145346062,0.209653916
12/28/2015 16:00,0.896850394,0.67839196,0.144868735,0.243533698
12/28/2015 17:00,0.9,0.61959799,0.14522673,0.268306011
12/28/2015 18:00,0.901124859,0.584547739,0.143317422,0.286156648
12/28/2015 19:00,0.901574803,0.539698492,0.141408115,0.295992714
12/28/2015 20:00,0.903149606,0.494409548,0.140572792,0.303825137
12/28/2015 21:00,0.903487064,0.455213568,0.139498807,0.347723133
12/28/2015 22:00,0.90416198,0.396733668,0.13902148,0.386156648
12/28/2015 23:00,0.90416198,0.31451005,0.144272076,0.437340619
12/29/2015 0:00,0.90416198,0.294786432,0.144988067,0.50856102
12/29/2015 1:00,0.904386952,0.283982412,0.147613365,0.564845173
12/29/2015 2:00,0.904499438,0.276947236,0.145823389,0.603825137
12/29/2015 3:00,0.904499438,0.279711055,0.144988067,0.621129326
12/29/2015 4:00,0.90359955,0.318027638,0.14725537,0.652094718
12/29/2015 5:00,0.903824522,0.400753769,0.150954654,0.67431694
12/29/2015 6:00,0.90416198,0.483354271,0.151431981,0.684517304
12/29/2015 7:00,0.904274466,0.523994975,0.156324582,0.698724954
12/29/2015 8:00,0.904724409,0.530841709,0.15823389,0.720582878
12/29/2015 9:00,0.904724409,0.540263819,0.161217184,0.716939891
12/29/2015 10:00,0.904724409,0.534170854,0.162171838,0.714025501
12/29/2015 11:00,0.904724409,0.501884422,0.163245823,0.72276867
12/29/2015 12:00,0.905399325,0.505213568,0.162529833,0.740437158
12/29/2015 13:00,0.905511811,0.50879397,0.160143198,0.762112933
12/29/2015 14:00,0.905624297,0.523429648,0.159546539,0.783606557
12/29/2015 15:00,0.905511811,0.536683417,0.160023866,0.799089253
12/29/2015 16:00,0.905399325,0.536746231,0.159904535,0.80291439
12/29/2015 17:00,0.904949381,0.526633166,0.161097852,0.80564663
12/29/2015 18:00,0.905061867,0.495226131,0.16300716,0.80582878
12/29/2015 19:00,0.905399325,0.463379397,0.161813842,0.799817851
12/29/2015 20:00,0.905286839,0.434296482,0.160381862,0.793260474
12/29/2015 21:00,0.905399325,0.393781407,0.156801909,0.776867031
12/29/2015 22:00,0.90832396,0.350439698,0.139856802,0.752276867
12/29/2015 23:00,0.909111361,0.289447236,0.134367542,0.744808743
12/30/2015 0:00,0.911811024,0.268530151,0.132458234,0.741347905
12/30/2015 1:00,0.912823397,0.266708543,0.132816229,0.73715847
12/30/2015 2:00,0.914848144,0.266143216,0.133293556,0.736065574
12/30/2015 3:00,0.913273341,0.289321608,0.133054893,0.721857923
12/30/2015 4:00,0.913385827,0.338944724,0.135799523,0.737522769
12/30/2015 5:00,0.913948256,0.435113065,0.14928401,0.732240437
12/30/2015 6:00,0.916422947,0.51281407,0.147374702,0.729690346
12/30/2015 7:00,0.916310461,0.542776382,0.146181384,0.732240437
12/30/2015 8:00,0.915973003,0.551633166,0.148329356,0.741165756
12/30/2015 9:00,0.919235096,0.552701005,0.153341289,0.740801457
12/30/2015 10:00,0.919910011,0.55370603,0.157279236,0.724772313
12/30/2015 11:00,0.919797525,0.54798995,0.16026253,0.706193078
12/30/2015 12:00,0.919910011,0.550188442,0.161694511,0.684153005
12/30/2015 13:00,0.922047244,0.551758794,0.162052506,0.672313297
12/30/2015 14:00,0.922609674,0.561180905,0.161813842,0.680145719
12/30/2015 15:00,0.923059618,0.559422111,0.162052506,0.699089253
12/30/2015 16:00,0.923172103,0.554773869,0.162052506,0.692349727
12/30/2015 17:00,0.923622047,0.535866834,0.161217184,0.696903461
12/30/2015 18:00,0.923847019,0.50709799,0.159785203,0.7
12/30/2015 19:00,0.923734533,0.484170854,0.158711217,0.691803279
12/30/2015 20:00,0.923397075,0.446670854,0.158353222,0.683788707
12/30/2015 21:00,0.923509561,0.407663317,0.154295943,0.680145719
12/30/2015 22:00,0.923059618,0.356407035,0.146658711,0.665938069
12/30/2015 23:00,0.923059618,0.261243719,0.146420048,0.652459016
12/31/2015 0:00,0.92272216,0.232349246,0.151431981,0.650455373
12/31/2015 1:00,0.922497188,0.224371859,0.153818616,0.657741348
12/31/2015 2:00,0.922272216,0.218027638,0.154415274,0.647540984
12/31/2015 3:00,0.922272216,0.218844221,0.149522673,0.636065574
12/31/2015 4:00,0.922047244,0.23611809,0.151073986,0.640983607
12/31/2015 5:00,0.92215973,0.281846734,0.155847255,0.647723133
12/31/2015 6:00,0.92215973,0.34830402,0.159546539,0.640801457
12/31/2015 7:00,0.921934758,0.414070352,0.162171838,0.616939891
12/31/2015 8:00,0.9215973,0.463442211,0.16575179,0.622040073
12/31/2015 9:00,0.921709786,0.490703518,0.167541766,0.626047359
12/31/2015 10:00,0.9215973,0.505025126,0.167064439,0.619125683
12/31/2015 11:00,0.9215973,0.511934673,0.167899761,0.600364299
12/31/2015 12:00,0.9215973,0.514321608,0.166229117,0.603096539
12/31/2015 13:00,0.921709786,0.529082915,0.166706444,0.616211293
12/31/2015 14:00,0.921484814,0.542650754,0.166229117,0.637522769
12/31/2015 15:00,0.921147357,0.559924623,0.16575179,0.629143898
12/31/2015 16:00,0.921709786,0.56218593,0.165871122,0.628051002
12/31/2015 17:00,0.921709786,0.540201005,0.165393795,0.606193078
12/31/2015 18:00,0.921709786,0.522424623,0.163961814,0.5856102
12/31/2015 19:00,0.921709786,0.497738693,0.16300716,0.557559199
12/31/2015 20:00,0.9215973,0.472927136,0.160501193,0.520765027
12/31/2015 21:00,0.921822272,0.452512563,0.154534606,0.471766849
12/31/2015 22:00,0.918110236,0.442336683,0.155847255,0.437340619
