timestamp,Hydro Run-of-River,Fossil gas,Hydro water reservoir,Wind onshore
2014-12-31 23:00:00,0.27654867256637167,0.2679432624113475,0.4203427895981087,0.6968115942028986
2015-01-01 00:00:00,0.2739159292035398,0.2670921985815603,0.4128132387706856,0.7220289855072464
2015-01-01 01:00:00,0.27207964601769913,0.2735460992907801,0.39885342789598105,0.6947826086956521
2015-01-01 02:00:00,0.2725,0.27382978723404255,0.3899330181245075,0.6126086956521739
2015-01-01 03:00:00,0.27292035398230086,0.27397163120567375,0.3820606776989756,0.5918840579710145
2015-01-01 04:00:00,0.27172566371681417,0.27375886524822696,0.3855082742316785,0.6027536231884058
2015-01-01 05:00:00,0.27064159292035395,0.27439716312056733,0.3894602048857368,0.548695652173913
2015-01-01 06:00:00,0.2727433628318584,0.27375886524822696,0.388317572892041,0.4771014492753623
2015-01-01 07:00:00,0.2701106194690266,0.27297872340425533,0.3929117415287628,0.47608695652173916
2015-01-01 08:00:00,0.2715044247787611,0.2731205673758865,0.3922498029944838,0.46434782608695646
2015-01-01 09:00:00,0.27081858407079645,0.2736879432624113,0.4014302600472813,0.46304347826086956
2015-01-01 10:00:00,0.2709734513274336,0.27595744680851064,0.41076832151300235,0.4757971014492754
2015-01-01 11:00:00,0.2713274336283186,0.2756737588652482,0.414160756501182,0.6814492753623188
2015-01-01 12:00:00,0.27256637168141595,0.2674468085106383,0.414160756501182,0.7211594202898551
2015-01-01 13:00:00,0.2733849557522124,0.26780141843971633,0.4318360914105595,0.7673913043478261
2015-01-01 14:00:00,0.2711946902654867,0.2704964539007092,0.47230890464933023,0.7178260869565217
2015-01-01 15:00:00,0.2709513274336283,0.27063829787234045,0.5182624113475177,0.9195652173913044
2015-01-01 16:00:00,0.272146017699115,0.27276595744680854,0.5227226162332546,0.807536231884058
2015-01-01 17:00:00,0.27042035398230085,0.2732624113475177,0.5005476753349094,0.8168115942028986
2015-01-01 18:00:00,0.2705530973451328,0.2731205673758865,0.4737312844759653,0.9308695652173913
2015-01-01 19:00:00,0.2692920353982301,0.27290780141843973,0.45279353821907015,0.8465217391304348
2015-01-01 20:00:00,0.26993362831858403,0.27617021276595743,0.4259338061465721,0.8004347826086956
2015-01-01 21:00:00,0.268141592920354,0.27687943262411346,0.40926713947990545,0.6753623188405797
2015-01-01 22:00:00,0.26840707964601773,0.27787234042553194,0.3938967691095351,0.5214492753623189
2015-01-01 23:00:00,0.27749999999999997,0.2782978723404255,0.372301024428684,0.4704347826086957
2015-01-02 00:00:00,0.2782300884955752,0.2773049645390071,0.37369976359338064,0.4492753623188406
2015-01-02 01:00:00,0.27621681415929206,0.2778014184397163,0.36305358550039396,0.3969565217391304
2015-01-02 02:00:00,0.27415929203539824,0.27687943262411346,0.3345271867612293,0.39449275362318836
2015-01-02 03:00:00,0.27241150442477874,0.2774468085106383,0.31642631993695824,0.4784057971014493
2015-01-02 04:00:00,0.27168141592920353,0.2776595744680851,0.36383766745468876,0.49913043478260866
2015-01-02 05:00:00,0.2701327433628319,0.27787234042553194,0.4093932230102443,0.611159420289855
2015-01-02 06:00:00,0.2717920353982301,0.25156028368794325,0.48602442868400314,0.6430434782608695
2015-01-02 07:00:00,0.27278761061946905,0.24921985815602835,0.50274231678487,0.6669565217391304
2015-01-02 08:00:00,0.2759513274336283,0.25177304964539005,0.5058747044917258,0.6236231884057971
2015-01-02 09:00:00,0.2797566371681416,0.25156028368794325,0.5114381402679274,0.6907246376811594
2015-01-02 10:00:00,0.2801769911504425,0.24858156028368794,0.5248069345941686,0.7485507246376811
2015-01-02 11:00:00,0.2806194690265487,0.2797163120567376,0.5281796690307329,0.8534782608695651
2015-01-02 12:00:00,0.2782743362831858,0.2750354609929078,0.520086682427108,0.8353623188405797
2015-01-02 13:00:00,0.2808628318584071,0.275531914893617,0.5233333333333333,0.9342028985507247
2015-01-02 14:00:00,0.2813495575221239,0.2470212765957447,0.5459889676910954,0.9081159420289855
2015-01-02 15:00:00,0.27853982300884955,0.24581560283687945,0.5699842395587077,0.8782608695652174
2015-01-02 16:00:00,0.2793362831858407,0.27361702127659576,0.5748029944838455,0.8520289855072464
2015-01-02 17:00:00,0.280353982300885,0.2701418439716312,0.5621710007880221,0.8414492753623188
2015-01-02 18:00:00,0.281570796460177,0.265531914893617,0.5550236406619385,0.8336231884057972
2015-01-02 19:00:00,0.277787610619469,0.2756737588652482,0.5127856579984239,0.8260869565217391
2015-01-02 20:00:00,0.2786061946902655,0.2747517730496454,0.47929866036249014,0.7155072463768116
2015-01-02 21:00:00,0.2818141592920354,0.2693617021276596,0.4769621749408983,0.6628985507246377
2015-01-02 22:00:00,0.2798230088495575,0.2753900709219858,0.4445902285263988,0.7246376811594203
2015-01-02 23:00:00,0.2870575221238938,0.2683687943262411,0.41643026004728134,0.6933333333333332
2015-01-03 00:00:00,0.28690265486725663,0.2692198581560284,0.40397951142631994,0.7531884057971016
2015-01-03 01:00:00,0.28845132743362834,0.2648936170212766,0.4008983451536643,0.7769565217391304
2015-01-03 02:00:00,0.29084070796460176,0.26865248226950356,0.41148148148148145,0.6978260869565217
2015-01-03 03:00:00,0.28922566371681413,0.2693617021276596,0.4117218282111899,0.7392753623188406
2015-01-03 04:00:00,0.28831858407079647,0.26907801418439714,0.4095035460992908,0.667536231884058
2015-01-03 05:00:00,0.28418141592920354,0.26851063829787236,0.41081560283687946,0.732463768115942
2015-01-03 06:00:00,0.2850884955752212,0.2679432624113475,0.4434239558707644,0.7656521739130434
2015-01-03 07:00:00,0.2852433628318584,0.2702127659574468,0.46927107959022857,0.7047826086956522
2015-01-03 08:00:00,0.2864823008849558,0.2704255319148936,0.5084791174152876,0.6615942028985508
2015-01-03 09:00:00,0.2888716814159292,0.2721985815602837,0.5467927501970056,0.5820289855072464
2015-01-03 10:00:00,0.28986725663716817,0.2714893617021277,0.554290780141844,0.6098550724637681
2015-01-03 11:00:00,0.290929203539823,0.2691489361702128,0.5475137903861308,0.4892753623188406
2015-01-03 12:00:00,0.28938053097345134,0.2682978723404255,0.5474034672970843,0.49768115942028984
2015-01-03 13:00:00,0.2879424778761062,0.27170212765957447,0.5748778565799842,0.49797101449275366
2015-01-03 14:00:00,0.2867477876106195,0.2704964539007092,0.6437903861308116,0.48884057971014494
2015-01-03 15:00:00,0.2875663716814159,0.2704255319148936,0.6927029156816391,0.5178260869565218
2015-01-03 16:00:00,0.28690265486725663,0.26985815602836877,0.7161544523246651,0.5557971014492754
2015-01-03 17:00:00,0.2855973451327434,0.27085106382978724,0.7130378250591017,0.5856521739130435
2015-01-03 18:00:00,0.2830530973451328,0.2713475177304965,0.6745468873128447,0.5963768115942029
2015-01-03 19:00:00,0.2825221238938053,0.2712765957446808,0.6306107171000788,0.6126086956521739
2015-01-03 20:00:00,0.2861061946902655,0.269290780141844,0.5864460204885736,0.5056521739130434
2015-01-03 21:00:00,0.28679203539823006,0.2704255319148936,0.5408431836091411,0.6701449275362319
2015-01-03 22:00:00,0.28676991150442477,0.2693617021276596,0.498408195429472,0.7085507246376811
2015-01-03 23:00:00,0.2782743362831858,0.26588652482269504,0.4914499605988968,0.5330434782608696
2015-01-04 00:00:00,0.2784734513274336,0.2647517730496454,0.4775689519306541,0.5815942028985508
2015-01-04 01:00:00,0.2781637168141593,0.2629078014184397,0.4632151300236406,0.4904347826086956
2015-01-04 02:00:00,0.2776769911504425,0.26567375886524824,0.45594956658786445,0.5791304347826087
2015-01-04 03:00:00,0.27676991150442476,0.26397163120567374,0.4530220646178093,0.5660869565217391
2015-01-04 04:00:00,0.2772566371681416,0.2646099290780142,0.46225374310480694,0.6768115942028986
2015-01-04 05:00:00,0.2777654867256637,0.26333333333333336,0.4701418439716312,0.6792753623188406
2015-01-04 06:00:00,0.27688053097345133,0.2671631205673759,0.4768282111899133,0.6936231884057972
2015-01-04 07:00:00,0.2724336283185841,0.27092198581560284,0.5041922773837667,0.5791304347826087
2015-01-04 08:00:00,0.2751991150442478,0.2702127659574468,0.5626674546887313,0.5746376811594203
2015-01-04 09:00:00,0.27665929203539824,0.26865248226950356,0.6142198581560283,0.6643478260869565
2015-01-04 10:00:00,0.2744026548672566,0.26872340425531915,0.6193774625689519,0.6134782608695653
2015-01-04 11:00:00,0.27205752212389384,0.269290780141844,0.6017612293144209,0.5171014492753624
2015-01-04 12:00:00,0.27393805309734515,0.2700709219858156,0.6051615445232467,0.5010144927536232
2015-01-04 13:00:00,0.275575221238938,0.2691489361702128,0.6225019700551616,0.5350724637681159
2015-01-04 14:00:00,0.2763053097345133,0.26865248226950356,0.669511426319937,0.6540579710144928
2015-01-04 15:00:00,0.2770353982300885,0.2720567375886525,0.722123719464145,0.6373913043478261
2015-01-04 16:00:00,0.27053097345132743,0.269645390070922,0.752698975571316,0.6660869565217392
2015-01-04 17:00:00,0.27017699115044247,0.2714893617021277,0.7613790386130811,0.5573913043478261
2015-01-04 18:00:00,0.27079646017699116,0.27156028368794327,0.7501576044129236,0.6010144927536232
2015-01-04 19:00:00,0.2694026548672567,0.26893617021276595,0.6974862096138692,0.6078260869565217
2015-01-04 20:00:00,0.2708407079646018,0.2679432624113475,0.6655791962174942,0.5282608695652173
2015-01-04 21:00:00,0.27053097345132743,0.25836879432624116,0.650882584712372,0.5226086956521739
2015-01-04 22:00:00,0.27194690265486726,0.2580851063829787,0.5723561859732073,0.5224637681159421
2015-01-04 23:00:00,0.26309734513274335,0.2642553191489362,0.5890780141843971,0.396231884057971
2015-01-05 00:00:00,0.2631637168141593,0.2617730496453901,0.5733530338849488,0.4273913043478261
2015-01-05 01:00:00,0.26327433628318586,0.2653191489361702,0.5730693459416863,0.5114492753623188
2015-01-05 02:00:00,0.2642699115044248,0.26319148936170217,0.571457840819543,0.46159420289855074
2015-01-05 03:00:00,0.2649557522123894,0.2632624113475177,0.5834200157604413,0.37985507246376815
2015-01-05 04:00:00,0.26311946902654865,0.2628368794326241,0.6613159968479118,0.32231884057971016
2015-01-05 05:00:00,0.2632300884955752,0.26574468085106384,0.7403230890464934,0.29289855072463766
2015-01-05 06:00:00,0.2658628318584071,0.2594326241134752,0.8503664302600472,0.3402898550724638
2015-01-05 07:00:00,0.26557522123893806,0.26602836879432623,0.8978486997635934,0.35492753623188406
2015-01-05 08:00:00,0.26685840707964603,0.2522695035460993,0.886859732072498,0.3130434782608696
2015-01-05 09:00:00,0.27424778761061946,0.25262411347517727,0.9022734436564224,0.3239130434782609
2015-01-05 10:00:00,0.2743362831858407,0.2531205673758865,0.9091528762805359,0.30884057971014495
2015-01-05 11:00:00,0.2713053097345133,0.25354609929078015,0.8837470449172576,0.29869565217391303
2015-01-05 12:00:00,0.2736946902654867,0.25375886524822694,0.890397951142632,0.31144927536231887
2015-01-05 13:00:00,0.27488938053097345,0.2550354609929078,0.8955673758865248,0.31318840579710144
2015-01-05 14:00:00,0.2773008849557522,0.2553191489361702,0.9154334121355399,0.31782608695652176
2015-01-05 15:00:00,0.272212389380531,0.2521276595744681,0.906414499605989,0.3355072463768116
2015-01-05 16:00:00,0.27205752212389384,0.2573758865248227,0.9021473601260835,0.3584057971014493
2015-01-05 17:00:00,0.27314159292035395,0.2573758865248227,0.8985657998423955,0.40144927536231884
2015-01-05 18:00:00,0.273783185840708,0.25574468085106383,0.8891568163908589,0.45565217391304347
2015-01-05 19:00:00,0.27292035398230086,0.2559574468085106,0.8708156028368794,0.49681159420289855
2015-01-05 20:00:00,0.2739823008849558,0.25666666666666665,0.860354609929078,0.5047826086956522
2015-01-05 21:00:00,0.2708849557522124,0.25049645390070924,0.8301142631993695,0.532608695652174
2015-01-05 22:00:00,0.2704424778761062,0.24914893617021278,0.7621631205673759,0.5260869565217391
2015-01-05 23:00:00,0.27256637168141595,0.25326241134751776,0.7516115051221435,0.5655072463768116
2015-01-06 00:00:00,0.2743362831858407,0.2524113475177305,0.7545941686367218,0.5568115942028985
2015-01-06 01:00:00,0.27356194690265484,0.25148936170212766,0.744960598896769,0.5376811594202898
2015-01-06 02:00:00,0.27216814159292035,0.24865248226950357,0.7311268715524034,0.5540579710144927
2015-01-06 03:00:00,0.27267699115044247,0.24921985815602835,0.7416981875492513,0.5763768115942028
2015-01-06 04:00:00,0.26997787610619467,0.2429078014184397,0.7447399527186761,0.5791304347826087
2015-01-06 05:00:00,0.27006637168141595,0.24198581560283688,0.7754570527974782,0.568695652173913
2015-01-06 06:00:00,0.2743141592920354,0.2427659574468085,0.8372182821118991,0.5642028985507247
2015-01-06 07:00:00,0.27039823008849556,0.24460992907801415,0.8376280535855004,0.5778260869565217
2015-01-06 08:00:00,0.2709070796460177,0.24120567375886526,0.8280378250591016,0.5898550724637681
2015-01-06 09:00:00,0.2726548672566372,0.24333333333333335,0.8313632781717888,0.653768115942029
2015-01-06 10:00:00,0.2728539823008849,0.24524822695035461,0.8172222222222222,0.6457971014492754
2015-01-06 11:00:00,0.2759070796460177,0.24411347517730494,0.8150394011032309,0.6368115942028986
2015-01-06 12:00:00,0.27486725663716816,0.24382978723404256,0.8062608353033885,0.636231884057971
2015-01-06 13:00:00,0.2767035398230089,0.24709219858156026,0.8131560283687944,0.6178260869565217
2015-01-06 14:00:00,0.27665929203539824,0.24333333333333335,0.8380693459416864,0.6015942028985508
2015-01-06 15:00:00,0.2734734513274336,0.24609929078014184,0.8402245862884161,0.5917391304347827
2015-01-06 16:00:00,0.27438053097345133,0.24326241134751772,0.8305003940110323,0.5494202898550725
2015-01-06 17:00:00,0.2736283185840708,0.24617021276595746,0.806284475965327,0.5656521739130435
2015-01-06 18:00:00,0.27384955752212387,0.24418439716312057,0.7839204097714737,0.5556521739130434
2015-01-06 19:00:00,0.2744026548672566,0.24326241134751772,0.7526201733648542,0.5121739130434783
2015-01-06 20:00:00,0.27628318584070793,0.24340425531914892,0.7319345941686367,0.5194202898550724
2015-01-06 21:00:00,0.27267699115044247,0.2419148936170213,0.6725492513790385,0.5517391304347826
2015-01-06 22:00:00,0.2724336283185841,0.24177304964539006,0.5923640661938535,0.5311594202898551
2015-01-06 23:00:00,0.27621681415929206,0.24368794326241136,0.5624901497241923,0.7166666666666667
2015-01-07 00:00:00,0.2745353982300885,0.24106382978723404,0.5342947202521671,0.7052173913043479
2015-01-07 01:00:00,0.2736504424778761,0.2423404255319149,0.5253033884948779,0.5881159420289855
2015-01-07 02:00:00,0.2736725663716814,0.24425531914893617,0.5366154452324665,0.5289855072463768
2015-01-07 03:00:00,0.27475663716814164,0.24390070921985815,0.5894208037825059,0.37
2015-01-07 04:00:00,0.27371681415929205,0.2393617021276596,0.6845941686367218,0.37318840579710144
2015-01-07 05:00:00,0.2708407079646018,0.24141843971631205,0.7830811662726556,0.3153623188405797
2015-01-07 06:00:00,0.2774115044247788,0.240354609929078,0.8874192277383767,0.26072463768115944
2015-01-07 07:00:00,0.27407079646017696,0.24340425531914892,0.8906461780929865,0.2853623188405797
2015-01-07 08:00:00,0.27508849557522125,0.2425531914893617,0.894156816390859,0.2798550724637681
2015-01-07 09:00:00,0.2761725663716814,0.2456737588652482,0.894688731284476,0.3230434782608696
2015-01-07 10:00:00,0.27628318584070793,0.24716312056737588,0.8897084318360914,0.3498550724637681
2015-01-07 11:00:00,0.27900442477876103,0.245177304964539,0.8925925925925926,0.3655072463768116
2015-01-07 12:00:00,0.2779867256637168,0.23822695035460992,0.8840425531914894,0.40275362318840574
2015-01-07 13:00:00,0.27668141592920353,0.2376595744680851,0.8786327817178882,0.42275362318840576
2015-01-07 14:00:00,0.27603982300884955,0.23815602836879435,0.8808865248226951,0.45101449275362315
2015-01-07 15:00:00,0.2752654867256637,0.23801418439716313,0.8924034672970843,0.5073913043478261
2015-01-07 16:00:00,0.2742920353982301,0.24354609929078014,0.8713041765169425,0.5301449275362319
2015-01-07 17:00:00,0.2750221238938053,0.24085106382978724,0.8572655634357763,0.5449275362318841
2015-01-07 18:00:00,0.27342920353982303,0.23957446808510638,0.8207998423955871,0.5891304347826087
2015-01-07 19:00:00,0.27165929203539824,0.24,0.7664420803782506,0.5998550724637681
2015-01-07 20:00:00,0.27342920353982303,0.24141843971631205,0.7282860520094563,0.6327536231884058
2015-01-07 21:00:00,0.2753539823008849,0.2424113475177305,0.6746572104018912,0.624927536231884
2015-01-07 22:00:00,0.2761725663716814,0.24645390070921985,0.5980299448384555,0.6855072463768116
2015-01-07 23:00:00,0.28418141592920354,0.24617021276595746,0.5538100866824271,0.7004347826086956
2015-01-08 00:00:00,0.2843362831858407,0.24744680851063827,0.51225768321513,0.6482608695652174
2015-01-08 01:00:00,0.2851769911504425,0.2481560283687943,0.48611899133175734,0.6172463768115942
2015-01-08 02:00:00,0.2841371681415929,0.2447517730496454,0.4653821907013396,0.6011594202898551
2015-01-08 03:00:00,0.2848008849557522,0.24425531914893617,0.4560244286840031,0.5704347826086957
2015-01-08 04:00:00,0.2832743362831859,0.2450354609929078,0.5155003940110323,0.7297101449275363
2015-01-08 05:00:00,0.2838274336283186,0.24163120567375887,0.6413593380614657,0.7779710144927535
2015-01-08 06:00:00,0.2854646017699115,0.24397163120567375,0.764468085106383,0.755072463768116
2015-01-08 07:00:00,0.2840486725663717,0.24411347517730494,0.7841686367218282,0.7331884057971014
2015-01-08 08:00:00,0.28373893805309736,0.2398581560283688,0.7864539007092198,0.7252173913043478
2015-01-08 09:00:00,0.28623893805309736,0.24212765957446808,0.8031954294720252,0.7562318840579709
2015-01-08 10:00:00,0.2857743362831858,0.2430496453900709,0.8067572892040977,0.75
2015-01-08 11:00:00,0.2848230088495575,0.24404255319148938,0.8050315208825848,0.7191304347826086
2015-01-08 12:00:00,0.28373893805309736,0.24404255319148938,0.8055949566587864,0.7279710144927536
2015-01-08 13:00:00,0.28623893805309736,0.24106382978723404,0.8110007880220647,0.8260869565217391
2015-01-08 14:00:00,0.28621681415929207,0.2426950354609929,0.8241055949566588,0.8333333333333334
2015-01-08 15:00:00,0.28418141592920354,0.24595744680851064,0.8256422379826635,0.8082608695652175
2015-01-08 16:00:00,0.2845796460176991,0.24695035460992906,0.8262174940898346,0.7723188405797101
2015-01-08 17:00:00,0.28351769911504426,0.2450354609929078,0.8007643814026794,0.8331884057971014
2015-01-08 18:00:00,0.28440265486725663,0.24468085106382978,0.7743577620173365,0.8678260869565216
2015-01-08 19:00:00,0.28154867256637167,0.24156028368794327,0.740531914893617,0.8081159420289855
2015-01-08 20:00:00,0.28311946902654866,0.2430496453900709,0.7060047281323878,0.7660869565217392
2015-01-08 21:00:00,0.2832079646017699,0.24312056737588653,0.636414499605989,0.7036231884057971
2015-01-08 22:00:00,0.2853097345132743,0.2624113475177305,0.5625847123719464,0.6669565217391304
2015-01-08 23:00:00,0.28595132743362833,0.2630496453900709,0.530177304964539,0.500144927536232
2015-01-09 00:00:00,0.28488938053097346,0.2628368794326241,0.502391646966115,0.4204347826086957
2015-01-09 01:00:00,0.283783185840708,0.2623404255319149,0.4863593380614657,0.40521739130434786
2015-01-09 02:00:00,0.28466814159292037,0.2602127659574468,0.48307328605200944,0.5385507246376812
2015-01-09 03:00:00,0.2841150442477876,0.26354609929078016,0.5024980299448384,0.558840579710145
2015-01-09 04:00:00,0.28351769911504426,0.26468085106382977,0.5568400315208826,0.582463768115942
2015-01-09 05:00:00,0.28550884955752215,0.26141843971631207,0.6564420803782506,0.5639130434782609
2015-01-09 06:00:00,0.2889601769911504,0.2622695035460993,0.7776241134751772,0.5120289855072464
2015-01-09 07:00:00,0.28665929203539825,0.26397163120567374,0.8104176516942475,0.3968115942028986
2015-01-09 08:00:00,0.2818805309734513,0.2593617021276596,0.7992159180457052,0.396231884057971
2015-01-09 09:00:00,0.28701327433628315,0.26063829787234044,0.8039716312056737,0.4097101449275362
2015-01-09 10:00:00,0.28665929203539825,0.2581560283687943,0.7975256107171002,0.45492753623188403
2015-01-09 11:00:00,0.2863495575221239,0.2448936170212766,0.7847123719464145,0.45202898550724635
2015-01-09 12:00:00,0.286924778761062,0.24212765957446808,0.774204097714736,0.4679710144927536
2015-01-09 13:00:00,0.28676991150442477,0.24333333333333335,0.7677226162332546,0.49231884057971015
2015-01-09 14:00:00,0.2842920353982301,0.2529078014184397,0.7685776201733648,0.4973913043478261
2015-01-09 15:00:00,0.28303097345132744,0.25652482269503546,0.7805713159968479,0.5104347826086957
2015-01-09 16:00:00,0.2845575221238938,0.2570921985815603,0.7932348305752561,0.5128985507246376
2015-01-09 17:00:00,0.2840044247787611,0.26035460992907805,0.7834042553191489,0.548695652173913
2015-01-09 18:00:00,0.28126106194690265,0.2570921985815603,0.7449054373522459,0.5398550724637681
2015-01-09 19:00:00,0.28263274336283184,0.25687943262411345,0.722785657998424,0.45391304347826084
2015-01-09 20:00:00,0.2842256637168142,0.25765957446808513,0.6937234042553192,0.3820289855072464
2015-01-09 21:00:00,0.28101769911504426,0.2524113475177305,0.6606422379826634,0.3853623188405797
2015-01-09 22:00:00,0.28101769911504426,0.24354609929078014,0.6233451536643027,0.33811594202898554
2015-01-09 23:00:00,0.2781637168141593,0.2443971631205674,0.6257919621749409,0.3501449275362319
2015-01-10 00:00:00,0.28079646017699117,0.24468085106382978,0.6212411347517731,0.38217391304347825
2015-01-10 01:00:00,0.2777654867256637,0.24907801418439715,0.5861268715524035,0.3476811594202899
2015-01-10 02:00:00,0.2784734513274336,0.2560283687943262,0.5818518518518518,0.3992753623188406
2015-01-10 03:00:00,0.28022123893805306,0.26035460992907805,0.585488573680063,0.47623188405797107
2015-01-10 04:00:00,0.2780752212389381,0.2602127659574468,0.5583215130023641,0.5413043478260869
2015-01-10 05:00:00,0.27831858407079646,0.2600709219858156,0.576950354609929,0.5168115942028986
2015-01-10 06:00:00,0.27969026548672565,0.25879432624113474,0.6258904649330181,0.5014492753623189
2015-01-10 07:00:00,0.2802654867256637,0.25659574468085106,0.6826438140267928,0.5902898550724638
2015-01-10 08:00:00,0.28039823008849557,0.2592198581560284,0.697923561859732,0.6795652173913043
2015-01-10 09:00:00,0.28055309734513273,0.25872340425531914,0.7124980299448385,0.7844927536231884
2015-01-10 10:00:00,0.2785840707964602,0.259290780141844,0.702702915681639,0.8300000000000001
2015-01-10 11:00:00,0.28207964601769914,0.25765957446808513,0.702304964539007,0.822608695652174
2015-01-10 12:00:00,0.2815265486725664,0.25950354609929077,0.696241134751773,0.8555072463768115
2015-01-10 13:00:00,0.2797787610619469,0.26141843971631207,0.6898384554767533,0.8579710144927536
2015-01-10 14:00:00,0.2801327433628319,0.25687943262411345,0.6966509062253743,0.8592753623188405
2015-01-10 15:00:00,0.2824778761061947,0.2554609929078014,0.7204491725768322,0.8440579710144928
2015-01-10 16:00:00,0.28265486725663713,0.24617021276595746,0.7302009456264775,0.886231884057971
2015-01-10 17:00:00,0.2809734513274336,0.24574468085106382,0.717431048069346,0.8576811594202898
2015-01-10 18:00:00,0.2799557522123894,0.24524822695035461,0.691812450748621,0.8885507246376811
2015-01-10 19:00:00,0.27924778761061947,0.2527659574468085,0.6747596532702916,0.8189855072463769
2015-01-10 20:00:00,0.28194690265486727,0.2519148936170213,0.6609180457052797,0.8540579710144927
2015-01-10 21:00:00,0.28075221238938053,0.25539007092198585,0.617478329393223,0.8447826086956521
2015-01-10 22:00:00,0.28042035398230086,0.2554609929078014,0.5857604412923562,0.8846376811594202
2015-01-10 23:00:00,0.2709734513274336,0.18269503546099292,0.5261229314420803,0.9711594202898551
2015-01-11 00:00:00,0.27057522123893807,0.1277304964539007,0.5051694247438928,0.9076811594202898
2015-01-11 01:00:00,0.27110619469026553,0.1253900709219858,0.49210007880220646,0.8834782608695653
2015-01-11 02:00:00,0.2708849557522124,0.12404255319148937,0.4656422379826635,0.8828985507246377
2015-01-11 03:00:00,0.27276548672566375,0.12744680851063828,0.4695035460992908,0.878695652173913
2015-01-11 04:00:00,0.2740929203539823,0.1297163120567376,0.4787234042553192,0.8507246376811595
2015-01-11 05:00:00,0.2720132743362832,0.13113475177304965,0.48804570527974783,0.8136231884057971
2015-01-11 06:00:00,0.2737610619469027,0.1276595744680851,0.51,0.7398550724637681
2015-01-11 07:00:00,0.2743141592920354,0.1277304964539007,0.5616548463356974,0.7343478260869565
2015-01-11 08:00:00,0.273783185840708,0.12439716312056738,0.6348896769109535,0.6878260869565218
2015-01-11 09:00:00,0.2716150442477876,0.13127659574468084,0.6785342789598109,0.6352173913043478
2015-01-11 10:00:00,0.2734070796460177,0.1306382978723404,0.6941410559495665,0.6639130434782609
2015-01-11 11:00:00,0.272212389380531,0.12659574468085105,0.6731442080378252,0.6163768115942029
2015-01-11 12:00:00,0.27205752212389384,0.1306382978723404,0.6721473601260834,0.5618840579710145
2015-01-11 13:00:00,0.2721017699115044,0.12645390070921986,0.6801851851851851,0.5610144927536233
2015-01-11 14:00:00,0.27320796460176994,0.1246808510638298,0.702304964539007,0.5384057971014493
2015-01-11 15:00:00,0.27559734513274337,0.12404255319148937,0.7316509062253743,0.49434782608695654
2015-01-11 16:00:00,0.2752212389380531,0.12106382978723404,0.7204058313632782,0.44869565217391305
2015-01-11 17:00:00,0.2717699115044248,0.12439716312056738,0.7229747832939322,0.3847826086956522
2015-01-11 18:00:00,0.26944690265486726,0.12404255319148937,0.7082663514578408,0.33115942028985507
2015-01-11 19:00:00,0.27050884955752214,0.12340425531914893,0.6847911741528763,0.3339130434782609
2015-01-11 20:00:00,0.2714159292035398,0.12390070921985814,0.670401891252955,0.3776811594202899
2015-01-11 21:00:00,0.2708407079646018,0.1281560283687943,0.6518951930654058,0.40927536231884054
2015-01-11 22:00:00,0.2708407079646018,0.129645390070922,0.6401615445232466,0.46579710144927533
2015-01-11 23:00:00,0.26749999999999996,0.12992907801418438,0.6327620173364854,0.557536231884058
2015-01-12 00:00:00,0.27393805309734515,0.14113475177304965,0.616591804570528,0.5423188405797101
2015-01-12 01:00:00,0.2715486725663717,0.15808510638297874,0.577478329393223,0.5779710144927537
2015-01-12 02:00:00,0.27019911504424776,0.15609929078014184,0.5556776989755713,0.5760869565217391
2015-01-12 03:00:00,0.2706637168141593,0.16744680851063828,0.5541410559495666,0.6223188405797101
2015-01-12 04:00:00,0.2747345132743363,0.16957446808510637,0.5715366430260047,0.652463768115942
2015-01-12 05:00:00,0.27738938053097345,0.1724822695035461,0.6787352245862884,0.6286956521739131
2015-01-12 06:00:00,0.2810840707964602,0.1673758865248227,0.7857722616233255,0.6737681159420289
2015-01-12 07:00:00,0.2800442477876106,0.17836879432624114,0.7963593380614656,0.6831884057971014
2015-01-12 08:00:00,0.27539823008849557,0.17141843971631204,0.7720961386918833,0.6784057971014493
2015-01-12 09:00:00,0.2770353982300885,0.17567375886524822,0.7626438140267928,0.7073913043478262
2015-01-12 10:00:00,0.2792920353982301,0.17872340425531916,0.7708156028368794,0.7233333333333334
2015-01-12 11:00:00,0.2783628318584071,0.17836879432624114,0.7713672182821119,0.7623188405797101
2015-01-12 12:00:00,0.27707964601769913,0.1773049645390071,0.7494326241134751,0.7876811594202898
2015-01-12 13:00:00,0.27904867256637167,0.2419148936170213,0.7781245074862095,0.8105797101449275
2015-01-12 14:00:00,0.2779867256637168,0.24319148936170212,0.8099172576832152,0.7805797101449276
2015-01-12 15:00:00,0.27876106194690264,0.17553191489361702,0.8157722616233254,0.8962318840579709
2015-01-12 16:00:00,0.2789380530973451,0.23815602836879435,0.8196296296296297,0.753768115942029
2015-01-12 17:00:00,0.2786061946902655,0.24007092198581562,0.7975847123719464,0.8752173913043478
2015-01-12 18:00:00,0.27862831858407083,0.23921985815602836,0.7790622537431048,0.8192753623188405
2015-01-12 19:00:00,0.27829646017699117,0.23836879432624114,0.7464972419227738,0.8482608695652173
2015-01-12 20:00:00,0.278716814159292,0.24070921985815602,0.7176792750197006,0.8697101449275363
2015-01-12 21:00:00,0.2767256637168142,0.2419148936170213,0.6744956658786446,0.9015942028985507
2015-01-12 22:00:00,0.274712389380531,0.2422695035460993,0.6180614657210401,0.923623188405797
2015-01-12 23:00:00,0.2670353982300885,0.24340425531914892,0.5472892040977148,0.9465217391304348
2015-01-13 00:00:00,0.2684513274336283,0.24312056737588653,0.5121788810086683,0.735072463768116
2015-01-13 01:00:00,0.27053097345132743,0.24212765957446808,0.5038179669030732,0.7452173913043479
2015-01-13 02:00:00,0.2710619469026549,0.24872340425531914,0.5113632781717888,0.7153623188405798
2015-01-13 03:00:00,0.2684513274336283,0.2502127659574468,0.5506028368794326,0.7031884057971014
2015-01-13 04:00:00,0.2679424778761062,0.25063829787234043,0.5861741528762805,0.6823188405797102
2015-01-13 05:00:00,0.27064159292035395,0.24929078014184397,0.6807171000788022,0.6701449275362319
2015-01-13 06:00:00,0.2722345132743363,0.2508510638297872,0.782387706855792,0.631159420289855
2015-01-13 07:00:00,0.26969026548672564,0.2475177304964539,0.8094089834515367,0.5839130434782608
2015-01-13 08:00:00,0.26955752212389383,0.28794326241134754,0.7817848699763593,0.6231884057971014
2015-01-13 09:00:00,0.2721238938053097,0.3026950354609929,0.763853427895981,0.8042028985507246
2015-01-13 10:00:00,0.2726548672566372,0.303758865248227,0.7385185185185185,0.8717391304347826
2015-01-13 11:00:00,0.2717035398230088,0.25177304964539005,0.7212174940898345,0.8055072463768115
2015-01-13 12:00:00,0.2708407079646018,0.30078014184397167,0.7214223798266352,0.790144927536232
2015-01-13 13:00:00,0.26997787610619467,0.3002836879432624,0.7364854215918045,0.7842028985507247
2015-01-13 14:00:00,0.2736061946902655,0.304822695035461,0.786863672182821,0.7895652173913043
2015-01-13 15:00:00,0.2734070796460177,0.2646099290780142,0.8245193065405831,0.7295652173913043
2015-01-13 16:00:00,0.27152654867256637,0.2672340425531915,0.8310835303388495,0.7279710144927536
2015-01-13 17:00:00,0.26997787610619467,0.2552482269503546,0.8051694247438929,0.781304347826087
2015-01-13 18:00:00,0.2698008849557522,0.2573758865248227,0.7817533490937747,0.7530434782608696
2015-01-13 19:00:00,0.26935840707964603,0.2570921985815603,0.7488179669030733,0.7928985507246377
2015-01-13 20:00:00,0.2693805309734513,0.25687943262411345,0.7143144208037825,0.8156521739130435
2015-01-13 21:00:00,0.2715044247787611,0.2605673758865248,0.6752167060677698,0.8215942028985507
2015-01-13 22:00:00,0.2664823008849557,0.2572340425531915,0.5768242710795902,0.8082608695652175
2015-01-13 23:00:00,0.2749557522123894,0.2646099290780142,0.5449527186761229,0.8289855072463768
2015-01-14 00:00:00,0.27384955752212387,0.2673758865248227,0.5465011820330969,0.8076811594202898
2015-01-14 01:00:00,0.2731858407079646,0.2625531914893617,0.5386209613869188,0.8227536231884058
2015-01-14 02:00:00,0.2746017699115044,0.2610638297872341,0.5401182033096927,0.7998550724637681
2015-01-14 03:00:00,0.275287610619469,0.2634042553191489,0.5672379826635146,0.7308695652173913
2015-01-14 04:00:00,0.27349557522123896,0.26092198581560283,0.6048463356973995,0.7856521739130435
2015-01-14 05:00:00,0.275575221238938,0.2652482269503546,0.7119779353821907,0.7943478260869565
2015-01-14 06:00:00,0.2768362831858407,0.26602836879432623,0.8162214342001576,0.723768115942029
2015-01-14 07:00:00,0.2753539823008849,0.2653900709219858,0.8449054373522459,0.7595652173913043
2015-01-14 08:00:00,0.2751548672566372,0.26609929078014183,0.8386879432624114,0.7697101449275363
2015-01-14 09:00:00,0.27772123893805306,0.2674468085106383,0.8265405831363277,0.7560869565217392
2015-01-14 10:00:00,0.2782079646017699,0.270354609929078,0.826418439716312,0.744927536231884
2015-01-14 11:00:00,0.2776991150442478,0.2221276595744681,0.8139637509850276,0.7657971014492754
2015-01-14 12:00:00,0.2736061946902655,0.26382978723404255,0.803628841607565,0.7275362318840579
2015-01-14 13:00:00,0.27548672566371685,0.2578723404255319,0.812923561859732,0.7211594202898551
2015-01-14 14:00:00,0.2782300884955752,0.2630496453900709,0.8374271079590229,0.6531884057971015
2015-01-14 15:00:00,0.2780530973451327,0.22070921985815603,0.847785657998424,0.6150724637681159
2015-01-14 16:00:00,0.2772566371681416,0.21893617021276596,0.862249802994484,0.6991304347826086
2015-01-14 17:00:00,0.2751769911504425,0.26049645390070925,0.8367060677698975,0.7310144927536232
2015-01-14 18:00:00,0.27424778761061946,0.25666666666666665,0.8290386130811662,0.7811594202898551
2015-01-14 19:00:00,0.27314159292035395,0.25687943262411345,0.7814972419227739,0.7253623188405797
2015-01-14 20:00:00,0.27559734513274337,0.25453900709219857,0.7541174152876281,0.6602898550724638
2015-01-14 21:00:00,0.272212389380531,0.258936170212766,0.6922182821118992,0.6978260869565217
2015-01-14 22:00:00,0.2718141592920354,0.26,0.6294523246650906,0.7004347826086956
2015-01-14 23:00:00,0.27393805309734515,0.2625531914893617,0.5745074862096139,0.6407246376811595
2015-01-15 00:00:00,0.27424778761061946,0.2622695035460993,0.5290819542947203,0.5804347826086956
2015-01-15 01:00:00,0.275,0.25666666666666665,0.5110795902285264,0.5459420289855073
2015-01-15 02:00:00,0.2758849557522124,0.26354609929078016,0.506678486997636,0.6202898550724638
2015-01-15 03:00:00,0.276504424778761,0.2632624113475177,0.5300197005516154,0.5952173913043478
2015-01-15 04:00:00,0.27623893805309735,0.2617730496453901,0.5770961386918834,0.5876811594202899
2015-01-15 05:00:00,0.27654867256637167,0.2643262411347518,0.7025925925925925,0.5272463768115943
2015-01-15 06:00:00,0.27701327433628314,0.25652482269503546,0.7834436564223798,0.5081159420289856
2015-01-15 07:00:00,0.2777433628318584,0.254113475177305,0.7964381402679275,0.5408695652173913
2015-01-15 08:00:00,0.27654867256637167,0.2560992907801419,0.7768439716312057,0.5253623188405797
2015-01-15 09:00:00,0.2767256637168142,0.2530496453900709,0.7723916469661151,0.5856521739130435
2015-01-15 10:00:00,0.27772123893805306,0.26163120567375886,0.7579275019700552,0.6333333333333333
2015-01-15 11:00:00,0.27780973451327434,0.25858156028368795,0.7509574468085106,0.5957971014492754
2015-01-15 12:00:00,0.2786504424778761,0.258936170212766,0.7506501182033097,0.5746376811594203
2015-01-15 13:00:00,0.2760840707964602,0.2549645390070922,0.7406737588652482,0.5857971014492753
2015-01-15 14:00:00,0.27736725663716816,0.2578014184397163,0.755177304964539,0.5747826086956522
2015-01-15 15:00:00,0.2774336283185841,0.25858156028368795,0.7847754137115839,0.6192753623188406
2015-01-15 16:00:00,0.27665929203539824,0.25858156028368795,0.7925492513790386,0.6433333333333333
2015-01-15 17:00:00,0.2763938053097345,0.21900709219858158,0.7717139479905437,0.6672463768115942
2015-01-15 18:00:00,0.2739159292035398,0.21921985815602837,0.7464933018124508,0.6781159420289855
2015-01-15 19:00:00,0.2736283185840708,0.22063829787234043,0.7091883372734437,0.6599999999999999
2015-01-15 20:00:00,0.27592920353982303,0.21822695035460993,0.6818203309692671,0.6415942028985507
2015-01-15 21:00:00,0.2741371681415929,0.2198581560283688,0.6476910953506698,0.6298550724637682
2015-01-15 22:00:00,0.2704646017699115,0.22163120567375885,0.585220646178093,0.6095652173913044
2015-01-15 23:00:00,0.27267699115044247,0.2569503546099291,0.5325531914893618,0.5391304347826087
2015-01-16 00:00:00,0.2726548672566372,0.2568085106382979,0.5034278959810875,0.5598550724637681
2015-01-16 01:00:00,0.2731637168141593,0.2601418439716312,0.49104412923561863,0.5650724637681159
2015-01-16 02:00:00,0.2715929203539823,0.25773049645390067,0.47296690307328604,0.5734782608695652
2015-01-16 03:00:00,0.27115044247787606,0.25822695035460996,0.49206067769897555,0.5621739130434782
2015-01-16 04:00:00,0.2731637168141593,0.26070921985815604,0.5376398739164696,0.5631884057971015
2015-01-16 05:00:00,0.2739823008849558,0.2612765957446808,0.6409338061465721,0.5743478260869566
2015-01-16 06:00:00,0.2759513274336283,0.26248226950354614,0.7333018124507487,0.5447826086956521
2015-01-16 07:00:00,0.272212389380531,0.25985815602836876,0.7346650906225374,0.5602898550724638
2015-01-16 08:00:00,0.2745132743362832,0.25971631205673756,0.7354097714736013,0.566376811594203
2015-01-16 09:00:00,0.27123893805309734,0.2590780141843972,0.7352048857368007,0.5623188405797102
2015-01-16 10:00:00,0.27137168141592916,0.2604255319148936,0.7258747044917258,0.5692753623188406
2015-01-16 11:00:00,0.27309734513274336,0.26198581560283685,0.6986130811662726,0.5714492753623188
2015-01-16 12:00:00,0.2736504424778761,0.26141843971631207,0.6995311268715524,0.5244927536231884
2015-01-16 13:00:00,0.27497787610619473,0.25354609929078015,0.709909377462569,0.508695652173913
2015-01-16 14:00:00,0.27415929203539824,0.2552482269503546,0.7368754925137905,0.5163768115942029
2015-01-16 15:00:00,0.2746017699115044,0.25865248226950355,0.7824271079590228,0.48
2015-01-16 16:00:00,0.27404867256637166,0.21858156028368794,0.8111071710007881,0.4682608695652174
2015-01-16 17:00:00,0.2715044247787611,0.21645390070921985,0.8281205673758866,0.4420289855072464
2015-01-16 18:00:00,0.2688716814159292,0.21978723404255318,0.7781205673758865,0.43478260869565216
2015-01-16 19:00:00,0.2686283185840708,0.21886524822695036,0.7346611505122144,0.42246376811594205
2015-01-16 20:00:00,0.2707300884955752,0.21829787234042555,0.72048463356974,0.43
2015-01-16 21:00:00,0.2697566371681416,0.21638297872340428,0.6979353821907013,0.4433333333333333
2015-01-16 22:00:00,0.2693805309734513,0.21645390070921985,0.6560677698975571,0.43594202898550727
2015-01-16 23:00:00,0.27699115044247785,0.21546099290780144,0.6483806146572104,0.3498550724637681
2015-01-17 00:00:00,0.27716814159292036,0.21588652482269502,0.6280772261623325,0.32521739130434785
2015-01-17 01:00:00,0.2763274336283186,0.2221985815602837,0.6182978723404255,0.3255072463768116
2015-01-17 02:00:00,0.27573008849557523,0.22390070921985814,0.6199881796690307,0.33507246376811595
2015-01-17 03:00:00,0.2741371681415929,0.22418439716312058,0.607080378250591,0.3382608695652174
2015-01-17 04:00:00,0.27276548672566375,0.22290780141843972,0.6142986603624901,0.3217391304347826
2015-01-17 05:00:00,0.2713495575221239,0.22312056737588654,0.6257998423955871,0.3165217391304348
2015-01-17 06:00:00,0.2730530973451328,0.22198581560283687,0.6851260835303389,0.31666666666666665
2015-01-17 07:00:00,0.2743362831858407,0.2246808510638298,0.7220015760441293,0.3415942028985507
2015-01-17 08:00:00,0.27699115044247785,0.22283687943262412,0.7618439716312057,0.367536231884058
2015-01-17 09:00:00,0.27707964601769913,0.22460992907801416,0.7702600472813239,0.34898550724637684
2015-01-17 10:00:00,0.2750442477876106,0.22347517730496455,0.758538219070134,0.3204347826086956
2015-01-17 11:00:00,0.27396017699115044,0.22127659574468084,0.7159141055949567,0.40492753623188404
2015-01-17 12:00:00,0.2753539823008849,0.22113475177304964,0.6997990543735225,0.45507246376811594
2015-01-17 13:00:00,0.2745353982300885,0.22191489361702127,0.6971710007880221,0.4372463768115942
2015-01-17 14:00:00,0.27533185840707963,0.22368794326241134,0.7197635933806146,0.45884057971014497
2015-01-17 15:00:00,0.27707964601769913,0.22645390070921986,0.7629472025216706,0.532463768115942
2015-01-17 16:00:00,0.27714601769911507,0.22617021276595742,0.791103230890465,0.4389855072463768
2015-01-17 17:00:00,0.2747345132743363,0.22588652482269503,0.7785106382978723,0.4973913043478261
2015-01-17 18:00:00,0.2729646017699115,0.2672340425531915,0.7482584712371946,0.504927536231884
2015-01-17 19:00:00,0.27334070796460175,0.26652482269503547,0.688806146572104,0.44811594202898547
2015-01-17 20:00:00,0.2733849557522124,0.265177304964539,0.655575256107171,0.44289855072463774
2015-01-17 21:00:00,0.27488938053097345,0.2646099290780142,0.6388534278959811,0.42275362318840576
2015-01-17 22:00:00,0.2740265486725664,0.2682269503546099,0.587923561859732,0.48449275362318844
2015-01-17 23:00:00,0.279070796460177,0.2675886524822695,0.5249448384554768,0.49420289855072463
2015-01-18 00:00:00,0.2788495575221239,0.26609929078014183,0.5113632781717888,0.534927536231884
2015-01-18 01:00:00,0.2764823008849558,0.2661702127659575,0.4943656422379827,0.5747826086956522
2015-01-18 02:00:00,0.27898230088495574,0.2630496453900709,0.4989598108747045,0.5882608695652174
2015-01-18 03:00:00,0.2774778761061947,0.2647517730496454,0.4858668242710796,0.6068115942028985
2015-01-18 04:00:00,0.2768362831858407,0.2650354609929078,0.4994917257683215,0.6007246376811595
2015-01-18 05:00:00,0.2772566371681416,0.2680141843971631,0.5327147360126083,0.6128985507246376
2015-01-18 06:00:00,0.2763938053097345,0.269290780141844,0.578849487785658,0.5914492753623188
2015-01-18 07:00:00,0.2777433628318584,0.22687943262411345,0.6142513790386132,0.5833333333333334
2015-01-18 08:00:00,0.27920353982300883,0.22851063829787233,0.6575728920409771,0.5668115942028986
2015-01-18 09:00:00,0.2796017699115044,0.2221985815602837,0.707738376674547,0.5966666666666667
2015-01-18 10:00:00,0.27898230088495574,0.2195744680851064,0.741371158392435,0.558840579710145
2015-01-18 11:00:00,0.275287610619469,0.22496453900709218,0.7269267139479906,0.3282608695652174
2015-01-18 12:00:00,0.2767256637168142,0.2221985815602837,0.709779353821907,0.31231884057971016
2015-01-18 13:00:00,0.27641592920353986,0.22382978723404257,0.7390070921985815,0.27144927536231883
2015-01-18 14:00:00,0.27701327433628314,0.22539007092198582,0.8005988967691096,0.24869565217391304
2015-01-18 15:00:00,0.27904867256637167,0.2275177304964539,0.8405516154452325,0.25420289855072464
2015-01-18 16:00:00,0.27966814159292036,0.22929078014184398,0.8756146572104019,0.2702898550724638
2015-01-18 17:00:00,0.27723451327433624,0.22971631205673756,0.8666863672182821,0.2669565217391304
2015-01-18 18:00:00,0.2746238938053097,0.2694326241134752,0.8379432624113475,0.30217391304347824
2015-01-18 19:00:00,0.27404867256637166,0.2682978723404255,0.8174389282899921,0.29043478260869565
2015-01-18 20:00:00,0.2763053097345133,0.2646099290780142,0.8202679275019701,0.2947826086956522
2015-01-18 21:00:00,0.2761725663716814,0.2681560283687943,0.804243498817967,0.3163768115942029
2015-01-18 22:00:00,0.2748230088495575,0.2663120567375887,0.7534594168636721,0.32913043478260867
2015-01-18 23:00:00,0.27694690265486727,0.26354609929078016,0.6968124507486209,0.40246376811594203
2015-01-19 00:00:00,0.27803097345132743,0.2643262411347518,0.6714775413711583,0.39420289855072466
2015-01-19 01:00:00,0.2776769911504425,0.2676595744680851,0.6653073286052009,0.33652173913043476
2015-01-19 02:00:00,0.2763274336283186,0.26780141843971633,0.6698345153664303,0.35434782608695653
2015-01-19 03:00:00,0.27559734513274337,0.2680851063829787,0.7080299448384555,0.35985507246376813
2015-01-19 04:00:00,0.27783185840707963,0.2650354609929078,0.7596808510638298,0.3705797101449275
2015-01-19 05:00:00,0.2800221238938053,0.2641843971631206,0.8602994483845549,0.36347826086956525
2015-01-19 06:00:00,0.28221238938053095,0.2652482269503546,0.9466312056737589,0.37811594202898546
2015-01-19 07:00:00,0.27738938053097345,0.2273758865248227,0.9364696611505121,0.367536231884058
2015-01-19 08:00:00,0.281283185840708,0.22673758865248225,0.9381678486997637,0.37304347826086953
2015-01-19 09:00:00,0.28174778761061947,0.22375886524822694,0.9504176516942474,0.38347826086956527
2015-01-19 10:00:00,0.2820353982300885,0.2628368794326241,0.9381520882584712,0.36971014492753623
2015-01-19 11:00:00,0.277853982300885,0.2621985815602837,0.9349172576832152,0.37724637681159423
2015-01-19 12:00:00,0.2827433628318584,0.25687943262411345,0.9393065405831362,0.3778260869565217
2015-01-19 13:00:00,0.28207964601769914,0.25574468085106383,0.9359259259259259,0.3572463768115942
2015-01-19 14:00:00,0.28488938053097346,0.2556028368794326,0.9421788810086682,0.3547826086956522
2015-01-19 15:00:00,0.2836725663716814,0.26276595744680853,0.9392316784869976,0.3953623188405797
2015-01-19 16:00:00,0.2851991150442478,0.2653900709219858,0.9460677698975571,0.39565217391304347
2015-01-19 17:00:00,0.28351769911504426,0.2653900709219858,0.9283490937746257,0.38333333333333336
2015-01-19 18:00:00,0.28398230088495574,0.265177304964539,0.913853427895981,0.3939130434782609
2015-01-19 19:00:00,0.28331858407079646,0.2650354609929078,0.8741646966115051,0.4059420289855073
2015-01-19 20:00:00,0.2852212389380531,0.26411347517730493,0.8545311268715524,0.42275362318840576
2015-01-19 21:00:00,0.28283185840707964,0.2629787234042553,0.8166627265563436,0.4311594202898551
2015-01-19 22:00:00,0.28373893805309736,0.26680851063829786,0.7680141843971632,0.40260869565217394
2015-01-19 23:00:00,0.2763053097345133,0.26602836879432623,0.7590307328605201,0.37202898550724633
2015-01-20 00:00:00,0.2775663716814159,0.2641843971631206,0.7337706855791961,0.37420289855072464
2015-01-20 01:00:00,0.2790929203539823,0.26184397163120565,0.7256855791962176,0.38898550724637676
2015-01-20 02:00:00,0.2782522123893805,0.2650354609929078,0.7220212765957448,0.39188405797101444
2015-01-20 03:00:00,0.2784513274336283,0.2621276595744681,0.7519818754925137,0.3794202898550725
2015-01-20 04:00:00,0.2760840707964602,0.2643971631205674,0.7830417651694247,0.37144927536231886
2015-01-20 05:00:00,0.2773008849557522,0.2584397163120567,0.8496138691883373,0.36492753623188406
2015-01-20 06:00:00,0.2775221238938053,0.26581560283687944,0.9246966115051222,0.3660869565217391
2015-01-20 07:00:00,0.273783185840708,0.26354609929078016,0.9409416863672182,0.343768115942029
2015-01-20 08:00:00,0.2736946902654867,0.2625531914893617,0.9338416075650119,0.3421739130434783
2015-01-20 09:00:00,0.27329646017699116,0.2631205673758865,0.9415248226950356,0.3308695652173913
2015-01-20 10:00:00,0.2759070796460177,0.26354609929078016,0.9306816390858944,0.3165217391304348
2015-01-20 11:00:00,0.2715044247787611,0.26482269503546096,0.9215208825847124,0.30188405797101453
2015-01-20 12:00:00,0.2754424778761062,0.2646099290780142,0.9174507486209614,0.3073913043478261
2015-01-20 13:00:00,0.2771902654867257,0.2610638297872341,0.914554767533491,0.391304347826087
2015-01-20 14:00:00,0.2772787610619469,0.2643971631205674,0.9199842395587077,0.39594202898550723
2015-01-20 15:00:00,0.27623893805309735,0.26276595744680853,0.9229393223010245,0.41173913043478266
2015-01-20 16:00:00,0.2752654867256637,0.2650354609929078,0.9123877068557921,0.4808695652173913
2015-01-20 17:00:00,0.2775221238938053,0.2653191489361702,0.9080457052797478,0.4368115942028985
2015-01-20 18:00:00,0.2780530973451327,0.2628368794326241,0.9136840031520882,0.46710144927536235
2015-01-20 19:00:00,0.277787610619469,0.26049645390070925,0.8856540583136329,0.4427536231884058
2015-01-20 20:00:00,0.2788053097345133,0.2602127659574468,0.8730023640661938,0.44565217391304346
2015-01-20 21:00:00,0.2773008849557522,0.2650354609929078,0.8366509062253743,0.4208695652173913
2015-01-20 22:00:00,0.27530973451327434,0.2592198581560284,0.7750472813238771,0.4328985507246377
2015-01-20 23:00:00,0.26831858407079645,0.2594326241134752,0.741725768321513,0.5508695652173914
2015-01-21 00:00:00,0.2697566371681416,0.2581560283687943,0.7237706855791962,0.5853623188405797
2015-01-21 01:00:00,0.2710619469026549,0.2581560283687943,0.7198108747044917,0.5936231884057971
2015-01-21 02:00:00,0.27137168141592916,0.2579432624113475,0.7332821118991332,0.5972463768115942
2015-01-21 03:00:00,0.26902654867256637,0.2590780141843972,0.7597438928289992,0.5914492753623188
2015-01-21 04:00:00,0.26993362831858403,0.2592198581560284,0.8033490937746257,0.5763768115942028
2015-01-21 05:00:00,0.27196902654867255,0.24758865248226952,0.8648620961386919,0.5414492753623189
2015-01-21 06:00:00,0.2695796460176991,0.24758865248226952,0.9198345153664303,0.5485507246376812
2015-01-21 07:00:00,0.2682300884955752,0.24744680851063827,0.9241331757289204,0.5836231884057971
2015-01-21 08:00:00,0.26851769911504425,0.26248226950354614,0.9305161544523247,0.5785507246376811
2015-01-21 09:00:00,0.2713274336283186,0.26085106382978723,0.9324743892828999,0.5407246376811594
2015-01-21 10:00:00,0.2727212389380531,0.2611347517730496,0.927521670606777,0.5091304347826087
2015-01-21 11:00:00,0.26966814159292035,0.2605673758865248,0.9149369582348306,0.4530434782608696
2015-01-21 12:00:00,0.27103982300884955,0.2728368794326241,0.9147438928289993,0.44913043478260867
2015-01-21 13:00:00,0.27143805309734514,0.2753900709219858,0.9141843971631206,0.42666666666666664
2015-01-21 14:00:00,0.2692920353982301,0.2770212765957447,0.9193735224586289,0.38637681159420295
2015-01-21 15:00:00,0.2681858407079646,0.27787234042553194,0.9290937746256895,0.3511594202898551
2015-01-21 16:00:00,0.2723008849557522,0.2722695035460993,0.9325098502758077,0.3433333333333333
2015-01-21 17:00:00,0.27263274336283183,0.2753191489361702,0.91849487785658,0.3552173913043478
2015-01-21 18:00:00,0.27146017699115044,0.27709219858156026,0.9264460204885737,0.3244927536231884
2015-01-21 19:00:00,0.2730530973451328,0.2750354609929078,0.9173364854215919,0.34652173913043477
2015-01-21 20:00:00,0.2717699115044248,0.2776595744680851,0.9067888100866824,0.3294202898550725
2015-01-21 21:00:00,0.2710619469026549,0.27617021276595743,0.8876989755713159,0.3085507246376812
2015-01-21 22:00:00,0.269070796460177,0.2721985815602837,0.8281245074862096,0.31753623188405794
2015-01-21 23:00:00,0.2671017699115044,0.27815602836879433,0.7912923561859732,0.27666666666666667
2015-01-22 00:00:00,0.267853982300885,0.279290780141844,0.7826950354609928,0.23681159420289855
2015-01-22 01:00:00,0.26756637168141595,0.2817730496453901,0.7586485421591804,0.24101449275362322
2015-01-22 02:00:00,0.26599557522123896,0.27212765957446805,0.7433412135539795,0.23565217391304347
2015-01-22 03:00:00,0.26407079646017695,0.2778014184397163,0.7666627265563436,0.24014492753623187
2015-01-22 04:00:00,0.2648008849557522,0.279290780141844,0.8196178092986605,0.21318840579710144
2015-01-22 05:00:00,0.2682743362831858,0.2773758865248227,0.890086682427108,0.21115942028985504
2015-01-22 06:00:00,0.2683849557522124,0.27815602836879433,0.9470488573680063,0.2110144927536232
2015-01-22 07:00:00,0.26393805309734514,0.2750354609929078,0.9518833727344366,0.1902898550724638
2015-01-22 08:00:00,0.26429203539823004,0.26886524822695035,0.9438416075650119,0.21956521739130436
2015-01-22 09:00:00,0.26584070796460174,0.274822695035461,0.9416154452324665,0.22565217391304346
2015-01-22 10:00:00,0.26597345132743366,0.2848936170212766,0.9443538219070134,0.22275362318840577
2015-01-22 11:00:00,0.25966814159292034,0.2734042553191489,0.9383569739952718,0.22072463768115944
2015-01-22 12:00:00,0.2574115044247788,0.2770212765957447,0.9254728132387707,0.21884057971014492
2015-01-22 13:00:00,0.2624336283185841,0.2784397163120568,0.9188770685579196,0.22014492753623188
2015-01-22 14:00:00,0.26747787610619467,0.279645390070922,0.9349527186761228,0.22159420289855072
2015-01-22 15:00:00,0.26807522123893807,0.2753900709219858,0.9458313632781719,0.22043478260869565
2015-01-22 16:00:00,0.2690929203539823,0.2736879432624113,0.9582033096926714,0.22695652173913042
2015-01-22 17:00:00,0.26761061946902653,0.27120567375886523,0.9462608353033884,0.23681159420289855
2015-01-22 18:00:00,0.268141592920354,0.27425531914893614,0.9615524034672971,0.23231884057971017
2015-01-22 19:00:00,0.2661061946902655,0.274468085106383,0.9461702127659574,0.25666666666666665
2015-01-22 20:00:00,0.268783185840708,0.27156028368794327,0.9517848699763594,0.26072463768115944
2015-01-22 21:00:00,0.26736725663716815,0.27184397163120566,0.9226083530338849,0.28579710144927534
2015-01-22 22:00:00,0.266504424778761,0.2753900709219858,0.8780732860520094,0.2995652173913043
2015-01-22 23:00:00,0.2649778761061947,0.2722695035460993,0.8318242710795902,0.35304347826086957
2015-01-23 00:00:00,0.264712389380531,0.27560283687943266,0.7982781717888101,0.38768115942028986
2015-01-23 01:00:00,0.26632743362831857,0.27595744680851064,0.7770764381402679,0.3881159420289855
2015-01-23 02:00:00,0.26663716814159294,0.2774468085106383,0.7688297872340426,0.4139130434782609
2015-01-23 03:00:00,0.265,0.27624113475177303,0.8040858944050434,0.4204347826086957
2015-01-23 04:00:00,0.2647345132743363,0.27390070921985815,0.8576871552403467,0.4221739130434783
2015-01-23 05:00:00,0.26475663716814163,0.26858156028368796,0.9161505122143421,0.4663768115942029
2015-01-23 06:00:00,0.2667920353982301,0.27879432624113476,0.9650197005516155,0.47985507246376813
2015-01-23 07:00:00,0.2639823008849558,0.28269503546099295,0.9519267139479906,0.5073913043478261
2015-01-23 08:00:00,0.26672566371681417,0.2779432624113475,0.9557722616233254,0.5411594202898551
2015-01-23 09:00:00,0.2698230088495575,0.2771631205673759,0.9678999211977936,0.5989855072463768
2015-01-23 10:00:00,0.2688716814159292,0.28219858156028366,0.962301024428684,0.5973913043478261
2015-01-23 11:00:00,0.2686504424778761,0.2804255319148936,0.9577147360126084,0.5946376811594203
2015-01-23 12:00:00,0.26809734513274336,0.2806382978723404,0.9478053585500393,0.6795652173913043
2015-01-23 13:00:00,0.268141592920354,0.28099290780141845,0.9474152876280536,0.6810144927536231
2015-01-23 14:00:00,0.2689380530973451,0.27936170212765954,0.9498581560283689,0.7304347826086957
2015-01-23 15:00:00,0.2663938053097345,0.28319148936170213,0.9569779353821907,0.7281159420289854
2015-01-23 16:00:00,0.2666814159292036,0.27695035460992906,0.9538928289992119,0.7517391304347827
2015-01-23 17:00:00,0.2644690265486726,0.27900709219858155,0.9421040189125295,0.733768115942029
2015-01-23 18:00:00,0.26258849557522124,0.28085106382978725,0.9057407407407407,0.7752173913043477
2015-01-23 19:00:00,0.26216814159292035,0.2917021276595745,0.8709101654846336,0.754927536231884
2015-01-23 20:00:00,0.26196902654867255,0.2924113475177305,0.8294483845547675,0.7442028985507246
2015-01-23 21:00:00,0.263141592920354,0.2909219858156028,0.7733569739952718,0.7594202898550725
2015-01-23 22:00:00,0.2625,0.2917021276595745,0.7150078802206462,0.773768115942029
2015-01-23 23:00:00,0.26170353982300887,0.29134751773049644,0.6463120567375887,0.7281159420289854
2015-01-24 00:00:00,0.26130530973451327,0.29127659574468084,0.6048148148148148,0.7378260869565217
2015-01-24 01:00:00,0.25893805309734513,0.2885815602836879,0.5713514578408195,0.717536231884058
2015-01-24 02:00:00,0.2578982300884956,0.2918439716312057,0.5575098502758077,0.7166666666666667
2015-01-24 03:00:00,0.25734513274336285,0.2909219858156028,0.5613041765169424,0.5843478260869565
2015-01-24 04:00:00,0.2559955752212389,0.29659574468085104,0.568628841607565,0.7204347826086956
2015-01-24 05:00:00,0.2543141592920354,0.29297872340425535,0.583360914105595,0.7289855072463768
2015-01-24 06:00:00,0.2557300884955752,0.29,0.6143735224586289,0.6781159420289855
2015-01-24 07:00:00,0.25617256637168145,0.29163120567375883,0.6606855791962175,0.6997101449275362
2015-01-24 08:00:00,0.25785398230088497,0.2922695035460993,0.7303506698187548,0.6026086956521739
2015-01-24 09:00:00,0.25829646017699115,0.2931914893617021,0.7733333333333333,0.6610144927536232
2015-01-24 10:00:00,0.25975663716814157,0.2936879432624114,0.7844996059889676,0.6640579710144927
2015-01-24 11:00:00,0.25900442477876107,0.29404255319148936,0.7727817178881009,0.716376811594203
2015-01-24 12:00:00,0.2588274336283186,0.29418439716312056,0.76322695035461,0.6802898550724638
2015-01-24 13:00:00,0.2582300884955752,0.290709219858156,0.762344365642238,0.6028985507246377
2015-01-24 14:00:00,0.2577433628318584,0.2926950354609929,0.7742198581560285,0.6542028985507246
2015-01-24 15:00:00,0.25922566371681416,0.29219858156028367,0.8151812450748621,0.5523188405797101
2015-01-24 16:00:00,0.259712389380531,0.29120567375886525,0.8540386130811662,0.5455072463768116
2015-01-24 17:00:00,0.2581194690265487,0.2931914893617021,0.8351497241922773,0.5428985507246377
2015-01-24 18:00:00,0.2564823008849557,0.29212765957446807,0.7984121355397952,0.4623188405797101
2015-01-24 19:00:00,0.25508849557522123,0.2922695035460993,0.7451733648542159,0.5528985507246377
2015-01-24 20:00:00,0.25639380530973455,0.2926950354609929,0.6925965327029157,0.5378260869565218
2015-01-24 21:00:00,0.2586946902654867,0.2915602836879433,0.6709613869188338,0.5891304347826087
2015-01-24 22:00:00,0.2584513274336283,0.2902127659574468,0.6329275019700552,0.5104347826086957
2015-01-24 23:00:00,0.25382743362831856,0.28921985815602835,0.5939716312056738,0.4842028985507247
2015-01-25 00:00:00,0.2526991150442478,0.29113475177304965,0.5672892040977147,0.41289855072463766
2015-01-25 01:00:00,0.2521238938053097,0.29163120567375883,0.5493971631205674,0.42695652173913046
2015-01-25 02:00:00,0.25267699115044245,0.28872340425531917,0.5398305752561071,0.31869565217391305
2015-01-25 03:00:00,0.25311946902654864,0.28709219858156027,0.5411859732072498,0.28391304347826085
2015-01-25 04:00:00,0.25398230088495577,0.28709219858156027,0.5606264775413712,0.2647826086956522
2015-01-25 05:00:00,0.25404867256637165,0.28921985815602835,0.5838337273443657,0.2891304347826087
2015-01-25 06:00:00,0.2543362831858407,0.28893617021276596,0.6234712371946415,0.26275362318840584
2015-01-25 07:00:00,0.25464601769911505,0.2894326241134752,0.6660756501182034,0.3136231884057971
2015-01-25 08:00:00,0.25506637168141594,0.29659574468085104,0.7214026792750198,0.29985507246376814
2015-01-25 09:00:00,0.254712389380531,0.2970212765957447,0.7772064617809299,0.3253623188405797
2015-01-25 10:00:00,0.2543805309734513,0.29744680851063826,0.8087746256895193,0.336231884057971
2015-01-25 11:00:00,0.2548230088495575,0.28936170212765955,0.8022931442080379,0.4005797101449275
2015-01-25 12:00:00,0.2546017699115044,0.29205673758865247,0.7773286052009456,0.3882608695652174
2015-01-25 13:00:00,0.25462389380530975,0.29333333333333333,0.7581914893617022,0.3805797101449276
2015-01-25 14:00:00,0.2553318584070796,0.284113475177305,0.7884633569739953,0.3968115942028986
2015-01-25 15:00:00,0.2560619469026549,0.2897872340425532,0.8522695035460992,0.43782608695652175
2015-01-25 16:00:00,0.25537610619469026,0.2877304964539007,0.8836524822695034,0.5453623188405797
2015-01-25 17:00:00,0.25524336283185844,0.29141843971631204,0.8684869976359338,0.561304347826087
2015-01-25 18:00:00,0.25393805309734513,0.2904964539007092,0.8389834515366431,0.6189855072463768
2015-01-25 19:00:00,0.25391592920353984,0.28886524822695037,0.8084712371946414,0.637536231884058
2015-01-25 20:00:00,0.254358407079646,0.28907801418439716,0.7642553191489362,0.6663768115942029
2015-01-25 21:00:00,0.2546902654867257,0.28836879432624113,0.7161544523246651,0.683768115942029
2015-01-25 22:00:00,0.2544690265486726,0.28907801418439716,0.6321079590228527,0.6801449275362319
2015-01-25 23:00:00,0.25309734513274335,0.2783687943262411,0.5547163120567377,0.6655072463768116
2015-01-26 00:00:00,0.2533628318584071,0.2765248226950354,0.5199330181245074,0.7226086956521739
2015-01-26 01:00:00,0.2541592920353982,0.2765248226950354,0.5008786446020488,0.7271014492753624
2015-01-26 02:00:00,0.2536725663716814,0.27666666666666667,0.49036249014972416,0.667536231884058
2015-01-26 03:00:00,0.2529203539823009,0.27624113475177303,0.5053427895981087,0.6405797101449275
2015-01-26 04:00:00,0.2526106194690265,0.2782978723404255,0.5739558707643814,0.6594202898550725
2015-01-26 05:00:00,0.25736725663716814,0.2775886524822695,0.6851654846335697,0.6530434782608696
2015-01-26 06:00:00,0.2610398230088496,0.27879432624113476,0.7996178092986603,0.6715942028985507
2015-01-26 07:00:00,0.2616592920353982,0.28921985815602835,0.8186721828211191,0.5991304347826086
2015-01-26 08:00:00,0.2642477876106195,0.2924113475177305,0.816639085894405,0.6091304347826088
2015-01-26 09:00:00,0.26486725663716815,0.2909219858156028,0.839208037825059,0.6718840579710146
2015-01-26 10:00:00,0.2650442477876106,0.2681560283687943,0.8303309692671395,0.5598550724637681
2015-01-26 11:00:00,0.2643141592920354,0.26695035460992905,0.8175059101654846,0.6223188405797101
2015-01-26 12:00:00,0.2645353982300885,0.26574468085106384,0.8158313632781717,0.5323188405797101
2015-01-26 13:00:00,0.2643362831858407,0.26354609929078016,0.8195902285263987,0.44130434782608696
2015-01-26 14:00:00,0.2642699115044248,0.2643262411347518,0.8248345153664303,0.45695652173913043
2015-01-26 15:00:00,0.26488938053097344,0.2560992907801419,0.8493735224586287,0.5278260869565217
2015-01-26 16:00:00,0.26407079646017695,0.2399290780141844,0.8558077226162333,0.5965217391304348
2015-01-26 17:00:00,0.26371681415929205,0.2735460992907801,0.8378132387706856,0.563768115942029
2015-01-26 18:00:00,0.2633849557522124,0.27787234042553194,0.8268400315208826,0.5960869565217392
2015-01-26 19:00:00,0.26287610619469026,0.2763120567375887,0.7673916469661151,0.5156521739130435
2015-01-26 20:00:00,0.2636725663716814,0.2748936170212766,0.7232151300236407,0.6143478260869565
2015-01-26 21:00:00,0.2620575221238938,0.27375886524822696,0.6444444444444445,0.44956521739130434
2015-01-26 22:00:00,0.26026548672566374,0.27673758865248227,0.5597990543735225,0.48637681159420293
2015-01-26 23:00:00,0.2655309734513274,0.29014184397163123,0.5237825059101655,0.4055072463768116
2015-01-27 00:00:00,0.2652212389380531,0.2919858156028369,0.49994089834515365,0.3644927536231884
2015-01-27 01:00:00,0.26325221238938057,0.2775886524822695,0.4812214342001576,0.38927536231884063
2015-01-27 02:00:00,0.2650663716814159,0.27886524822695036,0.48973601260835303,0.45565217391304347
2015-01-27 03:00:00,0.2643141592920354,0.27900709219858155,0.5207840819542947,0.45623188405797105
2015-01-27 04:00:00,0.2642699115044248,0.28007092198581557,0.5725019700551616,0.4350724637681159
2015-01-27 05:00:00,0.26597345132743366,0.2782269503546099,0.6927107959022852,0.43086956521739134
2015-01-27 06:00:00,0.26672566371681417,0.27602836879432624,0.7946690307328605,0.4786956521739131
2015-01-27 07:00:00,0.2655309734513274,0.27680851063829787,0.8280141843971631,0.49797101449275366
2015-01-27 08:00:00,0.2648451327433628,0.27609929078014184,0.8273916469661151,0.4688405797101449
2015-01-27 09:00:00,0.2667035398230089,0.2424822695035461,0.8384791174152876,0.44014492753623186
2015-01-27 10:00:00,0.2650663716814159,0.12638297872340426,0.8320921985815602,0.4607246376811594
2015-01-27 11:00:00,0.2636504424778761,0.11553191489361703,0.8180417651694248,0.4904347826086956
2015-01-27 12:00:00,0.2648230088495575,0.11765957446808512,0.8152955082742317,0.503768115942029
2015-01-27 13:00:00,0.26676991150442475,0.11645390070921985,0.817655634357762,0.4801449275362319
2015-01-27 14:00:00,0.2663053097345133,0.10191489361702127,0.8318833727344366,0.4917391304347826
2015-01-27 15:00:00,0.2681858407079646,0.10929078014184397,0.8793459416863671,0.49971014492753624
2015-01-27 16:00:00,0.26654867256637166,0.10205673758865248,0.8868124507486209,0.542463768115942
2015-01-27 17:00:00,0.266504424778761,0.10524822695035461,0.8839243498817967,0.5859420289855073
2015-01-27 18:00:00,0.26464601769911505,0.1029078014184397,0.8562608353033886,0.6005797101449275
2015-01-27 19:00:00,0.26477876106194687,0.12872340425531914,0.7974704491725768,0.616231884057971
2015-01-27 20:00:00,0.26696902654867255,0.14070921985815604,0.766016548463357,0.6255072463768117
2015-01-27 21:00:00,0.26590707964601773,0.1623404255319149,0.7111229314420804,0.6171014492753624
2015-01-27 22:00:00,0.2636725663716814,0.16170212765957448,0.626107171000788,0.6231884057971014
2015-01-27 23:00:00,0.2736061946902655,0.170709219858156,0.5666272655634358,0.6527536231884058
2015-01-28 00:00:00,0.2738938053097345,0.17184397163120568,0.534736012608353,0.6598550724637682
2015-01-28 01:00:00,0.2755530973451327,0.17326241134751774,0.5095429472025217,0.6750724637681159
2015-01-28 02:00:00,0.27511061946902654,0.18439716312056736,0.47520488573680064,0.6991304347826086
2015-01-28 03:00:00,0.27287610619469027,0.18340425531914895,0.49213159968479114,0.6508695652173914
2015-01-28 04:00:00,0.27307522123893807,0.18971631205673758,0.538849487785658,0.6410144927536232
2015-01-28 05:00:00,0.2751769911504425,0.20127659574468085,0.6508983451536643,0.6734782608695652
2015-01-28 06:00:00,0.2750663716814159,0.20163120567375886,0.7547517730496454,0.6568115942028986
2015-01-28 07:00:00,0.2750442477876106,0.21638297872340428,0.7597793538219071,0.606231884057971
2015-01-28 08:00:00,0.27876106194690264,0.2201418439716312,0.746059889676911,0.5595652173913044
2015-01-28 09:00:00,0.27891592920353986,0.22177304964539007,0.7345823483057526,0.5317391304347826
2015-01-28 10:00:00,0.27969026548672565,0.21872340425531914,0.716993695823483,0.5378260869565218
2015-01-28 11:00:00,0.27878318584070794,0.2221276595744681,0.6878999211977936,0.5053623188405797
2015-01-28 12:00:00,0.27842920353982303,0.22560283687943264,0.674074074074074,0.5223188405797101
2015-01-28 13:00:00,0.27783185840707963,0.22078014184397163,0.6671434200157604,0.500144927536232
2015-01-28 14:00:00,0.2759513274336283,0.22361702127659575,0.6634594168636722,0.45608695652173914
2015-01-28 15:00:00,0.2775442477876106,0.22404255319148936,0.6960914105594956,0.43492753623188407
2015-01-28 16:00:00,0.27561946902654866,0.22801418439716312,0.7258510638297871,0.38521739130434784
2015-01-28 17:00:00,0.2750663716814159,0.24695035460992906,0.7146414499605989,0.3705797101449275
2015-01-28 18:00:00,0.27442477876106197,0.24680851063829787,0.6672025216706067,0.36869565217391304
2015-01-28 19:00:00,0.2732522123893805,0.25,0.6254058313632781,0.4008695652173913
2015-01-28 20:00:00,0.27581858407079646,0.24929078014184397,0.6120724980299448,0.3855072463768116
2015-01-28 21:00:00,0.27508849557522125,0.24886524822695033,0.5545311268715524,0.39971014492753626
2015-01-28 22:00:00,0.27303097345132743,0.24957446808510636,0.4759613869188337,0.39956521739130435
2015-01-28 23:00:00,0.2822566371681416,0.24709219858156026,0.44156816390858944,0.43231884057971015
2015-01-29 00:00:00,0.2799778761061947,0.24808510638297873,0.4153349093774626,0.4328985507246377
2015-01-29 01:00:00,0.27834070796460175,0.2478723404255319,0.40180457052797475,0.43492753623188407
2015-01-29 02:00:00,0.28039823008849557,0.24858156028368794,0.4001103230890465,0.4097101449275362
2015-01-29 03:00:00,0.2779203539823009,0.2493617021276596,0.4213081166272655,0.4023188405797102
2015-01-29 04:00:00,0.27749999999999997,0.25120567375886527,0.4693892828999212,0.40927536231884054
2015-01-29 05:00:00,0.2779203539823009,0.251063829787234,0.5967336485421592,0.4114492753623188
2015-01-29 06:00:00,0.27898230088495574,0.2478014184397163,0.749338061465721,0.41289855072463766
2015-01-29 07:00:00,0.2784955752212389,0.24879432624113476,0.7844444444444445,0.40521739130434786
2015-01-29 08:00:00,0.2808407079646018,0.24992907801418437,0.7660914105594957,0.4301449275362319
2015-01-29 09:00:00,0.2806194690265487,0.25113475177304967,0.7631363278171789,0.32231884057971016
2015-01-29 10:00:00,0.2747345132743363,0.25439716312056737,0.7434672970843184,0.34797101449275364
2015-01-29 11:00:00,0.2756637168141593,0.25148936170212766,0.7369818754925137,0.3342028985507246
2015-01-29 12:00:00,0.27539823008849557,0.24794326241134754,0.7250906225374311,0.3198550724637681
2015-01-29 13:00:00,0.2752654867256637,0.2493617021276596,0.7545429472025217,0.3139130434782609
2015-01-29 14:00:00,0.27592920353982303,0.25971631205673756,0.765,0.29
2015-01-29 15:00:00,0.2793362831858407,0.2817730496453901,0.8058747044917257,0.30826086956521737
2015-01-29 16:00:00,0.2786946902654867,0.3097872340425532,0.832123719464145,0.3210144927536232
2015-01-29 17:00:00,0.27714601769911507,0.3056028368794326,0.8227501970055162,0.3353623188405797
2015-01-29 18:00:00,0.27584070796460175,0.2754609929078014,0.7994168636721829,0.34246376811594204
2015-01-29 19:00:00,0.27491150442477874,0.27106382978723403,0.7471710007880221,0.3620289855072464
2015-01-29 20:00:00,0.2774557522123894,0.23893617021276595,0.7137667454688732,0.36768115942028984
2015-01-29 21:00:00,0.27789823008849557,0.23652482269503547,0.6619621749408983,0.395072463768116
2015-01-29 22:00:00,0.2742920353982301,0.2448936170212766,0.578940110323089,0.36420289855072463
2015-01-29 23:00:00,0.27701327433628314,0.2478723404255319,0.5536564223798266,0.3976811594202898
2015-01-30 00:00:00,0.2783628318584071,0.24595744680851064,0.5394838455476754,0.3981159420289855
2015-01-30 01:00:00,0.2796238938053098,0.24858156028368794,0.5455673758865248,0.4543478260869565
2015-01-30 02:00:00,0.2795353982300885,0.2460283687943262,0.5404334121355399,0.44420289855072465
2015-01-30 03:00:00,0.27603982300884955,0.2478014184397163,0.5530732860520094,0.4398550724637681
2015-01-30 04:00:00,0.2763053097345133,0.24921985815602835,0.6271513002364066,0.46289855072463765
2015-01-30 05:00:00,0.2784955752212389,0.2502127659574468,0.7742907801418439,0.45565217391304347
2015-01-30 06:00:00,0.27570796460176994,0.250354609929078,0.8821315996847912,0.49478260869565216
2015-01-30 07:00:00,0.2771017699115044,0.24390070921985815,0.9132978723404256,0.572463768115942
2015-01-30 08:00:00,0.2803761061946903,0.24645390070921985,0.9159377462568952,0.513913043478261
2015-01-30 09:00:00,0.28019911504424777,0.24496453900709217,0.9112174940898345,0.5052173913043478
2015-01-30 10:00:00,0.28073008849557524,0.2507801418439716,0.9098896769109535,0.5363768115942029
2015-01-30 11:00:00,0.2801769911504425,0.26574468085106384,0.890886524822695,0.5082608695652173
2015-01-30 12:00:00,0.2763053097345133,0.2671631205673759,0.8530102442868401,0.5598550724637681
2015-01-30 13:00:00,0.27736725663716816,0.2680141843971631,0.8557368006304176,0.5178260869565218
2015-01-30 14:00:00,0.27904867256637167,0.26773049645390073,0.8439637509850275,0.5276811594202899
2015-01-30 15:00:00,0.2795132743362832,0.26659574468085107,0.8744365642237983,0.5231884057971015
2015-01-30 16:00:00,0.2795575221238938,0.26787234042553193,0.8967060677698976,0.4902898550724638
2015-01-30 17:00:00,0.2761725663716814,0.26673758865248226,0.8752206461780929,0.4489855072463768
2015-01-30 18:00:00,0.27407079646017696,0.2681560283687943,0.8264775413711584,0.4057971014492754
2015-01-30 19:00:00,0.27258849557522125,0.2648936170212766,0.7603230890464933,0.39014492753623187
2015-01-30 20:00:00,0.27422566371681417,0.26773049645390073,0.7319306540583137,0.3882608695652174
2015-01-30 21:00:00,0.2723451327433628,0.2493617021276596,0.6939282899921199,0.38391304347826083
2015-01-30 22:00:00,0.2716371681415929,0.24907801418439715,0.6283766745468874,0.37855072463768114
2015-01-30 23:00:00,0.2669026548672567,0.2551063829787234,0.5888416075650118,0.5389855072463767
2015-01-31 00:00:00,0.2681194690265487,0.2541843971631206,0.5582978723404255,0.5210144927536232
2015-01-31 01:00:00,0.2670132743362832,0.24631205673758866,0.546595744680851,0.49492753623188407
2015-01-31 02:00:00,0.26623893805309734,0.2524113475177305,0.5307840819542947,0.5073913043478261
2015-01-31 03:00:00,0.2660840707964602,0.25368794326241134,0.5337943262411348,0.43623188405797103
2015-01-31 04:00:00,0.26597345132743366,0.255886524822695,0.5500630417651694,0.3869565217391304
2015-01-31 05:00:00,0.26641592920353985,0.26141843971631207,0.5641883372734436,0.38869565217391305
2015-01-31 06:00:00,0.26579646017699116,0.2582978723404255,0.5945193065405832,0.3673913043478261
2015-01-31 07:00:00,0.26530973451327433,0.27397163120567375,0.6594523246650906,0.3392753623188406
2015-01-31 08:00:00,0.2639823008849558,0.2648936170212766,0.7252758077226162,0.31768115942028985
2015-01-31 09:00:00,0.26652654867256637,0.2702836879432624,0.7540110323089046,0.32681159420289857
2015-01-31 10:00:00,0.2682743362831858,0.2673049645390071,0.7412332545311269,0.2997101449275362
2015-01-31 11:00:00,0.2661504424778761,0.26858156028368796,0.715488573680063,0.26840579710144924
2015-01-31 12:00:00,0.2647345132743363,0.2712765957446808,0.690709219858156,0.24028985507246378
2015-01-31 13:00:00,0.26508849557522124,0.27801418439716313,0.6838810086682428,0.2710144927536232
2015-01-31 14:00:00,0.26537610619469026,0.2784397163120568,0.7124034672970843,0.28492753623188405
2015-01-31 15:00:00,0.26539823008849556,0.27723404255319145,0.7719621749408984,0.3084057971014493
2015-01-31 16:00:00,0.26603982300884954,0.27858156028368797,0.8069818754925138,0.30376811594202896
2015-01-31 17:00:00,0.26245575221238937,0.28432624113475174,0.7831363278171789,0.29666666666666663
2015-01-31 18:00:00,0.2611946902654867,0.28382978723404256,0.7171552403467297,0.3056521739130435
2015-01-31 19:00:00,0.26435840707964603,0.2824822695035461,0.6632190701339638,0.30927536231884056
2015-01-31 20:00:00,0.265287610619469,0.2823404255319149,0.6309495665878645,0.32768115942028986
2015-01-31 21:00:00,0.2646238938053097,0.2758156028368794,0.6055516154452325,0.27072463768115945
2015-01-31 22:00:00,0.2605973451327434,0.28,0.5316075650118204,0.26869565217391306
2015-01-31 23:00:00,0.25975663716814157,0.2763120567375887,0.5378605200945626,0.2543478260869565
2015-02-01 00:00:00,0.25966814159292034,0.2773758865248227,0.5013987391646966,0.2850724637681159
2015-02-01 01:00:00,0.2595132743362832,0.2853191489361702,0.475220646178093,0.2802898550724638
2015-02-01 02:00:00,0.25880530973451327,0.27808510638297873,0.46066193853427895,0.2826086956521739
2015-02-01 03:00:00,0.2585619469026549,0.2835460992907802,0.4623640661938534,0.30043478260869566
2015-02-01 04:00:00,0.25893805309734513,0.2857446808510638,0.4652758077226163,0.3117391304347826
2015-02-01 05:00:00,0.2572345132743363,0.2807801418439716,0.4819858156028369,0.3063768115942029
2015-02-01 06:00:00,0.2567920353982301,0.28382978723404256,0.5188888888888888,0.3169565217391304
2015-02-01 07:00:00,0.25807522123893806,0.28936170212765955,0.5808825847123719,0.3030434782608696
2015-02-01 08:00:00,0.258429203539823,0.28879432624113477,0.6467533490937746,0.31115942028985505
2015-02-01 09:00:00,0.25880530973451327,0.2857446808510638,0.6796335697399527,0.3007246376811594
2015-02-01 10:00:00,0.2582300884955752,0.29120567375886525,0.6798542159180457,0.3060869565217391
2015-02-01 11:00:00,0.2571902654867257,0.2904255319148936,0.6633254531126872,0.31072463768115943
2015-02-01 12:00:00,0.259070796460177,0.29134751773049644,0.6376201733648542,0.33289855072463764
2015-02-01 13:00:00,0.2594026548672566,0.29148936170212764,0.6353349093774625,0.3601449275362319
2015-02-01 14:00:00,0.2586283185840708,0.2902836879432624,0.6662923561859732,0.39043478260869563
2015-02-01 15:00:00,0.2586946902654867,0.29148936170212764,0.7324940898345154,0.42246376811594205
2015-02-01 16:00:00,0.2597787610619469,0.290709219858156,0.7745468873128447,0.4198550724637681
2015-02-01 17:00:00,0.2599115044247787,0.2878723404255319,0.7777186761229314,0.40652173913043477
2015-02-01 18:00:00,0.2603318584070797,0.29297872340425535,0.7675847123719464,0.3927536231884058
2015-02-01 19:00:00,0.2592035398230088,0.28617021276595744,0.7042198581560283,0.37797101449275367
2015-02-01 20:00:00,0.2588274336283186,0.2873758865248227,0.6654925137903862,0.3921739130434783
2015-02-01 21:00:00,0.25853982300884953,0.2846808510638298,0.6321867612293144,0.40797101449275364
2015-02-01 22:00:00,0.25765486725663717,0.28219858156028366,0.5646256895193066,0.4240579710144928
2015-02-01 23:00:00,0.2597345132743363,0.28205673758865246,0.5465169424743893,0.34739130434782606
2015-02-02 00:00:00,0.26004424778761065,0.2848936170212766,0.5112923561859732,0.33797101449275363
2015-02-02 01:00:00,0.25995575221238937,0.28312056737588653,0.4915130023640662,0.3372463768115942
2015-02-02 02:00:00,0.25984513274336285,0.28368794326241137,0.4936918833727344,0.3556521739130435
2015-02-02 03:00:00,0.25964601769911505,0.2826241134751773,0.5233254531126872,0.4878260869565218
2015-02-02 04:00:00,0.26146017699115043,0.28120567375886524,0.6207092198581561,0.35884057971014494
2015-02-02 05:00:00,0.2671902654867257,0.28304964539007094,0.8031993695823484,0.3289855072463768
2015-02-02 06:00:00,0.2717920353982301,0.2836170212765957,0.8934988179669031,0.33608695652173914
2015-02-02 07:00:00,0.2733849557522124,0.284113475177305,0.8942198581560283,0.32913043478260867
2015-02-02 08:00:00,0.2734734513274336,0.28375886524822697,0.8984397163120568,0.3095652173913043
2015-02-02 09:00:00,0.27331858407079646,0.284822695035461,0.9104846335697399,0.3050724637681159
2015-02-02 10:00:00,0.27168141592920353,0.2857446808510638,0.9080457052797478,0.296231884057971
2015-02-02 11:00:00,0.2738274336283186,0.284468085106383,0.9026595744680851,0.3127536231884058
2015-02-02 12:00:00,0.27334070796460175,0.2825531914893617,0.8961505122143419,0.3160869565217391
2015-02-02 13:00:00,0.2727433628318584,0.28326241134751773,0.892033096926714,0.33521739130434786
2015-02-02 14:00:00,0.27309734513274336,0.28382978723404256,0.8986130811662726,0.35043478260869565
2015-02-02 15:00:00,0.27497787610619473,0.2846808510638298,0.8972340425531915,0.3671014492753623
2015-02-02 16:00:00,0.27674778761061947,0.28609929078014185,0.9137943262411347,0.39449275362318836
2015-02-02 17:00:00,0.27628318584070793,0.2866666666666667,0.9090819542947203,0.4055072463768116
2015-02-02 18:00:00,0.2757743362831858,0.2843971631205674,0.892919621749409,0.4339130434782608
2015-02-02 19:00:00,0.2754424778761062,0.28397163120567376,0.8547044917257683,0.4153623188405797
2015-02-02 20:00:00,0.27488938053097345,0.284468085106383,0.8336682427107959,0.43768115942028984
2015-02-02 21:00:00,0.2741150442477876,0.28716312056737586,0.7880693459416864,0.37376811594202897
2015-02-02 22:00:00,0.2738053097345133,0.28645390070921983,0.7406028368794326,0.3672463768115942
2015-02-02 23:00:00,0.2678318584070796,0.290354609929078,0.73849487785658,0.41478260869565214
2015-02-03 00:00:00,0.26831858407079645,0.290709219858156,0.6878802206461782,0.4517391304347826
2015-02-03 01:00:00,0.26654867256637166,0.29,0.6604491725768322,0.4234782608695652
2015-02-03 02:00:00,0.26685840707964603,0.2878014184397163,0.6639873916469661,0.40927536231884054
2015-02-03 03:00:00,0.2679424778761062,0.28893617021276596,0.6870961386918834,0.43318840579710144
2015-02-03 04:00:00,0.267212389380531,0.28836879432624113,0.7810126083530339,0.3939130434782609
2015-02-03 05:00:00,0.26962389380530977,0.2925531914893617,0.8880378250591017,0.35594202898550725
2015-02-03 06:00:00,0.26924778761061946,0.2909219858156028,0.9147832939322301,0.35130434782608694
2015-02-03 07:00:00,0.26676991150442475,0.2918439716312057,0.9154334121355399,0.3398550724637681
2015-02-03 08:00:00,0.2695796460176991,0.29113475177304965,0.9191489361702128,0.336231884057971
2015-02-03 09:00:00,0.27079646017699116,0.2915602836879433,0.9289401103230891,0.3336231884057971
2015-02-03 10:00:00,0.26986725663716815,0.29397163120567377,0.9223837667454688,0.37739130434782603
2015-02-03 11:00:00,0.2677654867256637,0.2926950354609929,0.9054964539007092,0.2794202898550725
2015-02-03 12:00:00,0.2673230088495575,0.29205673758865247,0.8998620961386918,0.2733333333333333
2015-02-03 13:00:00,0.2682300884955752,0.28929078014184395,0.8979275019700552,0.2782608695652174
2015-02-03 14:00:00,0.2724336283185841,0.2885106382978723,0.9272340425531915,0.27144927536231883
2015-02-03 15:00:00,0.26926991150442475,0.2885106382978723,0.9192710795902285,0.2747826086956522
2015-02-03 16:00:00,0.27101769911504425,0.2873758865248227,0.9227029156816391,0.3139130434782609
2015-02-03 17:00:00,0.2710619469026549,0.28921985815602835,0.9232387706855791,0.30434782608695654
2015-02-03 18:00:00,0.2698230088495575,0.289645390070922,0.9147990543735224,0.3008695652173913
2015-02-03 19:00:00,0.26692477876106196,0.28836879432624113,0.8974665090622538,0.32565217391304346
2015-02-03 20:00:00,0.27057522123893807,0.2865957446808511,0.8873207249802995,0.30927536231884056
2015-02-03 21:00:00,0.26984513274336286,0.28914893617021276,0.8523246650906225,0.28681159420289853
2015-02-03 22:00:00,0.26873893805309734,0.28914893617021276,0.8100354609929078,0.27956521739130435
2015-02-03 23:00:00,0.2643805309734513,0.29297872340425535,0.7841804570527975,0.26057971014492753
2015-02-04 00:00:00,0.2652212389380531,0.2915602836879433,0.7647675334909377,0.2866666666666667
2015-02-04 01:00:00,0.26581858407079645,0.2902836879432624,0.7505555555555555,0.26550724637681156
2015-02-04 02:00:00,0.2669026548672567,0.28879432624113477,0.7578881008668243,0.2573913043478261
2015-02-04 03:00:00,0.26597345132743366,0.2894326241134752,0.7907407407407407,0.23159420289855073
2015-02-04 04:00:00,0.26546460176991155,0.2905673758865248,0.8186091410559495,0.2563768115942029
2015-02-04 05:00:00,0.2698008849557522,0.2885815602836879,0.9028289992119779,0.25985507246376816
2015-02-04 06:00:00,0.27008849557522124,0.2854609929078014,0.9313159968479117,0.2544927536231884
2015-02-04 07:00:00,0.26831858407079645,0.28794326241134754,0.930130023640662,0.23840579710144927
2015-02-04 08:00:00,0.27283185840707963,0.28304964539007094,0.9417927501970056,0.23884057971014494
2015-02-04 09:00:00,0.271570796460177,0.28815602836879434,0.9399290780141845,0.2182608695652174
2015-02-04 10:00:00,0.2672566371681416,0.28808510638297874,0.9240977147360125,0.21130434782608698
2015-02-04 11:00:00,0.2689823008849557,0.29638297872340424,0.9206422379826635,0.18681159420289856
2015-02-04 12:00:00,0.2692920353982301,0.29524822695035463,0.9256422379826635,0.19217391304347825
2015-02-04 13:00:00,0.2706637168141593,0.2957446808510638,0.9258904649330181,0.20101449275362318
2015-02-04 14:00:00,0.27115044247787606,0.2960283687943262,0.9295232466509062,0.2169565217391304
2015-02-04 15:00:00,0.2704646017699115,0.29418439716312056,0.939645390070922,0.22869565217391305
2015-02-04 16:00:00,0.2716371681415929,0.2906382978723404,0.9417769897557131,0.22478260869565217
2015-02-04 17:00:00,0.27121681415929205,0.28716312056737586,0.9369385342789598,0.24768115942028987
2015-02-04 18:00:00,0.2724557522123894,0.28581560283687946,0.9388179669030733,0.24231884057971012
2015-02-04 19:00:00,0.2700221238938053,0.285531914893617,0.930224586288416,0.2373913043478261
2015-02-04 20:00:00,0.2703318584070797,0.285531914893617,0.9282899921197794,0.22434782608695653
2015-02-04 21:00:00,0.2672566371681416,0.2868085106382979,0.8934830575256106,0.22666666666666668
2015-02-04 22:00:00,0.2664823008849557,0.2842553191489362,0.8520015760441292,0.24739130434782608
2015-02-04 23:00:00,0.2658628318584071,0.29673758865248223,0.8278999211977934,0.26217391304347826
2015-02-05 00:00:00,0.2650663716814159,0.2966666666666667,0.8036524822695036,0.2647826086956522
2015-02-05 01:00:00,0.2622787610619469,0.2978723404255319,0.7836209613869188,0.3076811594202899
2015-02-05 02:00:00,0.263429203539823,0.2956737588652482,0.7744759653270292,0.3378260869565217
2015-02-05 03:00:00,0.2648451327433628,0.29510638297872344,0.7959180457052798,0.2797101449275362
2015-02-05 04:00:00,0.26320796460176993,0.2909219858156028,0.8380299448384555,0.2853623188405797
2015-02-05 05:00:00,0.26382743362831856,0.2960283687943262,0.9089046493301812,0.34289855072463765
2015-02-05 06:00:00,0.26749999999999996,0.29510638297872344,0.9432545311268715,0.36579710144927535
2015-02-05 07:00:00,0.26477876106194687,0.290354609929078,0.939952718676123,0.3789855072463768
2015-02-05 08:00:00,0.26772123893805305,0.2877304964539007,0.9434042553191488,0.4421739130434783
2015-02-05 09:00:00,0.2674336283185841,0.28907801418439716,0.9429235618597321,0.46347826086956523
2015-02-05 10:00:00,0.2668805309734513,0.2730496453900709,0.9313790386130812,0.4204347826086957
2015-02-05 11:00:00,0.26619469026548676,0.28304964539007094,0.9170527974783294,0.41347826086956524
2015-02-05 12:00:00,0.26597345132743366,0.27985815602836883,0.9144089834515366,0.4379710144927536
2015-02-05 13:00:00,0.266504424778761,0.28,0.9141213553979513,0.4421739130434783
2015-02-05 14:00:00,0.2667920353982301,0.2836170212765957,0.918802206461781,0.4514492753623188
2015-02-05 15:00:00,0.26747787610619467,0.2956028368794326,0.9252127659574468,0.42797101449275365
2015-02-05 16:00:00,0.26807522123893807,0.28312056737588653,0.9272261623325453,0.45637681159420285
2015-02-05 17:00:00,0.2665929203539823,0.2852482269503546,0.90451536643026,0.43753623188405794
2015-02-05 18:00:00,0.26488938053097344,0.28304964539007094,0.8990780141843971,0.47623188405797107
2015-02-05 19:00:00,0.26261061946902653,0.28567375886524826,0.8811386918833727,0.4636231884057971
2015-02-05 20:00:00,0.26676991150442475,0.283404255319149,0.8663278171788811,0.47855072463768117
2015-02-05 21:00:00,0.26632743362831857,0.2851063829787234,0.8128684003152088,0.4621739130434782
2015-02-05 22:00:00,0.26486725663716815,0.2842553191489362,0.7201536643026005,0.4784057971014493
2015-02-05 23:00:00,0.26356194690265483,0.29347517730496453,0.6896926713947991,0.45115942028985506
2015-02-06 00:00:00,0.263783185840708,0.2936170212765957,0.6426044129235619,0.4465217391304348
2015-02-06 01:00:00,0.2642699115044248,0.29673758865248223,0.6187549251379039,0.45391304347826084
2015-02-06 02:00:00,0.26300884955752213,0.2936879432624114,0.612517730496454,0.45652173913043476
2015-02-06 03:00:00,0.2629424778761062,0.29595744680851066,0.6475886524822695,0.4343478260869565
2015-02-06 04:00:00,0.2626327433628318,0.29645390070921984,0.7160992907801418,0.44811594202898547
2015-02-06 05:00:00,0.26672566371681417,0.29631205673758865,0.8358392434988179,0.43753623188405794
2015-02-06 06:00:00,0.26621681415929205,0.2968794326241135,0.8946099290780142,0.45855072463768115
2015-02-06 07:00:00,0.2653318584070796,0.2682269503546099,0.9051615445232466,0.45811594202898553
2015-02-06 08:00:00,0.2645132743362832,0.2954609929078014,0.9087391646966114,0.46159420289855074
2015-02-06 09:00:00,0.26320796460176993,0.29397163120567377,0.8921000788022064,0.468695652173913
2015-02-06 10:00:00,0.2652654867256637,0.2924113475177305,0.8829393223010245,0.4423188405797101
2015-02-06 11:00:00,0.26581858407079645,0.29014184397163123,0.8675295508274232,0.461304347826087
2015-02-06 12:00:00,0.2661504424778761,0.2904964539007092,0.8564066193853427,0.4518840579710145
2015-02-06 13:00:00,0.2671017699115044,0.29234042553191486,0.8488455476753349,0.41347826086956524
2015-02-06 14:00:00,0.2651991150442478,0.2856028368794326,0.8411859732072497,0.6617391304347826
2015-02-06 15:00:00,0.26621681415929205,0.29340425531914893,0.855575256107171,0.6391304347826087
2015-02-06 16:00:00,0.26488938053097344,0.27886524822695036,0.8758668242710795,0.5900000000000001
2015-02-06 17:00:00,0.26172566371681416,0.2782269503546099,0.8610283687943263,0.5776811594202899
2015-02-06 18:00:00,0.25933628318584073,0.28418439716312055,0.8252482269503546,0.6218840579710145
2015-02-06 19:00:00,0.2586504424778761,0.28404255319148936,0.7792356185973207,0.6415942028985507
2015-02-06 20:00:00,0.26101769911504424,0.28822695035460993,0.7534594168636721,0.6630434782608695
2015-02-06 21:00:00,0.2604424778761062,0.2854609929078014,0.7126280535855004,0.6650724637681159
2015-02-06 22:00:00,0.2594911504424779,0.2868085106382979,0.6677974783293933,0.687536231884058
2015-02-06 23:00:00,0.2580088495575221,0.2872340425531915,0.6161150512214342,0.7269565217391305
2015-02-07 00:00:00,0.25712389380530976,0.28702127659574467,0.5776201733648542,0.6811594202898551
2015-02-07 01:00:00,0.25595132743362836,0.2886524822695035,0.5431836091410559,0.6360869565217391
2015-02-07 02:00:00,0.2560840707964602,0.29,0.5297714736012609,0.7169565217391304
2015-02-07 03:00:00,0.25462389380530975,0.29120567375886525,0.5166233254531126,0.6898550724637681
2015-02-07 04:00:00,0.2549557522123894,0.28893617021276596,0.49702521670606775,0.808840579710145
2015-02-07 05:00:00,0.2546902654867257,0.2906382978723404,0.510086682427108,0.8498550724637681
2015-02-07 06:00:00,0.25369469026548674,0.28886524822695037,0.5542710795902285,0.6546376811594202
2015-02-07 07:00:00,0.25360619469026546,0.29163120567375883,0.5766115051221434,0.798695652173913
2015-02-07 08:00:00,0.2539601769911505,0.29127659574468084,0.6030299448384555,0.7231884057971014
2015-02-07 09:00:00,0.2535398230088496,0.2917730496453901,0.6185027580772262,0.7052173913043479
2015-02-07 10:00:00,0.2546017699115044,0.2899290780141844,0.6009062253743105,0.6926086956521739
2015-02-07 11:00:00,0.2522787610619469,0.2885106382978723,0.5711308116627265,0.5769565217391305
2015-02-07 12:00:00,0.2541150442477876,0.28191489361702127,0.5555003940110324,0.6952173913043478
2015-02-07 13:00:00,0.25331858407079644,0.2814184397163121,0.5417612293144208,0.7985507246376812
2015-02-07 14:00:00,0.25307522123893805,0.2865248226950355,0.5544641449960599,0.7771014492753624
2015-02-07 15:00:00,0.25245575221238936,0.2904255319148936,0.5941646966115051,0.7563768115942029
2015-02-07 16:00:00,0.2529424778761062,0.2924822695035461,0.6607801418439716,0.6859420289855073
2015-02-07 17:00:00,0.25097345132743365,0.29297872340425535,0.6621591804570527,0.6979710144927537
2015-02-07 18:00:00,0.2505973451327434,0.2868794326241135,0.6234239558707644,0.6384057971014493
2015-02-07 19:00:00,0.2486946902654867,0.2865957446808511,0.5741528762805359,0.567536231884058
2015-02-07 20:00:00,0.24856194690265487,0.28936170212765955,0.5581008668242711,0.5591304347826087
2015-02-07 21:00:00,0.2495796460176991,0.28822695035460993,0.5309968479117415,0.623768115942029
2015-02-07 22:00:00,0.25099557522123894,0.28914893617021276,0.4913159968479118,0.8423188405797102
2015-02-07 23:00:00,0.24537610619469025,0.28702127659574467,0.4877659574468085,0.7298550724637681
2015-02-08 00:00:00,0.2463274336283186,0.2898581560283688,0.47206461780929865,0.7834782608695653
2015-02-08 01:00:00,0.24623893805309735,0.2895035460992908,0.46465721040189123,0.7878260869565218
2015-02-08 02:00:00,0.24621681415929206,0.290354609929078,0.4656855791962175,0.7820289855072464
2015-02-08 03:00:00,0.2452654867256637,0.2900709219858156,0.4738770685579196,0.7571014492753623
2015-02-08 04:00:00,0.24628318584070796,0.2897872340425532,0.4887825059101655,0.7253623188405797
2015-02-08 05:00:00,0.24584070796460178,0.29106382978723405,0.5043892828999211,0.6889855072463767
2015-02-08 06:00:00,0.2415929203539823,0.28595744680851065,0.5154215918045705,0.6859420289855073
2015-02-08 07:00:00,0.24389380530973453,0.28631205673758864,0.5261386918833727,0.6682608695652175
2015-02-08 08:00:00,0.2464159292035398,0.28893617021276596,0.5446217494089834,0.6465217391304349
2015-02-08 09:00:00,0.24765486725663718,0.2919148936170213,0.5754570527974784,0.647536231884058
2015-02-08 10:00:00,0.24701327433628317,0.2928368794326241,0.5780260047281324,0.6497101449275362
2015-02-08 11:00:00,0.2456858407079646,0.29219858156028367,0.5670133963750985,0.5972463768115942
2015-02-08 12:00:00,0.24517699115044247,0.29347517730496453,0.5644602048857368,0.6707246376811594
2015-02-08 13:00:00,0.24475663716814158,0.2917021276595745,0.5671946414499606,0.7368115942028985
2015-02-08 14:00:00,0.24334070796460178,0.2930496453900709,0.5732230102442868,0.7507246376811594
2015-02-08 15:00:00,0.24769911504424777,0.2927659574468085,0.6677817178881008,0.7963768115942029
2015-02-08 16:00:00,0.24847345132743362,0.2826241134751773,0.7471355397951143,0.8204347826086957
2015-02-08 17:00:00,0.24278761061946905,0.29148936170212764,0.739558707643814,0.8221739130434782
2015-02-08 18:00:00,0.24285398230088498,0.29127659574468084,0.710795902285264,0.8101449275362319
2015-02-08 19:00:00,0.24584070796460178,0.290709219858156,0.6521828211189914,0.7981159420289856
2015-02-08 20:00:00,0.2472787610619469,0.28872340425531917,0.5960165484633569,0.7573913043478261
2015-02-08 21:00:00,0.24623893805309735,0.2895035460992908,0.5540307328605201,0.7565217391304347
2015-02-08 22:00:00,0.24767699115044248,0.28893617021276596,0.5076477541371158,0.7266666666666667
2015-02-08 23:00:00,0.2513495575221239,0.29134751773049644,0.47919621749408986,0.7147826086956521
2015-02-09 00:00:00,0.25061946902654864,0.2919858156028369,0.46068951930654056,0.7318840579710145
2015-02-09 01:00:00,0.25015486725663716,0.29333333333333333,0.4574822695035461,0.7102898550724638
2015-02-09 02:00:00,0.25075221238938056,0.2935460992907801,0.4617612293144208,0.6894202898550724
2015-02-09 03:00:00,0.2504424778761062,0.2960283687943262,0.4827738376674547,0.6920289855072463
2015-02-09 04:00:00,0.2490486725663717,0.2953191489361702,0.5074074074074074,0.6989855072463769
2015-02-09 05:00:00,0.25112831858407075,0.29446808510638295,0.6060598896769109,0.6868115942028985
2015-02-09 06:00:00,0.2517699115044248,0.295531914893617,0.7085539795114263,0.6768115942028986
2015-02-09 07:00:00,0.2515929203539823,0.295531914893617,0.7669779353821907,0.6681159420289855
2015-02-09 08:00:00,0.2517699115044248,0.2927659574468085,0.76801024428684,0.6504347826086957
2015-02-09 09:00:00,0.2561283185840708,0.2786524822695035,0.777253743104807,0.6472463768115942
2015-02-09 10:00:00,0.25581858407079644,0.28695035460992907,0.7624310480693459,0.6734782608695652
2015-02-09 11:00:00,0.2544690265486726,0.29212765957446807,0.7374271079590229,0.6943478260869566
2015-02-09 12:00:00,0.25674778761061945,0.29205673758865247,0.7300275807722616,0.7476811594202898
2015-02-09 13:00:00,0.25805309734513276,0.29418439716312056,0.7267375886524822,0.755072463768116
2015-02-09 14:00:00,0.2577654867256637,0.28602836879432625,0.7244602048857368,0.7126086956521739
2015-02-09 15:00:00,0.25683628318584073,0.2857446808510638,0.7391646966115051,0.6730434782608695
2015-02-09 16:00:00,0.2601106194690266,0.2866666666666667,0.7959022852639874,0.733768115942029
2015-02-09 17:00:00,0.2575,0.2875177304964539,0.7808156028368793,0.7110144927536233
2015-02-09 18:00:00,0.2579203539823009,0.2878014184397163,0.7648896769109536,0.625072463768116
2015-02-09 19:00:00,0.2581194690265487,0.28319148936170213,0.7165839243498818,0.6779710144927537
2015-02-09 20:00:00,0.25944690265486725,0.28375886524822697,0.6799133175728921,0.6627536231884058
2015-02-09 21:00:00,0.2592035398230088,0.2802836879432624,0.6250945626477541,0.6563768115942029
2015-02-09 22:00:00,0.25557522123893806,0.2847517730496454,0.5592198581560284,0.6695652173913044
2015-02-09 23:00:00,0.2580088495575221,0.2825531914893617,0.4837549251379039,0.6599999999999999
2015-02-10 00:00:00,0.25871681415929204,0.28120567375886524,0.46866036249014975,0.6697101449275362
2015-02-10 01:00:00,0.2616592920353982,0.28609929078014185,0.4673207249802995,0.6810144927536231
2015-02-10 02:00:00,0.2625,0.2875886524822695,0.493628841607565,0.6613043478260869
2015-02-10 03:00:00,0.25902654867256636,0.28872340425531917,0.5054491725768321,0.6671014492753623
2015-02-10 04:00:00,0.2593805309734514,0.28829787234042553,0.5549921197793538,0.6471014492753623
2015-02-10 05:00:00,0.2600221238938053,0.28645390070921983,0.6673601260835302,0.6468115942028986
2015-02-10 06:00:00,0.26384955752212386,0.2827659574468085,0.7818557919621749,0.631159420289855
2015-02-10 07:00:00,0.26254424778761065,0.28602836879432625,0.7863081166272655,0.5939130434782609
2015-02-10 08:00:00,0.26287610619469026,0.28602836879432625,0.7719936958234831,0.6110144927536232
2015-02-10 09:00:00,0.26380530973451327,0.28709219858156027,0.7729550827423167,0.6036231884057971
2015-02-10 10:00:00,0.2620132743362832,0.28794326241134754,0.7393104806934594,0.6301449275362319
2015-02-10 11:00:00,0.2623451327433628,0.2801418439716312,0.7265169424743892,0.5927536231884057
2015-02-10 12:00:00,0.2652212389380531,0.2817730496453901,0.7139913317572891,0.4385507246376812
2015-02-10 13:00:00,0.26749999999999996,0.27673758865248227,0.7230811662726556,0.4060869565217391
2015-02-10 14:00:00,0.2641150442477876,0.2764539007092199,0.7084791174152877,0.45652173913043476
2015-02-10 15:00:00,0.26568584070796464,0.2752482269503546,0.7277304964539006,0.4372463768115942
2015-02-10 16:00:00,0.26568584070796464,0.27617021276595743,0.777695035460993,0.5752173913043478
2015-02-10 17:00:00,0.26245575221238937,0.275177304964539,0.7715642237982663,0.5159420289855072
2015-02-10 18:00:00,0.26420353982300887,0.27170212765957447,0.7600394011032309,0.5671014492753623
2015-02-10 19:00:00,0.26422566371681416,0.27617021276595743,0.7372025216706068,0.43637681159420294
2015-02-10 20:00:00,0.2661061946902655,0.27624113475177303,0.7216587864460206,0.5491304347826087
2015-02-10 21:00:00,0.26486725663716815,0.2726241134751773,0.673892828999212,0.5610144927536233
2015-02-10 22:00:00,0.26276548672566374,0.27439716312056733,0.6137982663514578,0.5743478260869566
2015-02-10 23:00:00,0.27152654867256637,0.2745390070921986,0.5877147360126084,0.6184057971014493
2015-02-11 00:00:00,0.2719247787610619,0.2741843971631206,0.5694877856579984,0.5788405797101449
2015-02-11 01:00:00,0.27057522123893807,0.2570921985815603,0.5588179669030733,0.5218840579710146
2015-02-11 02:00:00,0.2708628318584071,0.255886524822695,0.5646611505122143,0.5355072463768116
2015-02-11 03:00:00,0.2690044247787611,0.24865248226950357,0.5847438928289992,0.37202898550724633
2015-02-11 04:00:00,0.2690929203539823,0.24531914893617018,0.6617336485421591,0.3927536231884058
2015-02-11 05:00:00,0.270353982300885,0.245177304964539,0.7609219858156029,0.431304347826087
2015-02-11 06:00:00,0.27314159292035395,0.24496453900709217,0.8192907801418439,0.4498550724637681
2015-02-11 07:00:00,0.2757522123893805,0.24524822695035461,0.8426438140267927,0.4007246376811594
2015-02-11 08:00:00,0.27694690265486727,0.24680851063829787,0.8385933806146572,0.42507246376811597
2015-02-11 09:00:00,0.2784734513274336,0.245177304964539,0.8392316784869976,0.5614492753623188
2015-02-11 10:00:00,0.2782079646017699,0.2453900709219858,0.8155437352245863,0.6017391304347826
2015-02-11 11:00:00,0.2809734513274336,0.24595744680851064,0.81150512214342,0.6492753623188405
2015-02-11 12:00:00,0.28039823008849557,0.24574468085106382,0.8006855791962175,0.6182608695652174
2015-02-11 13:00:00,0.27957964601769913,0.24546099290780143,0.7958116627265563,0.631159420289855
2015-02-11 14:00:00,0.2772566371681416,0.24546099290780143,0.791016548463357,0.6192753623188406
2015-02-11 15:00:00,0.2770353982300885,0.24581560283687945,0.7964972419227738,0.5944927536231884
2015-02-11 16:00:00,0.27626106194690264,0.2453900709219858,0.8009929078014185,0.6076811594202899
2015-02-11 17:00:00,0.2768362831858407,0.24496453900709217,0.7955988967691096,0.6295652173913043
2015-02-11 18:00:00,0.2784955752212389,0.2448936170212766,0.7974822695035461,0.6198550724637681
2015-02-11 19:00:00,0.278716814159292,0.24453900709219858,0.7843498817966903,0.6368115942028986
2015-02-11 20:00:00,0.27634955752212387,0.24390070921985815,0.7603743104806935,0.6555072463768116
2015-02-11 21:00:00,0.2752212389380531,0.2426950354609929,0.715795902285264,0.6597101449275362
2015-02-11 22:00:00,0.27851769911504426,0.2424113475177305,0.6480693459416864,0.6624637681159421
2015-02-11 23:00:00,0.28966814159292037,0.24609929078014184,0.6092789598108747,0.6608695652173913
2015-02-12 00:00:00,0.2885840707964602,0.24312056737588653,0.5926635145784082,0.677536231884058
2015-02-12 01:00:00,0.2893362831858407,0.24390070921985815,0.5784712371946414,0.6598550724637682
2015-02-12 02:00:00,0.2875,0.24340425531914892,0.5772025216706068,0.6671014492753623
2015-02-12 03:00:00,0.2859070796460177,0.24326241134751772,0.5949842395587077,0.5668115942028986
2015-02-12 04:00:00,0.28878318584070795,0.24319148936170212,0.6414184397163121,0.5739130434782609
2015-02-12 05:00:00,0.2893362831858407,0.24347517730496454,0.7524586288416076,0.5681159420289855
2015-02-12 06:00:00,0.28915929203539825,0.24404255319148938,0.8227344365642238,0.48463768115942024
2015-02-12 07:00:00,0.2866371681415929,0.24390070921985815,0.8404215918045705,0.4285507246376811
2015-02-12 08:00:00,0.28993362831858405,0.23907801418439717,0.8543262411347518,0.3495652173913043
2015-02-12 09:00:00,0.2836504424778761,0.23652482269503547,0.8269779353821908,0.3244927536231884
2015-02-12 10:00:00,0.27924778761061947,0.2402127659574468,0.7825847123719464,0.31434782608695655
2015-02-12 11:00:00,0.2816150442477876,0.23822695035460992,0.773364854215918,0.2768115942028985
2015-02-12 12:00:00,0.28758849557522126,0.23886524822695035,0.794290780141844,0.23289855072463767
2015-02-12 13:00:00,0.2904867256637168,0.23957446808510638,0.8011505122143421,0.20681159420289855
2015-02-12 14:00:00,0.2882079646017699,0.23886524822695035,0.793230890464933,0.19898550724637684
2015-02-12 15:00:00,0.2879867256637168,0.2401418439716312,0.7992710795902285,0.20014492753623186
2015-02-12 16:00:00,0.28763274336283184,0.24588652482269502,0.8203467297084319,0.18768115942028984
2015-02-12 17:00:00,0.2873008849557522,0.24645390070921985,0.8383687943262411,0.1582608695652174
2015-02-12 18:00:00,0.28805309734513274,0.24588652482269502,0.8424901497241923,0.19449275362318838
2015-02-12 19:00:00,0.28831858407079647,0.245531914893617,0.8344326241134752,0.1582608695652174
2015-02-12 20:00:00,0.28922566371681413,0.24822695035460993,0.8168912529550828,0.1510144927536232
2015-02-12 21:00:00,0.28772123893805307,0.2472340425531915,0.7875413711583924,0.1771014492753623
2015-02-12 22:00:00,0.283783185840708,0.25914893617021273,0.7313947990543735,0.24608695652173915
2015-02-12 23:00:00,0.2859070796460177,0.25113475177304967,0.6951930654058314,0.28884057971014493
2015-02-13 00:00:00,0.2864159292035398,0.2519858156028369,0.668144208037825,0.26304347826086955
2015-02-13 01:00:00,0.2853982300884956,0.25070921985815603,0.6432860520094563,0.26811594202898553
2015-02-13 02:00:00,0.2854424778761062,0.2520567375886525,0.6456895193065405,0.2718840579710145
2015-02-13 03:00:00,0.2823230088495575,0.25120567375886527,0.656946414499606,0.2773913043478261
2015-02-13 04:00:00,0.28488938053097346,0.2472340425531915,0.6906146572104018,0.28652173913043477
2015-02-13 05:00:00,0.2850221238938053,0.25141843971631206,0.7641252955082742,0.2985507246376812
2015-02-13 06:00:00,0.2831858407079646,0.25382978723404254,0.8043656422379827,0.3194202898550725
2015-02-13 07:00:00,0.28696902654867257,0.2502127659574468,0.8242671394799055,0.3288405797101449
2015-02-13 08:00:00,0.2895575221238938,0.250354609929078,0.8425531914893617,0.3217391304347826
2015-02-13 09:00:00,0.286858407079646,0.24907801418439715,0.8423325453112688,0.33521739130434786
2015-02-13 10:00:00,0.28334070796460176,0.24964539007092199,0.8200551615445233,0.33405797101449275
2015-02-13 11:00:00,0.28250000000000003,0.24418439716312057,0.8438179669030732,0.3343478260869565
2015-02-13 12:00:00,0.2844247787610619,0.2533333333333333,0.8466745468873128,0.28391304347826085
2015-02-13 13:00:00,0.2841150442477876,0.2518439716312057,0.8437273443656422,0.2817391304347826
2015-02-13 14:00:00,0.28183628318584075,0.25148936170212766,0.8435697399527187,0.2846376811594203
2015-02-13 15:00:00,0.2814159292035398,0.25170212765957445,0.8416036249014973,0.29579710144927535
2015-02-13 16:00:00,0.2813495575221239,0.24921985815602835,0.8511583924349883,0.2768115942028985
2015-02-13 17:00:00,0.27988938053097345,0.25177304964539005,0.8415130023640661,0.29942028985507246
2015-02-13 18:00:00,0.28011061946902654,0.2550354609929078,0.8302876280535856,0.3436231884057971
2015-02-13 19:00:00,0.2788495575221239,0.25382978723404254,0.7791804570527974,0.30057971014492757
2015-02-13 20:00:00,0.2791150442477876,0.25765957446808513,0.7334791174152877,0.29391304347826086
2015-02-13 21:00:00,0.27920353982300883,0.26361702127659575,0.7091410559495666,0.2843478260869565
2015-02-13 22:00:00,0.27915929203539824,0.2630496453900709,0.6737115839243498,0.27159420289855074
2015-02-13 23:00:00,0.27,0.2651063829787234,0.6487588652482269,0.2723188405797102
2015-02-14 00:00:00,0.27241150442477874,0.25985815602836876,0.6360126083530339,0.2581159420289855
2015-02-14 01:00:00,0.2702212389380531,0.2602127659574468,0.6241646966115051,0.2543478260869565
2015-02-14 02:00:00,0.2693141592920354,0.265177304964539,0.6135933806146572,0.23130434782608694
2015-02-14 03:00:00,0.26926991150442475,0.26872340425531915,0.6139716312056738,0.2511594202898551
2015-02-14 04:00:00,0.2689823008849557,0.26680851063829786,0.6356107171000788,0.24565217391304348
2015-02-14 05:00:00,0.26772123893805305,0.2675886524822695,0.6274192277383767,0.24695652173913044
2015-02-14 06:00:00,0.26641592920353985,0.26680851063829786,0.6217297084318361,0.28942028985507245
2015-02-14 07:00:00,0.26829646017699116,0.27078014184397164,0.6560126083530339,0.2821739130434782
2015-02-14 08:00:00,0.2698008849557522,0.265177304964539,0.707876280535855,0.20478260869565218
2015-02-14 09:00:00,0.27064159292035395,0.2643262411347518,0.7325571315996847,0.19652173913043477
2015-02-14 10:00:00,0.2706194690265487,0.26319148936170217,0.746769109535067,0.16985507246376813
2015-02-14 11:00:00,0.267853982300885,0.26134751773049647,0.7166272655634358,0.18768115942028984
2015-02-14 12:00:00,0.26738938053097344,0.2653900709219858,0.7028171788810087,0.19202898550724637
2015-02-14 13:00:00,0.26663716814159294,0.2670921985815603,0.6749605988967691,0.21782608695652175
2015-02-14 14:00:00,0.26727876106194687,0.2679432624113475,0.6755200945626478,0.2565217391304348
2015-02-14 15:00:00,0.2698230088495575,0.27156028368794327,0.7109416863672183,0.27043478260869563
2015-02-14 16:00:00,0.27039823008849556,0.27078014184397164,0.7746769109535067,0.28927536231884055
2015-02-14 17:00:00,0.26780973451327433,0.2702127659574468,0.7740504334121356,0.3373913043478261
2015-02-14 18:00:00,0.2663716814159292,0.2693617021276596,0.7229393223010244,0.3581159420289855
2015-02-14 19:00:00,0.2659513274336283,0.2713475177304965,0.6627147360126083,0.3855072463768116
2015-02-14 20:00:00,0.2670575221238938,0.2720567375886525,0.6246611505122144,0.3982608695652174
2015-02-14 21:00:00,0.2654203539823009,0.27297872340425533,0.598140267927502,0.45608695652173914
2015-02-14 22:00:00,0.26435840707964603,0.27276595744680854,0.587876280535855,0.5257971014492754
2015-02-14 23:00:00,0.25922566371681416,0.2726950354609929,0.5695902285263987,0.5598550724637681
2015-02-15 00:00:00,0.2613274336283186,0.27170212765957447,0.5482821118991331,0.5763768115942028
2015-02-15 01:00:00,0.2611725663716814,0.26858156028368796,0.5333727344365642,0.6021739130434782
2015-02-15 02:00:00,0.2608849557522124,0.2723404255319149,0.5306855791962175,0.6123188405797102
2015-02-15 03:00:00,0.2603318584070797,0.2723404255319149,0.5255476753349093,0.6310144927536232
2015-02-15 04:00:00,0.2605309734513274,0.2728368794326241,0.5270409771473601,0.7082608695652174
2015-02-15 05:00:00,0.25962389380530976,0.27439716312056733,0.5308353033884949,0.7079710144927536
2015-02-15 06:00:00,0.2581858407079646,0.26985815602836877,0.5371749408983452,0.6894202898550724
2015-02-15 07:00:00,0.2622566371681416,0.27404255319148935,0.5665721040189126,0.7308695652173913
2015-02-15 08:00:00,0.2622345132743363,0.269645390070922,0.5872025216706068,0.7097101449275363
2015-02-15 09:00:00,0.26194690265486725,0.26893617021276595,0.5812805358550039,0.6946376811594203
2015-02-15 10:00:00,0.25982300884955756,0.269290780141844,0.5776241134751773,0.7110144927536233
2015-02-15 11:00:00,0.2588274336283186,0.2694326241134752,0.5502561071710008,0.6342028985507246
2015-02-15 12:00:00,0.2578318584070797,0.27092198581560284,0.5167572892040977,0.7153623188405798
2015-02-15 13:00:00,0.2571902654867257,0.2692198581560284,0.5074310480693459,0.7256521739130435
2015-02-15 14:00:00,0.2573008849557522,0.26773049645390073,0.5287352245862884,0.7078260869565217
2015-02-15 15:00:00,0.2570796460176991,0.2670921985815603,0.5811308116627266,0.7443478260869566
2015-02-15 16:00:00,0.2580309734513274,0.27063829787234045,0.6487864460204886,0.7727536231884059
2015-02-15 17:00:00,0.2558407079646018,0.2714893617021277,0.6505082742316786,0.7946376811594202
2015-02-15 18:00:00,0.255641592920354,0.26879432624113475,0.6261465721040189,0.773623188405797
2015-02-15 19:00:00,0.25621681415929204,0.26978723404255317,0.5922458628841608,0.7884057971014493
2015-02-15 20:00:00,0.25670353982300886,0.2694326241134752,0.5790937746256895,0.7643478260869565
2015-02-15 21:00:00,0.25619469026548675,0.2675177304964539,0.5597241922773838,0.7698550724637682
2015-02-15 22:00:00,0.25619469026548675,0.2680141843971631,0.5322813238770685,0.7844927536231884
2015-02-15 23:00:00,0.2479646017699115,0.2673758865248227,0.5146532702915682,0.8052173913043479
2015-02-16 00:00:00,0.2492699115044248,0.26581560283687944,0.49283293932230104,0.8808695652173912
2015-02-16 01:00:00,0.24962389380530972,0.2676595744680851,0.48399133175728926,0.8288405797101449
2015-02-16 02:00:00,0.2493362831858407,0.26695035460992905,0.4976477541371158,0.7594202898550725
2015-02-16 03:00:00,0.24896017699115044,0.2670921985815603,0.5100788022064617,0.7437681159420291
2015-02-16 04:00:00,0.24716814159292036,0.26872340425531915,0.5455200945626477,0.7617391304347827
2015-02-16 05:00:00,0.25026548672566373,0.2705673758865248,0.6455476753349094,0.7728985507246376
2015-02-16 06:00:00,0.25515486725663716,0.2691489361702128,0.7583175728920409,0.6982608695652174
2015-02-16 07:00:00,0.2557079646017699,0.26893617021276595,0.7877423167848701,0.6740579710144928
2015-02-16 08:00:00,0.2555309734513274,0.266241134751773,0.7920646178092986,0.6530434782608696
2015-02-16 09:00:00,0.2583407079646018,0.25489361702127655,0.8239125295508275,0.6385507246376811
2015-02-16 10:00:00,0.25816371681415934,0.2527659574468085,0.8167454688731285,0.6033333333333334
2015-02-16 11:00:00,0.2568141592920354,0.2550354609929078,0.7927068557919622,0.6121739130434782
2015-02-16 12:00:00,0.2574115044247788,0.24411347517730494,0.7917100078802206,0.5881159420289855
2015-02-16 13:00:00,0.2579646017699115,0.25127659574468086,0.788758865248227,0.5884057971014492
2015-02-16 14:00:00,0.2568805309734513,0.2493617021276596,0.7889204097714736,0.5534782608695652
2015-02-16 15:00:00,0.25712389380530976,0.24744680851063827,0.8027501970055161,0.5331884057971014
2015-02-16 16:00:00,0.2586946902654867,0.24588652482269502,0.8547675334909377,0.5611594202898551
2015-02-16 17:00:00,0.2569469026548673,0.24631205673758866,0.829692671394799,0.6591304347826087
2015-02-16 18:00:00,0.25535398230088496,0.24879432624113476,0.8041962174940899,0.6563768115942029
2015-02-16 19:00:00,0.25369469026548674,0.25056737588652483,0.7595232466509062,0.637536231884058
2015-02-16 20:00:00,0.256570796460177,0.2529078014184397,0.7159377462568952,0.6623188405797101
2015-02-16 21:00:00,0.2570575221238938,0.2478723404255319,0.6804334121355399,0.6269565217391304
2015-02-16 22:00:00,0.2533628318584071,0.2531205673758865,0.628187549251379,0.64
2015-02-16 23:00:00,0.25632743362831856,0.25056737588652483,0.579779353821907,0.7926086956521738
2015-02-17 00:00:00,0.25506637168141594,0.24822695035460993,0.5657210401891253,0.7243478260869566
2015-02-17 01:00:00,0.25404867256637165,0.2453900709219858,0.5619779353821907,0.6705797101449276
2015-02-17 02:00:00,0.2558849557522124,0.24851063829787232,0.5660283687943262,0.6617391304347826
2015-02-17 03:00:00,0.25466814159292034,0.2478014184397163,0.59220646178093,0.6066666666666667
2015-02-17 04:00:00,0.25413716814159293,0.23304964539007095,0.6514302600472813,0.5766666666666667
2015-02-17 05:00:00,0.2557079646017699,0.23297872340425532,0.7670252167060677,0.5246376811594203
2015-02-17 06:00:00,0.25652654867256636,0.24297872340425533,0.8404846335697399,0.5439130434782609
2015-02-17 07:00:00,0.2542920353982301,0.24695035460992906,0.8562411347517731,0.5640579710144927
2015-02-17 08:00:00,0.2545132743362832,0.24666666666666667,0.8524192277383768,0.6182608695652174
2015-02-17 09:00:00,0.25778761061946903,0.24907801418439715,0.8699684791174153,0.7052173913043479
2015-02-17 10:00:00,0.2562610619469026,0.2456737588652482,0.8641489361702127,0.7497101449275362
2015-02-17 11:00:00,0.2546902654867257,0.2428368794326241,0.8482978723404255,0.7468115942028984
2015-02-17 12:00:00,0.25528761061946903,0.24375886524822693,0.8347044917257683,0.8259420289855072
2015-02-17 13:00:00,0.2565929203539823,0.24212765957446808,0.8185618597320724,0.9140579710144928
2015-02-17 14:00:00,0.2562610619469026,0.24382978723404256,0.8057289204097715,0.9443478260869566
2015-02-17 15:00:00,0.25736725663716814,0.25148936170212766,0.8063553979511426,0.9307246376811595
2015-02-17 16:00:00,0.2586725663716814,0.24390070921985815,0.82897951142632,0.9237681159420289
2015-02-17 17:00:00,0.25820796460176987,0.24560283687943263,0.8171079590228527,0.9260869565217391
2015-02-17 18:00:00,0.2589823008849557,0.1199290780141844,0.7914539007092198,0.9297101449275362
2015-02-17 19:00:00,0.2589823008849557,0.12489361702127659,0.7210244286840031,0.8826086956521739
2015-02-17 20:00:00,0.2582300884955752,0.12148936170212767,0.6643735224586288,0.8449275362318841
2015-02-17 21:00:00,0.2559955752212389,0.14368794326241136,0.6032860520094563,0.8260869565217391
2015-02-17 22:00:00,0.25630530973451326,0.1427659574468085,0.5468794326241134,0.7528985507246376
2015-02-17 23:00:00,0.2520353982300885,0.1426950354609929,0.49321513002364065,0.757536231884058
2015-02-18 00:00:00,0.251570796460177,0.14312056737588652,0.46858156028368797,0.7465217391304348
2015-02-18 01:00:00,0.25172566371681415,0.14127659574468085,0.4563317572892041,0.7123188405797102
2015-02-18 02:00:00,0.25398230088495577,0.14290780141843973,0.45702915681639084,0.7530434782608696
2015-02-18 03:00:00,0.25513274336283187,0.13900709219858157,0.48546493301812454,0.7078260869565217
2015-02-18 04:00:00,0.25307522123893805,0.13617021276595745,0.5255555555555556,0.6301449275362319
2015-02-18 05:00:00,0.25216814159292034,0.13531914893617022,0.6364775413711584,0.5234782608695652
2015-02-18 06:00:00,0.25413716814159293,0.13638297872340427,0.7482505910165484,0.496231884057971
2015-02-18 07:00:00,0.2553318584070796,0.1595035460992908,0.7885421591804571,0.5079710144927536
2015-02-18 08:00:00,0.2564601769911505,0.1400709219858156,0.76849487785658,0.5114492753623188
2015-02-18 09:00:00,0.258141592920354,0.15815602836879433,0.7553861308116627,0.47782608695652173
2015-02-18 10:00:00,0.2586725663716814,0.15780141843971632,0.7437470449172576,0.4931884057971015
2015-02-18 11:00:00,0.2579203539823009,0.17574468085106384,0.7174546887312845,0.4855072463768116
2015-02-18 12:00:00,0.2601327433628319,0.17560283687943262,0.7117848699763593,0.5939130434782609
2015-02-18 13:00:00,0.26048672566371683,0.17539007092198583,0.7102364066193854,0.6873913043478261
2015-02-18 14:00:00,0.26143805309734514,0.15815602836879433,0.7110914105594957,0.7353623188405797
2015-02-18 15:00:00,0.2581194690265487,0.15780141843971632,0.7085973207249803,0.767536231884058
2015-02-18 16:00:00,0.2611725663716814,0.17560283687943262,0.7447990543735225,0.7630434782608696
2015-02-18 17:00:00,0.2602212389380531,0.15773049645390072,0.7334633569739952,0.7644927536231884
2015-02-18 18:00:00,0.2606194690265487,0.17184397163120568,0.6828132387706856,0.7642028985507245
2015-02-18 19:00:00,0.2617699115044248,0.1721985815602837,0.6165011820330969,0.7353623188405797
2015-02-18 20:00:00,0.26391592920353985,0.18964539007092196,0.5879550827423168,0.7508695652173913
2015-02-18 21:00:00,0.2632300884955752,0.19049645390070924,0.5457998423955871,0.7884057971014493
2015-02-18 22:00:00,0.26112831858407076,0.19099290780141845,0.4837588652482269,0.8069565217391304
2015-02-18 23:00:00,0.2644911504424779,0.23312056737588652,0.43102836879432627,0.8279710144927536
2015-02-19 00:00:00,0.2665929203539823,0.24758865248226952,0.4126595744680851,0.8265217391304347
2015-02-19 01:00:00,0.2679424778761062,0.24624113475177303,0.4048069345941686,0.8410144927536232
2015-02-19 02:00:00,0.2682079646017699,0.24354609929078014,0.4086761229314421,0.8349275362318841
2015-02-19 03:00:00,0.26736725663716815,0.2475177304964539,0.43113475177304966,0.852463768115942
2015-02-19 04:00:00,0.2670353982300885,0.2508510638297872,0.47019700551615445,0.8556521739130435
2015-02-19 05:00:00,0.2670575221238938,0.24943262411347517,0.5635697399527186,0.8443478260869566
2015-02-19 06:00:00,0.2661725663716814,0.22758865248226948,0.6484200157604414,0.7676811594202899
2015-02-19 07:00:00,0.2690044247787611,0.24624113475177303,0.6784121355397951,0.6659420289855073
2015-02-19 08:00:00,0.2700221238938053,0.25460992907801416,0.6728092986603625,0.636231884057971
2015-02-19 09:00:00,0.2697345132743363,0.2611347517730496,0.6747123719464145,0.6310144927536232
2015-02-19 10:00:00,0.26831858407079645,0.26482269503546096,0.6584239558707643,0.8079710144927537
2015-02-19 11:00:00,0.2678318584070796,0.26361702127659575,0.6385894405043341,0.8147826086956522
2015-02-19 12:00:00,0.27006637168141595,0.24858156028368794,0.632962962962963,0.7766666666666666
2015-02-19 13:00:00,0.27152654867256637,0.24978723404255318,0.6362214342001575,0.7378260869565217
2015-02-19 14:00:00,0.2702433628318584,0.2493617021276596,0.6456934594168637,0.733768115942029
2015-02-19 15:00:00,0.26696902654867255,0.24836879432624112,0.6387312844759653,0.7233333333333334
2015-02-19 16:00:00,0.268429203539823,0.2481560283687943,0.6823680063041765,0.7263768115942029
2015-02-19 17:00:00,0.2674336283185841,0.245177304964539,0.6934791174152877,0.72
2015-02-19 18:00:00,0.266570796460177,0.24560283687943263,0.6685027580772261,0.6984057971014492
2015-02-19 19:00:00,0.26404867256637166,0.24177304964539006,0.6082427107959023,0.7128985507246377
2015-02-19 20:00:00,0.26831858407079645,0.24106382978723404,0.594334121355398,0.7076811594202899
2015-02-19 21:00:00,0.2655530973451327,0.23943262411347518,0.5453743104806935,0.6947826086956521
2015-02-19 22:00:00,0.265,0.24120567375886526,0.4711780929866036,0.668695652173913
2015-02-19 23:00:00,0.2774557522123894,0.24113475177304963,0.41705673758865247,0.6791304347826087
2015-02-20 00:00:00,0.27657079646017696,0.24262411347517732,0.39714736012608354,0.6639130434782609
2015-02-20 01:00:00,0.27606194690265484,0.24333333333333335,0.396150512214342,0.5939130434782609
2015-02-20 02:00:00,0.27716814159292036,0.24148936170212765,0.41060283687943266,0.4830434782608696
2015-02-20 03:00:00,0.27550884955752214,0.2423404255319149,0.4318636721828211,0.44000000000000006
2015-02-20 04:00:00,0.2754203539823009,0.24177304964539006,0.4663908589440504,0.4433333333333333
2015-02-20 05:00:00,0.27834070796460175,0.24375886524822693,0.5573758865248227,0.5073913043478261
2015-02-20 06:00:00,0.2779646017699115,0.24836879432624112,0.6535539795114264,0.5544927536231884
2015-02-20 07:00:00,0.27999999999999997,0.25156028368794325,0.6886524822695036,0.6234782608695651
2015-02-20 08:00:00,0.2811061946902655,0.24794326241134754,0.6983648542159181,0.6236231884057971
2015-02-20 09:00:00,0.27701327433628314,0.24978723404255318,0.6807880220646179,0.6044927536231884
2015-02-20 10:00:00,0.277853982300885,0.2522695035460993,0.6593498817966903,0.6094202898550725
2015-02-20 11:00:00,0.28059734513274337,0.2530496453900709,0.6361071710007881,0.6488405797101449
2015-02-20 12:00:00,0.2796238938053098,0.25170212765957445,0.628187549251379,0.6765217391304348
2015-02-20 13:00:00,0.27619469026548676,0.25148936170212766,0.6211702127659574,0.6872463768115942
2015-02-20 14:00:00,0.28039823008849557,0.25141843971631206,0.6335303388494878,0.6865217391304348
2015-02-20 15:00:00,0.28205752212389384,0.2507801418439716,0.6691489361702128,0.7127536231884058
2015-02-20 16:00:00,0.28030973451327434,0.2509219858156028,0.7097911741528763,0.7228985507246377
2015-02-20 17:00:00,0.2786946902654867,0.2529787234042553,0.7204728132387707,0.6455072463768116
2015-02-20 18:00:00,0.2794026548672567,0.2524113475177305,0.695133963750985,0.6452173913043479
2015-02-20 19:00:00,0.2795353982300885,0.2507801418439716,0.6480496453900709,0.6281159420289855
2015-02-20 20:00:00,0.27878318584070794,0.25375886524822694,0.6200906225374311,0.5266666666666666
2015-02-20 21:00:00,0.2782079646017699,0.2447517730496454,0.5904767533490938,0.4314492753623188
2015-02-20 22:00:00,0.27663716814159295,0.24666666666666667,0.5513159968479118,0.5363768115942029
2015-02-20 23:00:00,0.2773008849557522,0.24007092198581562,0.5414893617021277,0.4547826086956522
2015-02-21 00:00:00,0.28011061946902654,0.24730496453900708,0.5249290780141844,0.40695652173913044
2015-02-21 01:00:00,0.27938053097345134,0.2556028368794326,0.5196178092986603,0.37130434782608696
2015-02-21 02:00:00,0.27957964601769913,0.2543262411347518,0.5122734436564224,0.38927536231884063
2015-02-21 03:00:00,0.2800442477876106,0.2521276595744681,0.5133293932230102,0.3752173913043478
2015-02-21 04:00:00,0.2780752212389381,0.2529078014184397,0.5008156028368794,0.3334782608695652
2015-02-21 05:00:00,0.27714601769911507,0.24978723404255318,0.5135263987391646,0.326231884057971
2015-02-21 06:00:00,0.2777654867256637,0.2550354609929078,0.5774940898345153,0.3204347826086956
2015-02-21 07:00:00,0.2817256637168142,0.25858156028368795,0.6394326241134751,0.3127536231884058
2015-02-21 08:00:00,0.2811946902654867,0.2594326241134752,0.6948857368006305,0.3278260869565217
2015-02-21 09:00:00,0.27993362831858404,0.25858156028368795,0.7217612293144208,0.3456521739130435
2015-02-21 10:00:00,0.2777433628318584,0.2561702127659574,0.6970449172576832,0.3446376811594203
2015-02-21 11:00:00,0.2776548672566372,0.25751773049645393,0.6496847911741529,0.4007246376811594
2015-02-21 12:00:00,0.27818584070796465,0.259645390070922,0.6336564223798267,0.4934782608695652
2015-02-21 13:00:00,0.28073008849557524,0.25957446808510637,0.6370252167060678,0.4701449275362318
2015-02-21 14:00:00,0.2818805309734513,0.2604255319148936,0.6504649330181245,0.34695652173913044
2015-02-21 15:00:00,0.27969026548672565,0.26595744680851063,0.6698542159180457,0.4098550724637681
2015-02-21 16:00:00,0.2813274336283186,0.26652482269503547,0.7249724192277384,0.30231884057971015
2015-02-21 17:00:00,0.2813053097345133,0.26666666666666666,0.7383569739952719,0.3236231884057971
2015-02-21 18:00:00,0.28053097345132744,0.265531914893617,0.7008037825059102,0.21942028985507248
2015-02-21 19:00:00,0.2786504424778761,0.26609929078014183,0.6524310480693459,0.18681159420289856
2015-02-21 20:00:00,0.27926991150442476,0.26262411347517733,0.6270015760441292,0.17115942028985506
2015-02-21 21:00:00,0.27946902654867256,0.2647517730496454,0.5990031520882585,0.20101449275362318
2015-02-21 22:00:00,0.27915929203539824,0.24063829787234042,0.5644168636721828,0.2185507246376812
2015-02-21 23:00:00,0.2673230088495575,0.24085106382978724,0.5394523246650906,0.22507246376811596
2015-02-22 00:00:00,0.2676327433628319,0.2422695035460993,0.5166981875492513,0.1915942028985507
2015-02-22 01:00:00,0.2686946902654867,0.24262411347517732,0.5076162332545311,0.19391304347826088
2015-02-22 02:00:00,0.2686504424778761,0.2625531914893617,0.49958628841607566,0.20782608695652174
2015-02-22 03:00:00,0.2688053097345133,0.26382978723404255,0.5027659574468085,0.19695652173913045
2015-02-22 04:00:00,0.2676327433628319,0.2621276595744681,0.5120488573680063,0.2108695652173913
2015-02-22 05:00:00,0.2672566371681416,0.2631205673758865,0.5239755713159968,0.19666666666666666
2015-02-22 06:00:00,0.26559734513274336,0.2646099290780142,0.5418045705279748,0.1810144927536232
2015-02-22 07:00:00,0.2676548672566372,0.26354609929078016,0.5969779353821907,0.19420289855072465
2015-02-22 08:00:00,0.27123893805309734,0.26602836879432623,0.6289637509850275,0.19666666666666666
2015-02-22 09:00:00,0.2719247787610619,0.2679432624113475,0.6429078014184397,0.17869565217391303
2015-02-22 10:00:00,0.27101769911504425,0.2699290780141844,0.635886524822695,0.1634782608695652
2015-02-22 11:00:00,0.2716371681415929,0.2704964539007092,0.608006304176517,0.1473913043478261
2015-02-22 12:00:00,0.27148230088495573,0.2675177304964539,0.5826910953506699,0.12420289855072464
2015-02-22 13:00:00,0.27188053097345133,0.2679432624113475,0.5652364066193853,0.1418840579710145
2015-02-22 14:00:00,0.26991150442477874,0.26872340425531915,0.5386327817178881,0.2027536231884058
2015-02-22 15:00:00,0.26911504424778765,0.26865248226950356,0.596327817178881,0.29043478260869565
2015-02-22 16:00:00,0.2713053097345133,0.26865248226950356,0.6745193065405831,0.374927536231884
2015-02-22 17:00:00,0.2737610619469027,0.26588652482269504,0.7119109535066982,0.42434782608695654
2015-02-22 18:00:00,0.27121681415929205,0.26872340425531915,0.6721788810086683,0.452463768115942
2015-02-22 19:00:00,0.27254424778761066,0.26652482269503547,0.6311229314420803,0.4889855072463768
2015-02-22 20:00:00,0.27194690265486726,0.2682978723404255,0.6054176516942474,0.5242028985507247
2015-02-22 21:00:00,0.27256637168141595,0.26900709219858154,0.5710677698975571,0.5408695652173913
2015-02-22 22:00:00,0.268716814159292,0.2705673758865248,0.5203900709219859,0.5434782608695652
2015-02-22 23:00:00,0.2630309734513275,0.2770212765957447,0.4486564223798266,0.5797101449275363
2015-02-23 00:00:00,0.26621681415929205,0.2795744680851064,0.41954294720252167,0.577536231884058
2015-02-23 01:00:00,0.2673230088495575,0.2784397163120568,0.4101970055161544,0.6118840579710145
2015-02-23 02:00:00,0.2674557522123894,0.2778014184397163,0.4125453112687155,0.6279710144927536
2015-02-23 03:00:00,0.26584070796460174,0.27872340425531916,0.42022852639873914,0.658695652173913
2015-02-23 04:00:00,0.2629646017699115,0.2764539007092199,0.43762411347517727,0.6517391304347826
2015-02-23 05:00:00,0.26351769911504425,0.27680851063829787,0.5665405831363278,0.6378260869565218
2015-02-23 06:00:00,0.25758849557522123,0.2695744680851064,0.6841489361702128,0.6523188405797101
2015-02-23 07:00:00,0.2571902654867257,0.2693617021276596,0.7025807722616233,0.5969565217391304
2015-02-23 08:00:00,0.25962389380530976,0.2747517730496454,0.7053230890464932,0.6066666666666667
2015-02-23 09:00:00,0.2622787610619469,0.2508510638297872,0.7109535066981876,0.6417391304347826
2015-02-23 10:00:00,0.26181415929203544,0.25134751773049646,0.7134200157604412,0.6081159420289856
2015-02-23 11:00:00,0.2606637168141593,0.2430496453900709,0.7048423955870765,0.5915942028985507
2015-02-23 12:00:00,0.25893805309734513,0.24865248226950357,0.6965248226950355,0.6291304347826088
2015-02-23 13:00:00,0.2574115044247788,0.24652482269503548,0.6944208037825059,0.6721739130434783
2015-02-23 14:00:00,0.2576106194690266,0.24418439716312057,0.7024231678486997,0.6766666666666666
2015-02-23 15:00:00,0.2579646017699115,0.2476595744680851,0.7113593380614657,0.6852173913043479
2015-02-23 16:00:00,0.2594026548672566,0.24560283687943263,0.7611032308904649,0.6413043478260869
2015-02-23 17:00:00,0.25853982300884953,0.26546099290780145,0.7731284475965327,0.6526086956521739
2015-02-23 18:00:00,0.2577433628318584,0.2646099290780142,0.7414893617021276,0.6031884057971014
2015-02-23 19:00:00,0.2581194690265487,0.2617730496453901,0.6776792750197006,0.6028985507246377
2015-02-23 20:00:00,0.25880530973451327,0.2645390070921986,0.6596138691883373,0.6314492753623189
2015-02-23 21:00:00,0.2584070796460177,0.2647517730496454,0.6215366430260048,0.6349275362318841
2015-02-23 22:00:00,0.2583407079646018,0.26248226950354614,0.5310874704491726,0.6294202898550725
2015-02-23 23:00:00,0.2558849557522124,0.264468085106383,0.5152127659574468,0.7133333333333333
2015-02-24 00:00:00,0.2555088495575221,0.26581560283687944,0.49663514578408197,0.6546376811594202
2015-02-24 01:00:00,0.2549778761061947,0.2619148936170213,0.46565405831363277,0.6599999999999999
2015-02-24 02:00:00,0.2554424778761062,0.2650354609929078,0.4696729708431836,0.6727536231884058
2015-02-24 03:00:00,0.2546902654867257,0.2632624113475177,0.5050985027580772,0.697391304347826
2015-02-24 04:00:00,0.2542477876106195,0.26354609929078016,0.5109377462568953,0.7252173913043478
2015-02-24 05:00:00,0.255929203539823,0.26347517730496456,0.6267336485421592,0.691304347826087
2015-02-24 06:00:00,0.2528097345132743,0.2643262411347518,0.724736012608353,0.6750724637681159
2015-02-24 07:00:00,0.2546902654867257,0.2612056737588653,0.7512214342001576,0.6433333333333333
2015-02-24 08:00:00,0.2536283185840708,0.26482269503546096,0.7247438928289992,0.6705797101449276
2015-02-24 09:00:00,0.2557522123893805,0.24326241134751772,0.727698975571316,0.6634782608695652
2015-02-24 10:00:00,0.25597345132743365,0.24546099290780143,0.7013750985027581,0.6730434782608695
2015-02-24 11:00:00,0.2586504424778761,0.24382978723404256,0.6860795902285264,0.6508695652173914
2015-02-24 12:00:00,0.2586725663716814,0.24205673758865248,0.6836091410559496,0.5839130434782608
2015-02-24 13:00:00,0.2568141592920354,0.24170212765957447,0.6818912529550828,0.5753623188405798
2015-02-24 14:00:00,0.2568805309734513,0.2456737588652482,0.6719621749408984,0.5394202898550724
2015-02-24 15:00:00,0.25546460176991154,0.2453900709219858,0.671903073286052,0.46144927536231883
2015-02-24 16:00:00,0.2563716814159292,0.24581560283687945,0.7143735224586288,0.4260869565217391
2015-02-24 17:00:00,0.2553097345132743,0.24574468085106382,0.7241489361702128,0.4644927536231884
2015-02-24 18:00:00,0.2549115044247788,0.2447517730496454,0.6853703703703704,0.5152173913043478
2015-02-24 19:00:00,0.2548008849557522,0.24524822695035461,0.6385618597320726,0.5259420289855072
2015-02-24 20:00:00,0.2542920353982301,0.2453900709219858,0.6056028368794326,0.532463768115942
2015-02-24 21:00:00,0.2540929203539823,0.24510638297872342,0.5498305752561072,0.5085507246376811
2015-02-24 22:00:00,0.2529203539823009,0.24645390070921985,0.4980693459416864,0.4776811594202899
2015-02-24 23:00:00,0.2521238938053097,0.2502836879432624,0.4594444444444445,0.42666666666666664
2015-02-25 00:00:00,0.2530088495575221,0.2456737588652482,0.4392001576044129,0.44826086956521743
2015-02-25 01:00:00,0.2538938053097345,0.24546099290780143,0.43583530338849485,0.508695652173913
2015-02-25 02:00:00,0.254070796460177,0.24631205673758866,0.44306146572104016,0.4285507246376811
2015-02-25 03:00:00,0.25404867256637165,0.24453900709219858,0.46477541371158393,0.348695652173913
2015-02-25 04:00:00,0.2529203539823009,0.2472340425531915,0.5284042553191489,0.32565217391304346
2015-02-25 05:00:00,0.2535176991150443,0.24347517730496454,0.6419385342789597,0.2810144927536232
2015-02-25 06:00:00,0.25632743362831856,0.24624113475177303,0.7742710795902286,0.2647826086956522
2015-02-25 07:00:00,0.25628318584070797,0.24638297872340423,0.8018045705279747,0.2656521739130435
2015-02-25 08:00:00,0.2592699115044248,0.2453900709219858,0.8127147360126084,0.24086956521739128
2015-02-25 09:00:00,0.2588495575221239,0.24716312056737588,0.816284475965327,0.2534782608695652
2015-02-25 10:00:00,0.2584070796460177,0.2478723404255319,0.7943695823483057,0.2439130434782609
2015-02-25 11:00:00,0.2576327433628319,0.24695035460992906,0.7821907013396375,0.18695652173913044
2015-02-25 12:00:00,0.25805309734513276,0.23957446808510638,0.7791922773837668,0.18405797101449275
2015-02-25 13:00:00,0.25734513274336285,0.24397163120567375,0.7754255319148936,0.21014492753623187
2015-02-25 14:00:00,0.2581858407079646,0.24638297872340423,0.7769267139479906,0.18855072463768116
2015-02-25 15:00:00,0.25838495575221243,0.24758865248226952,0.7767060677698975,0.23681159420289855
2015-02-25 16:00:00,0.25995575221238937,0.24865248226950357,0.8150827423167848,0.4315942028985507
2015-02-25 17:00:00,0.2571902654867257,0.24397163120567375,0.8215169424743892,0.4381159420289855
2015-02-25 18:00:00,0.25787610619469026,0.24758865248226952,0.815311268715524,0.446231884057971
2015-02-25 19:00:00,0.2579424778761062,0.2495035460992908,0.784822695035461,0.4891304347826087
2015-02-25 20:00:00,0.25672566371681416,0.24929078014184397,0.7394129235618597,0.5015942028985507
2015-02-25 21:00:00,0.255929203539823,0.24361702127659574,0.6864499605988967,0.5097101449275362
2015-02-25 22:00:00,0.25422566371681415,0.2602127659574468,0.6223089046493302,0.4984057971014492
2015-02-25 23:00:00,0.2537610619469027,0.2650354609929078,0.5889676910953506,0.5342028985507247
2015-02-26 00:00:00,0.2550221238938053,0.26397163120567374,0.5736012608353034,0.5304347826086957
2015-02-26 01:00:00,0.25329646017699115,0.2651063829787234,0.5543735224586288,0.5294202898550725
2015-02-26 02:00:00,0.2527212389380531,0.2594326241134752,0.5548581560283687,0.5288405797101449
2015-02-26 03:00:00,0.25358407079646017,0.2593617021276596,0.5835185185185185,0.5276811594202899
2015-02-26 04:00:00,0.2536283185840708,0.26382978723404255,0.6185894405043341,0.5778260869565217
2015-02-26 05:00:00,0.2547566371681416,0.26092198581560283,0.7170449172576832,0.602463768115942
2015-02-26 06:00:00,0.25603982300884953,0.26482269503546096,0.8241449960598897,0.6373913043478261
2015-02-26 07:00:00,0.25610619469026547,0.22893617021276597,0.8238100866824271,0.6572463768115943
2015-02-26 08:00:00,0.2564601769911505,0.23695035460992908,0.7996493301812451,0.7128985507246377
2015-02-26 09:00:00,0.25603982300884953,0.2427659574468085,0.7783018124507486,0.711159420289855
2015-02-26 10:00:00,0.2591592920353982,0.24148936170212765,0.756820330969267,0.6739130434782609
2015-02-26 11:00:00,0.25946902654867254,0.23602836879432626,0.6928289992119779,0.6559420289855072
2015-02-26 12:00:00,0.25962389380530976,0.23588652482269507,0.667608353033885,0.6866666666666666
2015-02-26 13:00:00,0.2572345132743363,0.23148936170212764,0.6474192277383767,0.6860869565217391
2015-02-26 14:00:00,0.26196902654867255,0.23304964539007095,0.6539913317572892,0.7434782608695653
2015-02-26 15:00:00,0.25911504424778764,0.23319148936170214,0.6533018124507486,0.6960869565217391
2015-02-26 16:00:00,0.2599336283185841,0.23872340425531915,0.6892277383766745,0.7030434782608695
2015-02-26 17:00:00,0.2599115044247787,0.2581560283687943,0.6938731284475965,0.706231884057971
2015-02-26 18:00:00,0.25816371681415934,0.25971631205673756,0.6586761229314421,0.6628985507246377
2015-02-26 19:00:00,0.25889380530973455,0.25985815602836876,0.6272813238770686,0.6
2015-02-26 20:00:00,0.2616371681415929,0.2560283687943262,0.600488573680063,0.5233333333333333
2015-02-26 21:00:00,0.2586725663716814,0.25624113475177307,0.5517021276595745,0.45202898550724635
2015-02-26 22:00:00,0.2592035398230088,0.25865248226950355,0.4914342001576044,0.4263768115942029
2015-02-26 23:00:00,0.25986725663716814,0.26375886524822695,0.4530851063829787,0.5
2015-02-27 00:00:00,0.25933628318584073,0.26354609929078016,0.4338810086682427,0.5173913043478261
2015-02-27 01:00:00,0.2585619469026549,0.2643262411347518,0.4359338061465721,0.5224637681159421
2015-02-27 02:00:00,0.25838495575221243,0.2623404255319149,0.45338061465721036,0.3976811594202898
2015-02-27 03:00:00,0.2564823008849557,0.26787234042553193,0.47789598108747045,0.3739130434782609
2015-02-27 04:00:00,0.2582300884955752,0.2643971631205674,0.5251379038613081,0.365072463768116
2015-02-27 05:00:00,0.25984513274336285,0.2671631205673759,0.6349527186761229,0.391304347826087
2015-02-27 06:00:00,0.2602212389380531,0.26567375886524824,0.737746256895193,0.352463768115942
2015-02-27 07:00:00,0.26112831858407076,0.265177304964539,0.7758589440504334,0.36869565217391304
2015-02-27 08:00:00,0.26150442477876107,0.2648936170212766,0.7749448384554767,0.3898550724637681
2015-02-27 09:00:00,0.26123893805309734,0.2429078014184397,0.7741331757289204,0.3989855072463768
2015-02-27 10:00:00,0.2614159292035398,0.24425531914893617,0.7537470449172576,0.43217391304347824
2015-02-27 11:00:00,0.25966814159292034,0.24581560283687945,0.7159180457052797,0.46608695652173915
2015-02-27 12:00:00,0.26028761061946903,0.24468085106382978,0.7009101654846335,0.44797101449275367
2015-02-27 13:00:00,0.2594911504424779,0.24453900709219858,0.6832230102442869,0.4649275362318841
2015-02-27 14:00:00,0.2608849557522124,0.2456737588652482,0.6670015760441292,0.5385507246376812
2015-02-27 15:00:00,0.2614823008849558,0.24709219858156026,0.6751891252955082,0.6011594202898551
2015-02-27 16:00:00,0.2608628318584071,0.25170212765957445,0.7511189913317573,0.6359420289855072
2015-02-27 17:00:00,0.2563495575221239,0.26780141843971633,0.77150512214342,0.6594202898550725
2015-02-27 18:00:00,0.25508849557522123,0.26666666666666666,0.7515327029156817,0.6776811594202898
2015-02-27 19:00:00,0.25254424778761064,0.26673758865248226,0.6673207249802994,0.7194202898550724
2015-02-27 20:00:00,0.25267699115044245,0.26546099290780145,0.6404255319148936,0.7207246376811595
2015-02-27 21:00:00,0.2490486725663717,0.2672340425531915,0.6088140267927502,0.7240579710144928
2015-02-27 22:00:00,0.249070796460177,0.26773049645390073,0.570839243498818,0.7063768115942028
2015-02-27 23:00:00,0.24367256637168144,0.26893617021276595,0.5606895193065405,0.711159420289855
2015-02-28 00:00:00,0.24466814159292039,0.26666666666666666,0.5382505910165485,0.7481159420289856
2015-02-28 01:00:00,0.2448230088495575,0.2668794326241135,0.5264302600472813,0.801304347826087
2015-02-28 02:00:00,0.2442920353982301,0.2674468085106383,0.5210520094562647,0.6749275362318841
2015-02-28 03:00:00,0.24469026548672565,0.26985815602836877,0.5274231678486998,0.5472463768115943
2015-02-28 04:00:00,0.2454424778761062,0.2704255319148936,0.5428132387706855,0.6069565217391305
2015-02-28 05:00:00,0.24426991150442476,0.27347517730496457,0.5499527186761229,0.6115942028985507
2015-02-28 06:00:00,0.2434955752212389,0.27198581560283686,0.601769109535067,0.6234782608695651
2015-02-28 07:00:00,0.24480088495575222,0.27120567375886523,0.6340819542947203,0.6218840579710145
2015-02-28 08:00:00,0.2446017699115044,0.2692198581560284,0.6396138691883373,0.6292753623188405
2015-02-28 09:00:00,0.24351769911504426,0.2700709219858156,0.6397832939322301,0.6184057971014493
2015-02-28 10:00:00,0.2426991150442478,0.19829787234042554,0.6167415287628053,0.6695652173913044
2015-02-28 11:00:00,0.2452654867256637,0.19900709219858156,0.571946414499606,0.6931884057971015
2015-02-28 12:00:00,0.24422566371681417,0.2518439716312057,0.5407762017336485,0.716376811594203
2015-02-28 13:00:00,0.24367256637168144,0.2524822695035461,0.5339873916469662,0.7421739130434782
2015-02-28 14:00:00,0.24294247787610618,0.2524113475177305,0.5379235618597321,0.7544927536231885
2015-02-28 15:00:00,0.24230088495575222,0.2521985815602837,0.5560480693459416,0.6495652173913044
2015-02-28 16:00:00,0.24351769911504426,0.2527659574468085,0.6014223798266352,0.6655072463768116
2015-02-28 17:00:00,0.24345132743362835,0.2530496453900709,0.6218833727344365,0.6943478260869566
2015-02-28 18:00:00,0.24059734513274336,0.2507801418439716,0.5750748620961387,0.7265217391304348
2015-02-28 19:00:00,0.24311946902654868,0.25687943262411345,0.5338179669030733,0.6769565217391305
2015-02-28 20:00:00,0.24263274336283186,0.2560992907801419,0.47409771473601264,0.6859420289855073
2015-02-28 21:00:00,0.2434955752212389,0.25659574468085106,0.4343104806934594,0.6517391304347826
2015-02-28 22:00:00,0.2426991150442478,0.2561702127659574,0.40483057525610716,0.6168115942028985
2015-02-28 23:00:00,0.24015486725663718,0.2575886524822695,0.3782230102442868,0.6855072463768116
2015-03-01 00:00:00,0.2397787610619469,0.2580141843971631,0.36290386130811664,0.6905797101449276
2015-03-01 01:00:00,0.23949115044247787,0.25659574468085106,0.36483451536643025,0.6931884057971015
2015-03-01 02:00:00,0.23896017699115044,0.2575886524822695,0.36357762017336487,0.7120289855072464
2015-03-01 03:00:00,0.2388053097345133,0.2575886524822695,0.34528368794326236,0.7108695652173913
2015-03-01 04:00:00,0.23783185840707965,0.25872340425531914,0.3301576044129235,0.7104347826086956
2015-03-01 05:00:00,0.23548672566371684,0.25666666666666665,0.33026004728132385,0.6765217391304348
2015-03-01 06:00:00,0.2353097345132743,0.2571631205673759,0.35455870764381403,0.6721739130434783
2015-03-01 07:00:00,0.2354646017699115,0.2569503546099291,0.3973325453112687,0.7014492753623188
2015-03-01 08:00:00,0.2390265486725664,0.25659574468085106,0.45970055161544526,0.7204347826086956
2015-03-01 09:00:00,0.2399778761061947,0.25673758865248225,0.48293932230102443,0.751159420289855
2015-03-01 10:00:00,0.2366371681415929,0.25574468085106383,0.4896335697399527,0.7744927536231884
2015-03-01 11:00:00,0.23701327433628316,0.2573758865248227,0.46978723404255324,0.7837681159420289
2015-03-01 12:00:00,0.23469026548672564,0.25666666666666665,0.47592986603624904,0.7178260869565217
2015-03-01 13:00:00,0.2359734513274336,0.2578014184397163,0.44449960598896765,0.6515942028985507
2015-03-01 14:00:00,0.23628318584070795,0.25751773049645393,0.4543183609141056,0.6405797101449275
2015-03-01 15:00:00,0.23661504424778762,0.2593617021276596,0.4735973207249803,0.6992753623188406
2015-03-01 16:00:00,0.2351548672566372,0.2604255319148936,0.519294720252167,0.7098550724637681
2015-03-01 17:00:00,0.23603982300884957,0.2623404255319149,0.5696690307328606,0.6128985507246376
2015-03-01 18:00:00,0.2343141592920354,0.25872340425531914,0.5506461780929865,0.6540579710144928
2015-03-01 19:00:00,0.2353097345132743,0.2605673758865248,0.519026792750197,0.6415942028985507
2015-03-01 20:00:00,0.2352433628318584,0.2580141843971631,0.49504728132387704,0.6391304347826087
2015-03-01 21:00:00,0.23424778761061946,0.23907801418439717,0.4697478329393223,0.6666666666666666
2015-03-01 22:00:00,0.23188053097345132,0.23900709219858157,0.41698975571316,0.7568115942028986
2015-03-01 23:00:00,0.23477876106194692,0.24092198581560284,0.3652955082742317,0.7321739130434782
2015-03-02 00:00:00,0.23599557522123896,0.23858156028368793,0.3433806146572104,0.7326086956521739
2015-03-02 01:00:00,0.2345132743362832,0.2399290780141844,0.3263238770685579,0.686231884057971
2015-03-02 02:00:00,0.23517699115044247,0.2402836879432624,0.3360874704491726,0.7197101449275363
2015-03-02 03:00:00,0.23519911504424776,0.2397163120567376,0.35268321513002365,0.6078260869565217
2015-03-02 04:00:00,0.2350221238938053,0.2402127659574468,0.4263002364066194,0.5985507246376811
2015-03-02 05:00:00,0.2361725663716814,0.23900709219858157,0.6064066193853428,0.4753623188405797
2015-03-02 06:00:00,0.24017699115044247,0.23872340425531915,0.7359850275807722,0.3214492753623189
2015-03-02 07:00:00,0.24039823008849556,0.23921985815602836,0.7595074862096138,0.2782608695652174
2015-03-02 08:00:00,0.23878318584070796,0.23851063829787233,0.7511229314420804,0.2810144927536232
2015-03-02 09:00:00,0.24059734513274336,0.2376595744680851,0.74397951142632,0.23782608695652174
2015-03-02 10:00:00,0.2399778761061947,0.23851063829787233,0.7013672182821119,0.2272463768115942
2015-03-02 11:00:00,0.2445353982300885,0.2402836879432624,0.6391686367218282,0.22768115942028985
2015-03-02 12:00:00,0.244358407079646,0.2370921985815603,0.6258550039401104,0.4860869565217391
2015-03-02 13:00:00,0.24557522123893805,0.23645390070921984,0.634605988967691,0.35043478260869565
2015-03-02 14:00:00,0.24584070796460178,0.23815602836879435,0.6636840031520882,0.3884057971014493
2015-03-02 15:00:00,0.2436504424778761,0.2367375886524823,0.6542868400315208,0.34492753623188405
2015-03-02 16:00:00,0.24491150442477877,0.23602836879432626,0.7100866824271079,0.403768115942029
2015-03-02 17:00:00,0.24488938053097348,0.23503546099290779,0.7377304964539007,0.38927536231884063
2015-03-02 18:00:00,0.24550884955752214,0.23468085106382977,0.7067651694247439,0.3991304347826087
2015-03-02 19:00:00,0.24597345132743362,0.23659574468085107,0.6441883372734437,0.4459420289855072
2015-03-02 20:00:00,0.247212389380531,0.23432624113475176,0.6141962174940898,0.44666666666666666
2015-03-02 21:00:00,0.24745575221238938,0.2372340425531915,0.5305594956658787,0.44144927536231887
2015-03-02 22:00:00,0.24747787610619468,0.23829787234042554,0.46574074074074073,0.3542028985507246
2015-03-02 23:00:00,0.24971238938053097,0.2375886524822695,0.4394011032308905,0.3079710144927536
2015-03-03 00:00:00,0.2502212389380531,0.23914893617021277,0.4309495665878645,0.2972463768115942
2015-03-03 01:00:00,0.24924778761061944,0.23964539007092198,0.4235657998423956,0.2520289855072464
2015-03-03 02:00:00,0.2491371681415929,0.23865248226950356,0.42658786446020486,0.23115942028985506
2015-03-03 03:00:00,0.24953539823008852,0.23914893617021277,0.4473325453112687,0.2379710144927536
2015-03-03 04:00:00,0.24876106194690267,0.23801418439716313,0.4865839243498818,0.24028985507246378
2015-03-03 05:00:00,0.25099557522123894,0.2378723404255319,0.6194365642237982,0.20333333333333334
2015-03-03 06:00:00,0.251858407079646,0.23943262411347518,0.7304255319148937,0.1834782608695652
2015-03-03 07:00:00,0.25037610619469025,0.23943262411347518,0.7539440504334121,0.2372463768115942
2015-03-03 08:00:00,0.2508407079646018,0.2351063829787234,0.6931048069345942,0.21304347826086956
2015-03-03 09:00:00,0.2531637168141593,0.2376595744680851,0.6673995271867612,0.2192753623188406
2015-03-03 10:00:00,0.2500884955752213,0.2377304964539007,0.6415839243498818,0.2053623188405797
2015-03-03 11:00:00,0.24986725663716816,0.23638297872340427,0.6145350669818754,0.2169565217391304
2015-03-03 12:00:00,0.2521017699115044,0.2399290780141844,0.6067572892040977,0.21913043478260869
2015-03-03 13:00:00,0.2525,0.24007092198581562,0.6407683215130024,0.19463768115942032
2015-03-03 14:00:00,0.25311946902654864,0.2401418439716312,0.6845902285263988,0.18
2015-03-03 15:00:00,0.2514380530973451,0.24078014184397162,0.690441292356186,0.19507246376811593
2015-03-03 16:00:00,0.25238938053097343,0.24,0.7648542159180457,0.1718840579710145
2015-03-03 17:00:00,0.25183628318584067,0.24007092198581562,0.7926359338061465,0.1627536231884058
2015-03-03 18:00:00,0.2510619469026549,0.2397872340425532,0.7808707643814027,0.13478260869565217
2015-03-03 19:00:00,0.2521238938053097,0.2398581560283688,0.7356422379826635,0.1373913043478261
2015-03-03 20:00:00,0.25329646017699115,0.23900709219858157,0.6852797478329394,0.13942028985507246
2015-03-03 21:00:00,0.24949115044247788,0.23943262411347518,0.6292828999211978,0.13695652173913042
2015-03-03 22:00:00,0.2484070796460177,0.24198581560283688,0.544869976359338,0.1411594202898551
2015-03-03 23:00:00,0.24661504424778763,0.24695035460992906,0.49560283687943263,0.13507246376811594
2015-03-04 00:00:00,0.24716814159292036,0.2473758865248227,0.4649881796690307,0.15347826086956523
2015-03-04 01:00:00,0.24639380530973454,0.24673758865248224,0.45650512214342004,0.15768115942028985
2015-03-04 02:00:00,0.24646017699115044,0.24680851063829787,0.4647241922773838,0.2097101449275362
2015-03-04 03:00:00,0.24440265486725665,0.24659574468085105,0.5012923561859732,0.1879710144927536
2015-03-04 04:00:00,0.24780973451327432,0.245177304964539,0.5689322301024429,0.19695652173913045
2015-03-04 05:00:00,0.2482300884955752,0.24907801418439715,0.7192986603624901,0.2088405797101449
2015-03-04 06:00:00,0.25150442477876106,0.23893617021276595,0.8143498817966903,0.26115942028985506
2015-03-04 07:00:00,0.24960176991150443,0.2443971631205674,0.8548423955870765,0.2582608695652174
2015-03-04 08:00:00,0.24929203539823008,0.24730496453900708,0.8047832939322301,0.28608695652173916
2015-03-04 09:00:00,0.24991150442477875,0.24666666666666667,0.7594011032308904,0.2778260869565217
2015-03-04 10:00:00,0.250929203539823,0.24652482269503548,0.7425059101654846,0.26
2015-03-04 11:00:00,0.2497787610619469,0.25170212765957445,0.7237864460204886,0.3294202898550725
2015-03-04 12:00:00,0.24940265486725663,0.24858156028368794,0.737127659574468,0.3128985507246377
2015-03-04 13:00:00,0.25077433628318585,0.24645390070921985,0.7480535855003939,0.40202898550724636
2015-03-04 14:00:00,0.2499778761061947,0.24907801418439715,0.7248305752561072,0.2326086956521739
2015-03-04 15:00:00,0.2481637168141593,0.24914893617021278,0.7280181245074862,0.3044927536231884
2015-03-04 16:00:00,0.25006637168141593,0.25049645390070924,0.7816272655634358,0.24347826086956523
2015-03-04 17:00:00,0.24975663716814162,0.25,0.8171867612293144,0.3308695652173913
2015-03-04 18:00:00,0.2477433628318584,0.2500709219858156,0.7996532702915682,0.2520289855072464
2015-03-04 19:00:00,0.24305309734513272,0.24929078014184397,0.7621315996847913,0.252463768115942
2015-03-04 20:00:00,0.24236725663716815,0.2473758865248227,0.7111071710007881,0.25072463768115943
2015-03-04 21:00:00,0.24455752212389384,0.24851063829787232,0.6416942474389283,0.22362318840579712
2015-03-04 22:00:00,0.2479646017699115,0.24964539007092199,0.5713278171788809,0.18507246376811595
2015-03-04 23:00:00,0.2456637168141593,0.2495035460992908,0.5260126083530339,0.20072463768115942
2015-03-05 00:00:00,0.24865044247787613,0.24957446808510636,0.5062096138691884,0.2197101449275362
2015-03-05 01:00:00,0.24778761061946902,0.24943262411347517,0.5010835303388494,0.24710144927536232
2015-03-05 02:00:00,0.2475221238938053,0.24794326241134754,0.5081166272655634,0.26507246376811594
2015-03-05 03:00:00,0.24626106194690264,0.2501418439716312,0.5353309692671395,0.23420289855072463
2015-03-05 04:00:00,0.24694690265486727,0.2470212765957447,0.5988652482269504,0.3071014492753623
2015-03-05 05:00:00,0.2512610619469027,0.25,0.7519582348305753,0.2510144927536232
2015-03-05 06:00:00,0.2513716814159292,0.25,0.8511111111111112,0.3095652173913043
2015-03-05 07:00:00,0.2508185840707965,0.2509219858156028,0.8680260047281324,0.3182608695652174
2015-03-05 08:00:00,0.25088495575221237,0.24829787234042555,0.8705988967691095,0.3298550724637681
2015-03-05 09:00:00,0.25055309734513276,0.2480141843971631,0.8526595744680852,0.33608695652173914
2015-03-05 10:00:00,0.2491150442477876,0.24709219858156026,0.8403152088258472,0.3620289855072464
2015-03-05 11:00:00,0.25053097345132747,0.2520567375886525,0.8137785657998424,0.44144927536231887
2015-03-05 12:00:00,0.2509513274336283,0.25056737588652483,0.8031008668242711,0.5172463768115941
2015-03-05 13:00:00,0.2511504424778761,0.24446808510638296,0.8039046493301812,0.5959420289855072
2015-03-05 14:00:00,0.24982300884955752,0.24843971631205675,0.7985106382978724,0.6465217391304349
2015-03-05 15:00:00,0.24986725663716816,0.2508510638297872,0.793888888888889,0.7098550724637681
2015-03-05 16:00:00,0.24995575221238936,0.2507801418439716,0.8018636721828211,0.7415942028985507
2015-03-05 17:00:00,0.2508407079646018,0.25070921985815603,0.8135263987391647,0.8056521739130434
2015-03-05 18:00:00,0.24902654867256635,0.24921985815602835,0.7950157604412924,0.8346376811594203
2015-03-05 19:00:00,0.2445132743362832,0.24829787234042555,0.7652088258471237,0.8099999999999999
2015-03-05 20:00:00,0.24227876106194687,0.2468794326241135,0.7198739164696613,0.8191304347826087
2015-03-05 21:00:00,0.24192477876106194,0.24872340425531914,0.670137903861308,0.8049275362318841
2015-03-05 22:00:00,0.24026548672566372,0.24858156028368794,0.5846296296296296,0.7569565217391304
2015-03-05 23:00:00,0.24011061946902654,0.2470212765957447,0.5267415287628053,0.7756521739130435
2015-03-06 00:00:00,0.23973451327433626,0.24113475177304963,0.48893223010244286,0.72
2015-03-06 01:00:00,0.23980088495575222,0.23872340425531915,0.4708116627265564,0.7539130434782609
2015-03-06 02:00:00,0.24004424778761063,0.23354609929078016,0.47322695035460993,0.7018840579710145
2015-03-06 03:00:00,0.24035398230088498,0.24063829787234042,0.5108628841607565,0.6018840579710145
2015-03-06 04:00:00,0.2407079646017699,0.2372340425531915,0.5671315996847911,0.6020289855072464
2015-03-06 05:00:00,0.24480088495575222,0.23907801418439717,0.6758707643814026,0.5510144927536231
2015-03-06 06:00:00,0.2453097345132743,0.24106382978723404,0.7925847123719464,0.49144927536231886
2015-03-06 07:00:00,0.24606194690265487,0.23269503546099293,0.8223561859732073,0.45492753623188403
2015-03-06 08:00:00,0.2454867256637168,0.23340425531914896,0.820130023640662,0.5271014492753623
2015-03-06 09:00:00,0.24535398230088495,0.23269503546099293,0.80575256107171,0.44579710144927537
2015-03-06 10:00:00,0.24570796460176988,0.23333333333333334,0.7923246650906226,0.47492753623188405
2015-03-06 11:00:00,0.24486725663716813,0.24212765957446808,0.7589361702127659,0.5594202898550724
2015-03-06 12:00:00,0.24495575221238938,0.24588652482269502,0.7232860520094563,0.6071014492753622
2015-03-06 13:00:00,0.2456858407079646,0.24638297872340423,0.7095705279747834,0.5673913043478261
2015-03-06 14:00:00,0.24986725663716816,0.2150354609929078,0.703140267927502,0.48826086956521736
2015-03-06 15:00:00,0.2500221238938053,0.1199290780141844,0.7186682427107959,0.45942028985507244
2015-03-06 16:00:00,0.24969026548672565,0.11900709219858156,0.7603585500394011,0.5528985507246377
2015-03-06 17:00:00,0.2502212389380531,0.11609929078014183,0.8000315208825847,0.526231884057971
2015-03-06 18:00:00,0.24964601769911507,0.11326241134751772,0.7574980299448384,0.5702898550724638
2015-03-06 19:00:00,0.24876106194690267,0.11397163120567375,0.683274231678487,0.5801449275362319
2015-03-06 20:00:00,0.24628318584070796,0.11347517730496454,0.6324271079590229,0.6336231884057971
2015-03-06 21:00:00,0.24617256637168142,0.11411347517730497,0.5931520882584712,0.6275362318840579
2015-03-06 22:00:00,0.24672566371681418,0.11460992907801418,0.544688731284476,0.696231884057971
2015-03-06 23:00:00,0.25422566371681415,0.11241134751773049,0.4741213553979512,0.7126086956521739
2015-03-07 00:00:00,0.25088495575221237,0.11177304964539006,0.4480299448384555,0.6820289855072464
2015-03-07 01:00:00,0.25099557522123894,0.11127659574468085,0.43168636721828213,0.6955072463768116
2015-03-07 02:00:00,0.2516150442477876,0.1123404255319149,0.41195823483057525,0.697391304347826
2015-03-07 03:00:00,0.2524778761061947,0.11560283687943262,0.40529156816390854,0.7104347826086956
2015-03-07 04:00:00,0.2526106194690265,0.11765957446808512,0.4037903861308117,0.7643478260869565
2015-03-07 05:00:00,0.25243362831858407,0.11751773049645389,0.4185973207249803,0.8708695652173912
2015-03-07 06:00:00,0.2538495575221239,0.11858156028368794,0.4437194641449961,0.8368115942028985
2015-03-07 07:00:00,0.2533628318584071,0.11950354609929079,0.4728565799842396,0.9117391304347826
2015-03-07 08:00:00,0.25630530973451326,0.11957446808510638,0.49203309692671393,0.9018840579710145
2015-03-07 09:00:00,0.25619469026548675,0.11957446808510638,0.5001142631993696,0.9013043478260869
2015-03-07 10:00:00,0.25462389380530975,0.12134751773049644,0.49379826635145785,0.836231884057971
2015-03-07 11:00:00,0.2544911504424779,0.12049645390070922,0.4745823483057525,0.6405797101449275
2015-03-07 12:00:00,0.25486725663716814,0.12056737588652482,0.46444444444444444,0.6707246376811594
2015-03-07 13:00:00,0.2548230088495575,0.11907801418439717,0.4588100866824271,0.5355072463768116
2015-03-07 14:00:00,0.2552654867256637,0.11829787234042553,0.4602364066193853,0.5121739130434783
2015-03-07 15:00:00,0.25623893805309733,0.11900709219858156,0.48400315208825845,0.6320289855072464
2015-03-07 16:00:00,0.2584513274336283,0.11794326241134753,0.5213199369582349,0.7778260869565218
2015-03-07 17:00:00,0.2568805309734513,0.12049645390070922,0.5388416075650118,0.8682608695652174
2015-03-07 18:00:00,0.25734513274336285,0.11964539007092198,0.5162608353033885,0.9081159420289855
2015-03-07 19:00:00,0.25546460176991154,0.12092198581560283,0.47529550827423167,0.9201449275362319
2015-03-07 20:00:00,0.25816371681415934,0.1201418439716312,0.45415287628053586,0.9028985507246376
2015-03-07 21:00:00,0.2571902654867257,0.12156028368794326,0.4454806934594168,0.9026086956521738
2015-03-07 22:00:00,0.25643805309734513,0.11872340425531916,0.41543735224586287,0.8063768115942028
2015-03-07 23:00:00,0.2563495575221239,0.11631205673758865,0.36082348305752565,0.7408695652173913
2015-03-08 00:00:00,0.25712389380530976,0.11439716312056739,0.3246690307328605,0.7182608695652174
2015-03-08 01:00:00,0.25617256637168145,0.1122695035460993,0.3099290780141844,0.6002898550724638
2015-03-08 02:00:00,0.25670353982300886,0.11468085106382978,0.3101615445232466,0.5240579710144928
2015-03-08 03:00:00,0.2556637168141593,0.11404255319148937,0.31447596532702915,0.503768115942029
2015-03-08 04:00:00,0.2557079646017699,0.114822695035461,0.3248345153664302,0.4969565217391304
2015-03-08 05:00:00,0.25382743362831856,0.14439716312056738,0.3268794326241135,0.4933333333333333
2015-03-08 06:00:00,0.2541592920353982,0.1453191489361702,0.34957052797478333,0.533768115942029
2015-03-08 07:00:00,0.2556194690265487,0.14468085106382977,0.3783609141055949,0.5628985507246377
2015-03-08 08:00:00,0.25418141592920357,0.14390070921985815,0.4064105594956659,0.5668115942028986
2015-03-08 09:00:00,0.2555530973451327,0.14843971631205674,0.4113987391646966,0.645072463768116
2015-03-08 10:00:00,0.2557743362831858,0.16602836879432623,0.4268754925137904,0.7210144927536232
2015-03-08 11:00:00,0.25488938053097343,0.18751773049645387,0.4030220646178093,0.7782608695652173
2015-03-08 12:00:00,0.25617256637168145,0.190709219858156,0.3965366430260047,0.7915942028985508
2015-03-08 13:00:00,0.25623893805309733,0.20539007092198583,0.40198975571316,0.8152173913043478
2015-03-08 14:00:00,0.255,0.20836879432624114,0.40585106382978725,0.7944927536231885
2015-03-08 15:00:00,0.2557079646017699,0.234113475177305,0.4256264775413711,0.7760869565217391
2015-03-08 16:00:00,0.2584734513274336,0.23567375886524825,0.5005043341213554,0.7802898550724637
2015-03-08 17:00:00,0.26028761061946903,0.24078014184397162,0.5819661150512214,0.7852173913043478
2015-03-08 18:00:00,0.25765486725663717,0.2423404255319149,0.5783412135539795,0.7595652173913043
2015-03-08 19:00:00,0.2570796460176991,0.2271631205673759,0.5541646966115051,0.702463768115942
2015-03-08 20:00:00,0.25807522123893806,0.2347517730496454,0.5280693459416863,0.724927536231884
2015-03-08 21:00:00,0.2563716814159292,0.2429078014184397,0.4862293144208038,0.7591304347826087
2015-03-08 22:00:00,0.2561283185840708,0.24382978723404256,0.4597990543735225,0.7843478260869566
2015-03-08 23:00:00,0.2633849557522124,0.24375886524822693,0.45216706067769896,0.7886956521739131
2015-03-09 00:00:00,0.2644026548672566,0.24695035460992906,0.46269503546099294,0.7714492753623188
2015-03-09 01:00:00,0.2641150442477876,0.24680851063829787,0.4699054373522459,0.7284057971014493
2015-03-09 02:00:00,0.263429203539823,0.2448936170212766,0.4771040189125295,0.6959420289855073
2015-03-09 03:00:00,0.26466814159292035,0.24617021276595746,0.49605594956658783,0.741304347826087
2015-03-09 04:00:00,0.26550884955752213,0.24560283687943263,0.578585500394011,0.7308695652173913
2015-03-09 05:00:00,0.26853982300884954,0.24609929078014184,0.7057919621749409,0.687536231884058
2015-03-09 06:00:00,0.27384955752212387,0.24546099290780143,0.7693853427895981,0.6821739130434783
2015-03-09 07:00:00,0.27188053097345133,0.2447517730496454,0.7878959810874704,0.7059420289855073
2015-03-09 08:00:00,0.27464601769911506,0.24496453900709217,0.7770330969267139,0.6988405797101449
2015-03-09 09:00:00,0.2757522123893805,0.24148936170212765,0.76650512214342,0.6826086956521739
2015-03-09 10:00:00,0.2761061946902655,0.24319148936170212,0.7381008668242711,0.6184057971014493
2015-03-09 11:00:00,0.27597345132743367,0.24368794326241136,0.7181245074862096,0.6779710144927537
2015-03-09 12:00:00,0.28221238938053095,0.24354609929078014,0.7070449172576831,0.6902898550724638
2015-03-09 13:00:00,0.2826769911504425,0.24382978723404256,0.705575256107171,0.748840579710145
2015-03-09 14:00:00,0.2827212389380531,0.2424113475177305,0.7010362490149724,0.763913043478261
2015-03-09 15:00:00,0.28314159292035396,0.24368794326241136,0.7148857368006304,0.7778260869565218
2015-03-09 16:00:00,0.2832079646017699,0.24595744680851064,0.7499605988967691,0.808695652173913
2015-03-09 17:00:00,0.2833849557522124,0.2419148936170213,0.7741055949566588,0.7117391304347827
2015-03-09 18:00:00,0.2828761061946902,0.24418439716312057,0.7664263199369583,0.553623188405797
2015-03-09 19:00:00,0.2821238938053097,0.24588652482269502,0.7288416075650118,0.5069565217391304
2015-03-09 20:00:00,0.2816371681415929,0.24099290780141844,0.6653467297084318,0.5291304347826087
2015-03-09 21:00:00,0.2805752212389381,0.2450354609929078,0.5944759653270292,0.5571014492753623
2015-03-09 22:00:00,0.2811061946902655,0.24595744680851064,0.5256304176516943,0.6040579710144928
2015-03-09 23:00:00,0.2874336283185841,0.24531914893617018,0.47784869976359334,0.596231884057971
2015-03-10 00:00:00,0.28716814159292037,0.24524822695035461,0.44912135539795117,0.5885507246376812
2015-03-10 01:00:00,0.2878761061946903,0.24347517730496454,0.42815208825847123,0.5859420289855073
2015-03-10 02:00:00,0.28783185840707964,0.2422695035460993,0.42399527186761227,0.6317391304347826
2015-03-10 03:00:00,0.28783185840707964,0.24446808510638296,0.4483727344365643,0.6284057971014493
2015-03-10 04:00:00,0.2874557522123894,0.24382978723404256,0.4767100078802206,0.6360869565217391
2015-03-10 05:00:00,0.2894469026548672,0.24595744680851064,0.5829590228526399,0.6578260869565217
2015-03-10 06:00:00,0.29168141592920355,0.24347517730496454,0.6937785657998423,0.6439130434782608
2015-03-10 07:00:00,0.29283185840707965,0.23957446808510638,0.7196178092986604,0.6201449275362318
2015-03-10 08:00:00,0.2915265486725664,0.24063829787234042,0.7167927501970055,0.6402898550724638
2015-03-10 09:00:00,0.2911725663716814,0.24510638297872342,0.692832939322301,0.6227536231884058
2015-03-10 10:00:00,0.29192477876106193,0.24312056737588653,0.6569503546099291,0.6934782608695652
2015-03-10 11:00:00,0.29207964601769915,0.2460283687943262,0.6371631205673759,0.688695652173913
2015-03-10 12:00:00,0.2927433628318584,0.24609929078014184,0.6309613869188337,0.6507246376811594
2015-03-10 13:00:00,0.29305309734513274,0.2348936170212766,0.6230141843971632,0.6256521739130435
2015-03-10 14:00:00,0.29353982300884957,0.23638297872340427,0.6119779353821907,0.612463768115942
2015-03-10 15:00:00,0.29305309734513274,0.2401418439716312,0.6130496453900709,0.6066666666666667
2015-03-10 16:00:00,0.2923672566371681,0.2424113475177305,0.658274231678487,0.6221739130434782
2015-03-10 17:00:00,0.2928982300884956,0.2443971631205674,0.7053585500394011,0.6160869565217392
2015-03-10 18:00:00,0.29199115044247786,0.24836879432624112,0.6888967691095351,0.5994202898550725
2015-03-10 19:00:00,0.29185840707964605,0.2523404255319149,0.6357171000788022,0.6102898550724638
2015-03-10 20:00:00,0.2928982300884956,0.2527659574468085,0.5874546887312845,0.5934782608695652
2015-03-10 21:00:00,0.2933185840707965,0.2524822695035461,0.5472970843183609,0.519855072463768
2015-03-10 22:00:00,0.2919469026548672,0.2518439716312057,0.5062805358550039,0.44855072463768114
2015-03-10 23:00:00,0.2865929203539823,0.24141843971631205,0.45207249802994487,0.48057971014492756
2015-03-11 00:00:00,0.28772123893805307,0.24184397163120566,0.42318360914105596,0.45260869565217393
2015-03-11 01:00:00,0.28907079646017697,0.24361702127659574,0.42340425531914894,0.353768115942029
2015-03-11 02:00:00,0.28907079646017697,0.25170212765957445,0.44236406619385343,0.31913043478260866
2015-03-11 03:00:00,0.28774336283185836,0.25163120567375885,0.482167060677699,0.28927536231884055
2015-03-11 04:00:00,0.2863495575221239,0.24943262411347517,0.5232151300236407,0.2526086956521739
2015-03-11 05:00:00,0.2881637168141593,0.25134751773049646,0.6487706855791961,0.2339130434782609
2015-03-11 06:00:00,0.28774336283185836,0.24652482269503548,0.7578486997635934,0.26550724637681156
2015-03-11 07:00:00,0.2869469026548673,0.2524113475177305,0.8054215918045705,0.22304347826086957
2015-03-11 08:00:00,0.2844247787610619,0.25,0.7820882584712372,0.1673913043478261
2015-03-11 09:00:00,0.28584070796460176,0.25361702127659574,0.7733412135539796,0.2008695652173913
2015-03-11 10:00:00,0.287212389380531,0.25404255319148933,0.7690819542947203,0.2339130434782609
2015-03-11 11:00:00,0.2879203539823009,0.2541843971631206,0.7445271867612293,0.25304347826086954
2015-03-11 12:00:00,0.2879203539823009,0.25475177304964536,0.7323601260835303,0.2831884057971015
2015-03-11 13:00:00,0.2867477876106195,0.25460992907801416,0.7144523246650906,0.32405797101449274
2015-03-11 14:00:00,0.2890265486725664,0.2531914893617021,0.7246808510638298,0.36826086956521736
2015-03-11 15:00:00,0.2914380530973451,0.2529078014184397,0.7282466509062254,0.40942028985507245
2015-03-11 16:00:00,0.29199115044247786,0.25375886524822694,0.7587509850275808,0.49768115942028984
2015-03-11 17:00:00,0.2927212389380531,0.25567375886524824,0.7792947202521671,0.5560869565217391
2015-03-11 18:00:00,0.29008849557522126,0.2531205673758865,0.7816942474389283,0.6273913043478261
2015-03-11 19:00:00,0.28922566371681413,0.2539716312056738,0.7636918833727344,0.691304347826087
2015-03-11 20:00:00,0.28853982300884956,0.2520567375886525,0.7451024428684003,0.6878260869565218
2015-03-11 21:00:00,0.2875442477876106,0.25446808510638297,0.7033963750985028,0.7469565217391304
2015-03-11 22:00:00,0.2875663716814159,0.25453900709219857,0.6637115839243499,0.7847826086956522
2015-03-11 23:00:00,0.2838053097345133,0.23687943262411348,0.6253349093774626,0.8442028985507246
2015-03-12 00:00:00,0.2850442477876106,0.234113475177305,0.6042789598108748,0.8378260869565217
2015-03-12 01:00:00,0.28398230088495574,0.2348936170212766,0.5924113475177305,0.7843478260869566
2015-03-12 02:00:00,0.2842256637168142,0.23517730496453904,0.6082821118991332,0.8592753623188405
2015-03-12 03:00:00,0.28345132743362833,0.23503546099290779,0.6424743892828999,0.8081159420289855
2015-03-12 04:00:00,0.2824778761061947,0.2353900709219858,0.6839992119779355,0.7365217391304347
2015-03-12 05:00:00,0.2849336283185841,0.2352482269503546,0.7593656422379826,0.6755072463768116
2015-03-12 06:00:00,0.28079646017699117,0.23503546099290779,0.7795941686367218,0.6879710144927536
2015-03-12 07:00:00,0.2776991150442478,0.23156028368794326,0.787340425531915,0.637536231884058
2015-03-12 08:00:00,0.27935840707964604,0.2275177304964539,0.7869345941686368,0.6431884057971015
2015-03-12 09:00:00,0.28030973451327434,0.23120567375886525,0.7860914105594957,0.5434782608695652
2015-03-12 10:00:00,0.28123893805309735,0.2307801418439716,0.7689676910953507,0.5771014492753623
2015-03-12 11:00:00,0.2823672566371681,0.23092198581560286,0.7619976359338061,0.586231884057971
2015-03-12 12:00:00,0.28351769911504426,0.23092198581560286,0.7540661938534279,0.48217391304347823
2015-03-12 13:00:00,0.28393805309734516,0.23319148936170214,0.7504176516942473,0.4320289855072464
2015-03-12 14:00:00,0.28331858407079646,0.23503546099290779,0.7477659574468085,0.46855072463768116
2015-03-12 15:00:00,0.28243362831858404,0.23666666666666666,0.7448581560283688,0.5147826086956522
2015-03-12 16:00:00,0.28292035398230087,0.2353900709219858,0.7573916469661149,0.5097101449275362
2015-03-12 17:00:00,0.2853982300884956,0.2353900709219858,0.7735500394011032,0.5843478260869565
2015-03-12 18:00:00,0.28595132743362833,0.2353900709219858,0.785973207249803,0.6150724637681159
2015-03-12 19:00:00,0.28438053097345134,0.2353900709219858,0.7518676122931442,0.6572463768115943
2015-03-12 20:00:00,0.28336283185840705,0.2353900709219858,0.7110086682427108,0.7110144927536233
2015-03-12 21:00:00,0.28409292035398226,0.2353900709219858,0.6802127659574467,0.7095652173913044
2015-03-12 22:00:00,0.2814380530973451,0.2353900709219858,0.6291016548463357,0.7331884057971014
2015-03-12 23:00:00,0.2842477876106195,0.24347517730496454,0.5639558707643815,0.5915942028985507
2015-03-13 00:00:00,0.28446902654867257,0.2430496453900709,0.5408865248226951,0.6201449275362318
2015-03-13 01:00:00,0.284712389380531,0.2424113475177305,0.5337667454688731,0.6278260869565218
2015-03-13 02:00:00,0.2846238938053097,0.24404255319148938,0.5408589440504334,0.6320289855072464
2015-03-13 03:00:00,0.2845353982300885,0.2453900709219858,0.580220646178093,0.6373913043478261
2015-03-13 04:00:00,0.2842699115044248,0.2478723404255319,0.626461780929866,0.6207246376811595
2015-03-13 05:00:00,0.2848008849557522,0.24773049645390072,0.7079669030732861,0.6431884057971015
2015-03-13 06:00:00,0.2822566371681416,0.24581560283687945,0.7862805358550039,0.5908695652173913
2015-03-13 07:00:00,0.2822566371681416,0.24106382978723404,0.7979866036249016,0.5791304347826087
2015-03-13 08:00:00,0.2815929203539823,0.2424822695035461,0.7836958234830576,0.49971014492753624
2015-03-13 09:00:00,0.2819247787610619,0.26368794326241135,0.7535776201733648,0.4810144927536232
2015-03-13 10:00:00,0.28210176991150443,0.2647517730496454,0.7109416863672183,0.3831884057971014
2015-03-13 11:00:00,0.2840265486725664,0.2668794326241135,0.6657171000788022,0.32869565217391306
2015-03-13 12:00:00,0.28595132743362833,0.24368794326241136,0.6283057525610717,0.3081159420289855
2015-03-13 13:00:00,0.2870796460176991,0.2468794326241135,0.6211426319936958,0.3071014492753623
2015-03-13 14:00:00,0.28940265486725664,0.24390070921985815,0.6161662726556343,0.27999999999999997
2015-03-13 15:00:00,0.28918141592920354,0.24921985815602835,0.6036485421591805,0.332463768115942
2015-03-13 16:00:00,0.28907079646017697,0.2493617021276596,0.6464617809298661,0.4366666666666667
2015-03-13 17:00:00,0.2892477876106195,0.24978723404255318,0.7055437352245864,0.4852173913043478
2015-03-13 18:00:00,0.2890929203539823,0.25042553191489364,0.7172340425531916,0.5315942028985507
2015-03-13 19:00:00,0.2889601769911504,0.25113475177304967,0.6730299448384555,0.5066666666666667
2015-03-13 20:00:00,0.28922566371681413,0.2500709219858156,0.649338061465721,0.5073913043478261
2015-03-13 21:00:00,0.2887389380530973,0.2507801418439716,0.6238613081166273,0.5488405797101449
2015-03-13 22:00:00,0.2880088495575221,0.2529078014184397,0.5924586288416076,0.5217391304347826
2015-03-13 23:00:00,0.28148230088495574,0.266241134751773,0.546414499605989,0.4776811594202899
2015-03-14 00:00:00,0.28183628318584075,0.26588652482269504,0.5331442080378251,0.3805797101449276
2015-03-14 01:00:00,0.2823230088495575,0.26879432624113475,0.5251260835303388,0.2568115942028985
2015-03-14 02:00:00,0.28183628318584075,0.26773049645390073,0.5231520882584713,0.22927536231884058
2015-03-14 03:00:00,0.2820132743362832,0.269645390070922,0.5300709219858156,0.2028985507246377
2015-03-14 04:00:00,0.281570796460177,0.2704964539007092,0.5371946414499607,0.19
2015-03-14 05:00:00,0.2813495575221239,0.27092198581560284,0.5478605200945627,0.14840579710144927
2015-03-14 06:00:00,0.2806194690265487,0.2701418439716312,0.5870646178092986,0.13695652173913042
2015-03-14 07:00:00,0.2808407079646018,0.24297872340425533,0.6153861308116627,0.14492753623188406
2015-03-14 08:00:00,0.27957964601769913,0.2419148936170213,0.6261347517730497,0.18608695652173915
2015-03-14 09:00:00,0.27900442477876103,0.24468085106382978,0.6109377462568952,0.1907246376811594
2015-03-14 10:00:00,0.2794026548672567,0.24390070921985815,0.5837312844759653,0.1798550724637681
2015-03-14 11:00:00,0.27991150442477875,0.24404255319148938,0.5596611505122143,0.18782608695652173
2015-03-14 12:00:00,0.28064159292035395,0.24070921985815602,0.5431402679275019,0.18115942028985507
2015-03-14 13:00:00,0.2802654867256637,0.24212765957446808,0.5294089834515366,0.18492753623188404
2015-03-14 14:00:00,0.27926991150442476,0.2399290780141844,0.5196966115051221,0.16043478260869565
2015-03-14 15:00:00,0.2795132743362832,0.24,0.5347714736012609,0.1663768115942029
2015-03-14 16:00:00,0.27924778761061947,0.24375886524822693,0.5862529550827423,0.21115942028985504
2015-03-14 17:00:00,0.28050884955752214,0.24411347517730494,0.6516233254531127,0.21246376811594203
2015-03-14 18:00:00,0.27913716814159295,0.2450354609929078,0.6443065405831363,0.18115942028985507
2015-03-14 19:00:00,0.2776327433628319,0.2423404255319149,0.6039046493301813,0.1655072463768116
2015-03-14 20:00:00,0.27834070796460175,0.2397163120567376,0.5827226162332545,0.1743478260869565
2015-03-14 21:00:00,0.27809734513274337,0.24,0.562167060677699,0.19420289855072465
2015-03-14 22:00:00,0.2778761061946903,0.24177304964539006,0.5440780141843972,0.21217391304347827
2015-03-14 23:00:00,0.2738053097345133,0.2671631205673759,0.5220961386918833,0.19739130434782606
2015-03-15 00:00:00,0.27351769911504425,0.26659574468085107,0.5068794326241135,0.19652173913043477
2015-03-15 01:00:00,0.27289823008849556,0.26787234042553193,0.4905003940110323,0.22115942028985505
2015-03-15 02:00:00,0.2735398230088496,0.2661702127659575,0.4882033096926714,0.22536231884057972
2015-03-15 03:00:00,0.27263274336283183,0.2673758865248227,0.4904649330181245,0.2234782608695652
2015-03-15 04:00:00,0.27278761061946905,0.26886524822695035,0.5001812450748621,0.2379710144927536
2015-03-15 05:00:00,0.2702654867256637,0.2704964539007092,0.49819148936170216,0.2082608695652174
2015-03-15 06:00:00,0.2689380530973451,0.26673758865248226,0.5164184397163121,0.23057971014492754
2015-03-15 07:00:00,0.26964601769911506,0.2700709219858156,0.547301024428684,0.22753623188405797
2015-03-15 08:00:00,0.27057522123893807,0.2693617021276596,0.5743223010244286,0.24971014492753624
2015-03-15 09:00:00,0.2701106194690266,0.27106382978723403,0.5670724980299449,0.25608695652173913
2015-03-15 10:00:00,0.2701327433628319,0.26907801418439714,0.5475571315996848,0.23420289855072463
2015-03-15 11:00:00,0.271283185840708,0.26865248226950356,0.5311820330969267,0.23608695652173914
2015-03-15 12:00:00,0.26944690265486726,0.26978723404255317,0.5116942474389282,0.22782608695652173
2015-03-15 13:00:00,0.2697345132743363,0.2663120567375887,0.4714736012608353,0.24898550724637683
2015-03-15 14:00:00,0.27039823008849556,0.2695035460992908,0.5059968479117416,0.24507246376811592
2015-03-15 15:00:00,0.26964601769911506,0.2701418439716312,0.5357604412923562,0.26159420289855073
2015-03-15 16:00:00,0.26966814159292035,0.2663120567375887,0.5849014972419228,0.2794202898550725
2015-03-15 17:00:00,0.27057522123893807,0.26886524822695035,0.6530890464933019,0.2898550724637681
2015-03-15 18:00:00,0.27006637168141595,0.2682978723404255,0.6613790386130811,0.2897101449275362
2015-03-15 19:00:00,0.2694026548672567,0.26609929078014183,0.6171355397951143,0.29782608695652174
2015-03-15 20:00:00,0.27008849557522124,0.2674468085106383,0.5898069345941686,0.31913043478260866
2015-03-15 21:00:00,0.2695132743362832,0.2647517730496454,0.5388258471237195,0.34652173913043477
2015-03-15 22:00:00,0.2697566371681416,0.27163120567375887,0.4724822695035461,0.35231884057971014
2015-03-15 23:00:00,0.263783185840708,0.269290780141844,0.40894799054373526,0.35507246376811596
2015-03-16 00:00:00,0.2650663716814159,0.26851063829787236,0.40747044917257685,0.3466666666666666
2015-03-16 01:00:00,0.2649115044247788,0.2612056737588653,0.3947202521670607,0.333768115942029
2015-03-16 02:00:00,0.26524336283185845,0.2625531914893617,0.41085894405043344,0.3218840579710145
2015-03-16 03:00:00,0.26435840707964603,0.26099290780141843,0.44911741528762805,0.3723188405797101
2015-03-16 04:00:00,0.26356194690265483,0.27,0.5604215918045705,0.38405797101449274
2015-03-16 05:00:00,0.26530973451327433,0.26900709219858154,0.6421749408983451,0.3963768115942029
2015-03-16 06:00:00,0.26486725663716815,0.27290780141843973,0.7249802994483846,0.4111594202898551
2015-03-16 07:00:00,0.264712389380531,0.2726241134751773,0.7459889676910954,0.40405797101449276
2015-03-16 08:00:00,0.2678318584070796,0.2724113475177305,0.7199408983451536,0.3953623188405797
2015-03-16 09:00:00,0.27311946902654866,0.26985815602836877,0.7163081166272656,0.3989855072463768
2015-03-16 10:00:00,0.2722566371681416,0.2734042553191489,0.6674231678486998,0.37956521739130433
2015-03-16 11:00:00,0.26772123893805305,0.26985815602836877,0.5935815602836879,0.3665217391304348
2015-03-16 12:00:00,0.2688495575221239,0.269645390070922,0.5840110323089047,0.37202898550724633
2015-03-16 13:00:00,0.26955752212389383,0.26695035460992905,0.6010598896769109,0.39057971014492754
2015-03-16 14:00:00,0.2676991150442478,0.26148936170212767,0.6204806934594168,0.35942028985507246
2015-03-16 15:00:00,0.2673230088495575,0.2584397163120567,0.6129038613081166,0.37695652173913047
2015-03-16 16:00:00,0.2676548672566372,0.26560283687943265,0.6406461780929866,0.35391304347826086
2015-03-16 17:00:00,0.2682079646017699,0.2599290780141844,0.6796847911741529,0.3518840579710145
2015-03-16 18:00:00,0.26969026548672564,0.26375886524822695,0.6835500394011033,0.37666666666666665
2015-03-16 19:00:00,0.26831858407079645,0.25581560283687943,0.6424271079590228,0.36492753623188406
2015-03-16 20:00:00,0.2694026548672567,0.25063829787234043,0.6104531126871552,0.38710144927536233
2015-03-16 21:00:00,0.26851769911504425,0.25120567375886527,0.5648384554767534,0.4028985507246377
2015-03-16 22:00:00,0.26772123893805305,0.2424113475177305,0.4991607565011821,0.42318840579710143
2015-03-16 23:00:00,0.270353982300885,0.266241134751773,0.4541843971631206,0.4036231884057971
2015-03-17 00:00:00,0.2699557522123894,0.26595744680851063,0.4432072498029945,0.4031884057971014
2015-03-17 01:00:00,0.26971238938053094,0.2653191489361702,0.43531126871552406,0.40521739130434786
2015-03-17 02:00:00,0.26984513274336286,0.2632624113475177,0.4661150512214342,0.3908695652173913
2015-03-17 03:00:00,0.2689823008849557,0.26780141843971633,0.488230890464933,0.36
2015-03-17 04:00:00,0.2676769911504425,0.26560283687943265,0.5534081954294721,0.33811594202898554
2015-03-17 05:00:00,0.26891592920353985,0.26581560283687944,0.6429314420803782,0.33144927536231883
2015-03-17 06:00:00,0.2666150442477876,0.26099290780141843,0.7284554767533491,0.32159420289855073
2015-03-17 07:00:00,0.2620132743362832,0.26276595744680853,0.7527935382190702,0.32608695652173914
2015-03-17 08:00:00,0.25369469026548674,0.2594326241134752,0.7437509850275809,0.3353623188405797
2015-03-17 09:00:00,0.2542477876106195,0.26595744680851063,0.7388416075650118,0.3344927536231884
2015-03-17 10:00:00,0.2630309734513275,0.23333333333333334,0.7135224586288417,0.3511594202898551
2015-03-17 11:00:00,0.2585840707964602,0.264468085106383,0.6885342789598109,0.3585507246376812
2015-03-17 12:00:00,0.2591592920353982,0.26482269503546096,0.6762687155240347,0.35434782608695653
2015-03-17 13:00:00,0.25995575221238937,0.26333333333333336,0.6785263987391646,0.3617391304347826
2015-03-17 14:00:00,0.2613716814159292,0.25645390070921986,0.6828211189913318,0.34507246376811596
2015-03-17 15:00:00,0.25995575221238937,0.2579432624113475,0.6876792750197005,0.3234782608695652
2015-03-17 16:00:00,0.2629203539823009,0.26368794326241135,0.6953703703703704,0.326231884057971
2015-03-17 17:00:00,0.2649336283185841,0.26049645390070925,0.7182190701339638,0.33289855072463764
2015-03-17 18:00:00,0.265287610619469,0.2619148936170213,0.7298423955870765,0.3342028985507246
2015-03-17 19:00:00,0.265929203539823,0.2597872340425532,0.7013435776201733,0.32724637681159424
2015-03-17 20:00:00,0.26672566371681417,0.2626950354609929,0.6790622537431048,0.3130434782608696
2015-03-17 21:00:00,0.2648230088495575,0.2578014184397163,0.6347832939322301,0.3104347826086956
2015-03-17 22:00:00,0.2651548672566372,0.2641843971631206,0.5680023640661939,0.31217391304347825
2015-03-17 23:00:00,0.26077433628318586,0.26567375886524824,0.5241292356185973,0.26318840579710145
2015-03-18 00:00:00,0.26327433628318586,0.2653900709219858,0.5168794326241135,0.2744927536231884
2015-03-18 01:00:00,0.26396017699115043,0.26333333333333336,0.5163159968479117,0.2373913043478261
2015-03-18 02:00:00,0.2641814159292035,0.2643971631205674,0.5201457840819542,0.26782608695652177
2015-03-18 03:00:00,0.2633849557522124,0.264468085106383,0.5617966903073286,0.25666666666666665
2015-03-18 04:00:00,0.2631637168141593,0.26602836879432623,0.6374428684003152,0.26521739130434785
2015-03-18 05:00:00,0.2630309734513275,0.26581560283687944,0.7115248226950355,0.2056521739130435
2015-03-18 06:00:00,0.2636725663716814,0.2675886524822695,0.7948502758077226,0.1988405797101449
2015-03-18 07:00:00,0.2616150442477876,0.26773049645390073,0.8131836091410559,0.15666666666666665
2015-03-18 08:00:00,0.25900442477876107,0.26773049645390073,0.7872340425531915,0.15507246376811595
2015-03-18 09:00:00,0.2620575221238938,0.2553191489361702,0.7796138691883372,0.15753623188405796
2015-03-18 10:00:00,0.261570796460177,0.25567375886524824,0.7415957446808511,0.11884057971014493
2015-03-18 11:00:00,0.2608849557522124,0.2553191489361702,0.7100630417651694,0.13202898550724637
2015-03-18 12:00:00,0.26042035398230085,0.27120567375886523,0.6993971631205674,0.15072463768115943
2015-03-18 13:00:00,0.26039823008849555,0.2746808510638298,0.7158628841607565,0.12434782608695652
2015-03-18 14:00:00,0.26143805309734514,0.2752482269503546,0.728049645390071,0.15666666666666665
2015-03-18 15:00:00,0.26340707964601767,0.2816312056737589,0.728183609141056,0.1655072463768116
2015-03-18 16:00:00,0.2617699115044248,0.2823404255319149,0.7355831363278171,0.18594202898550727
2015-03-18 17:00:00,0.2648230088495575,0.2846808510638298,0.7686170212765957,0.20246376811594202
2015-03-18 18:00:00,0.26663716814159294,0.2865248226950355,0.7665957446808511,0.24173913043478262
2015-03-18 19:00:00,0.265929203539823,0.28007092198581557,0.715445232466509,0.2897101449275362
2015-03-18 20:00:00,0.26716814159292035,0.2797163120567376,0.6924625689519307,0.32028985507246377
2015-03-18 21:00:00,0.26652654867256637,0.2816312056737589,0.6651457840819543,0.3389855072463768
2015-03-18 22:00:00,0.26694690265486726,0.2829078014184397,0.6293695823483058,0.3859420289855073
2015-03-18 23:00:00,0.27371681415929205,0.2723404255319149,0.5727698975571316,0.42811594202898545
2015-03-19 00:00:00,0.2718141592920354,0.2734042553191489,0.5534436564223798,0.4718840579710145
2015-03-19 01:00:00,0.27216814159292035,0.27382978723404255,0.549117415287628,0.5605797101449276
2015-03-19 02:00:00,0.2726548672566372,0.2714893617021277,0.5543656422379827,0.6459420289855072
2015-03-19 03:00:00,0.2723451327433628,0.27347517730496457,0.5830141843971631,0.604927536231884
2015-03-19 04:00:00,0.27103982300884955,0.27404255319148935,0.6384475965327029,0.6223188405797101
2015-03-19 05:00:00,0.27407079646017696,0.27347517730496457,0.69172182821119,0.5589855072463767
2015-03-19 06:00:00,0.27278761061946905,0.27347517730496457,0.7563002364066195,0.5284057971014493
2015-03-19 07:00:00,0.26993362831858403,0.27361702127659576,0.7586603624901497,0.5394202898550724
2015-03-19 08:00:00,0.26955752212389383,0.2692198581560284,0.7781993695823484,0.5385507246376812
2015-03-19 09:00:00,0.27327433628318587,0.2730496453900709,0.7703821907013396,0.5214492753623189
2015-03-19 10:00:00,0.27261061946902654,0.2753900709219858,0.7584751773049645,0.5288405797101449
2015-03-19 11:00:00,0.27289823008849556,0.2779432624113475,0.7368360914105595,0.5363768115942029
2015-03-19 12:00:00,0.2717920353982301,0.27560283687943266,0.7263711583924349,0.3784057971014493
2015-03-19 13:00:00,0.270353982300885,0.27815602836879433,0.7254925137903862,0.31768115942028985
2015-03-19 14:00:00,0.2707300884955752,0.27801418439716313,0.7164539007092198,0.3036231884057971
2015-03-19 15:00:00,0.27143805309734514,0.28205673758865246,0.732565011820331,0.29579710144927535
2015-03-19 16:00:00,0.27143805309734514,0.2824113475177305,0.7544917257683215,0.2915942028985507
2015-03-19 17:00:00,0.27351769911504425,0.28624113475177304,0.7815918045705279,0.23855072463768115
2015-03-19 18:00:00,0.272146017699115,0.28716312056737586,0.7778644602048858,0.21057971014492755
2015-03-19 19:00:00,0.2716371681415929,0.284822695035461,0.7492198581560284,0.2015942028985507
2015-03-19 20:00:00,0.2717920353982301,0.28631205673758864,0.7349605988967691,0.19971014492753625
2015-03-19 21:00:00,0.2681194690265487,0.28695035460992907,0.7032151300236406,0.18579710144927536
2015-03-19 22:00:00,0.26736725663716815,0.2865248226950355,0.6473561859732073,0.21144927536231886
2015-03-19 23:00:00,0.2651991150442478,0.28900709219858156,0.5891646966115052,0.2636231884057971
2015-03-20 00:00:00,0.2662831858407079,0.28900709219858156,0.5707052797478329,0.22507246376811596
2015-03-20 01:00:00,0.26641592920353985,0.28886524822695037,0.5631245074862097,0.22681159420289856
2015-03-20 02:00:00,0.268429203539823,0.2874468085106383,0.5736485421591805,0.23086956521739133
2015-03-20 03:00:00,0.2679867256637168,0.2900709219858156,0.6139046493301812,0.24898550724637683
2015-03-20 04:00:00,0.2661725663716814,0.28886524822695037,0.6598305752561072,0.20521739130434782
2015-03-20 05:00:00,0.26654867256637166,0.2868085106382979,0.7088061465721041,0.20057971014492754
2015-03-20 06:00:00,0.2674115044247788,0.2875177304964539,0.787966903073286,0.20057971014492754
2015-03-20 07:00:00,0.26694690265486726,0.28794326241134754,0.7933333333333333,0.216231884057971
2015-03-20 08:00:00,0.267853982300885,0.29347517730496453,0.7871828211189914,0.2015942028985507
2015-03-20 09:00:00,0.2698008849557522,0.26985815602836877,0.7890661938534279,0.22492753623188405
2015-03-20 10:00:00,0.267853982300885,0.2693617021276596,0.7695311268715525,0.23521739130434785
2015-03-20 11:00:00,0.2658849557522124,0.289645390070922,0.718360914105595,0.22608695652173913
2015-03-20 12:00:00,0.2677654867256637,0.2885815602836879,0.7290780141843972,0.2265217391304348
2015-03-20 13:00:00,0.26716814159292035,0.28893617021276596,0.7407919621749409,0.2879710144927536
2015-03-20 14:00:00,0.2669026548672567,0.2898581560283688,0.7222222222222222,0.32318840579710145
2015-03-20 15:00:00,0.2668141592920354,0.28872340425531917,0.7086761229314421,0.40217391304347827
2015-03-20 16:00:00,0.2686725663716814,0.28815602836879434,0.7314775413711585,0.4353623188405797
2015-03-20 17:00:00,0.26772123893805305,0.2873758865248227,0.7350433412135541,0.45768115942028986
2015-03-20 18:00:00,0.2667920353982301,0.28822695035460993,0.727612293144208,0.3717391304347826
2015-03-20 19:00:00,0.2657743362831858,0.28695035460992907,0.6875098502758077,0.3453623188405797
2015-03-20 20:00:00,0.26632743362831857,0.2878014184397163,0.6647005516154452,0.3471014492753623
2015-03-20 21:00:00,0.26758849557522124,0.28936170212765955,0.6380102442868401,0.3356521739130435
2015-03-20 22:00:00,0.2680309734513274,0.28907801418439716,0.6040819542947202,0.32159420289855073
2015-03-20 23:00:00,0.26800884955752213,0.28822695035460993,0.5547675334909378,0.29405797101449277
2015-03-21 00:00:00,0.26873893805309734,0.28907801418439716,0.5345626477541372,0.25956521739130434
2015-03-21 01:00:00,0.2685619469026549,0.2873049645390071,0.5219621749408984,0.25275362318840583
2015-03-21 02:00:00,0.26873893805309734,0.28808510638297874,0.5210086682427109,0.2318840579710145
2015-03-21 03:00:00,0.2681194690265487,0.2902127659574468,0.5236997635933807,0.23159420289855073
2015-03-21 04:00:00,0.26807522123893807,0.29106382978723405,0.5179393223010244,0.21753623188405796
2015-03-21 05:00:00,0.2685619469026549,0.29205673758865247,0.5127423167848699,0.21884057971014492
2015-03-21 06:00:00,0.2686283185840708,0.28872340425531917,0.547521670606777,0.22666666666666668
2015-03-21 07:00:00,0.2686504424778761,0.2873049645390071,0.5876477541371158,0.22043478260869565
2015-03-21 08:00:00,0.2677433628318584,0.29134751773049644,0.608317572892041,0.23318840579710146
2015-03-21 09:00:00,0.26712389380530976,0.2900709219858156,0.5981284475965327,0.21507246376811595
2015-03-21 10:00:00,0.26692477876106196,0.285177304964539,0.5727383766745469,0.197536231884058
2015-03-21 11:00:00,0.26694690265486726,0.2852482269503546,0.555043341213554,0.1844927536231884
2015-03-21 12:00:00,0.2669026548672567,0.28581560283687946,0.5320488573680063,0.1520289855072464
2015-03-21 13:00:00,0.2646238938053097,0.28638297872340424,0.5238297872340425,0.13565217391304346
2015-03-21 14:00:00,0.2646238938053097,0.28617021276595744,0.5335263987391646,0.14028985507246378
2015-03-21 15:00:00,0.2635398230088496,0.28624113475177304,0.5457249802994484,0.11246376811594203
2015-03-21 16:00:00,0.26384955752212386,0.2867375886524823,0.5939755713159969,0.10159420289855071
2015-03-21 17:00:00,0.26444690265486726,0.2868794326241135,0.6541016548463356,0.09072463768115942
2015-03-21 18:00:00,0.26347345132743366,0.28801418439716314,0.6829708431836091,0.09768115942028986
2015-03-21 19:00:00,0.26276548672566374,0.2878723404255319,0.6562647754137115,0.11159420289855072
2015-03-21 20:00:00,0.2632300884955752,0.2873049645390071,0.6488100866824271,0.1733333333333333
2015-03-21 21:00:00,0.26280973451327433,0.2857446808510638,0.6269385342789598,0.2656521739130435
2015-03-21 22:00:00,0.26216814159292035,0.2878014184397163,0.5475886524822695,0.3552173913043478
2015-03-21 23:00:00,0.2582300884955752,0.28631205673758864,0.5397557131599685,0.5495652173913044
2015-03-22 00:00:00,0.25966814159292034,0.2867375886524823,0.5235185185185185,0.6089855072463768
2015-03-22 01:00:00,0.2588716814159292,0.2848936170212766,0.5056304176516943,0.703768115942029
2015-03-22 02:00:00,0.25880530973451327,0.2868085106382979,0.5092316784869976,0.742463768115942
2015-03-22 03:00:00,0.2589159292035398,0.2867375886524823,0.5110835303388495,0.7521739130434782
2015-03-22 04:00:00,0.2586283185840708,0.2865957446808511,0.5063514578408196,0.781304347826087
2015-03-22 05:00:00,0.25873893805309733,0.2866666666666667,0.469511426319937,0.7915942028985508
2015-03-22 06:00:00,0.26035398230088497,0.28638297872340424,0.4965169424743893,0.7127536231884058
2015-03-22 07:00:00,0.26203539823008853,0.28836879432624113,0.5694523246650907,0.7253623188405797
2015-03-22 08:00:00,0.26300884955752213,0.28808510638297874,0.6245665878644602,0.7646376811594203
2015-03-22 09:00:00,0.26006637168141594,0.28829787234042553,0.6104806934594169,0.6640579710144927
2015-03-22 10:00:00,0.26261061946902653,0.28914893617021276,0.6386800630417652,0.8047826086956521
2015-03-22 11:00:00,0.26280973451327433,0.2895744680851064,0.6172813238770686,0.8056521739130434
2015-03-22 12:00:00,0.2619911504424779,0.28815602836879434,0.5897084318360913,0.7788405797101449
2015-03-22 13:00:00,0.2616371681415929,0.2885106382978723,0.5681126871552403,0.795072463768116
2015-03-22 14:00:00,0.2636725663716814,0.29219858156028367,0.5703900709219858,0.8144927536231884
2015-03-22 15:00:00,0.265,0.29106382978723405,0.5993223010244286,0.8230434782608695
2015-03-22 16:00:00,0.2652212389380531,0.2926950354609929,0.6872576832151299,0.8014492753623188
2015-03-22 17:00:00,0.2660840707964602,0.2885815602836879,0.7560126083530339,0.8179710144927536
2015-03-22 18:00:00,0.26369469026548675,0.28921985815602835,0.7614736012608353,0.8127536231884057
2015-03-22 19:00:00,0.26057522123893806,0.29141843971631204,0.6971315996847912,0.7534782608695652
2015-03-22 20:00:00,0.26320796460176993,0.2907801418439716,0.6608904649330182,0.7034782608695652
2015-03-22 21:00:00,0.2633628318584071,0.2919858156028369,0.6165721040189125,0.6178260869565217
2015-03-22 22:00:00,0.2616814159292035,0.29113475177304965,0.5560244286840031,0.5759420289855072
2015-03-22 23:00:00,0.2583407079646018,0.2919148936170213,0.5057407407407408,0.5723188405797102
2015-03-23 00:00:00,0.2593141592920354,0.29404255319148936,0.4763514578408195,0.5289855072463768
2015-03-23 01:00:00,0.2584734513274336,0.29418439716312056,0.4719936958234831,0.5578260869565217
2015-03-23 02:00:00,0.25778761061946903,0.2904964539007092,0.47511426319936956,0.6007246376811595
2015-03-23 03:00:00,0.2585840707964602,0.2915602836879433,0.5131796690307329,0.6766666666666666
2015-03-23 04:00:00,0.258783185840708,0.2922695035460993,0.5750472813238771,0.6898550724637681
2015-03-23 05:00:00,0.259712389380531,0.29134751773049644,0.6431757289204098,0.6576811594202898
2015-03-23 06:00:00,0.2616592920353982,0.2917730496453901,0.7657880220646178,0.6688405797101449
2015-03-23 07:00:00,0.26278761061946904,0.29113475177304965,0.7901694247438928,0.6833333333333333
2015-03-23 08:00:00,0.2631637168141593,0.27198581560283686,0.7752955082742317,0.7136231884057971
2015-03-23 09:00:00,0.2605309734513274,0.2697163120567376,0.7419621749408983,0.7327536231884059
2015-03-23 10:00:00,0.26280973451327433,0.26978723404255317,0.7288613081166273,0.6885507246376812
2015-03-23 11:00:00,0.263075221238938,0.2754609929078014,0.7173128447596533,0.7426086956521739
2015-03-23 12:00:00,0.2624336283185841,0.2758156028368794,0.7029156816390859,0.7628985507246376
2015-03-23 13:00:00,0.2603097345132743,0.27198581560283686,0.6747084318360913,0.4960869565217391
2015-03-23 14:00:00,0.2605973451327434,0.270354609929078,0.6637864460204886,0.5128985507246376
2015-03-23 15:00:00,0.26185840707964597,0.27063829787234045,0.6721985815602838,0.4421739130434783
2015-03-23 16:00:00,0.2619911504424779,0.27191489361702126,0.7088731284475965,0.4085507246376811
2015-03-23 17:00:00,0.2621238938053097,0.28432624113475174,0.7429393223010244,0.3495652173913043
2015-03-23 18:00:00,0.26241150442477873,0.2819858156028369,0.7707171000788022,0.29739130434782607
2015-03-23 19:00:00,0.26121681415929204,0.2846099290780142,0.7387667454688732,0.38231884057971016
2015-03-23 20:00:00,0.2603097345132743,0.2872340425531915,0.7119424743892828,0.4056521739130434
2015-03-23 21:00:00,0.2601327433628319,0.2845390070921986,0.6610401891252955,0.43086956521739134
2015-03-23 22:00:00,0.2608628318584071,0.2865957446808511,0.5936012608353034,0.45652173913043476
2015-03-23 23:00:00,0.2599115044247787,0.2775886524822695,0.5717454688731284,0.3617391304347826
2015-03-24 00:00:00,0.2609734513274336,0.27347517730496457,0.5564381402679275,0.2798550724637681
2015-03-24 01:00:00,0.25933628318584073,0.2731914893617021,0.5551063829787234,0.27202898550724636
2015-03-24 02:00:00,0.25900442477876107,0.27687943262411346,0.5674428684003152,0.29231884057971014
2015-03-24 03:00:00,0.25827433628318586,0.2778014184397163,0.6092159180457053,0.20130434782608697
2015-03-24 04:00:00,0.25911504424778764,0.27609929078014184,0.6751221434200158,0.2017391304347826
2015-03-24 05:00:00,0.2608185840707965,0.2773049645390071,0.7432308904649331,0.22768115942028985
2015-03-24 06:00:00,0.26057522123893806,0.27687943262411346,0.8214775413711584,0.18115942028985507
2015-03-24 07:00:00,0.2595353982300885,0.27624113475177303,0.8256264775413712,0.1589855072463768
2015-03-24 08:00:00,0.26099557522123895,0.2578723404255319,0.8081481481481482,0.10217391304347827
2015-03-24 09:00:00,0.26079646017699115,0.2597872340425532,0.7899724192277384,0.10246376811594203
2015-03-24 10:00:00,0.2613938053097345,0.26333333333333336,0.7559141055949566,0.10347826086956523
2015-03-24 11:00:00,0.26101769911504424,0.2673758865248227,0.7200985027580772,0.08202898550724638
2015-03-24 12:00:00,0.259712389380531,0.2650354609929078,0.7028447596532703,0.09086956521739131
2015-03-24 13:00:00,0.259712389380531,0.2647517730496454,0.6851103230890464,0.07623188405797102
2015-03-24 14:00:00,0.26194690265486725,0.2691489361702128,0.6955043341213555,0.0918840579710145
2015-03-24 15:00:00,0.2617920353982301,0.27177304964539006,0.69575256107171,0.13275362318840578
2015-03-24 16:00:00,0.26236725663716814,0.27078014184397164,0.7304373522458629,0.11855072463768115
2015-03-24 17:00:00,0.2648008849557522,0.2753900709219858,0.7790070921985816,0.10855072463768117
2015-03-24 18:00:00,0.2632300884955752,0.14198581560283688,0.7838691883372734,0.10608695652173913
2015-03-24 19:00:00,0.26236725663716814,0.14333333333333334,0.779507486209614,0.09710144927536232
2015-03-24 20:00:00,0.26256637168141594,0.14141843971631207,0.770661938534279,0.1227536231884058
2015-03-24 21:00:00,0.26280973451327433,0.14382978723404255,0.7311426319936959,0.13536231884057973
2015-03-24 22:00:00,0.2632300884955752,0.14106382978723406,0.679869976359338,0.13057971014492753
2015-03-24 23:00:00,0.2646017699115044,0.13340425531914893,0.6580535855003941,0.21869565217391304
2015-03-25 00:00:00,0.2643805309734513,0.13432624113475178,0.6443183609141055,0.16971014492753622
2015-03-25 01:00:00,0.2653318584070796,0.12978723404255318,0.6342356185973207,0.1991304347826087
2015-03-25 02:00:00,0.2666150442477876,0.12858156028368795,0.6354373522458628,0.22231884057971016
2015-03-25 03:00:00,0.26619469026548676,0.12992907801418438,0.6541449960598897,0.33666666666666667
2015-03-25 04:00:00,0.26579646017699116,0.1549645390070922,0.6724113475177305,0.3372463768115942
2015-03-25 05:00:00,0.2682300884955752,0.1551063829787234,0.741197793538219,0.36478260869565216
2015-03-25 06:00:00,0.270353982300885,0.1697872340425532,0.8334948778565799,0.35579710144927534
2015-03-25 07:00:00,0.2697345132743363,0.17205673758865248,0.844338061465721,0.34594202898550724
2015-03-25 08:00:00,0.2706194690265487,0.17127659574468085,0.8334830575256107,0.39420289855072466
2015-03-25 09:00:00,0.27196902654867255,0.1869503546099291,0.8261386918833727,0.3872463768115942
2015-03-25 10:00:00,0.26986725663716815,0.19014184397163122,0.8004609929078015,0.35695652173913045
2015-03-25 11:00:00,0.27099557522123896,0.19992907801418439,0.7751103230890465,0.3784057971014493
2015-03-25 12:00:00,0.2693141592920354,0.21418439716312057,0.76526792750197,0.4153623188405797
2015-03-25 13:00:00,0.26831858407079645,0.22425531914893615,0.7434003152088259,0.4465217391304348
2015-03-25 14:00:00,0.2682522123893805,0.22851063829787233,0.7366981875492514,0.4244927536231884
2015-03-25 15:00:00,0.26915929203539823,0.23184397163120565,0.7284357762017337,0.42275362318840576
2015-03-25 16:00:00,0.26924778761061946,0.23361702127659573,0.7376713947990543,0.3898550724637681
2015-03-25 17:00:00,0.27123893805309734,0.23695035460992908,0.7527935382190702,0.37739130434782603
2015-03-25 18:00:00,0.2684734513274336,0.23553191489361705,0.7558313632781718,0.31130434782608696
2015-03-25 19:00:00,0.26694690265486726,0.24312056737588653,0.7033924349881796,0.3230434782608696
2015-03-25 20:00:00,0.2657300884955752,0.25361702127659574,0.6727620173364854,0.362463768115942
2015-03-25 21:00:00,0.26603982300884954,0.2575886524822695,0.6484357762017336,0.3695652173913043
2015-03-25 22:00:00,0.2668362831858407,0.25914893617021273,0.5944050433412136,0.377536231884058
2015-03-25 23:00:00,0.2638938053097345,0.2605673758865248,0.5276516942474389,0.4228985507246377
2015-03-26 00:00:00,0.2619026548672566,0.25865248226950355,0.4942868400315209,0.4084057971014493
2015-03-26 01:00:00,0.26325221238938057,0.25765957446808513,0.49762017336485426,0.43217391304347824
2015-03-26 02:00:00,0.2637610619469027,0.2573758865248227,0.5118754925137904,0.44826086956521743
2015-03-26 03:00:00,0.26174778761061945,0.2578723404255319,0.5457565011820331,0.4436231884057971
2015-03-26 04:00:00,0.26305309734513277,0.2561702127659574,0.6260480693459417,0.44956521739130434
2015-03-26 05:00:00,0.26517699115044246,0.2560283687943262,0.726548463356974,0.4917391304347826
2015-03-26 06:00:00,0.26584070796460174,0.25390070921985813,0.8079117415287628,0.5339130434782609
2015-03-26 07:00:00,0.2628318584070796,0.25489361702127655,0.8286761229314421,0.5466666666666666
2015-03-26 08:00:00,0.25966814159292034,0.24184397163120566,0.8198542159180457,0.5676811594202898
2015-03-26 09:00:00,0.2558849557522124,0.24617021276595746,0.8287549251379038,0.6275362318840579
2015-03-26 10:00:00,0.2529867256637168,0.2456737588652482,0.803096926713948,0.644927536231884
2015-03-26 11:00:00,0.25440265486725666,0.24716312056737588,0.7887391646966115,0.563768115942029
2015-03-26 12:00:00,0.2523451327433628,0.24794326241134754,0.783187549251379,0.5886956521739131
2015-03-26 13:00:00,0.2541150442477876,0.2590780141843972,0.7917651694247438,0.5153623188405797
2015-03-26 14:00:00,0.2560619469026549,0.2584397163120567,0.79548463356974,0.48217391304347823
2015-03-26 15:00:00,0.25528761061946903,0.24836879432624112,0.8112135539795113,0.47739130434782606
2015-03-26 16:00:00,0.2538938053097345,0.24092198581560284,0.8076398739164697,0.47855072463768117
2015-03-26 17:00:00,0.2570575221238938,0.25361702127659574,0.8178289992119779,0.46840579710144925
2015-03-26 18:00:00,0.26057522123893806,0.25581560283687943,0.8209771473601262,0.39971014492753626
2015-03-26 19:00:00,0.2582300884955752,0.25489361702127655,0.7936130811662727,0.44318840579710145
2015-03-26 20:00:00,0.2586283185840708,0.2531205673758865,0.7765366430260048,0.43043478260869567
2015-03-26 21:00:00,0.2595575221238938,0.26078014184397164,0.7318439716312057,0.43594202898550727
2015-03-26 22:00:00,0.2590486725663717,0.26163120567375886,0.658810086682427,0.4242028985507246
2015-03-26 23:00:00,0.262212389380531,0.2712765957446808,0.630086682427108,0.36478260869565216
2015-03-27 00:00:00,0.26305309734513277,0.27198581560283686,0.6132742316784869,0.33492753623188404
2015-03-27 01:00:00,0.26309734513274335,0.27085106382978724,0.6085303388494878,0.2979710144927536
2015-03-27 02:00:00,0.26347345132743366,0.2713475177304965,0.6188613081166273,0.2691304347826087
2015-03-27 03:00:00,0.26261061946902653,0.2726241134751773,0.6498384554767535,0.23449275362318842
2015-03-27 04:00:00,0.26360619469026547,0.2725531914893617,0.6966193853427897,0.2272463768115942
2015-03-27 05:00:00,0.2643805309734513,0.27198581560283686,0.7666824271079591,0.20420289855072465
2015-03-27 06:00:00,0.2665929203539823,0.2726241134751773,0.8423246650906225,0.1473913043478261
2015-03-27 07:00:00,0.2672566371681416,0.2736879432624113,0.8541804570527974,0.1879710144927536
2015-03-27 08:00:00,0.2692920353982301,0.27687943262411346,0.8622655634357762,0.16420289855072465
2015-03-27 09:00:00,0.26831858407079645,0.2553191489361702,0.8589558707643814,0.18507246376811595
2015-03-27 10:00:00,0.26736725663716815,0.25851063829787235,0.8551024428684003,0.21275362318840582
2015-03-27 11:00:00,0.26422566371681416,0.2580851063829787,0.821859732072498,0.2343478260869565
2015-03-27 12:00:00,0.26685840707964603,0.2570921985815603,0.8046296296296296,0.24173913043478262
2015-03-27 13:00:00,0.2656637168141593,0.2573049645390071,0.7869267139479905,0.22811594202898552
2015-03-27 14:00:00,0.2650221238938053,0.2563120567375886,0.7694562647754137,0.28130434782608693
2015-03-27 15:00:00,0.2678318584070796,0.2579432624113475,0.7528881008668242,0.2343478260869565
2015-03-27 16:00:00,0.2697345132743363,0.2531205673758865,0.7673758865248227,0.20956521739130435
2015-03-27 17:00:00,0.27039823008849556,0.27496453900709217,0.8026556343577621,0.2555072463768116
2015-03-27 18:00:00,0.2682079646017699,0.27687943262411346,0.8140425531914894,0.26115942028985506
2015-03-27 19:00:00,0.2670575221238938,0.27680851063829787,0.7670882584712372,0.2821739130434782
2015-03-27 20:00:00,0.26570796460176993,0.2674468085106383,0.7336209613869188,0.29
2015-03-27 21:00:00,0.2646017699115044,0.2653191489361702,0.6940425531914893,0.29391304347826086
2015-03-27 22:00:00,0.26537610619469026,0.26468085106382977,0.6499527186761229,0.3173913043478261
2015-03-27 23:00:00,0.2595575221238938,0.2651063829787234,0.6506579984239559,0.5057971014492754
2015-03-28 00:00:00,0.2622566371681416,0.26645390070921987,0.6413672182821119,0.5173913043478261
2015-03-28 01:00:00,0.26380530973451327,0.26602836879432623,0.6384869976359338,0.4902898550724638
2015-03-28 02:00:00,0.26429203539823004,0.26574468085106384,0.6472379826635146,0.42014492753623184
2015-03-28 03:00:00,0.26196902654867255,0.2647517730496454,0.6515208825847123,0.38782608695652177
2015-03-28 04:00:00,0.25997787610619466,0.265531914893617,0.6481757289204098,0.3885507246376812
2015-03-28 05:00:00,0.25964601769911505,0.26354609929078016,0.6601142631993696,0.4165217391304348
2015-03-28 06:00:00,0.2641814159292035,0.2821276595744681,0.6863908589440504,0.4681159420289855
2015-03-28 07:00:00,0.26300884955752213,0.30354609929078014,0.683542159180457,0.4982608695652174
2015-03-28 08:00:00,0.26287610619469026,0.30950354609929076,0.7160283687943262,0.44579710144927537
2015-03-28 09:00:00,0.2607300884955752,0.31035460992907804,0.7115169424743892,0.4433333333333333
2015-03-28 10:00:00,0.2584070796460177,0.30950354609929076,0.6692986603624901,0.48028985507246374
2015-03-28 11:00:00,0.2640265486725664,0.3104255319148936,0.6285657998423956,0.5166666666666667
2015-03-28 12:00:00,0.2671017699115044,0.30957446808510636,0.5849408983451536,0.5160869565217392
2015-03-28 13:00:00,0.26579646017699116,0.3079432624113475,0.557919621749409,0.5057971014492754
2015-03-28 14:00:00,0.2619911504424779,0.3078723404255319,0.537608353033885,0.5265217391304348
2015-03-28 15:00:00,0.26557522123893806,0.2948936170212766,0.5687903861308117,0.52
2015-03-28 16:00:00,0.2664601769911505,0.27872340425531916,0.6143656422379826,0.5240579710144928
2015-03-28 17:00:00,0.26442477876106196,0.26134751773049647,0.619156816390859,0.5294202898550725
2015-03-28 18:00:00,0.2638716814159292,0.2612056737588653,0.599956658786446,0.5678260869565217
2015-03-28 19:00:00,0.26245575221238937,0.2610638297872341,0.5477501970055162,0.6698550724637681
2015-03-28 20:00:00,0.2664823008849557,0.26085106382978723,0.4888022064617809,0.6799999999999999
2015-03-28 21:00:00,0.2656637168141593,0.21872340425531914,0.4531914893617021,0.6473913043478261
2015-03-28 22:00:00,0.2632300884955752,0.2622695035460993,0.4188967691095351,0.5971014492753624
2015-03-28 23:00:00,0.2603318584070797,0.21851063829787234,0.416284475965327,0.5746376811594203
2015-03-29 00:00:00,0.265,0.21836879432624112,0.4026162332545311,0.5573913043478261
2015-03-29 01:00:00,0.26477876106194687,0.21900709219858158,0.38925531914893613,0.5259420289855072
2015-03-29 02:00:00,0.2634513274336283,0.26482269503546096,0.37850275807722616,0.5095652173913043
2015-03-29 03:00:00,0.2636504424778761,0.2649645390070922,0.3884633569739953,0.5279710144927536
2015-03-29 04:00:00,0.2623451327433628,0.21914893617021278,0.40573680063041767,0.5998550724637681
2015-03-29 05:00:00,0.2603097345132743,0.22390070921985814,0.3902758077226163,0.5721739130434783
2015-03-29 06:00:00,0.2636725663716814,0.2699290780141844,0.437565011820331,0.6778260869565217
2015-03-29 07:00:00,0.26511061946902653,0.26879432624113475,0.48650906225374313,0.6876811594202898
2015-03-29 08:00:00,0.2657300884955752,0.27085106382978724,0.5362765957446809,0.6418840579710144
2015-03-29 09:00:00,0.2649115044247788,0.27085106382978724,0.5452521670606777,0.5602898550724638
2015-03-29 10:00:00,0.26444690265486726,0.27092198581560284,0.5396966115051222,0.545072463768116
2015-03-29 11:00:00,0.2611946902654867,0.26666666666666666,0.5180654058313633,0.5727536231884058
2015-03-29 12:00:00,0.2619911504424779,0.2670921985815603,0.5047596532702915,0.552608695652174
2015-03-29 13:00:00,0.2616814159292035,0.259290780141844,0.5000394011032309,0.5359420289855072
2015-03-29 14:00:00,0.26185840707964597,0.2602127659574468,0.5107604412923562,0.4860869565217391
2015-03-29 15:00:00,0.26110619469026547,0.2673049645390071,0.5337549251379039,0.45260869565217393
2015-03-29 16:00:00,0.26236725663716814,0.26695035460992905,0.5827738376674546,0.39956521739130435
2015-03-29 17:00:00,0.2642699115044248,0.2671631205673759,0.6257683215130023,0.3481159420289855
2015-03-29 18:00:00,0.2624336283185841,0.2676595744680851,0.632702915681639,0.29492753623188406
2015-03-29 19:00:00,0.2595132743362832,0.2676595744680851,0.5952167060677699,0.2856521739130435
2015-03-29 20:00:00,0.263075221238938,0.26865248226950356,0.570354609929078,0.2526086956521739
2015-03-29 21:00:00,0.2646238938053097,0.2794326241134752,0.5303861308116627,0.2169565217391304
2015-03-29 22:00:00,0.2651991150442478,0.266241134751773,0.47548857368006303,0.18681159420289856
2015-03-29 23:00:00,0.26623893805309734,0.2773049645390071,0.45999999999999996,0.22275362318840577
2015-03-30 00:00:00,0.2649336283185841,0.27680851063829787,0.4377620173364854,0.21217391304347827
2015-03-30 01:00:00,0.26570796460176993,0.2771631205673759,0.4392434988179669,0.18898550724637683
2015-03-30 02:00:00,0.2644911504424779,0.2771631205673759,0.466193853427896,0.18289855072463768
2015-03-30 03:00:00,0.2644911504424779,0.26787234042553193,0.4997399527186761,0.20072463768115942
2015-03-30 04:00:00,0.26327433628318586,0.26333333333333336,0.5969424743892829,0.1726086956521739
2015-03-30 05:00:00,0.26603982300884954,0.26397163120567374,0.7134633569739953,0.16
2015-03-30 06:00:00,0.267212389380531,0.266241134751773,0.753802206461781,0.1510144927536232
2015-03-30 07:00:00,0.2645575221238938,0.26361702127659575,0.730661938534279,0.14492753623188406
2015-03-30 08:00:00,0.26597345132743366,0.26333333333333336,0.6973443656422379,0.1701449275362319
2015-03-30 09:00:00,0.2682743362831858,0.25822695035460996,0.6681836091410559,0.2182608695652174
2015-03-30 10:00:00,0.2624336283185841,0.3193617021276596,0.6141607565011821,0.26608695652173914
2015-03-30 11:00:00,0.2656637168141593,0.3097163120567376,0.610086682427108,0.2847826086956522
2015-03-30 12:00:00,0.26415929203539823,0.3080851063829787,0.5929393223010244,0.29985507246376814
2015-03-30 13:00:00,0.26584070796460174,0.26645390070921987,0.5868006304176517,0.30463768115942025
2015-03-30 14:00:00,0.26853982300884954,0.30858156028368794,0.5820449172576831,0.3156521739130435
2015-03-30 15:00:00,0.26652654867256637,0.26673758865248226,0.5741252955082742,0.3085507246376812
2015-03-30 16:00:00,0.26511061946902653,0.26652482269503547,0.5843223010244287,0.2833333333333333
2015-03-30 17:00:00,0.267853982300885,0.25879432624113474,0.6303033884948779,0.2688405797101449
2015-03-30 18:00:00,0.2679646017699115,0.26354609929078016,0.6441213553979511,0.24231884057971012
2015-03-30 19:00:00,0.2677433628318584,0.2634042553191489,0.6451654846335697,0.23289855072463767
2015-03-30 20:00:00,0.27323008849557523,0.2702836879432624,0.6217336485421592,0.23086956521739133
2015-03-30 21:00:00,0.2690044247787611,0.2692198581560284,0.5206107171000788,0.18869565217391301
2015-03-30 22:00:00,0.2755530973451327,0.2730496453900709,0.4612017336485421,0.2091304347826087
2015-03-30 23:00:00,0.277853982300885,0.2735460992907801,0.4517533490937746,0.24173913043478262
2015-03-31 00:00:00,0.27396017699115044,0.2748936170212766,0.4353152088258471,0.2192753623188406
2015-03-31 01:00:00,0.27298672566371684,0.27290780141843973,0.4273916469661151,0.2226086956521739
2015-03-31 02:00:00,0.27530973451327434,0.27156028368794327,0.455531914893617,0.2246376811594203
2015-03-31 03:00:00,0.27606194690265484,0.271418439716312,0.5123680063041764,0.2097101449275362
2015-03-31 04:00:00,0.27513274336283183,0.27,0.6028250591016548,0.1718840579710145
2015-03-31 05:00:00,0.27758849557522125,0.2695744680851064,0.6725216706067769,0.15333333333333332
2015-03-31 06:00:00,0.2798008849557522,0.2700709219858156,0.7373049645390071,0.11579710144927537
2015-03-31 07:00:00,0.2763716814159292,0.26773049645390073,0.7273798266351459,0.10376811594202898
2015-03-31 08:00:00,0.2782079646017699,0.269290780141844,0.7267612293144209,0.09333333333333334
2015-03-31 09:00:00,0.2763274336283186,0.2699290780141844,0.7021197793538219,0.09724637681159419
2015-03-31 10:00:00,0.2767035398230089,0.26985815602836877,0.6831678486997635,0.09086956521739131
2015-03-31 11:00:00,0.27539823008849557,0.26858156028368796,0.6724152876280537,0.08739130434782608
2015-03-31 12:00:00,0.2752212389380531,0.26900709219858154,0.6630417651694247,0.10188405797101449
2015-03-31 13:00:00,0.2770353982300885,0.26843971631205676,0.6557249802994484,0.1118840579710145
2015-03-31 14:00:00,0.2754203539823009,0.2692198581560284,0.643144208037825,0.10782608695652175
2015-03-31 15:00:00,0.2769026548672566,0.26865248226950356,0.6462371946414499,0.12710144927536232
2015-03-31 16:00:00,0.274712389380531,0.26893617021276595,0.637608353033885,0.1282608695652174
2015-03-31 17:00:00,0.27626106194690264,0.26886524822695035,0.6234830575256107,0.12971014492753624
2015-03-31 18:00:00,0.27738938053097345,0.2785106382978723,0.637872340425532,0.1418840579710145
2015-03-31 19:00:00,0.27329646017699116,0.2802836879432624,0.606725768321513,0.16898550724637681
2015-03-31 20:00:00,0.27570796460176994,0.279645390070922,0.586371158392435,0.16420289855072465
2015-03-31 21:00:00,0.27477876106194693,0.2791489361702128,0.550220646178093,0.18521739130434783
2015-03-31 22:00:00,0.2743141592920354,0.2795035460992908,0.5150197005516155,0.23304347826086957
2015-03-31 23:00:00,0.2719247787610619,0.2747517730496454,0.4979472025216706,0.2271014492753623
2015-04-01 00:00:00,0.27112831858407077,0.2778014184397163,0.47184003152088255,0.2901449275362319
2015-04-01 01:00:00,0.27263274336283183,0.279290780141844,0.4521276595744681,0.3391304347826087
2015-04-01 02:00:00,0.27303097345132743,0.27709219858156026,0.4695823483057526,0.3472463768115942
2015-04-01 03:00:00,0.27351769911504425,0.2758156028368794,0.5155200945626477,0.3446376811594203
2015-04-01 04:00:00,0.27331858407079646,0.2754609929078014,0.5719739952718677,0.38217391304347825
2015-04-01 05:00:00,0.2738938053097345,0.27687943262411346,0.6511386918833728,0.40014492753623193
2015-04-01 06:00:00,0.27424778761061946,0.2743262411347518,0.6782702915681639,0.44188405797101443
2015-04-01 07:00:00,0.27641592920353986,0.27390070921985815,0.6543498817966904,0.43028985507246376
2015-04-01 08:00:00,0.27634955752212387,0.27397163120567375,0.6204491725768322,0.4263768115942029
2015-04-01 09:00:00,0.27553097345132743,0.27425531914893614,0.5993498817966904,0.42507246376811597
2015-04-01 10:00:00,0.27329646017699116,0.27170212765957447,0.570177304964539,0.4360869565217391
2015-04-01 11:00:00,0.2742699115044248,0.27099290780141844,0.5566469661150513,0.49000000000000005
2015-04-01 12:00:00,0.27404867256637166,0.2714893617021277,0.5399842395587077,0.4265217391304348
2015-04-01 13:00:00,0.275575221238938,0.270354609929078,0.5292789598108747,0.39202898550724635
2015-04-01 14:00:00,0.2745132743362832,0.27099290780141844,0.5143617021276595,0.548695652173913
2015-04-01 15:00:00,0.27643805309734515,0.26978723404255317,0.5346020488573681,0.4885507246376812
2015-04-01 16:00:00,0.2782522123893805,0.2726241134751773,0.5728368794326242,0.538840579710145
2015-04-01 17:00:00,0.27949115044247785,0.27212765957446805,0.5928092986603625,0.5215942028985507
2015-04-01 18:00:00,0.2797787610619469,0.27070921985815605,0.6095468873128447,0.4682608695652174
2015-04-01 19:00:00,0.27714601769911507,0.2724113475177305,0.5953467297084318,0.365072463768116
2015-04-01 20:00:00,0.2777654867256637,0.2704964539007092,0.5679590228526399,0.3869565217391304
2015-04-01 21:00:00,0.2736283185840708,0.24978723404255318,0.4775256107171001,0.34144927536231884
2015-04-01 22:00:00,0.26267699115044246,0.25354609929078015,0.46224586288416075,0.3334782608695652
2015-04-01 23:00:00,0.26384955752212386,0.2170212765957447,0.41548069345941685,0.35231884057971014
2015-04-02 00:00:00,0.2645353982300885,0.2195744680851064,0.4115405831363278,0.37333333333333335
2015-04-02 01:00:00,0.2648451327433628,0.21893617021276596,0.43285657998423954,0.35681159420289854
2015-04-02 02:00:00,0.26380530973451327,0.22,0.457123719464145,0.3355072463768116
2015-04-02 03:00:00,0.2634513274336283,0.19638297872340424,0.5130417651694248,0.30492753623188407
2015-04-02 04:00:00,0.2631858407079646,0.1975177304964539,0.582655634357762,0.17231884057971014
2015-04-02 05:00:00,0.26238938053097344,0.19921985815602836,0.6273167848699763,0.16231884057971013
2015-04-02 06:00:00,0.2643362831858407,0.19666666666666668,0.6525453112687155,0.2518840579710145
2015-04-02 07:00:00,0.260929203539823,0.19148936170212766,0.6305516154452324,0.18057971014492752
2015-04-02 08:00:00,0.26042035398230085,0.19673758865248225,0.6132978723404255,0.19594202898550722
2015-04-02 09:00:00,0.26196902654867255,0.19645390070921986,0.5933018124507486,0.17521739130434782
2015-04-02 10:00:00,0.2599115044247787,0.1976595744680851,0.5704649330181245,0.18971014492753624
2015-04-02 11:00:00,0.2592699115044248,0.1968794326241135,0.550709219858156,0.30188405797101453
2015-04-02 12:00:00,0.26101769911504424,0.19744680851063828,0.5279944838455477,0.30376811594202896
2015-04-02 13:00:00,0.2618805309734513,0.27496453900709217,0.493936170212766,0.3695652173913043
2015-04-02 14:00:00,0.2641814159292035,0.2748936170212766,0.47187943262411347,0.3760869565217391
2015-04-02 15:00:00,0.2604424778761062,0.27439716312056733,0.5080614657210402,0.41173913043478266
2015-04-02 16:00:00,0.2622787610619469,0.2747517730496454,0.5570961386918833,0.3265217391304348
2015-04-02 17:00:00,0.2649557522123894,0.27397163120567375,0.5927659574468085,0.3242028985507246
2015-04-02 18:00:00,0.26309734513274335,0.27510638297872336,0.6108786446020489,0.3194202898550725
2015-04-02 19:00:00,0.25982300884955756,0.2743262411347518,0.5798817966903073,0.41840579710144926
2015-04-02 20:00:00,0.2605088495575221,0.2736879432624113,0.5410953506698187,0.23521739130434785
2015-04-02 21:00:00,0.2599336283185841,0.2747517730496454,0.4820843183609141,0.19014492753623186
2015-04-02 22:00:00,0.25851769911504424,0.2771631205673759,0.43624901497241925,0.23144927536231882
2015-04-02 23:00:00,0.25477876106194686,0.2743262411347518,0.40550039401103233,0.1673913043478261
2015-04-03 00:00:00,0.2553318584070796,0.2741843971631206,0.39962962962962967,0.19898550724637684
2015-04-03 01:00:00,0.256858407079646,0.2753900709219858,0.40707643814026795,0.15507246376811595
2015-04-03 02:00:00,0.255929203539823,0.27411347517730494,0.4128841607565012,0.11608695652173912
2015-04-03 03:00:00,0.25579646017699115,0.2741843971631206,0.42514972419227737,0.10637681159420291
2015-04-03 04:00:00,0.25329646017699115,0.2533333333333333,0.44069345941686366,0.14492753623188406
2015-04-03 05:00:00,0.25309734513274335,0.274822695035461,0.4844011032308905,0.13043478260869565
2015-04-03 06:00:00,0.2541592920353982,0.27382978723404255,0.5207840819542947,0.10753623188405798
2015-04-03 07:00:00,0.24858407079646017,0.2750354609929078,0.5154649330181245,0.12115942028985506
2015-04-03 08:00:00,0.2482522123893805,0.2734042553191489,0.513585500394011,0.09855072463768116
2015-04-03 09:00:00,0.2486946902654867,0.2722695035460993,0.507171000788022,0.09246376811594202
2015-04-03 10:00:00,0.2521238938053097,0.2746099290780142,0.4932663514578408,0.10594202898550724
2015-04-03 11:00:00,0.25331858407079644,0.2731205673758865,0.4780063041765169,0.10521739130434782
2015-04-03 12:00:00,0.25267699115044245,0.2524822695035461,0.45399921197793536,0.10391304347826087
2015-04-03 13:00:00,0.25148230088495577,0.2522695035460993,0.4488613081166273,0.10521739130434782
2015-04-03 14:00:00,0.25183628318584067,0.254113475177305,0.46562647754137115,0.12333333333333332
2015-04-03 15:00:00,0.24951327433628318,0.2520567375886525,0.5182466509062253,0.13202898550724637
2015-04-03 16:00:00,0.24787610619469028,0.25446808510638297,0.5832781717888101,0.14130434782608695
2015-04-03 17:00:00,0.25285398230088496,0.25574468085106383,0.6307919621749409,0.12057971014492753
2015-04-03 18:00:00,0.2536504424778761,0.2543262411347518,0.6444917257683216,0.10101449275362319
2015-04-03 19:00:00,0.251858407079646,0.25368794326241134,0.6378881008668242,0.0827536231884058
2015-04-03 20:00:00,0.2516150442477876,0.254822695035461,0.625263987391647,0.06304347826086956
2015-04-03 21:00:00,0.25061946902654864,0.2572340425531915,0.5975059101654847,0.04942028985507246
2015-04-03 22:00:00,0.24672566371681418,0.2570921985815603,0.5885500394011032,0.06057971014492753
2015-04-03 23:00:00,0.2497787610619469,0.2581560283687943,0.5682111899133176,0.05144927536231884
2015-04-04 00:00:00,0.24765486725663718,0.25886524822695034,0.5661229314420804,0.04594202898550725
2015-04-04 01:00:00,0.24745575221238938,0.25666666666666665,0.5481048069345942,0.049710144927536226
2015-04-04 02:00:00,0.2501327433628318,0.2575886524822695,0.5204609929078013,0.04608695652173913
2015-04-04 03:00:00,0.2508407079646018,0.2594326241134752,0.5513908589440504,0.04420289855072464
2015-04-04 04:00:00,0.24741150442477874,0.2592198581560284,0.5575728920409772,0.0408695652173913
2015-04-04 05:00:00,0.24555309734513275,0.25865248226950355,0.6097517730496453,0.03347826086956522
2015-04-04 06:00:00,0.24747787610619468,0.25822695035460996,0.6614302600472812,0.022753623188405795
2015-04-04 07:00:00,0.24787610619469028,0.2604255319148936,0.6844562647754137,0.021014492753623187
2015-04-04 08:00:00,0.24327433628318582,0.2594326241134752,0.6768715524034673,0.024057971014492755
2015-04-04 09:00:00,0.2425221238938053,0.2701418439716312,0.6553743104806935,0.023623188405797104
2015-04-04 10:00:00,0.24360619469026545,0.26368794326241135,0.6060756501182033,0.02681159420289855
2015-04-04 11:00:00,0.24603982300884955,0.2652482269503546,0.5546847911741528,0.03202898550724638
2015-04-04 12:00:00,0.2456194690265487,0.26347517730496456,0.521552403467297,0.03985507246376811
2015-04-04 13:00:00,0.2443805309734513,0.26397163120567374,0.5101694247438928,0.058260869565217394
2015-04-04 14:00:00,0.24303097345132743,0.26354609929078016,0.5004846335697399,0.06391304347826088
2015-04-04 15:00:00,0.24462389380530974,0.26581560283687944,0.5639598108747045,0.0636231884057971
2015-04-04 16:00:00,0.24327433628318582,0.2649645390070922,0.6041607565011821,0.07521739130434782
2015-04-04 17:00:00,0.24577433628318587,0.26468085106382977,0.6360756501182033,0.0917391304347826
2015-04-04 18:00:00,0.24851769911504423,0.26361702127659575,0.6539795114263199,0.09985507246376812
2015-04-04 19:00:00,0.24747787610619468,0.26645390070921987,0.6504255319148936,0.11420289855072463
2015-04-04 20:00:00,0.24300884955752214,0.26468085106382977,0.623183609141056,0.13144927536231885
2015-04-04 21:00:00,0.2461946902654867,0.26482269503546096,0.5997438928289992,0.1372463768115942
2015-04-04 22:00:00,0.2379424778761062,0.2645390070921986,0.579472025216706,0.13
2015-04-04 23:00:00,0.24046460176991152,0.2645390070921986,0.5599290780141843,0.12956521739130436
2015-04-05 00:00:00,0.23935840707964604,0.26546099290780145,0.5316627265563436,0.14623188405797102
2015-04-05 01:00:00,0.2390265486725664,0.26659574468085107,0.5044996059889677,0.1436231884057971
2015-04-05 02:00:00,0.2408849557522124,0.26645390070921987,0.46662726556343576,0.1582608695652174
2015-04-05 03:00:00,0.2416592920353982,0.266241134751773,0.4828881008668243,0.18768115942028984
2015-04-05 04:00:00,0.23829646017699113,0.26907801418439714,0.4650354609929078,0.22000000000000003
2015-04-05 05:00:00,0.23714601769911506,0.26787234042553193,0.4781796690307329,0.27855072463768116
2015-04-05 06:00:00,0.24126106194690267,0.269645390070922,0.5433687943262412,0.24855072463768116
2015-04-05 07:00:00,0.24008849557522124,0.25985815602836876,0.5402442868400315,0.2982608695652174
2015-04-05 08:00:00,0.2390265486725664,0.259645390070922,0.5373128447596532,0.31130434782608696
2015-04-05 09:00:00,0.23497787610619467,0.2580851063829787,0.5230220646178093,0.3571014492753623
2015-04-05 10:00:00,0.23606194690265486,0.2550354609929078,0.48652482269503544,0.31666666666666665
2015-04-05 11:00:00,0.23661504424778762,0.2530496453900709,0.46435382190701335,0.33159420289855074
2015-04-05 12:00:00,0.23668141592920353,0.25347517730496455,0.4472301024428684,0.37855072463768114
2015-04-05 13:00:00,0.23842920353982303,0.25439716312056737,0.4456107171000788,0.36057971014492757
2015-04-05 14:00:00,0.24002212389380534,0.2556028368794326,0.45614657210401893,0.49420289855072463
2015-04-05 15:00:00,0.23971238938053097,0.2551063829787234,0.48499211977935386,0.4892753623188406
2015-04-05 16:00:00,0.2369911504424779,0.255886524822695,0.5698305752561071,0.48405797101449277
2015-04-05 17:00:00,0.23732300884955754,0.2676595744680851,0.6171552403467296,0.4691304347826087
2015-04-05 18:00:00,0.2408849557522124,0.2663829787234043,0.66521670606777,0.4940579710144927
2015-04-05 19:00:00,0.2393362831858407,0.26645390070921987,0.6623483057525611,0.4728985507246377
2015-04-05 20:00:00,0.23716814159292035,0.266241134751773,0.6270685579196218,0.46942028985507245
2015-04-05 21:00:00,0.23630530973451325,0.2670921985815603,0.5786485421591805,0.5363768115942029
2015-04-05 22:00:00,0.23019911504424778,0.27858156028368797,0.5672773837667455,0.5402898550724637
2015-04-05 23:00:00,0.23168141592920355,0.2786524822695035,0.5027817178881009,0.5533333333333333
2015-04-06 00:00:00,0.23314159292035397,0.27687943262411346,0.44884160756501185,0.5140579710144927
2015-04-06 01:00:00,0.23557522123893804,0.2774468085106383,0.4453270291568164,0.49913043478260866
2015-04-06 02:00:00,0.23650442477876107,0.2773049645390071,0.46464539007092204,0.5478260869565217
2015-04-06 03:00:00,0.23323008849557522,0.27801418439716313,0.4778565799842396,0.5418840579710145
2015-04-06 04:00:00,0.23212389380530973,0.2775886524822695,0.4836879432624113,0.5755072463768116
2015-04-06 05:00:00,0.23334070796460177,0.27695035460992906,0.5062962962962962,0.5866666666666667
2015-04-06 06:00:00,0.23389380530973453,0.2782978723404255,0.5418873128447597,0.6015942028985508
2015-04-06 07:00:00,0.23389380530973453,0.2775886524822695,0.5648896769109535,0.612463768115942
2015-04-06 08:00:00,0.23488938053097347,0.2673758865248227,0.5959574468085106,0.6034782608695651
2015-04-06 09:00:00,0.23199115044247787,0.26773049645390073,0.6163750985027581,0.6469565217391304
2015-04-06 10:00:00,0.23154867256637165,0.26900709219858154,0.5875256107171001,0.6305797101449275
2015-04-06 11:00:00,0.23323008849557522,0.2668794326241135,0.515886524822695,0.6507246376811594
2015-04-06 12:00:00,0.23225663716814157,0.2713475177304965,0.4799133175728921,0.6698550724637681
2015-04-06 13:00:00,0.23289823008849558,0.27092198581560284,0.4686643026004728,0.6802898550724638
2015-04-06 14:00:00,0.23387168141592918,0.2726241134751773,0.4908234830575256,0.6831884057971014
2015-04-06 15:00:00,0.23367256637168143,0.27,0.5163120567375886,0.6901449275362319
2015-04-06 16:00:00,0.23460176991150444,0.2712765957446808,0.602789598108747,0.7063768115942028
2015-04-06 17:00:00,0.23380530973451327,0.271418439716312,0.6365169424743893,0.724927536231884
2015-04-06 18:00:00,0.23376106194690263,0.27290780141843973,0.639070133963751,0.7294202898550725
2015-04-06 19:00:00,0.23110619469026547,0.2724822695035461,0.6047438928289992,0.7194202898550724
2015-04-06 20:00:00,0.23234513274336285,0.2722695035460993,0.583451536643026,0.6879710144927536
2015-04-06 21:00:00,0.2308407079646018,0.2713475177304965,0.5311386918833727,0.6552173913043479
2015-04-06 22:00:00,0.23280973451327433,0.27120567375886523,0.47316390858944046,0.672608695652174
2015-04-06 23:00:00,0.23504424778761063,0.27212765957446805,0.44726950354609935,0.7160869565217391
2015-04-07 00:00:00,0.23497787610619467,0.27382978723404255,0.430709219858156,0.7004347826086956
2015-04-07 01:00:00,0.2334734513274336,0.2724822695035461,0.4160480693459417,0.6462318840579709
2015-04-07 02:00:00,0.23564159292035397,0.27404255319148935,0.40878250591016546,0.7160869565217391
2015-04-07 03:00:00,0.23674778761061946,0.2733333333333333,0.4414775413711584,0.7271014492753624
2015-04-07 04:00:00,0.23940265486725662,0.2723404255319149,0.5377935382190702,0.7056521739130435
2015-04-07 05:00:00,0.24042035398230088,0.27375886524822696,0.6374507486209614,0.6910144927536233
2015-04-07 06:00:00,0.24258849557522125,0.27361702127659576,0.6871591804570527,0.6705797101449276
2015-04-07 07:00:00,0.2424778761061947,0.27602836879432624,0.6858116627265564,0.6601449275362319
2015-04-07 08:00:00,0.2416592920353982,0.25539007092198585,0.6760401891252956,0.6552173913043479
2015-04-07 09:00:00,0.23860619469026548,0.24929078014184397,0.6512726556343578,0.6552173913043479
2015-04-07 10:00:00,0.23964601769911506,0.2570921985815603,0.6175137903861309,0.6684057971014492
2015-04-07 11:00:00,0.23876106194690266,0.26,0.6020094562647754,0.6610144927536232
2015-04-07 12:00:00,0.24241150442477877,0.25865248226950355,0.585137903861308,0.6460869565217392
2015-04-07 13:00:00,0.24046460176991152,0.2533333333333333,0.5842356185973208,0.6981159420289855
2015-04-07 14:00:00,0.24013274336283189,0.2523404255319149,0.5426753349093775,0.7176811594202899
2015-04-07 15:00:00,0.24420353982300885,0.25460992907801416,0.577828999211978,0.7342028985507246
2015-04-07 16:00:00,0.23957964601769913,0.2521276595744681,0.5887391646966116,0.7595652173913043
2015-04-07 17:00:00,0.2425221238938053,0.2502127659574468,0.5835263987391647,0.776231884057971
2015-04-07 18:00:00,0.2426769911504425,0.25063829787234043,0.6092592592592593,0.7610144927536232
2015-04-07 19:00:00,0.24042035398230088,0.2495035460992908,0.5812056737588652,0.7553623188405798
2015-04-07 20:00:00,0.24466814159292039,0.2220567375886525,0.5163435776201734,0.6478260869565218
2015-04-07 21:00:00,0.24586283185840707,0.24375886524822693,0.4558747044917258,0.7291304347826087
2015-04-07 22:00:00,0.2539601769911505,0.2473758865248227,0.4161899133175729,0.7472463768115942
2015-04-07 23:00:00,0.2552212389380531,0.2521276595744681,0.39628447596532707,0.6788405797101449
2015-04-08 00:00:00,0.2551106194690265,0.25255319148936173,0.39014184397163115,0.7063768115942028
2015-04-08 01:00:00,0.2559955752212389,0.2528368794326241,0.3918715524034673,0.6842028985507247
2015-04-08 02:00:00,0.2552654867256637,0.2520567375886525,0.40698975571315993,0.7001449275362319
2015-04-08 03:00:00,0.25378318584070797,0.2526950354609929,0.45122931442080383,0.6957971014492754
2015-04-08 04:00:00,0.25422566371681415,0.2520567375886525,0.5657565011820331,0.6594202898550725
2015-04-08 05:00:00,0.2579424778761062,0.2531914893617021,0.6766745468873129,0.6562318840579711
2015-04-08 06:00:00,0.25911504424778764,0.25950354609929077,0.6976674546887313,0.658840579710145
2015-04-08 07:00:00,0.2576106194690266,0.25886524822695034,0.6973601260835304,0.6465217391304349
2015-04-08 08:00:00,0.2579646017699115,0.25666666666666665,0.6942671394799055,0.6253623188405797
2015-04-08 09:00:00,0.2576106194690266,0.2580851063829787,0.6901615445232466,0.6084057971014493
2015-04-08 10:00:00,0.25816371681415934,0.25822695035460996,0.6904058313632782,0.6268115942028986
2015-04-08 11:00:00,0.2573008849557522,0.2580851063829787,0.6875137903861308,0.6233333333333334
2015-04-08 12:00:00,0.2544911504424779,0.2550354609929078,0.6685185185185185,0.6030434782608696
2015-04-08 13:00:00,0.25329646017699115,0.25489361702127655,0.6450078802206461,0.5931884057971014
2015-04-08 14:00:00,0.256858407079646,0.2551063829787234,0.608983451536643,0.6047826086956521
2015-04-08 15:00:00,0.2521017699115044,0.2590780141843972,0.596375098502758,0.6205797101449275
2015-04-08 16:00:00,0.2545796460176991,0.2605673758865248,0.5934594168636722,0.6753623188405797
2015-04-08 17:00:00,0.2589601769911504,0.26092198581560283,0.6142513790386132,0.6898550724637681
2015-04-08 18:00:00,0.25986725663716814,0.2621276595744681,0.6186406619385343,0.6799999999999999
2015-04-08 19:00:00,0.25595132743362836,0.26482269503546096,0.6086130811662727,0.6291304347826088
2015-04-08 20:00:00,0.2567920353982301,0.2640425531914894,0.5929905437352246,0.5550724637681159
2015-04-08 21:00:00,0.25641592920353984,0.26333333333333336,0.566635145784082,0.6230434782608696
2015-04-08 22:00:00,0.2723008849557522,0.2692198581560284,0.5464223798266352,0.6285507246376811
2015-04-08 23:00:00,0.2710619469026549,0.26652482269503547,0.5183254531126872,0.6423188405797101
2015-04-09 00:00:00,0.27030973451327434,0.26673758865248226,0.5030496453900709,0.6275362318840579
2015-04-09 01:00:00,0.2717920353982301,0.26588652482269504,0.500177304964539,0.5933333333333333
2015-04-09 02:00:00,0.27103982300884955,0.2681560283687943,0.515531914893617,0.5966666666666667
2015-04-09 03:00:00,0.2697345132743363,0.2676595744680851,0.5484278959810874,0.566231884057971
2015-04-09 04:00:00,0.2708407079646018,0.265531914893617,0.602962962962963,0.5384057971014493
2015-04-09 05:00:00,0.26654867256637166,0.2663120567375887,0.6657880220646178,0.5288405797101449
2015-04-09 06:00:00,0.2589601769911504,0.2680141843971631,0.6745744680851065,0.5007246376811594
2015-04-09 07:00:00,0.26035398230088497,0.2575886524822695,0.6751103230890465,0.48347826086956525
2015-04-09 08:00:00,0.2603318584070797,0.2623404255319149,0.6667021276595745,0.46608695652173915
2015-04-09 09:00:00,0.2573893805309735,0.26382978723404255,0.6491725768321513,0.5623188405797102
2015-04-09 10:00:00,0.25676991150442474,0.2629787234042553,0.6392119779353822,0.572608695652174
2015-04-09 11:00:00,0.263783185840708,0.25673758865248225,0.6217454688731284,0.5355072463768116
2015-04-09 12:00:00,0.26524336283185845,0.25751773049645393,0.6121473601260835,0.5133333333333333
2015-04-09 13:00:00,0.27115044247787606,0.2580851063829787,0.6012647754137116,0.48028985507246374
2015-04-09 14:00:00,0.27247787610619467,0.2584397163120567,0.6045941686367219,0.4547826086956522
2015-04-09 15:00:00,0.2759070796460177,0.25773049645390067,0.6143774625689519,0.4
2015-04-09 16:00:00,0.2738938053097345,0.25985815602836876,0.6164105594956659,0.3728985507246377
2015-04-09 17:00:00,0.27404867256637166,0.259290780141844,0.6196256895193065,0.3652173913043478
2015-04-09 18:00:00,0.2736061946902655,0.2574468085106383,0.6179944838455477,0.3126086956521739
2015-04-09 19:00:00,0.2752212389380531,0.25765957446808513,0.6153546099290781,0.25521739130434784
2015-04-09 20:00:00,0.2711946902654867,0.25900709219858153,0.5851497241922774,0.23855072463768115
2015-04-09 21:00:00,0.2710619469026549,0.25836879432624116,0.5519976359338061,0.26014492753623186
2015-04-09 22:00:00,0.27263274336283183,0.28312056737588653,0.5277659574468085,0.29579710144927535
2015-04-09 23:00:00,0.27530973451327434,0.28304964539007094,0.5147241922773838,0.4969565217391304
2015-04-10 00:00:00,0.2774557522123894,0.2812765957446809,0.5069148936170212,0.6213043478260869
2015-04-10 01:00:00,0.2776991150442478,0.27617021276595743,0.5114854215918045,0.44246376811594207
2015-04-10 02:00:00,0.2760840707964602,0.274822695035461,0.5173049645390071,0.6466666666666666
2015-04-10 03:00:00,0.2734070796460177,0.2623404255319149,0.5372379826635146,0.6431884057971015
2015-04-10 04:00:00,0.2728539823008849,0.20063829787234042,0.5896729708431836,0.5842028985507247
2015-04-10 05:00:00,0.2681637168141593,0.19900709219858156,0.6418006304176517,0.4053623188405797
2015-04-10 06:00:00,0.2667035398230089,0.1968794326241135,0.6433215130023641,0.39449275362318836
2015-04-10 07:00:00,0.26964601769911506,0.1940425531914894,0.6581954294720253,0.34202898550724636
2015-04-10 08:00:00,0.27188053097345133,0.19212765957446806,0.6586840031520883,0.4191304347826087
2015-04-10 09:00:00,0.2713274336283186,0.19397163120567376,0.6383372734436564,0.5568115942028985
2015-04-10 10:00:00,0.27092920353982297,0.1926950354609929,0.6178486997635934,0.45608695652173914
2015-04-10 11:00:00,0.27685840707964604,0.19446808510638297,0.5964460204885736,0.5221739130434783
2015-04-10 12:00:00,0.27761061946902654,0.19418439716312058,0.5800827423167849,0.5211594202898551
2015-04-10 13:00:00,0.2790265486725664,0.19276595744680852,0.5646926713947991,0.5534782608695652
2015-04-10 14:00:00,0.2799557522123894,0.1940425531914894,0.5569424743892829,0.6297101449275362
2015-04-10 15:00:00,0.28210176991150443,0.19496453900709218,0.5639519306540584,0.6381159420289855
2015-04-10 16:00:00,0.2788053097345133,0.19382978723404257,0.5593223010244287,0.5650724637681159
2015-04-10 17:00:00,0.27935840707964604,0.19546099290780145,0.5687037037037037,0.4152173913043478
2015-04-10 18:00:00,0.278716814159292,0.1920567375886525,0.5827186761229314,0.333768115942029
2015-04-10 19:00:00,0.27938053097345134,0.19382978723404257,0.5744562647754138,0.352463768115942
2015-04-10 20:00:00,0.27904867256637167,0.19312056737588654,0.5424862096138692,0.35260869565217395
2015-04-10 21:00:00,0.2792920353982301,0.1928368794326241,0.5058195429472025,0.3584057971014493
2015-04-10 22:00:00,0.2664601769911505,0.20127659574468085,0.5192198581560283,0.41173913043478266
2015-04-10 23:00:00,0.2686725663716814,0.20092198581560283,0.5066193853427896,0.3981159420289855
2015-04-11 00:00:00,0.26962389380530977,0.20205673758865247,0.495973207249803,0.3882608695652174
2015-04-11 01:00:00,0.27115044247787606,0.2026241134751773,0.4879432624113475,0.4356521739130435
2015-04-11 02:00:00,0.27,0.20156028368794326,0.4828881008668243,0.4765217391304348
2015-04-11 03:00:00,0.27050884955752214,0.20390070921985815,0.4860480693459417,0.49521739130434783
2015-04-11 04:00:00,0.27263274336283183,0.1978014184397163,0.5007210401891252,0.48681159420289855
2015-04-11 05:00:00,0.2729646017699115,0.2026950354609929,0.5340583136327817,0.5581159420289855
2015-04-11 06:00:00,0.2750442477876106,0.20056737588652482,0.5629866036249015,0.524927536231884
2015-04-11 07:00:00,0.2775442477876106,0.20304964539007092,0.5857407407407408,0.5511594202898551
2015-04-11 08:00:00,0.27334070796460175,0.2024113475177305,0.5585066981875493,0.5376811594202898
2015-04-11 09:00:00,0.2696017699115044,0.2000709219858156,0.5087667454688731,0.5379710144927536
2015-04-11 10:00:00,0.2719026548672566,0.1978014184397163,0.477698975571316,0.5034782608695652
2015-04-11 11:00:00,0.2760840707964602,0.20134751773049644,0.463230890464933,0.48710144927536236
2015-04-11 12:00:00,0.27561946902654866,0.19893617021276597,0.4474704491725768,0.48202898550724643
2015-04-11 13:00:00,0.27422566371681417,0.1995035460992908,0.42594562647754136,0.4902898550724638
2015-04-11 14:00:00,0.2753761061946903,0.19929078014184398,0.4271276595744681,0.4285507246376811
2015-04-11 15:00:00,0.2776548672566372,0.1981560283687943,0.43598896769109535,0.406231884057971
2015-04-11 16:00:00,0.27407079646017696,0.1998581560283688,0.4539204097714736,0.3644927536231884
2015-04-11 17:00:00,0.2736504424778761,0.19659574468085106,0.4537509850275808,0.3982608695652174
2015-04-11 18:00:00,0.2732522123893805,0.19879432624113477,0.47524034672970844,0.3914492753623189
2015-04-11 19:00:00,0.27356194690265484,0.19659574468085106,0.4576438140267928,0.4933333333333333
2015-04-11 20:00:00,0.27165929203539824,0.19673758865248225,0.4148423955870765,0.3914492753623189
2015-04-11 21:00:00,0.27464601769911506,0.19921985815602836,0.36680457052797477,0.4197101449275363
2015-04-11 22:00:00,0.2780752212389381,0.2022695035460993,0.3339322301024429,0.4136231884057971
2015-04-11 23:00:00,0.2802654867256637,0.2,0.3253230890464933,0.43043478260869567
2015-04-12 00:00:00,0.2811725663716814,0.19709219858156027,0.31599684791174154,0.5515942028985508
2015-04-12 01:00:00,0.2811061946902655,0.1973049645390071,0.31026398739164696,0.49434782608695654
2015-04-12 02:00:00,0.2813938053097345,0.1995035460992908,0.31236406619385343,0.6094202898550725
2015-04-12 03:00:00,0.28303097345132744,0.18907801418439718,0.3142119779353822,0.658695652173913
2015-04-12 04:00:00,0.28199115044247786,0.20106382978723406,0.32166666666666666,0.6194202898550725
2015-04-12 05:00:00,0.28230088495575223,0.20205673758865247,0.33799448384554764,0.5752173913043478
2015-04-12 06:00:00,0.2767035398230089,0.19992907801418439,0.3405713159968479,0.6128985507246376
2015-04-12 07:00:00,0.2816592920353982,0.2002127659574468,0.3791410559495666,0.6492753623188405
2015-04-12 08:00:00,0.27971238938053095,0.19560283687943264,0.4134239558707644,0.6669565217391304
2015-04-12 09:00:00,0.2756858407079646,0.19865248226950355,0.40192277383766745,0.6988405797101449
2015-04-12 10:00:00,0.2772787610619469,0.20340425531914894,0.3812214342001576,0.7247826086956523
2015-04-12 11:00:00,0.2798008849557522,0.20212765957446807,0.36121749408983456,0.7576811594202898
2015-04-12 12:00:00,0.2792920353982301,0.18921985815602838,0.3532505910165485,0.7471014492753624
2015-04-12 13:00:00,0.2809955752212389,0.18985815602836878,0.35699369582348306,0.7418840579710144
2015-04-12 14:00:00,0.28146017699115045,0.204822695035461,0.36870764381402676,0.7595652173913043
2015-04-12 15:00:00,0.2815929203539823,0.19822695035460994,0.38408195429472025,0.7734782608695653
2015-04-12 16:00:00,0.27723451327433624,0.20354609929078013,0.4180811662726556,0.7643478260869565
2015-04-12 17:00:00,0.28059734513274337,0.20368794326241135,0.4602797478329393,0.7407246376811595
2015-04-12 18:00:00,0.2830752212389381,0.19695035460992907,0.49217100078802206,0.7275362318840579
2015-04-12 19:00:00,0.2804646017699115,0.19851063829787233,0.49499605988967693,0.6873913043478261
2015-04-12 20:00:00,0.27736725663716816,0.1997872340425532,0.4631087470449173,0.7179710144927536
2015-04-12 21:00:00,0.27851769911504426,0.19900709219858156,0.3919385342789598,0.730144927536232
2015-04-12 22:00:00,0.28491150442477875,0.19900709219858156,0.35101260835303394,0.49550724637681154
2015-04-12 23:00:00,0.28542035398230087,0.19865248226950355,0.35052403467297083,0.49231884057971015
2015-04-13 00:00:00,0.28336283185840705,0.19900709219858156,0.3333530338849488,0.445072463768116
2015-04-13 01:00:00,0.2842256637168142,0.19673758865248225,0.32918833727344365,0.4573913043478261
2015-04-13 02:00:00,0.28396017699115045,0.19758865248226953,0.3408156028368794,0.4691304347826087
2015-04-13 03:00:00,0.2827212389380531,0.2024113475177305,0.36626871552403467,0.5210144927536232
2015-04-13 04:00:00,0.28621681415929207,0.20085106382978724,0.477789598108747,0.6539130434782608
2015-04-13 05:00:00,0.2861725663716814,0.19673758865248225,0.5726398739164696,0.5952173913043478
2015-04-13 06:00:00,0.28469026548672566,0.19900709219858156,0.586150512214342,0.5717391304347826
2015-04-13 07:00:00,0.28491150442477875,0.19865248226950355,0.5759219858156028,0.4902898550724638
2015-04-13 08:00:00,0.28241150442477875,0.19829787234042554,0.5530851063829787,0.5495652173913044
2015-04-13 09:00:00,0.2851991150442478,0.19794326241134752,0.526635145784082,0.5082608695652173
2015-04-13 10:00:00,0.28256637168141596,0.1998581560283688,0.4934357762017336,0.552463768115942
2015-04-13 11:00:00,0.2804646017699115,0.20134751773049644,0.48451142631993693,0.5247826086956522
2015-04-13 12:00:00,0.2827654867256637,0.2000709219858156,0.4877935382190702,0.5359420289855072
2015-04-13 13:00:00,0.28575221238938053,0.19787234042553192,0.4795311268715524,0.40405797101449276
2015-04-13 14:00:00,0.28513274336283184,0.19936170212765958,0.4939243498817967,0.46173913043478265
2015-04-13 15:00:00,0.287212389380531,0.19588652482269503,0.5056816390858945,0.3847826086956522
2015-04-13 16:00:00,0.2861061946902655,0.1997163120567376,0.5200118203309693,0.35289855072463766
2015-04-13 17:00:00,0.2885176991150442,0.19893617021276597,0.5460086682427108,0.41884057971014493
2015-04-13 18:00:00,0.2908849557522124,0.19893617021276597,0.5991016548463357,0.30420289855072463
2015-04-13 19:00:00,0.2907079646017699,0.20042553191489362,0.6226674546887313,0.2647826086956522
2015-04-13 20:00:00,0.2853097345132743,0.19602836879432622,0.5747123719464146,0.3344927536231884
2015-04-13 21:00:00,0.285575221238938,0.19943262411347518,0.5237312844759653,0.3214492753623189
2015-04-13 22:00:00,0.2847345132743363,0.1976595744680851,0.4496059889676911,0.3076811594202899
2015-04-13 23:00:00,0.2847345132743363,0.19801418439716312,0.4324152876280536,0.3165217391304348
2015-04-14 00:00:00,0.2879646017699115,0.19609929078014185,0.4348857368006304,0.3388405797101449
2015-04-14 01:00:00,0.2866150442477876,0.1998581560283688,0.44927107959022855,0.36434782608695654
2015-04-14 02:00:00,0.2863716814159292,0.1975177304964539,0.4608037825059102,0.39724637681159425
2015-04-14 03:00:00,0.2845132743362832,0.19794326241134752,0.5063987391646966,0.4139130434782609
2015-04-14 04:00:00,0.2863274336283186,0.20042553191489362,0.6050512214342002,0.4152173913043478
2015-04-14 05:00:00,0.2861061946902655,0.19546099290780145,0.6763632781717888,0.42130434782608694
2015-04-14 06:00:00,0.2806858407079646,0.19106382978723402,0.6749802994483846,0.4127536231884058
2015-04-14 07:00:00,0.2823451327433628,0.19248226950354608,0.6644089834515366,0.41739130434782606
2015-04-14 08:00:00,0.2833849557522124,0.19390070921985814,0.6604925137903861,0.4169565217391304
2015-04-14 09:00:00,0.27988938053097345,0.19673758865248225,0.6390661938534279,0.4168115942028986
2015-04-14 10:00:00,0.27772123893805306,0.19368794326241137,0.6079826635145784,0.4573913043478261
2015-04-14 11:00:00,0.27957964601769913,0.19482269503546099,0.5979944838455477,0.47608695652173916
2015-04-14 12:00:00,0.28533185840707964,0.1900709219858156,0.5761741528762805,0.6427536231884058
2015-04-14 13:00:00,0.28488938053097346,0.18914893617021275,0.5579432624113475,0.6547826086956522
2015-04-14 14:00:00,0.2873230088495575,0.18879432624113474,0.5359574468085107,0.65
2015-04-14 15:00:00,0.2877654867256637,0.1946808510638298,0.5546099290780142,0.6398550724637682
2015-04-14 16:00:00,0.28371681415929206,0.1965248226950355,0.5627777777777777,0.6688405797101449
2015-04-14 17:00:00,0.2863716814159292,0.1978014184397163,0.5644877856579984,0.6785507246376812
2015-04-14 18:00:00,0.28696902654867257,0.1970212765957447,0.570618597320725,0.6468115942028986
2015-04-14 19:00:00,0.2855973451327434,0.19659574468085106,0.5625728920409772,0.6142028985507246
2015-04-14 20:00:00,0.2853982300884956,0.19723404255319152,0.503321513002364,0.6320289855072464
2015-04-14 21:00:00,0.2891150442477876,0.19943262411347518,0.4352679275019701,0.6456521739130435
2015-04-14 22:00:00,0.28511061946902655,0.19666666666666668,0.3811702127659575,0.6105797101449275
2015-04-14 23:00:00,0.2848230088495575,0.1973758865248227,0.39202521670606777,0.5908695652173913
2015-04-15 00:00:00,0.28466814159292037,0.1981560283687943,0.37284869976359336,0.5891304347826087
2015-04-15 01:00:00,0.2864823008849558,0.19822695035460994,0.3884436564223799,0.5849275362318841
2015-04-15 02:00:00,0.2872345132743363,0.1976595744680851,0.4311268715524035,0.6268115942028986
2015-04-15 03:00:00,0.2841150442477876,0.1968794326241135,0.4757762017336486,0.5994202898550725
2015-04-15 04:00:00,0.28679203539823006,0.20056737588652482,0.5852245862884161,0.5947826086956521
2015-04-15 05:00:00,0.2879424778761062,0.1991489361702128,0.6774034672970843,0.5098550724637682
2015-04-15 06:00:00,0.2848230088495575,0.19893617021276597,0.7042237982663515,0.5834782608695652
2015-04-15 07:00:00,0.281570796460177,0.19851063829787233,0.6716903073286052,0.5511594202898551
2015-04-15 08:00:00,0.28469026548672566,0.19865248226950355,0.6505397951142632,0.5384057971014493
2015-04-15 09:00:00,0.28292035398230087,0.20042553191489362,0.6108550039401103,0.5297101449275362
2015-04-15 10:00:00,0.28126106194690265,0.19609929078014185,0.5761229314420804,0.44405797101449274
2015-04-15 11:00:00,0.28176991150442476,0.2001418439716312,0.5561623325453112,0.5569565217391305
2015-04-15 12:00:00,0.28595132743362833,0.19758865248226953,0.5434594168636722,0.618840579710145
2015-04-15 13:00:00,0.28853982300884956,0.1965248226950355,0.5373916469661151,0.6086956521739131
2015-04-15 14:00:00,0.2882300884955752,0.195177304964539,0.5319542947202521,0.6126086956521739
2015-04-15 15:00:00,0.28769911504424783,0.20347517730496453,0.5239755713159968,0.6343478260869565
2015-04-15 16:00:00,0.2844469026548673,0.20439716312056735,0.5392868400315209,0.6204347826086957
2015-04-15 17:00:00,0.28460176991150443,0.20652482269503544,0.5375610717100079,0.6085507246376811
2015-04-15 18:00:00,0.28623893805309736,0.20723404255319147,0.5488770685579196,0.5710144927536231
2015-04-15 19:00:00,0.28550884955752215,0.2024113475177305,0.528187549251379,0.5055072463768117
2015-04-15 20:00:00,0.2842477876106195,0.20312056737588652,0.4872773837667455,0.4559420289855073
2015-04-15 21:00:00,0.2842699115044248,0.20425531914893616,0.42199369582348306,0.4181159420289855
2015-04-15 22:00:00,0.28241150442477875,0.20361702127659576,0.3853152088258471,0.49550724637681154
2015-04-15 23:00:00,0.28303097345132744,0.20340425531914894,0.3639440504334121,0.4342028985507247
2015-04-16 00:00:00,0.28371681415929206,0.20319148936170212,0.35489755713159965,0.42985507246376814
2015-04-16 01:00:00,0.28358407079646014,0.20439716312056735,0.36688337273443655,0.42333333333333334
2015-04-16 02:00:00,0.2811946902654867,0.2024822695035461,0.3938219070133964,0.3926086956521739
2015-04-16 03:00:00,0.2822566371681416,0.20397163120567377,0.4535145784081955,0.39434782608695657
2015-04-16 04:00:00,0.2848008849557522,0.2002127659574468,0.5764736012608352,0.40014492753623193
2015-04-16 05:00:00,0.2797566371681416,0.1981560283687943,0.6539204097714736,0.3452173913043478
2015-04-16 06:00:00,0.27561946902654866,0.1997872340425532,0.6809338061465721,0.3576811594202899
2015-04-16 07:00:00,0.27842920353982303,0.19482269503546099,0.652789598108747,0.3847826086956522
2015-04-16 08:00:00,0.2800442477876106,0.19865248226950355,0.6541252955082743,0.4030434782608696
2015-04-16 09:00:00,0.27488938053097345,0.199645390070922,0.6292592592592593,0.4053623188405797
2015-04-16 10:00:00,0.27126106194690264,0.20070921985815604,0.5996611505122144,0.37333333333333335
2015-04-16 11:00:00,0.2726548672566372,0.19602836879432622,0.5835263987391647,0.4247826086956522
2015-04-16 12:00:00,0.27701327433628314,0.19446808510638297,0.5691962174940899,0.39840579710144924
2015-04-16 13:00:00,0.2795575221238938,0.19099290780141845,0.5551024428684003,0.39869565217391306
2015-04-16 14:00:00,0.28008849557522125,0.1946808510638298,0.532214342001576,0.4398550724637681
2015-04-16 15:00:00,0.2830973451327433,0.19758865248226953,0.5505437352245862,0.4301449275362319
2015-04-16 16:00:00,0.2811946902654867,0.19723404255319152,0.5734869976359338,0.36420289855072463
2015-04-16 17:00:00,0.28050884955752214,0.19992907801418439,0.5864539007092199,0.34507246376811596
2015-04-16 18:00:00,0.28101769911504426,0.20042553191489362,0.6194050433412136,0.3179710144927536
2015-04-16 19:00:00,0.2804646017699115,0.20120567375886525,0.6181442080378251,0.2936231884057971
2015-04-16 20:00:00,0.27749999999999997,0.2028368794326241,0.5636958234830576,0.25043478260869567
2015-04-16 21:00:00,0.2774778761061947,0.1997872340425532,0.5014736012608353,0.22782608695652173
2015-04-16 22:00:00,0.2786504424778761,0.2,0.4548817966903073,0.17318840579710146
2015-04-16 23:00:00,0.27811946902654866,0.2021985815602837,0.43291962174940896,0.14260869565217393
2015-04-17 00:00:00,0.2788716814159292,0.1968794326241135,0.43279353821907013,0.12507246376811593
2015-04-17 01:00:00,0.27920353982300883,0.1998581560283688,0.44405437352245863,0.12608695652173912
2015-04-17 02:00:00,0.2778761061946903,0.199645390070922,0.46804176516942475,0.15942028985507245
2015-04-17 03:00:00,0.27508849557522125,0.20042553191489362,0.531816390858944,0.15971014492753624
2015-04-17 04:00:00,0.2767256637168142,0.20120567375886525,0.6308037825059102,0.16942028985507246
2015-04-17 05:00:00,0.27314159292035395,0.2026950354609929,0.7441410559495666,0.16768115942028985
2015-04-17 06:00:00,0.2656637168141593,0.2002836879432624,0.7605279747832939,0.1408695652173913
2015-04-17 07:00:00,0.2666814159292036,0.2002836879432624,0.7496532702915681,0.1036231884057971
2015-04-17 08:00:00,0.2641814159292035,0.1997872340425532,0.7176910953506698,0.10782608695652175
2015-04-17 09:00:00,0.27050884955752214,0.19929078014184398,0.6982584712371946,0.13014492753623189
2015-04-17 10:00:00,0.27057522123893807,0.20297872340425532,0.6774546887312844,0.11666666666666667
2015-04-17 11:00:00,0.27081858407079645,0.19879432624113477,0.6460244286840031,0.1282608695652174
2015-04-17 12:00:00,0.2719911504424779,0.20085106382978724,0.617391646966115,0.11739130434782609
2015-04-17 13:00:00,0.27641592920353986,0.19858156028368795,0.5951615445232467,0.12202898550724638
2015-04-17 14:00:00,0.27570796460176994,0.19936170212765958,0.5717651694247439,0.13681159420289857
2015-04-17 15:00:00,0.2780088495575221,0.19936170212765958,0.5777580772261623,0.1753623188405797
2015-04-17 16:00:00,0.27688053097345133,0.20177304964539008,0.5876044129235618,0.1665217391304348
2015-04-17 17:00:00,0.27685840707964604,0.20177304964539008,0.5990110323089046,0.1618840579710145
2015-04-17 18:00:00,0.27701327433628314,0.2028368794326241,0.6149881796690307,0.15231884057971012
2015-04-17 19:00:00,0.27716814159292036,0.20163120567375886,0.6183175728920409,0.12086956521739131
2015-04-17 20:00:00,0.2713053097345133,0.2024822695035461,0.5821158392434989,0.12579710144927536
2015-04-17 21:00:00,0.2725,0.20361702127659576,0.5335066981875493,0.12246376811594203
2015-04-17 22:00:00,0.27311946902654866,0.20134751773049644,0.48103624901497244,0.09724637681159419
2015-04-17 23:00:00,0.2720353982300885,0.20290780141843973,0.4511583924349882,0.08159420289855072
2015-04-18 00:00:00,0.2708628318584071,0.20368794326241135,0.4447202521670607,0.07681159420289856
2015-04-18 01:00:00,0.27110619469026553,0.20297872340425532,0.44745468873128447,0.11000000000000001
2015-04-18 02:00:00,0.27247787610619467,0.20404255319148934,0.4553585500394011,0.11811594202898551
2015-04-18 03:00:00,0.26991150442477874,0.20460992907801417,0.4599605988967691,0.15260869565217391
2015-04-18 04:00:00,0.2707079646017699,0.2022695035460993,0.46741528762805357,0.1373913043478261
2015-04-18 05:00:00,0.2708849557522124,0.20397163120567377,0.5169779353821907,0.14492753623188406
2015-04-18 06:00:00,0.2708628318584071,0.2046808510638298,0.5636761229314421,0.1644927536231884
2015-04-18 07:00:00,0.2699557522123894,0.20297872340425532,0.5845074862096138,0.2056521739130435
2015-04-18 08:00:00,0.2668805309734513,0.20127659574468085,0.5657289204097715,0.2510144927536232
2015-04-18 09:00:00,0.2664601769911505,0.2025531914893617,0.5306264775413712,0.32869565217391306
2015-04-18 10:00:00,0.266504424778761,0.20460992907801417,0.4875531914893617,0.41434782608695647
2015-04-18 11:00:00,0.2689823008849557,0.20326241134751774,0.45911741528762806,0.5117391304347827
2015-04-18 12:00:00,0.26654867256637166,0.20170212765957446,0.43600472813238766,0.5747826086956522
2015-04-18 13:00:00,0.2679867256637168,0.20397163120567377,0.42466509062253743,0.5947826086956521
2015-04-18 14:00:00,0.2686061946902655,0.2026241134751773,0.4267730496453901,0.5530434782608696
2015-04-18 15:00:00,0.2701327433628319,0.2002836879432624,0.46242316784869975,0.4217391304347826
2015-04-18 16:00:00,0.26964601769911506,0.20035460992907803,0.5162017336485422,0.3656521739130435
2015-04-18 17:00:00,0.267212389380531,0.20312056737588652,0.5257013396375099,0.3298550724637681
2015-04-18 18:00:00,0.26621681415929205,0.2046808510638298,0.5253230890464934,0.29347826086956524
2015-04-18 19:00:00,0.26761061946902653,0.20354609929078013,0.528187549251379,0.3056521739130435
2015-04-18 20:00:00,0.267212389380531,0.205177304964539,0.49204885736800635,0.32
2015-04-18 21:00:00,0.2700442477876106,0.2028368794326241,0.45828999211977933,0.2604347826086956
2015-04-18 22:00:00,0.26254424778761065,0.2024113475177305,0.43952324665090625,0.28898550724637684
2015-04-18 23:00:00,0.26643805309734514,0.1998581560283688,0.38139085894405045,0.29927536231884055
2015-04-19 00:00:00,0.2652212389380531,0.2026950354609929,0.34981875492513786,0.2694202898550725
2015-04-19 01:00:00,0.2664823008849557,0.2002836879432624,0.32180851063829785,0.27
2015-04-19 02:00:00,0.26643805309734514,0.20078014184397164,0.31939322301024425,0.2492753623188406
2015-04-19 03:00:00,0.2657743362831858,0.19808510638297874,0.30663514578408196,0.24318840579710146
2015-04-19 04:00:00,0.26756637168141595,0.2002836879432624,0.3076753349093775,0.2626086956521739
2015-04-19 05:00:00,0.27008849557522124,0.2027659574468085,0.3578881008668243,0.2588405797101449
2015-04-19 06:00:00,0.2683407079646018,0.1970212765957447,0.431682427107959,0.29695652173913045
2015-04-19 07:00:00,0.26329646017699115,0.19645390070921986,0.4540583136327817,0.3182608695652174
2015-04-19 08:00:00,0.26475663716814163,0.19553191489361701,0.47141055949566585,0.32521739130434785
2015-04-19 09:00:00,0.266504424778761,0.19446808510638297,0.4637234042553191,0.36289855072463767
2015-04-19 10:00:00,0.26599557522123896,0.19666666666666668,0.4506973995271868,0.3705797101449275
2015-04-19 11:00:00,0.2663053097345133,0.19709219858156027,0.42676910953506697,0.38362318840579707
2015-04-19 12:00:00,0.26904867256637166,0.2001418439716312,0.4078368794326241,0.4036231884057971
2015-04-19 13:00:00,0.2704646017699115,0.20049645390070922,0.39742710795902286,0.4372463768115942
2015-04-19 14:00:00,0.26840707964601773,0.20070921985815604,0.3890740740740741,0.4436231884057971
2015-04-19 15:00:00,0.26772123893805305,0.19907801418439716,0.4004531126871552,0.4140579710144927
2015-04-19 16:00:00,0.2692920353982301,0.19886524822695034,0.4487312844759653,0.36971014492753623
2015-04-19 17:00:00,0.26988938053097344,0.19680851063829788,0.45694641449960594,0.32130434782608697
2015-04-19 18:00:00,0.2677433628318584,0.1971631205673759,0.4653230890464933,0.2765217391304348
2015-04-19 19:00:00,0.26626106194690263,0.1973049645390071,0.4744956658786446,0.2753623188405797
2015-04-19 20:00:00,0.26393805309734514,0.19723404255319152,0.4267218282111899,0.27840579710144925
2015-04-19 21:00:00,0.2661283185840708,0.19886524822695034,0.3856422379826635,0.2882608695652174
2015-04-19 22:00:00,0.28039823008849557,0.19723404255319152,0.3366154452324665,0.22855072463768114
2015-04-19 23:00:00,0.28103982300884955,0.19879432624113477,0.32,0.24594202898550724
2015-04-20 00:00:00,0.28174778761061947,0.1971631205673759,0.3170764381402679,0.21797101449275363
2015-04-20 01:00:00,0.2840486725663717,0.19695035460992907,0.33965327029156817,0.18985507246376812
2015-04-20 02:00:00,0.2797345132743363,0.19709219858156027,0.3620330969267139,0.20478260869565218
2015-04-20 03:00:00,0.2790929203539823,0.1965248226950355,0.43770291568163905,0.17565217391304347
2015-04-20 04:00:00,0.2805752212389381,0.19588652482269503,0.5644168636721828,0.13942028985507246
2015-04-20 05:00:00,0.2871460176991151,0.22602836879432622,0.6483372734436564,0.1482608695652174
2015-04-20 06:00:00,0.28623893805309736,0.2531205673758865,0.6811741528762806,0.12492753623188406
2015-04-20 07:00:00,0.27984513274336287,0.19212765957446806,0.6679314420803782,0.11884057971014493
2015-04-20 08:00:00,0.28030973451327434,0.18886524822695036,0.6556816390858944,0.09217391304347826
2015-04-20 09:00:00,0.28185840707964605,0.2526950354609929,0.6441765169424745,0.12
2015-04-20 10:00:00,0.28241150442477875,0.25347517730496455,0.6304649330181246,0.1292753623188406
2015-04-20 11:00:00,0.281216814159292,0.259290780141844,0.5985303388494878,0.16391304347826086
2015-04-20 12:00:00,0.28221238938053095,0.25638297872340426,0.5894838455476753,0.14144927536231883
2015-04-20 13:00:00,0.28329646017699117,0.2568085106382979,0.594381402679275,0.15014492753623188
2015-04-20 14:00:00,0.2810619469026549,0.25652482269503546,0.5847872340425532,0.19521739130434781
2015-04-20 15:00:00,0.2841371681415929,0.2573758865248227,0.584251379038613,0.21130434782608698
2015-04-20 16:00:00,0.28431415929203535,0.2578014184397163,0.5672537431048069,0.2536231884057971
2015-04-20 17:00:00,0.28592920353982304,0.25872340425531914,0.5534712371946414,0.2604347826086956
2015-04-20 18:00:00,0.2853982300884956,0.255886524822695,0.5603703703703704,0.2326086956521739
2015-04-20 19:00:00,0.28621681415929207,0.255886524822695,0.5844444444444444,0.21913043478260869
2015-04-20 20:00:00,0.2826769911504425,0.25446808510638297,0.5161623325453113,0.19724637681159418
2015-04-20 21:00:00,0.2830530973451328,0.25666666666666665,0.42501576044129236,0.17376811594202898
2015-04-20 22:00:00,0.2897787610619469,0.25879432624113474,0.3586682427107959,0.17565217391304347
2015-04-20 23:00:00,0.28935840707964605,0.2578014184397163,0.3281205673758866,0.1708695652173913
2015-04-21 00:00:00,0.2916371681415929,0.2575886524822695,0.31448384554767533,0.15333333333333332
2015-04-21 01:00:00,0.2925,0.2578014184397163,0.3204728132387707,0.19376811594202897
2015-04-21 02:00:00,0.29030973451327435,0.25652482269503546,0.3393459416863672,0.20739130434782607
2015-04-21 03:00:00,0.28966814159292037,0.25460992907801416,0.3655082742316785,0.19681159420289857
2015-04-21 04:00:00,0.2938495575221239,0.2552482269503546,0.49981481481481477,0.1471014492753623
2015-04-21 05:00:00,0.2951769911504425,0.2539716312056738,0.6185185185185185,0.1733333333333333
2015-04-21 06:00:00,0.2955973451327433,0.24744680851063827,0.6419188337273444,0.16202898550724637
2015-04-21 07:00:00,0.29650442477876104,0.25063829787234043,0.6366548463356974,0.16
2015-04-21 08:00:00,0.2979867256637168,0.2518439716312057,0.6427974783293933,0.19594202898550722
2015-04-21 09:00:00,0.2958185840707964,0.2520567375886525,0.6302679275019701,0.1846376811594203
2015-04-21 10:00:00,0.29849557522123893,0.2497163120567376,0.6090386130811662,0.2426086956521739
2015-04-21 11:00:00,0.29623893805309737,0.21978723404255318,0.5843459416863672,0.26753623188405795
2015-04-21 12:00:00,0.29712389380530974,0.2204964539007092,0.5672261623325453,0.28579710144927534
2015-04-21 13:00:00,0.2976769911504425,0.22021276595744682,0.548542159180457,0.35739130434782607
2015-04-21 14:00:00,0.29834070796460177,0.22177304964539007,0.529511426319937,0.39449275362318836
2015-04-21 15:00:00,0.2969690265486726,0.2226950354609929,0.5355673758865248,0.42927536231884056
2015-04-21 16:00:00,0.29692477876106194,0.21978723404255318,0.5199684791174153,0.5653623188405797
2015-04-21 17:00:00,0.29944690265486723,0.22113475177304964,0.4997241922773838,0.5892753623188406
2015-04-21 18:00:00,0.2999778761061947,0.2225531914893617,0.5110953506698188,0.6371014492753624
2015-04-21 19:00:00,0.3005973451327434,0.22276595744680852,0.5248384554767533,0.6723188405797101
2015-04-21 20:00:00,0.2981637168141593,0.2229787234042553,0.4745193065405831,0.6799999999999999
2015-04-21 21:00:00,0.2970575221238938,0.2200709219858156,0.39903467297084316,0.6731884057971015
2015-04-21 22:00:00,0.31212389380530975,0.2204255319148936,0.3356776989755713,0.623768115942029
2015-04-21 23:00:00,0.3136504424778761,0.22141843971631206,0.32380614657210405,0.6544927536231885
2015-04-22 00:00:00,0.3156637168141593,0.22198581560283687,0.3297911741528763,0.604927536231884
2015-04-22 01:00:00,0.3154424778761062,0.22156028368794325,0.334074074074074,0.5711594202898551
2015-04-22 02:00:00,0.3157079646017699,0.22276595744680852,0.34562647754137116,0.5334782608695653
2015-04-22 03:00:00,0.3140265486725664,0.2174468085106383,0.4016469661150512,0.5423188405797101
2015-04-22 04:00:00,0.31422566371681415,0.22184397163120567,0.5217730496453901,0.5179710144927536
2015-04-22 05:00:00,0.3176106194690265,0.2229787234042553,0.6234672970843184,0.49014492753623184
2015-04-22 06:00:00,0.31422566371681415,0.21156028368794327,0.6279432624113476,0.5052173913043478
2015-04-22 07:00:00,0.31818584070796463,0.21219858156028368,0.6235973207249803,0.5308695652173914
2015-04-22 08:00:00,0.31809734513274335,0.21773049645390072,0.6153821907013396,0.5736231884057971
2015-04-22 09:00:00,0.31349557522123894,0.22432624113475177,0.5929747832939323,0.6457971014492754
2015-04-22 10:00:00,0.31575221238938056,0.22326241134751773,0.5885894405043341,0.6278260869565218
2015-04-22 11:00:00,0.31847345132743365,0.22340425531914893,0.592698975571316,0.6746376811594202
2015-04-22 12:00:00,0.3171017699115044,0.22063829787234043,0.5811820330969267,0.7166666666666667
2015-04-22 13:00:00,0.3186504424778761,0.26070921985815604,0.569428684003152,0.6401449275362319
2015-04-22 14:00:00,0.31873893805309733,0.26,0.5542671394799054,0.6676811594202898
2015-04-22 15:00:00,0.32371681415929204,0.25354609929078015,0.5514066193853429,0.495072463768116
2015-04-22 16:00:00,0.3220132743362832,0.2523404255319149,0.5472773837667455,0.5015942028985507
2015-04-22 17:00:00,0.3211283185840708,0.258936170212766,0.5317809298660363,0.41101449275362323
2015-04-22 18:00:00,0.3226106194690266,0.25822695035460996,0.5299290780141844,0.5682608695652174
2015-04-22 19:00:00,0.32196902654867254,0.2570921985815603,0.5272458628841608,0.577536231884058
2015-04-22 20:00:00,0.32139380530973455,0.2584397163120567,0.469334121355398,0.6202898550724638
2015-04-22 21:00:00,0.3182522123893805,0.2573758865248227,0.3854018912529551,0.6369565217391304
2015-04-22 22:00:00,0.3214159292035398,0.2602127659574468,0.3142553191489362,0.6647826086956522
2015-04-22 23:00:00,0.3239823008849558,0.25900709219858153,0.2906028368794326,0.6810144927536231
2015-04-23 00:00:00,0.3238716814159292,0.259290780141844,0.2778132387706856,0.6863768115942029
2015-04-23 01:00:00,0.32530973451327433,0.2580141843971631,0.27066587864460206,0.7066666666666667
2015-04-23 02:00:00,0.3238938053097345,0.25666666666666665,0.27285263987391645,0.7182608695652174
2015-04-23 03:00:00,0.3238716814159292,0.2575886524822695,0.30965721040189126,0.6788405797101449
2015-04-23 04:00:00,0.32515486725663717,0.2541843971631206,0.42280535855003937,0.6292753623188405
2015-04-23 05:00:00,0.32305309734513277,0.25255319148936173,0.5335066981875493,0.6423188405797101
2015-04-23 06:00:00,0.32088495575221243,0.24510638297872342,0.5612647754137116,0.6552173913043479
2015-04-23 07:00:00,0.3218805309734514,0.24156028368794327,0.5494602048857368,0.6133333333333333
2015-04-23 08:00:00,0.3234734513274336,0.25170212765957445,0.5443380614657211,0.6424637681159421
2015-04-23 09:00:00,0.3245132743362832,0.25368794326241134,0.5243538219070134,0.6446376811594203
2015-04-23 10:00:00,0.3235840707964602,0.2546808510638298,0.5021828211189913,0.6468115942028986
2015-04-23 11:00:00,0.32232300884955756,0.2552482269503546,0.48254925137903865,0.6631884057971015
2015-04-23 12:00:00,0.32219026548672564,0.25539007092198585,0.47076832151300235,0.6737681159420289
2015-04-23 13:00:00,0.32247787610619466,0.2524822695035461,0.46342789598108747,0.6420289855072464
2015-04-23 14:00:00,0.3241814159292035,0.2546808510638298,0.4568360914105595,0.6347826086956522
2015-04-23 15:00:00,0.3267477876106195,0.2552482269503546,0.46422379826635146,0.6001449275362319
2015-04-23 16:00:00,0.3217699115044248,0.2556028368794326,0.45897951142631993,0.5921739130434783
2015-04-23 17:00:00,0.3239159292035398,0.25382978723404254,0.47037431048069345,0.5792753623188406
2015-04-23 18:00:00,0.3241150442477876,0.2528368794326241,0.5004570527974783,0.5708695652173913
2015-04-23 19:00:00,0.3245132743362832,0.25368794326241134,0.5366981875492514,0.5181159420289855
2015-04-23 20:00:00,0.3222787610619469,0.2519148936170213,0.4858510638297872,0.48710144927536236
2015-04-23 21:00:00,0.32088495575221243,0.2524113475177305,0.4300118203309693,0.4843478260869565
2015-04-23 22:00:00,0.3297566371681416,0.25361702127659574,0.39307722616233254,0.4757971014492754
2015-04-23 23:00:00,0.3307743362831858,0.2519148936170213,0.3782584712371947,0.496231884057971
2015-04-24 00:00:00,0.3332079646017699,0.25375886524822694,0.38307722616233253,0.47855072463768117
2015-04-24 01:00:00,0.33126106194690264,0.25255319148936173,0.3982584712371946,0.49797101449275366
2015-04-24 02:00:00,0.3285840707964602,0.25177304964539005,0.42147360126083533,0.5468115942028986
2015-04-24 03:00:00,0.3278318584070796,0.2523404255319149,0.46262017336485417,0.4747826086956522
2015-04-24 04:00:00,0.32997787610619467,0.2524113475177305,0.5322616233254531,0.48289855072463767
2015-04-24 05:00:00,0.3292035398230089,0.2526950354609929,0.6174231678486998,0.4701449275362318
2015-04-24 06:00:00,0.3275442477876106,0.25170212765957445,0.6268479117415288,0.4373913043478261
2015-04-24 07:00:00,0.32891592920353985,0.25141843971631206,0.6247478329393223,0.3902898550724638
2015-04-24 08:00:00,0.32999999999999996,0.2522695035460993,0.6233096926713948,0.38217391304347825
2015-04-24 09:00:00,0.32831858407079645,0.2521985815602837,0.6084869976359338,0.2927536231884058
2015-04-24 10:00:00,0.3280309734513274,0.2522695035460993,0.5958786446020489,0.19260869565217392
2015-04-24 11:00:00,0.32789823008849556,0.2524113475177305,0.585,0.20043478260869566
2015-04-24 12:00:00,0.3297345132743363,0.25141843971631206,0.5613750985027581,0.29594202898550726
2015-04-24 13:00:00,0.3292035398230089,0.2593617021276596,0.5472734436564224,0.25753623188405794
2015-04-24 14:00:00,0.3301327433628319,0.2629787234042553,0.5340425531914894,0.32492753623188403
2015-04-24 15:00:00,0.3307300884955752,0.2626950354609929,0.5547005516154452,0.3531884057971014
2015-04-24 16:00:00,0.3295132743362832,0.26248226950354614,0.5675098502758077,0.31115942028985505
2015-04-24 17:00:00,0.3288716814159292,0.2617730496453901,0.5580929866036249,0.2265217391304348
2015-04-24 18:00:00,0.3297345132743363,0.2611347517730496,0.5817769897557131,0.16304347826086957
2015-04-24 19:00:00,0.3307522123893805,0.2621985815602837,0.5736209613869189,0.16202898550724637
2015-04-24 20:00:00,0.32856194690265483,0.26148936170212767,0.5321355397951143,0.14507246376811594
2015-04-24 21:00:00,0.3286725663716814,0.26148936170212767,0.49106382978723406,0.1527536231884058
2015-04-24 22:00:00,0.32966814159292035,0.26099290780141843,0.4688337273443656,0.1481159420289855
2015-04-24 23:00:00,0.32767699115044246,0.2612056737588653,0.4363159968479118,0.1746376811594203
2015-04-25 00:00:00,0.32694690265486726,0.25347517730496455,0.40533096926713946,0.18565217391304348
2015-04-25 01:00:00,0.3288053097345133,0.25177304964539005,0.37737982663514574,0.21942028985507248
2015-04-25 02:00:00,0.32849557522123896,0.25368794326241134,0.35315996847911746,0.2391304347826087
2015-04-25 03:00:00,0.3255309734513275,0.25645390070921986,0.3415602836879432,0.2539130434782609
2015-04-25 04:00:00,0.32577433628318586,0.25666666666666665,0.35602442868400314,0.25
2015-04-25 05:00:00,0.32555309734513277,0.25872340425531914,0.40476753349093775,0.2757971014492754
2015-04-25 06:00:00,0.3285840707964602,0.25687943262411345,0.4711899133175729,0.28956521739130436
2015-04-25 07:00:00,0.33101769911504425,0.2571631205673759,0.5131166272655634,0.28391304347826085
2015-04-25 08:00:00,0.3289823008849557,0.26070921985815604,0.5241646966115051,0.27695652173913043
2015-04-25 09:00:00,0.3258849557522124,0.2582978723404255,0.49030732860520093,0.29086956521739127
2015-04-25 10:00:00,0.3254646017699115,0.25652482269503546,0.4642080378250591,0.26115942028985506
2015-04-25 11:00:00,0.3263938053097345,0.2602127659574468,0.43145390070921985,0.30347826086956525
2015-04-25 12:00:00,0.3273008849557522,0.259290780141844,0.4076713947990544,0.3026086956521739
2015-04-25 13:00:00,0.3298008849557522,0.2645390070921986,0.4150275807722616,0.3081159420289855
2015-04-25 14:00:00,0.32787610619469026,0.26368794326241135,0.4217651694247439,0.31420289855072464
2015-04-25 15:00:00,0.33008849557522124,0.26262411347517733,0.4804334121355398,0.3153623188405797
2015-04-25 16:00:00,0.3252433628318584,0.26361702127659575,0.496150512214342,0.3660869565217391
2015-04-25 17:00:00,0.32123893805309733,0.26262411347517733,0.4820330969267139,0.3617391304347826
2015-04-25 18:00:00,0.32298672566371683,0.2643262411347518,0.4912450748620961,0.3627536231884058
2015-04-25 19:00:00,0.32736725663716815,0.265177304964539,0.4917100078802207,0.33956521739130435
2015-04-25 20:00:00,0.32351769911504424,0.2653900709219858,0.45040583136327816,0.3198550724637681
2015-04-25 21:00:00,0.3215486725663717,0.26560283687943265,0.4134200157604413,0.30782608695652175
2015-04-25 22:00:00,0.3189601769911505,0.26198581560283685,0.3636012608353034,0.47681159420289854
2015-04-25 23:00:00,0.3214823008849557,0.2653191489361702,0.3314814814814815,0.5413043478260869
2015-04-26 00:00:00,0.32245575221238937,0.2650354609929078,0.3221631205673759,0.5791304347826087
2015-04-26 01:00:00,0.32340707964601767,0.2629787234042553,0.3226674546887313,0.5785507246376811
2015-04-26 02:00:00,0.3196902654867257,0.26382978723404255,0.3162647754137116,0.5404347826086956
2015-04-26 03:00:00,0.3199336283185841,0.2640425531914894,0.31713947990543734,0.513623188405797
2015-04-26 04:00:00,0.32238938053097344,0.26070921985815604,0.32243498817966904,0.5173913043478261
2015-04-26 05:00:00,0.3239159292035398,0.2599290780141844,0.3295232466509062,0.43753623188405794
2015-04-26 06:00:00,0.32287610619469026,0.2612765957446808,0.39811662726556346,0.4439130434782609
2015-04-26 07:00:00,0.32420353982300887,0.26354609929078016,0.43304570527974784,0.45623188405797105
2015-04-26 08:00:00,0.3295796460176991,0.26333333333333336,0.44784081954294724,0.37376811594202897
2015-04-26 09:00:00,0.32873893805309734,0.2626950354609929,0.4575492513790386,0.46695652173913044
2015-04-26 10:00:00,0.3276991150442478,0.26319148936170217,0.43526004728132384,0.44956521739130434
2015-04-26 11:00:00,0.32694690265486726,0.26347517730496456,0.428408195429472,0.4381159420289855
2015-04-26 12:00:00,0.32559734513274335,0.26347517730496456,0.4218242710795902,0.4608695652173913
2015-04-26 13:00:00,0.32482300884955756,0.26361702127659575,0.4141016548463357,0.41782608695652174
2015-04-26 14:00:00,0.32650442477876107,0.2653191489361702,0.4246059889676911,0.4408695652173913
2015-04-26 15:00:00,0.3271902654867257,0.26354609929078016,0.45132781717888104,0.4514492753623188
2015-04-26 16:00:00,0.3244911504424779,0.2639007092198582,0.5063159968479117,0.39202898550724635
2015-04-26 17:00:00,0.3273230088495575,0.26397163120567374,0.5404334121355399,0.4344927536231884
2015-04-26 18:00:00,0.328141592920354,0.2641843971631206,0.560177304964539,0.4320289855072464
2015-04-26 19:00:00,0.3293362831858407,0.2649645390070922,0.59220646178093,0.43333333333333335
2015-04-26 20:00:00,0.3247787610619469,0.265177304964539,0.5631008668242711,0.45811594202898553
2015-04-26 21:00:00,0.32606194690265483,0.2653900709219858,0.5128605200945626,0.37202898550724633
2015-04-26 22:00:00,0.3248008849557522,0.2682269503546099,0.4928250591016548,0.3007246376811594
2015-04-26 23:00:00,0.32630530973451327,0.2675177304964539,0.47152876280535855,0.22608695652173913
2015-04-27 00:00:00,0.32893805309734514,0.26680851063829786,0.4254806934594169,0.17797101449275363
2015-04-27 01:00:00,0.32694690265486726,0.26659574468085107,0.4267454688731284,0.16478260869565217
2015-04-27 02:00:00,0.3247787610619469,0.26872340425531915,0.43817572892040973,0.17869565217391303
2015-04-27 03:00:00,0.32327433628318586,0.2652482269503546,0.5299842395587077,0.18579710144927536
2015-04-27 04:00:00,0.3254203539823009,0.2652482269503546,0.6368873128447596,0.18304347826086956
2015-04-27 05:00:00,0.3276548672566372,0.2671631205673759,0.7176398739164697,0.2044927536231884
2015-04-27 06:00:00,0.32495575221238937,0.26695035460992905,0.7209850275807722,0.17840579710144927
2015-04-27 07:00:00,0.3234734513274336,0.26680851063829786,0.6958313632781719,0.16144927536231884
2015-04-27 08:00:00,0.325,0.26354609929078016,0.6853940110323089,0.15695652173913044
2015-04-27 09:00:00,0.327212389380531,0.265177304964539,0.6809613869188337,0.13420289855072462
2015-04-27 10:00:00,0.3320132743362832,0.2647517730496454,0.677080378250591,0.1408695652173913
2015-04-27 11:00:00,0.33241150442477874,0.265531914893617,0.6662608353033885,0.14260869565217393
2015-04-27 12:00:00,0.3325221238938053,0.2641843971631206,0.6532230102442869,0.1318840579710145
2015-04-27 13:00:00,0.33303097345132743,0.26482269503546096,0.6459574468085107,0.11652173913043479
2015-04-27 14:00:00,0.33402654867256637,0.2670212765957447,0.635307328605201,0.10739130434782608
2015-04-27 15:00:00,0.33561946902654866,0.26588652482269504,0.6333963750985028,0.11753623188405796
2015-04-27 16:00:00,0.33183628318584074,0.26099290780141843,0.6210323089046493,0.12391304347826088
2015-04-27 17:00:00,0.3348672566371681,0.2601418439716312,0.6351182033096926,0.13666666666666666
2015-04-27 18:00:00,0.33424778761061946,0.25773049645390067,0.6445350669818755,0.11753623188405796
2015-04-27 19:00:00,0.3344026548672566,0.26092198581560283,0.6471197793538219,0.10681159420289855
2015-04-27 20:00:00,0.334646017699115,0.26198581560283685,0.6065760441292356,0.10304347826086956
2015-04-27 21:00:00,0.3323008849557522,0.26156028368794326,0.5493617021276596,0.08898550724637681
2015-04-27 22:00:00,0.33214601769911506,0.2602127659574468,0.4955791962174941,0.07536231884057971
2015-04-27 23:00:00,0.33548672566371684,0.2602127659574468,0.48120567375886525,0.06855072463768115
2015-04-28 00:00:00,0.33506637168141595,0.25957446808510637,0.486241134751773,0.05623188405797101
2015-04-28 01:00:00,0.33672566371681417,0.2600709219858156,0.49724980299448385,0.05
2015-04-28 02:00:00,0.3349336283185841,0.2572340425531915,0.5205516154452324,0.08579710144927537
2015-04-28 03:00:00,0.33477876106194693,0.2580851063829787,0.5675965327029157,0.07884057971014492
2015-04-28 04:00:00,0.3377212389380531,0.2611347517730496,0.6464814814814815,0.0763768115942029
2015-04-28 05:00:00,0.3369911504424779,0.2610638297872341,0.7206619385342791,0.09405797101449276
2015-04-28 06:00:00,0.3304867256637168,0.25659574468085106,0.7145114263199369,0.09362318840579709
2015-04-28 07:00:00,0.3338053097345133,0.2582978723404255,0.7074310480693459,0.08855072463768116
2015-04-28 08:00:00,0.33455752212389384,0.2599290780141844,0.6935185185185185,0.11695652173913045
2015-04-28 09:00:00,0.3349557522123894,0.2602127659574468,0.6789007092198581,0.0781159420289855
2015-04-28 10:00:00,0.33360619469026553,0.25957446808510637,0.6629826635145785,0.13884057971014493
2015-04-28 11:00:00,0.338075221238938,0.2612765957446808,0.6415287628053585,0.1473913043478261
2015-04-28 12:00:00,0.33488938053097345,0.26163120567375886,0.6428408195429471,0.15507246376811595
2015-04-28 13:00:00,0.3349336283185841,0.26070921985815604,0.6377147360126084,0.18333333333333332
2015-04-28 14:00:00,0.3396017699115044,0.26070921985815604,0.6268951930654059,0.18971014492753624
2015-04-28 15:00:00,0.3390929203539823,0.2610638297872341,0.6237864460204886,0.19681159420289857
2015-04-28 16:00:00,0.337787610619469,0.2612765957446808,0.6146256895193065,0.1927536231884058
2015-04-28 17:00:00,0.3395575221238938,0.26092198581560283,0.6166272655634357,0.17753623188405798
2015-04-28 18:00:00,0.33803097345132743,0.2625531914893617,0.6175571315996848,0.13681159420289857
2015-04-28 19:00:00,0.3382964601769911,0.2605673758865248,0.6328959810874705,0.12681159420289856
2015-04-28 20:00:00,0.33758849557522125,0.26049645390070925,0.5830851063829787,0.17130434782608697
2015-04-28 21:00:00,0.3363716814159292,0.26248226950354614,0.5152521670606777,0.14101449275362318
2015-04-28 22:00:00,0.33241150442477874,0.26156028368794326,0.4359653270291568,0.13884057971014493
2015-04-28 23:00:00,0.33466814159292035,0.26156028368794326,0.408715524034673,0.12942028985507245
2015-04-29 00:00:00,0.33581858407079646,0.2624113475177305,0.40538613081166275,0.1355072463768116
2015-04-29 01:00:00,0.33606194690265484,0.2628368794326241,0.41172576832151303,0.1355072463768116
2015-04-29 02:00:00,0.33643805309734515,0.26411347517730493,0.43918045705279746,0.13028985507246377
2015-04-29 03:00:00,0.3334734513274336,0.26375886524822695,0.4912096138691883,0.11304347826086956
2015-04-29 04:00:00,0.3370132743362832,0.2620567375886525,0.6162490149724192,0.10594202898550724
2015-04-29 05:00:00,0.3368141592920354,0.2612056737588653,0.7185933806146573,0.13
2015-04-29 06:00:00,0.3327433628318584,0.25900709219858153,0.7194365642237982,0.16333333333333333
2015-04-29 07:00:00,0.3338938053097345,0.2628368794326241,0.6983254531126871,0.1665217391304348
2015-04-29 08:00:00,0.3333849557522124,0.2553191489361702,0.6690386130811663,0.19434782608695653
2015-04-29 09:00:00,0.33491150442477874,0.25567375886524824,0.6522931442080379,0.1763768115942029
2015-04-29 10:00:00,0.3360398230088496,0.25539007092198585,0.6334751773049645,0.20246376811594202
2015-04-29 11:00:00,0.33537610619469027,0.2580141843971631,0.6161741528762805,0.19144927536231884
2015-04-29 12:00:00,0.3379203539823009,0.2617730496453901,0.6147911741528763,0.15246376811594203
2015-04-29 13:00:00,0.33657079646017696,0.26070921985815604,0.6163475177304965,0.1481159420289855
2015-04-29 14:00:00,0.3342920353982301,0.2571631205673759,0.5992277383766745,0.13521739130434782
2015-04-29 15:00:00,0.3370353982300885,0.25971631205673756,0.6128526398739165,0.15797101449275364
2015-04-29 16:00:00,0.33599557522123896,0.26156028368794326,0.618057525610717,0.15217391304347827
2015-04-29 17:00:00,0.33511061946902654,0.2604255319148936,0.6276713947990543,0.14159420289855074
2015-04-29 18:00:00,0.33365044247787606,0.2621276595744681,0.6278250591016549,0.13217391304347825
2015-04-29 19:00:00,0.3322566371681416,0.2639007092198582,0.6158904649330181,0.13768115942028986
2015-04-29 20:00:00,0.3322787610619469,0.25822695035460996,0.561150512214342,0.1236231884057971
2015-04-29 21:00:00,0.3322345132743363,0.26170212765957446,0.4918951930654058,0.16927536231884058
2015-04-29 22:00:00,0.3329424778761062,0.2610638297872341,0.4105949566587864,0.18478260869565216
2015-04-29 23:00:00,0.3325442477876106,0.25879432624113474,0.39739952718676125,0.1681159420289855
2015-04-30 00:00:00,0.3310619469026549,0.2594326241134752,0.39470843183609144,0.13999999999999999
2015-04-30 01:00:00,0.33050884955752213,0.26141843971631207,0.40202915681639084,0.13652173913043478
2015-04-30 02:00:00,0.32893805309734514,0.26170212765957446,0.41078014184397166,0.12666666666666668
2015-04-30 03:00:00,0.32942477876106196,0.25574468085106383,0.47641843971631204,0.10608695652173913
2015-04-30 04:00:00,0.3297566371681416,0.2590780141843972,0.6054412923561859,0.12289855072463768
2015-04-30 05:00:00,0.3289823008849557,0.26248226950354614,0.7013947990543736,0.11000000000000001
2015-04-30 06:00:00,0.32559734513274335,0.26141843971631207,0.7181284475965326,0.10289855072463767
2015-04-30 07:00:00,0.3268805309734513,0.2580141843971631,0.7027107959022852,0.10434782608695652
2015-04-30 08:00:00,0.3286061946902655,0.26063829787234044,0.6921315996847911,0.1055072463768116
2015-04-30 09:00:00,0.3298230088495575,0.26198581560283685,0.6790149724192278,0.11391304347826087
2015-04-30 10:00:00,0.3241150442477876,0.2623404255319149,0.6596532702915682,0.12028985507246377
2015-04-30 11:00:00,0.31845132743362836,0.2621276595744681,0.6307052797478329,0.11333333333333334
2015-04-30 12:00:00,0.3213495575221239,0.26163120567375886,0.6010047281323877,0.12144927536231884
2015-04-30 13:00:00,0.32641592920353985,0.2629078014184397,0.5942947202521671,0.11710144927536231
2015-04-30 14:00:00,0.32856194690265483,0.2629787234042553,0.5921867612293145,0.10014492753623187
2015-04-30 15:00:00,0.33185840707964603,0.26276595744680853,0.603364854215918,0.11376811594202899
2015-04-30 16:00:00,0.32915929203539823,0.2630496453900709,0.589996059889677,0.10797101449275362
2015-04-30 17:00:00,0.3299336283185841,0.2628368794326241,0.5880457052797479,0.12217391304347826
2015-04-30 18:00:00,0.32926991150442475,0.26319148936170217,0.5787667454688732,0.11652173913043479
2015-04-30 19:00:00,0.3297345132743363,0.2634042553191489,0.585488573680063,0.11565217391304347
2015-04-30 20:00:00,0.3273008849557522,0.26163120567375886,0.5626792750197005,0.11057971014492753
2015-04-30 21:00:00,0.32714601769911505,0.2605673758865248,0.5056304176516943,0.10101449275362319
2015-04-30 22:00:00,0.3197787610619469,0.24673758865248224,0.42890858944050436,0.06710144927536231
2015-04-30 23:00:00,0.32393805309734514,0.2472340425531915,0.38291962174940897,0.07260869565217391
2015-05-01 00:00:00,0.3201106194690266,0.24744680851063827,0.3613199369582348,0.07304347826086956
2015-05-01 01:00:00,0.31922566371681416,0.24709219858156026,0.3499054373522459,0.10275362318840581
2015-05-01 02:00:00,0.31553097345132747,0.24886524822695033,0.34662332545311264,0.1155072463768116
2015-05-01 03:00:00,0.3189601769911505,0.24829787234042555,0.35446808510638295,0.15942028985507245
2015-05-01 04:00:00,0.3182300884955752,0.24929078014184397,0.3639637509850276,0.15304347826086956
2015-05-01 05:00:00,0.31736725663716814,0.24886524822695033,0.39975177304964543,0.17840579710144927
2015-05-01 06:00:00,0.3145796460176991,0.24843971631205675,0.4722931442080378,0.15463768115942028
2015-05-01 07:00:00,0.31486725663716814,0.2493617021276596,0.5132387706855792,0.13623188405797101
2015-05-01 08:00:00,0.3138495575221239,0.24914893617021278,0.5244641449960599,0.176231884057971
2015-05-01 09:00:00,0.316858407079646,0.24907801418439715,0.5248936170212766,0.17043478260869566
2015-05-01 10:00:00,0.31444690265486724,0.24865248226950357,0.5187234042553192,0.17507246376811594
2015-05-01 11:00:00,0.3111061946902655,0.24964539007092199,0.495133963750985,0.18507246376811595
2015-05-01 12:00:00,0.30973451327433627,0.25070921985815603,0.47154058313632785,0.17869565217391303
2015-05-01 13:00:00,0.30984513274336284,0.25049645390070924,0.4594917257683215,0.18289855072463768
2015-05-01 14:00:00,0.30946902654867253,0.25056737588652483,0.4536997635933806,0.23318840579710146
2015-05-01 15:00:00,0.3096902654867257,0.25042553191489364,0.46862884160756496,0.2553623188405797
2015-05-01 16:00:00,0.3089601769911504,0.2508510638297872,0.48607171000788024,0.2520289855072464
2015-05-01 17:00:00,0.308141592920354,0.2509219858156028,0.5068321513002364,0.247536231884058
2015-05-01 18:00:00,0.3089601769911504,0.2507801418439716,0.5212253743104808,0.23492753623188406
2015-05-01 19:00:00,0.31108407079646017,0.2507801418439716,0.5383057525610717,0.21318840579710144
2015-05-01 20:00:00,0.3038053097345133,0.25113475177304967,0.5129235618597321,0.2036231884057971
2015-05-01 21:00:00,0.30484513274336283,0.25049645390070924,0.461548463356974,0.18173913043478263
2015-05-01 22:00:00,0.30867256637168144,0.2501418439716312,0.38702915681639083,0.1418840579710145
2015-05-01 23:00:00,0.31004424778761064,0.2509929078014184,0.3312726556343578,0.14565217391304347
2015-05-02 00:00:00,0.3088495575221239,0.24978723404255318,0.31650512214342,0.15710144927536232
2015-05-02 01:00:00,0.31,0.25049645390070924,0.3160047281323877,0.15869565217391304
2015-05-02 02:00:00,0.310287610619469,0.25148936170212766,0.32173758865248225,0.16231884057971013
2015-05-02 03:00:00,0.3073008849557522,0.25042553191489364,0.3177383766745469,0.1436231884057971
2015-05-02 04:00:00,0.3085398230088495,0.24992907801418437,0.34218676122931446,0.1318840579710145
2015-05-02 05:00:00,0.30871681415929203,0.25113475177304967,0.3865445232466509,0.12521739130434784
2015-05-02 06:00:00,0.3040486725663717,0.25063829787234043,0.46638297872340423,0.13028985507246377
2015-05-02 07:00:00,0.3059070796460177,0.250354609929078,0.4876635145784082,0.11333333333333334
2015-05-02 08:00:00,0.3046681415929203,0.2519148936170213,0.49031126871552405,0.13869565217391305
2015-05-02 09:00:00,0.30471238938053097,0.25127659574468086,0.4807368006304177,0.19130434782608696
2015-05-02 10:00:00,0.30241150442477877,0.25049645390070924,0.4498620961386919,0.1984057971014493
2015-05-02 11:00:00,0.2998672566371682,0.2500709219858156,0.41593774625689517,0.25275362318840583
2015-05-02 12:00:00,0.3051991150442478,0.2495035460992908,0.4133096926713948,0.276231884057971
2015-05-02 13:00:00,0.3048893805309734,0.2519148936170213,0.42369976359338063,0.29130434782608694
2015-05-02 14:00:00,0.30185840707964606,0.25070921985815603,0.44340425531914895,0.2872463768115942
2015-05-02 15:00:00,0.3007079646017699,0.25049645390070924,0.49244286840031526,0.3001449275362319
2015-05-02 16:00:00,0.30267699115044244,0.2508510638297872,0.5274980299448384,0.2936231884057971
2015-05-02 17:00:00,0.299358407079646,0.25063829787234043,0.5260362490149724,0.24579710144927536
2015-05-02 18:00:00,0.2980973451327434,0.2509929078014184,0.5260835303388495,0.2540579710144928
2015-05-02 19:00:00,0.3011504424778761,0.25134751773049646,0.5449487785657998,0.25043478260869567
2015-05-02 20:00:00,0.30252212389380534,0.25170212765957445,0.5217612293144208,0.2633333333333333
2015-05-02 21:00:00,0.30137168141592924,0.251063829787234,0.4936130811662726,0.28884057971014493
2015-05-02 22:00:00,0.2972345132743363,0.25177304964539005,0.40356973995271866,0.296231884057971
2015-05-02 23:00:00,0.2980973451327434,0.2502836879432624,0.36978329393223014,0.2991304347826087
2015-05-03 00:00:00,0.3,0.2502836879432624,0.3496926713947991,0.26782608695652177
2015-05-03 01:00:00,0.3009513274336283,0.25134751773049646,0.3398069345941686,0.28942028985507245
2015-05-03 02:00:00,0.2997566371681416,0.25070921985815603,0.3370646178092987,0.24246376811594206
2015-05-03 03:00:00,0.29719026548672567,0.25156028368794325,0.32553979511426323,0.23289855072463767
2015-05-03 04:00:00,0.2952433628318584,0.25163120567375885,0.3159219858156028,0.19927536231884058
2015-05-03 05:00:00,0.2958185840707964,0.25134751773049646,0.3520921985815603,0.24405797101449275
2015-05-03 06:00:00,0.2979424778761062,0.25113475177304967,0.4074940898345154,0.2366666666666667
2015-05-03 07:00:00,0.2974336283185841,0.2518439716312057,0.4392513790386131,0.18768115942028984
2015-05-03 08:00:00,0.29876106194690266,0.25170212765957445,0.45144996059889675,0.21478260869565216
2015-05-03 09:00:00,0.2958185840707964,0.250354609929078,0.4505279747832939,0.22956521739130437
2015-05-03 10:00:00,0.2979203539823009,0.25127659574468086,0.4344168636721828,0.24304347826086956
2015-05-03 11:00:00,0.2930752212389381,0.2507801418439716,0.39949566587864466,0.2511594202898551
2015-05-03 12:00:00,0.2925,0.25,0.3801733648542159,0.27159420289855074
2015-05-03 13:00:00,0.29185840707964605,0.25120567375886527,0.3756067769897557,0.26768115942028986
2015-05-03 14:00:00,0.2928982300884956,0.25049645390070924,0.37371552403467295,0.29231884057971014
2015-05-03 15:00:00,0.2957964601769911,0.2519858156028369,0.3909022852639874,0.29304347826086957
2015-05-03 16:00:00,0.2907079646017699,0.25141843971631206,0.41645784081954296,0.27304347826086955
2015-05-03 17:00:00,0.29042035398230087,0.2502127659574468,0.4169345941686367,0.32681159420289857
2015-05-03 18:00:00,0.29134955752212394,0.25113475177304967,0.41495665878644605,0.35681159420289854
2015-05-03 19:00:00,0.2927654867256637,0.25127659574468086,0.41875098502758074,0.35
2015-05-03 20:00:00,0.2905088495575221,0.25120567375886527,0.39962568951930655,0.3671014492753623
2015-05-03 21:00:00,0.2901327433628319,0.25141843971631206,0.35003152088258466,0.3804347826086957
2015-05-03 22:00:00,0.29668141592920355,0.2500709219858156,0.3213120567375886,0.42811594202898545
2015-05-03 23:00:00,0.2963274336283186,0.25156028368794325,0.3148581560283688,0.4259420289855072
2015-05-04 00:00:00,0.2954867256637168,0.2507801418439716,0.3072301024428684,0.42434782608695654
2015-05-04 01:00:00,0.29199115044247786,0.25063829787234043,0.29916469661150513,0.4136231884057971
2015-05-04 02:00:00,0.29137168141592923,0.2520567375886525,0.30678486997635934,0.47695652173913045
2015-05-04 03:00:00,0.2916592920353982,0.2521276595744681,0.35926713947990546,0.5092753623188405
2015-05-04 04:00:00,0.29376106194690266,0.25148936170212766,0.5337312844759653,0.4957971014492754
2015-05-04 05:00:00,0.2951991150442478,0.25163120567375885,0.6351339637509851,0.4965217391304348
2015-05-04 06:00:00,0.29650442477876104,0.2519148936170213,0.6728999211977935,0.4488405797101449
2015-05-04 07:00:00,0.29626106194690266,0.2329078014184397,0.6664342001576044,0.4215942028985507
2015-05-04 08:00:00,0.30128318584070796,0.23191489361702128,0.6525847123719464,0.39840579710144924
2015-05-04 09:00:00,0.3044911504424779,0.2322695035460993,0.6468085106382979,0.4221739130434783
2015-05-04 10:00:00,0.30068584070796456,0.2319858156028369,0.6178408195429472,0.4205797101449275
2015-05-04 11:00:00,0.3029867256637168,0.2321276595744681,0.6082190701339638,0.4639130434782609
2015-05-04 12:00:00,0.30502212389380534,0.22921985815602836,0.6058668242710796,0.418695652173913
2015-05-04 13:00:00,0.3054646017699115,0.22879432624113477,0.6137037037037036,0.45115942028985506
2015-05-04 14:00:00,0.30493362831858406,0.2304255319148936,0.6103940110323088,0.41898550724637684
2015-05-04 15:00:00,0.3056194690265487,0.22886524822695034,0.6299605988967691,0.3914492753623189
2015-05-04 16:00:00,0.30303097345132746,0.22865248226950352,0.6362096138691883,0.3740579710144928
2015-05-04 17:00:00,0.30484513274336283,0.229645390070922,0.6404018912529551,0.3565217391304348
2015-05-04 18:00:00,0.30491150442477877,0.2295035460992908,0.6414184397163121,0.3056521739130435
2015-05-04 19:00:00,0.3079867256637168,0.2473758865248227,0.6435776201733648,0.26130434782608697
2015-05-04 20:00:00,0.3039159292035398,0.24822695035460993,0.5997438928289992,0.252463768115942
2015-05-04 21:00:00,0.3037389380530974,0.2470212765957447,0.52602048857368,0.23144927536231882
2015-05-04 22:00:00,0.30915929203539827,0.24617021276595746,0.43387312844759657,0.27202898550724636
2015-05-04 23:00:00,0.306570796460177,0.24609929078014184,0.3599802994483845,0.2747826086956522
2015-05-05 00:00:00,0.30524336283185843,0.24581560283687945,0.34736406619385346,0.2592753623188406
2015-05-05 01:00:00,0.3066371681415929,0.24716312056737588,0.3369661150512215,0.26710144927536233
2015-05-05 02:00:00,0.30891592920353983,0.24609929078014184,0.3408983451536643,0.2772463768115942
2015-05-05 03:00:00,0.30946902654867253,0.24581560283687945,0.390839243498818,0.2614492753623188
2015-05-05 04:00:00,0.3148230088495575,0.2456737588652482,0.5105713159968479,0.27753623188405796
2015-05-05 05:00:00,0.31265486725663716,0.24652482269503548,0.6499330181245074,0.2907246376811594
2015-05-05 06:00:00,0.3138053097345133,0.24638297872340423,0.6740228526398739,0.2871014492753623
2015-05-05 07:00:00,0.31400442477876106,0.22524822695035462,0.6543971631205673,0.2917391304347826
2015-05-05 08:00:00,0.3161504424778761,0.2273758865248227,0.6315878644602049,0.3056521739130435
2015-05-05 09:00:00,0.3142477876106195,0.2275177304964539,0.6121315996847911,0.3127536231884058
2015-05-05 10:00:00,0.31774336283185844,0.22645390070921986,0.6010992907801418,0.3402898550724638
2015-05-05 11:00:00,0.3168141592920354,0.22560283687943264,0.5742356185973208,0.3518840579710145
2015-05-05 12:00:00,0.31845132743362836,0.21418439716312057,0.5389125295508275,0.37869565217391304
2015-05-05 13:00:00,0.31902654867256636,0.22588652482269503,0.5387234042553192,0.4023188405797102
2015-05-05 14:00:00,0.31809734513274335,0.22744680851063828,0.5178250591016549,0.4742028985507246
2015-05-05 15:00:00,0.32150442477876107,0.22496453900709218,0.5293695823483058,0.5427536231884058
2015-05-05 16:00:00,0.3200442477876106,0.22347517730496455,0.5533096926713948,0.5965217391304348
2015-05-05 17:00:00,0.3196681415929204,0.22099290780141845,0.5404097714736013,0.5708695652173913
2015-05-05 18:00:00,0.3197787610619469,0.22099290780141845,0.518144208037825,0.542463768115942
2015-05-05 19:00:00,0.3176106194690265,0.2230496453900709,0.5022695035460993,0.48826086956521736
2015-05-05 20:00:00,0.3176991150442478,0.22134751773049646,0.4375019700551615,0.49550724637681154
2015-05-05 21:00:00,0.31880530973451326,0.22234042553191488,0.3648305752561072,0.6624637681159421
2015-05-05 22:00:00,0.32442477876106196,0.2226241134751773,0.3098384554767533,0.6965217391304348
2015-05-05 23:00:00,0.3272345132743363,0.2221985815602837,0.28945232466509063,0.6391304347826087
2015-05-06 00:00:00,0.32714601769911505,0.2226241134751773,0.27951930654058316,0.6108695652173913
2015-05-06 01:00:00,0.3213716814159292,0.2224113475177305,0.26447596532702916,0.6234782608695651
2015-05-06 02:00:00,0.3245575221238938,0.2224822695035461,0.26080772261623325,0.6720289855072463
2015-05-06 03:00:00,0.32670353982300887,0.2225531914893617,0.32671394799054376,0.643768115942029
2015-05-06 04:00:00,0.32761061946902653,0.2221276595744681,0.4648896769109535,0.6462318840579709
2015-05-06 05:00:00,0.33141592920353985,0.22191489361702127,0.5740504334121356,0.6339130434782608
2015-05-06 06:00:00,0.32902654867256637,0.22163120567375885,0.5930220646178093,0.618695652173913
2015-05-06 07:00:00,0.3300442477876106,0.22148936170212766,0.5886564223798266,0.6405797101449275
2015-05-06 08:00:00,0.3342035398230088,0.22127659574468084,0.5904688731284476,0.6147826086956522
2015-05-06 09:00:00,0.33362831858407077,0.22070921985815603,0.577880220646178,0.5413043478260869
2015-05-06 10:00:00,0.33506637168141595,0.22,0.5443932230102443,0.4559420289855073
2015-05-06 11:00:00,0.33657079646017696,0.2198581560283688,0.5068636721828211,0.4397101449275362
2015-05-06 12:00:00,0.33657079646017696,0.21936170212765957,0.5015130023640662,0.44579710144927537
2015-05-06 13:00:00,0.3370575221238938,0.21900709219858158,0.4724862096138692,0.4730434782608695
2015-05-06 14:00:00,0.33896017699115044,0.21914893617021278,0.4657289204097715,0.45463768115942027
2015-05-06 15:00:00,0.3383628318584071,0.21865248226950357,0.49561859732072494,0.47695652173913045
2015-05-06 16:00:00,0.33878318584070793,0.21879432624113476,0.5594326241134752,0.46652173913043476
2015-05-06 17:00:00,0.33893805309734515,0.21929078014184397,0.5588652482269504,0.4320289855072464
2015-05-06 18:00:00,0.33926991150442476,0.21886524822695036,0.5417533490937747,0.4208695652173913
2015-05-06 19:00:00,0.3425221238938053,0.21921985815602837,0.5741765169424744,0.4142028985507247
2015-05-06 20:00:00,0.3398451327433628,0.2198581560283688,0.5356973995271868,0.41057971014492756
2015-05-06 21:00:00,0.3365044247787611,0.2199290780141844,0.37175728920409773,0.4330434782608696
2015-05-06 22:00:00,0.3570132743362832,0.22063829787234043,0.3088573680063042,0.37724637681159423
2015-05-06 23:00:00,0.3567920353982301,0.24624113475177303,0.2763672182821119,0.34739130434782606
2015-05-07 00:00:00,0.3579867256637168,0.24652482269503548,0.25963750985027584,0.35492753623188406
2015-05-07 01:00:00,0.3590486725663717,0.2473758865248227,0.25635539795114265,0.30884057971014495
2015-05-07 02:00:00,0.3613274336283186,0.24624113475177303,0.26273049645390073,0.2891304347826087
2015-05-07 03:00:00,0.3574778761061947,0.24588652482269502,0.303140267927502,0.3065217391304348
2015-05-07 04:00:00,0.3628982300884956,0.24524822695035461,0.45614657210401893,0.276231884057971
2015-05-07 05:00:00,0.36194690265486723,0.24524822695035461,0.5667572892040977,0.23971014492753623
2015-05-07 06:00:00,0.3636283185840708,0.21851063829787234,0.5828092986603626,0.19449275362318838
2015-05-07 07:00:00,0.3648672566371681,0.2148936170212766,0.5816075650118203,0.24
2015-05-07 08:00:00,0.36400442477876105,0.21858156028368794,0.5644405043341214,0.2847826086956522
2015-05-07 09:00:00,0.36152654867256634,0.22156028368794325,0.5353230890464933,0.3531884057971014
2015-05-07 10:00:00,0.36553097345132746,0.2220567375886525,0.5356934594168636,0.3715942028985507
2015-05-07 11:00:00,0.36457964601769915,0.22333333333333333,0.5254491725768321,0.4126086956521739
2015-05-07 12:00:00,0.36314159292035403,0.24893617021276596,0.4833215130023641,0.4165217391304348
2015-05-07 13:00:00,0.3665486725663717,0.24822695035460993,0.5014342001576044,0.42782608695652175
2015-05-07 14:00:00,0.3655973451327434,0.24879432624113476,0.5209456264775414,0.44318840579710145
2015-05-07 15:00:00,0.3702433628318584,0.24893617021276596,0.5493301812450748,0.4701449275362318
2015-05-07 16:00:00,0.3691150442477876,0.24843971631205675,0.55924743892829,0.4544927536231884
2015-05-07 17:00:00,0.3679424778761062,0.24744680851063827,0.5712096138691883,0.43579710144927536
2015-05-07 18:00:00,0.36816371681415927,0.24836879432624112,0.5753703703703703,0.3771014492753623
2015-05-07 19:00:00,0.36845132743362835,0.24794326241134754,0.5949802994483846,0.32608695652173914
2015-05-07 20:00:00,0.36836283185840707,0.2478014184397163,0.5626871552403467,0.31072463768115943
2015-05-07 21:00:00,0.36743362831858406,0.24921985815602835,0.4963987391646966,0.2902898550724638
2015-05-07 22:00:00,0.3866592920353982,0.24843971631205675,0.4303230890464933,0.3615942028985507
2015-05-07 23:00:00,0.3860840707964602,0.24851063829787232,0.41396769109535064,0.3527536231884058
2015-05-08 00:00:00,0.3856637168141593,0.24865248226950357,0.410441292356186,0.34318840579710147
2015-05-08 01:00:00,0.38714601769911505,0.24900709219858158,0.41609141055949567,0.3310144927536232
2015-05-08 02:00:00,0.38683628318584073,0.24843971631205675,0.4287076438140268,0.35289855072463766
2015-05-08 03:00:00,0.38380530973451327,0.24829787234042555,0.4882111899133175,0.392463768115942
2015-05-08 04:00:00,0.38504424778761065,0.2497163120567376,0.5896650906225375,0.3849275362318841
2015-05-08 05:00:00,0.3857300884955752,0.2501418439716312,0.6415366430260048,0.3910144927536232
2015-05-08 06:00:00,0.3821681415929204,0.22226950354609928,0.6494523246650906,0.4301449275362319
2015-05-08 07:00:00,0.3792699115044248,0.22198581560283687,0.6400315208825847,0.4288405797101449
2015-05-08 08:00:00,0.3804203539823009,0.22170212765957448,0.6349014972419228,0.44782608695652176
2015-05-08 09:00:00,0.3858849557522124,0.22127659574468084,0.6408471237194642,0.4692753623188406
2015-05-08 10:00:00,0.3843805309734514,0.22063829787234043,0.6222655634357762,0.4998550724637681
2015-05-08 11:00:00,0.38413716814159293,0.22085106382978723,0.5995981087470449,0.5072463768115942
2015-05-08 12:00:00,0.3858628318584071,0.22092198581560285,0.5898305752561072,0.5528985507246377
2015-05-08 13:00:00,0.38097345132743365,0.24836879432624112,0.5721394799054373,0.552608695652174
2015-05-08 14:00:00,0.3810840707964602,0.24822695035460993,0.5669070133963751,0.5381159420289855
2015-05-08 15:00:00,0.38623893805309734,0.24822695035460993,0.5856579984239558,0.5304347826086957
2015-05-08 16:00:00,0.3816592920353982,0.24758865248226952,0.5761741528762805,0.5163768115942029
2015-05-08 17:00:00,0.38351769911504424,0.24716312056737588,0.5762765957446808,0.4957971014492754
2015-05-08 18:00:00,0.3833407079646018,0.2468794326241135,0.5695665878644602,0.45347826086956516
2015-05-08 19:00:00,0.3836283185840708,0.2473758865248227,0.572785657998424,0.4395652173913044
2015-05-08 20:00:00,0.38373893805309733,0.24730496453900708,0.5654334121355398,0.38637681159420295
2015-05-08 21:00:00,0.3803318584070796,0.2470212765957447,0.5003624901497242,0.3620289855072464
2015-05-08 22:00:00,0.3847787610619469,0.24709219858156026,0.4307446808510638,0.47492753623188405
2015-05-08 23:00:00,0.38199115044247783,0.24794326241134754,0.38369582348305753,0.46855072463768116
2015-05-09 00:00:00,0.3791592920353982,0.24794326241134754,0.36051221434200154,0.482463768115942
2015-05-09 01:00:00,0.3786283185840708,0.24744680851063827,0.33438534278959814,0.4746376811594203
2015-05-09 02:00:00,0.3764601769911504,0.24758865248226952,0.3340661938534279,0.4636231884057971
2015-05-09 03:00:00,0.3805530973451327,0.24907801418439715,0.31887706855791964,0.4452173913043478
2015-05-09 04:00:00,0.38101769911504424,0.24992907801418437,0.3409968479117415,0.45231884057971017
2015-05-09 05:00:00,0.3799557522123894,0.24978723404255318,0.36604806934594164,0.4076811594202899
2015-05-09 06:00:00,0.38482300884955756,0.24929078014184397,0.42292750197005513,0.34202898550724636
2015-05-09 07:00:00,0.38123893805309733,0.24893617021276596,0.43291962174940896,0.36115942028985504
2015-05-09 08:00:00,0.3796017699115044,0.24978723404255318,0.41115445232466513,0.4494202898550725
2015-05-09 09:00:00,0.37893805309734513,0.2498581560283688,0.4064814814814815,0.42797101449275365
2015-05-09 10:00:00,0.3807079646017699,0.24921985815602835,0.40814026792750197,0.45202898550724635
2015-05-09 11:00:00,0.37568584070796457,0.24879432624113476,0.3910874704491725,0.42260869565217396
2015-05-09 12:00:00,0.375929203539823,0.24943262411347517,0.3729708431836091,0.3740579710144928
2015-05-09 13:00:00,0.3773230088495575,0.2495035460992908,0.3759377462568952,0.36594202898550726
2015-05-09 14:00:00,0.37977876106194686,0.25056737588652483,0.38983451536643027,0.34695652173913044
2015-05-09 15:00:00,0.3794911504424779,0.2502127659574468,0.3952639873916469,0.3226086956521739
2015-05-09 16:00:00,0.3799557522123894,0.24964539007092199,0.40380220646178094,0.2708695652173913
2015-05-09 17:00:00,0.3799115044247788,0.2498581560283688,0.42076832151300236,0.2589855072463768
2015-05-09 18:00:00,0.37893805309734513,0.25056737588652483,0.42545311268715524,0.22507246376811596
2015-05-09 19:00:00,0.3814601769911505,0.25042553191489364,0.4280614657210402,0.20246376811594202
2015-05-09 20:00:00,0.3740486725663717,0.2498581560283688,0.41726950354609926,0.1536231884057971
2015-05-09 21:00:00,0.37610619469026546,0.24886524822695033,0.3805870764381402,0.15869565217391304
2015-05-09 22:00:00,0.3691592920353982,0.2501418439716312,0.32431442080378253,0.11956521739130435
2015-05-09 23:00:00,0.3663938053097345,0.25,0.2960795902285264,0.13057971014492753
2015-05-10 00:00:00,0.365,0.2495035460992908,0.28721828211189915,0.15289855072463768
2015-05-10 01:00:00,0.36400442477876105,0.2493617021276596,0.27598108747044914,0.16956521739130434
2015-05-10 02:00:00,0.3633628318584071,0.2500709219858156,0.2604176516942474,0.19115942028985508
2015-05-10 03:00:00,0.3606858407079646,0.2498581560283688,0.24627265563435774,0.19333333333333333
2015-05-10 04:00:00,0.3672787610619469,0.24978723404255318,0.26203309692671395,0.20028985507246375
2015-05-10 05:00:00,0.36809734513274334,0.2500709219858156,0.28699763593380617,0.22855072463768114
2015-05-10 06:00:00,0.37081858407079643,0.2497163120567376,0.3191489361702128,0.24710144927536232
2015-05-10 07:00:00,0.36803097345132746,0.24957446808510636,0.3517888100866824,0.2743478260869565
2015-05-10 08:00:00,0.36880530973451325,0.25120567375886527,0.37440898345153667,0.26420289855072465
2015-05-10 09:00:00,0.35316371681415926,0.25070921985815603,0.3735421591804571,0.39550724637681156
2015-05-10 10:00:00,0.3560176991150443,0.25148936170212766,0.3711544523246651,0.4582608695652174
2015-05-10 11:00:00,0.35493362831858405,0.2531914893617021,0.3639440504334121,0.5273913043478261
2015-05-10 12:00:00,0.356570796460177,0.25347517730496455,0.36421985815602836,0.5708695652173913
2015-05-10 13:00:00,0.35446902654867257,0.25326241134751776,0.35872734436564224,0.5571014492753623
2015-05-10 14:00:00,0.3561504424778761,0.2542553191489362,0.37379432624113473,0.5568115942028985
2015-05-10 15:00:00,0.3566371681415929,0.25375886524822694,0.40450748620961385,0.4875362318840579
2015-05-10 16:00:00,0.3516150442477876,0.2527659574468085,0.4543538219070134,0.3556521739130435
2015-05-10 17:00:00,0.3561504424778761,0.2529078014184397,0.5413947990543735,0.3230434782608696
2015-05-10 18:00:00,0.3584070796460177,0.25382978723404254,0.5828092986603626,0.25869565217391305
2015-05-10 19:00:00,0.35460176991150444,0.25375886524822694,0.5923561859732073,0.19724637681159418
2015-05-10 20:00:00,0.3567920353982301,0.25148936170212766,0.5725925925925925,0.18
2015-05-10 21:00:00,0.3552212389380531,0.24943262411347517,0.516107171000788,0.18028985507246378
2015-05-10 22:00:00,0.35940265486725664,0.2497163120567376,0.4342080378250591,0.37144927536231886
2015-05-10 23:00:00,0.3605309734513274,0.24921985815602835,0.35656422379826636,0.4385507246376812
2015-05-11 00:00:00,0.36024336283185837,0.2501418439716312,0.32877462568951926,0.4889855072463768
2015-05-11 01:00:00,0.36285398230088495,0.25056737588652483,0.3329669030732861,0.5527536231884058
2015-05-11 02:00:00,0.35940265486725664,0.2500709219858156,0.338230890464933,0.5656521739130435
2015-05-11 03:00:00,0.3588274336283186,0.2498581560283688,0.3971591804570528,0.5146376811594203
2015-05-11 04:00:00,0.36480088495575225,0.2500709219858156,0.5358707643814027,0.5117391304347827
2015-05-11 05:00:00,0.3666371681415929,0.2497163120567376,0.6134003152088259,0.5507246376811594
2015-05-11 06:00:00,0.3660176991150443,0.2498581560283688,0.6173719464144996,0.5317391304347826
2015-05-11 07:00:00,0.36219026548672567,0.23269503546099293,0.604869976359338,0.4681159420289855
2015-05-11 08:00:00,0.36692477876106194,0.2326241134751773,0.6030299448384555,0.49521739130434783
2015-05-11 09:00:00,0.3647787610619469,0.2324822695035461,0.5899605988967691,0.5602898550724638
2015-05-11 10:00:00,0.36752212389380534,0.2346099290780142,0.5698975571315997,0.5042028985507246
2015-05-11 11:00:00,0.36734513274336283,0.23390070921985817,0.5580417651694247,0.44869565217391305
2015-05-11 12:00:00,0.36754424778761063,0.24730496453900708,0.5388534278959811,0.42550724637681164
2015-05-11 13:00:00,0.3700442477876106,0.24716312056737588,0.5265721040189125,0.352463768115942
2015-05-11 14:00:00,0.3686283185840708,0.24673758865248224,0.5136879432624113,0.3071014492753623
2015-05-11 15:00:00,0.3698230088495575,0.2475177304964539,0.5103467297084319,0.30434782608695654
2015-05-11 16:00:00,0.36858407079646016,0.24836879432624112,0.5188770685579196,0.27811594202898554
2015-05-11 17:00:00,0.3703097345132743,0.24744680851063827,0.5252009456264776,0.23869565217391303
2015-05-11 18:00:00,0.3693805309734513,0.24758865248226952,0.522521670606777,0.23927536231884058
2015-05-11 19:00:00,0.37057522123893805,0.24758865248226952,0.5315248226950354,0.22579710144927537
2015-05-11 20:00:00,0.3679646017699115,0.2478723404255319,0.4889282899921198,0.23884057971014494
2015-05-11 21:00:00,0.36787610619469024,0.2478014184397163,0.4189637509850275,0.276231884057971
2015-05-11 22:00:00,0.366570796460177,0.24673758865248224,0.36069345941686365,0.24884057971014492
2015-05-11 23:00:00,0.37621681415929203,0.24666666666666667,0.35955870764381404,0.24246376811594206
2015-05-12 00:00:00,0.3750884955752213,0.24666666666666667,0.35271473601260833,0.2573913043478261
2015-05-12 01:00:00,0.37283185840707966,0.2468794326241135,0.3425531914893617,0.24782608695652175
2015-05-12 02:00:00,0.3689159292035398,0.24794326241134754,0.35219858156028366,0.23521739130434785
2015-05-12 03:00:00,0.371570796460177,0.2472340425531915,0.4283924349881797,0.22492753623188405
2015-05-12 04:00:00,0.3725221238938053,0.24773049645390072,0.5380141843971631,0.21478260869565216
2015-05-12 05:00:00,0.3734070796460177,0.24716312056737588,0.6052403467297084,0.19289855072463769
2015-05-12 06:00:00,0.3645353982300885,0.24680851063829787,0.5960953506698188,0.26608695652173914
2015-05-12 07:00:00,0.36661504424778757,0.2447517730496454,0.5987903861308116,0.22840579710144926
2015-05-12 08:00:00,0.3668805309734513,0.24773049645390072,0.5928486997635933,0.18971014492753624
2015-05-12 09:00:00,0.375287610619469,0.2470212765957447,0.5912332545311269,0.2372463768115942
2015-05-12 10:00:00,0.3713274336283186,0.24744680851063827,0.6017060677698975,0.2491304347826087
2015-05-12 11:00:00,0.37190265486725665,0.2468794326241135,0.5973680063041765,0.23855072463768115
2015-05-12 12:00:00,0.37172566371681415,0.2472340425531915,0.5860126083530339,0.23043478260869565
2015-05-12 13:00:00,0.37190265486725665,0.24624113475177303,0.5697478329393223,0.24347826086956523
2015-05-12 14:00:00,0.3712389380530973,0.24744680851063827,0.5550985027580773,0.32130434782608697
2015-05-12 15:00:00,0.38542035398230085,0.24680851063829787,0.5502127659574468,0.25
2015-05-12 16:00:00,0.3876327433628318,0.24730496453900708,0.5511505122143421,0.23898550724637682
2015-05-12 17:00:00,0.38884955752212386,0.2473758865248227,0.544692671394799,0.21478260869565216
2015-05-12 18:00:00,0.3842920353982301,0.2472340425531915,0.5158550039401103,0.2169565217391304
2015-05-12 19:00:00,0.3865486725663717,0.24758865248226952,0.5218360914105595,0.23057971014492754
2015-05-12 20:00:00,0.3861725663716814,0.24794326241134754,0.48939716312056736,0.23057971014492754
2015-05-12 21:00:00,0.38891592920353985,0.24794326241134754,0.42981087470449175,0.22550724637681158
2015-05-12 22:00:00,0.40404867256637167,0.24709219858156026,0.36239952718676127,0.14855072463768115
2015-05-12 23:00:00,0.40168141592920353,0.24680851063829787,0.32523640661938535,0.12942028985507245
2015-05-13 00:00:00,0.400287610619469,0.24645390070921985,0.2992080378250591,0.13
2015-05-13 01:00:00,0.40099557522123896,0.24695035460992906,0.3009692671394799,0.11739130434782609
2015-05-13 02:00:00,0.4016150442477876,0.2480141843971631,0.3084909377462569,0.12492753623188406
2015-05-13 03:00:00,0.4019026548672566,0.2476595744680851,0.3431560283687943,0.13333333333333333
2015-05-13 04:00:00,0.4044469026548672,0.2475177304964539,0.4570567375886525,0.13971014492753625
2015-05-13 05:00:00,0.4033628318584071,0.24758865248226952,0.5491016548463358,0.1455072463768116
2015-05-13 06:00:00,0.4036946902654867,0.30290780141843976,0.5821907013396375,0.1292753623188406
2015-05-13 07:00:00,0.40157079646017696,0.24446808510638296,0.5616154452324664,0.12086956521739131
2015-05-13 08:00:00,0.39915929203539824,0.3019148936170213,0.5478565799842395,0.12420289855072464
2015-05-13 09:00:00,0.40119469026548676,0.3018439716312057,0.5326910953506698,0.14333333333333334
2015-05-13 10:00:00,0.4024557522123894,0.3014893617021277,0.505839243498818,0.18652173913043477
2015-05-13 11:00:00,0.40201327433628314,0.3021276595744681,0.49146178092986603,0.22478260869565217
2015-05-13 12:00:00,0.40280973451327434,0.30170212765957444,0.4799605988967691,0.2647826086956522
2015-05-13 13:00:00,0.4011283185840708,0.30120567375886526,0.4798266351457841,0.3047826086956522
2015-05-13 14:00:00,0.4011061946902655,0.3018439716312057,0.475531914893617,0.397536231884058
2015-05-13 15:00:00,0.40342920353982303,0.3016312056737589,0.4847517730496454,0.49434782608695654
2015-05-13 16:00:00,0.40542035398230086,0.3020567375886525,0.48623325453112687,0.5407246376811594
2015-05-13 17:00:00,0.4050221238938053,0.3018439716312057,0.4850275807722616,0.513768115942029
2015-05-13 18:00:00,0.4029424778761062,0.24730496453900708,0.47635933806146574,0.4907246376811594
2015-05-13 19:00:00,0.4026327433628319,0.2470212765957447,0.4833766745468873,0.4559420289855073
2015-05-13 20:00:00,0.4026991150442478,0.2428368794326241,0.46245074862096136,0.41101449275362323
2015-05-13 21:00:00,0.4029203539823009,0.2429078014184397,0.4237037037037037,0.40637681159420286
2015-05-13 22:00:00,0.4050221238938053,0.24354609929078014,0.3696059889676911,0.38463768115942026
2015-05-13 23:00:00,0.40303097345132743,0.24340425531914892,0.3483766745468873,0.4030434782608696
2015-05-14 00:00:00,0.40398230088495574,0.2447517730496454,0.34305752561071706,0.35826086956521735
2015-05-14 01:00:00,0.40544247787610616,0.2497163120567376,0.3500472813238771,0.3853623188405797
2015-05-14 02:00:00,0.4034955752212389,0.250354609929078,0.34567769897557127,0.37434782608695655
2015-05-14 03:00:00,0.4023230088495575,0.2501418439716312,0.34962568951930656,0.395072463768116
2015-05-14 04:00:00,0.4044247787610619,0.2495035460992908,0.3690740740740741,0.3672463768115942
2015-05-14 05:00:00,0.40707964601769914,0.2518439716312057,0.3953388494877857,0.3656521739130435
2015-05-14 06:00:00,0.40871681415929206,0.25163120567375885,0.4158983451536643,0.3447826086956522
2015-05-14 07:00:00,0.4081637168141593,0.2519148936170213,0.4317966903073286,0.3446376811594203
2015-05-14 08:00:00,0.40566371681415925,0.24957446808510636,0.4359416863672183,0.2982608695652174
2015-05-14 09:00:00,0.4052654867256637,0.24957446808510636,0.43927107959022854,0.25608695652173913
2015-05-14 10:00:00,0.4030530973451327,0.24929078014184397,0.4254806934594169,0.3347826086956522
2015-05-14 11:00:00,0.40309734513274337,0.24879432624113476,0.4129314420803783,0.4005797101449275
2015-05-14 12:00:00,0.4032079646017699,0.24921985815602835,0.3975571315996848,0.4566666666666667
2015-05-14 13:00:00,0.4032300884955752,0.24914893617021278,0.38739952718676124,0.4721739130434783
2015-05-14 14:00:00,0.402212389380531,0.24836879432624112,0.3961150512214342,0.4998550724637681
2015-05-14 15:00:00,0.4026991150442478,0.24921985815602835,0.4191174152876281,0.4944927536231884
2015-05-14 16:00:00,0.40544247787610616,0.24929078014184397,0.4599881796690307,0.4701449275362318
2015-05-14 17:00:00,0.40351769911504426,0.25113475177304967,0.4794129235618597,0.4530434782608696
2015-05-14 18:00:00,0.4034955752212389,0.25049645390070924,0.47736012608353035,0.4668115942028986
2015-05-14 19:00:00,0.4045575221238938,0.2497163120567376,0.5011111111111112,0.47913043478260875
2015-05-14 20:00:00,0.4038716814159292,0.24964539007092199,0.4943183609141056,0.4891304347826087
2015-05-14 21:00:00,0.40340707964601774,0.2498581560283688,0.45001182033096926,0.43043478260869567
2015-05-14 22:00:00,0.39896017699115044,0.25056737588652483,0.39389282899921196,0.34942028985507245
2015-05-14 23:00:00,0.39997787610619473,0.2501418439716312,0.3800630417651694,0.31130434782608696
2015-05-15 00:00:00,0.39893805309734515,0.2502836879432624,0.37286052009456266,0.29
2015-05-15 01:00:00,0.3993362831858407,0.2497163120567376,0.3730181245074862,0.2657971014492754
2015-05-15 02:00:00,0.39904867256637166,0.2495035460992908,0.37624901497241925,0.2620289855072464
2015-05-15 03:00:00,0.39780973451327434,0.2502836879432624,0.39509850275807723,0.2757971014492754
2015-05-15 04:00:00,0.4002654867256637,0.25042553191489364,0.4845390070921986,0.2544927536231884
2015-05-15 05:00:00,0.40146017699115044,0.25,0.5542710795902285,0.2608695652173913
2015-05-15 06:00:00,0.40311946902654866,0.2497163120567376,0.5931048069345942,0.24507246376811592
2015-05-15 07:00:00,0.4023230088495575,0.24829787234042555,0.603719464144996,0.26028985507246377
2015-05-15 08:00:00,0.4008849557522124,0.2476595744680851,0.617565011820331,0.23130434782608694
2015-05-15 09:00:00,0.39944690265486726,0.24921985815602835,0.6022695035460993,0.2272463768115942
2015-05-15 10:00:00,0.3995132743362832,0.24921985815602835,0.5846375098502758,0.21768115942028984
2015-05-15 11:00:00,0.4018141592920354,0.24900709219858158,0.5744011032308904,0.22289855072463768
2015-05-15 12:00:00,0.4030530973451327,0.24964539007092199,0.5620606776989756,0.2097101449275362
2015-05-15 13:00:00,0.40176991150442476,0.2495035460992908,0.5576635145784082,0.22782608695652173
2015-05-15 14:00:00,0.4021238938053097,0.24886524822695033,0.5501024428684004,0.2185507246376812
2015-05-15 15:00:00,0.40283185840707963,0.2498581560283688,0.5660677698975571,0.24956521739130433
2015-05-15 16:00:00,0.4036946902654867,0.2520567375886525,0.5884791174152877,0.25420289855072464
2015-05-15 17:00:00,0.40249999999999997,0.2539716312056738,0.5814302600472814,0.26840579710144924
2015-05-15 18:00:00,0.4022566371681416,0.2529078014184397,0.5764026792750198,0.25217391304347825
2015-05-15 19:00:00,0.40283185840707963,0.2522695035460993,0.5760520094562648,0.2563768115942029
2015-05-15 20:00:00,0.40249999999999997,0.2509219858156028,0.5656067769897557,0.2244927536231884
2015-05-15 21:00:00,0.4011504424778761,0.25070921985815603,0.5039243498817967,0.23594202898550726
2015-05-15 22:00:00,0.3895132743362832,0.251063829787234,0.4546138691883373,0.23347826086956522
2015-05-15 23:00:00,0.39126106194690263,0.25177304964539005,0.4336643026004728,0.24333333333333335
2015-05-16 00:00:00,0.39123893805309734,0.2507801418439716,0.43181245074862096,0.2626086956521739
2015-05-16 01:00:00,0.3906637168141593,0.251063829787234,0.4046650906225374,0.26231884057971017
2015-05-16 02:00:00,0.39048672566371684,0.25042553191489364,0.4020055161544523,0.2617391304347826
2015-05-16 03:00:00,0.3893362831858407,0.2501418439716312,0.3958234830575256,0.29884057971014494
2015-05-16 04:00:00,0.39,0.2495035460992908,0.3846138691883373,0.32971014492753625
2015-05-16 05:00:00,0.3924115044247788,0.24893617021276596,0.405263987391647,0.3418840579710145
2015-05-16 06:00:00,0.3917035398230089,0.24886524822695033,0.44674546887312844,0.3298550724637681
2015-05-16 07:00:00,0.3920796460176991,0.2493617021276596,0.4620646178092987,0.3382608695652174
2015-05-16 08:00:00,0.3911725663716814,0.24843971631205675,0.4505358550039401,0.23782608695652174
2015-05-16 09:00:00,0.3902654867256637,0.25,0.4445271867612293,0.2082608695652174
2015-05-16 10:00:00,0.3895353982300885,0.2502127659574468,0.4189598108747045,0.23579710144927535
2015-05-16 11:00:00,0.3900663716814159,0.25063829787234043,0.4109022852639874,0.2679710144927536
2015-05-16 12:00:00,0.38907079646017695,0.24978723404255318,0.38791962174940897,0.286231884057971
2015-05-16 13:00:00,0.38623893805309734,0.2501418439716312,0.35976359338061464,0.326231884057971
2015-05-16 14:00:00,0.38670353982300887,0.2498581560283688,0.36347517730496454,0.3433333333333333
2015-05-16 15:00:00,0.3876991150442478,0.2507801418439716,0.37502364066193855,0.33652173913043476
2015-05-16 16:00:00,0.3879646017699115,0.25070921985815603,0.40741922773837663,0.4395652173913044
2015-05-16 17:00:00,0.38732300884955756,0.2507801418439716,0.42280535855003937,0.4789855072463768
2015-05-16 18:00:00,0.3889823008849558,0.24978723404255318,0.40427501970055163,0.4810144927536232
2015-05-16 19:00:00,0.39126106194690263,0.251063829787234,0.41282505910165485,0.4666666666666667
2015-05-16 20:00:00,0.38913716814159294,0.25113475177304967,0.4024862096138692,0.4291304347826087
2015-05-16 21:00:00,0.38579646017699115,0.25141843971631206,0.3576674546887313,0.3927536231884058
2015-05-16 22:00:00,0.37723451327433627,0.250354609929078,0.29815602836879435,0.35028985507246374
2015-05-16 23:00:00,0.3767699115044248,0.25148936170212766,0.2760362490149724,0.3201449275362319
2015-05-17 00:00:00,0.37953539823008847,0.25127659574468086,0.2633136327817179,0.286231884057971
2015-05-17 01:00:00,0.3788938053097345,0.2520567375886525,0.25608353033884945,0.2444927536231884
2015-05-17 02:00:00,0.37838495575221237,0.25177304964539005,0.2493892828999212,0.2081159420289855
2015-05-17 03:00:00,0.37438053097345136,0.25326241134751776,0.2163987391646966,0.19144927536231884
2015-05-17 04:00:00,0.3754424778761062,0.2523404255319149,0.22444444444444442,0.18594202898550727
2015-05-17 05:00:00,0.3788938053097345,0.25177304964539005,0.27943656422379826,0.18043478260869567
2015-05-17 06:00:00,0.37849557522123894,0.2524113475177305,0.29935382190701343,0.20231884057971014
2015-05-17 07:00:00,0.3760619469026549,0.25156028368794325,0.31505910165484635,0.1727536231884058
2015-05-17 08:00:00,0.37535398230088496,0.2552482269503546,0.3195508274231678,0.166231884057971
2015-05-17 09:00:00,0.37506637168141593,0.2554609929078014,0.3000315208825847,0.16579710144927537
2015-05-17 10:00:00,0.3762389380530973,0.2561702127659574,0.28296296296296297,0.16057971014492753
2015-05-17 11:00:00,0.37805309734513276,0.2553191489361702,0.28245862884160755,0.1591304347826087
2015-05-17 12:00:00,0.3767477876106195,0.25156028368794325,0.276903073286052,0.15753623188405796
2015-05-17 13:00:00,0.37803097345132747,0.25141843971631206,0.2954137115839244,0.16681159420289854
2015-05-17 14:00:00,0.3771238938053097,0.25141843971631206,0.3207171000788022,0.16144927536231884
2015-05-17 15:00:00,0.3775,0.25049645390070924,0.3371985815602837,0.1608695652173913
2015-05-17 16:00:00,0.3770796460176991,0.2508510638297872,0.3718242710795902,0.1471014492753623
2015-05-17 17:00:00,0.37880530973451326,0.25177304964539005,0.4271828211189913,0.12333333333333332
2015-05-17 18:00:00,0.3769911504424779,0.25141843971631206,0.4217651694247439,0.0963768115942029
2015-05-17 19:00:00,0.37869469026548674,0.25127659574468086,0.44637115839243496,0.08898550724637681
2015-05-17 20:00:00,0.37789823008849555,0.25141843971631206,0.44035460992907804,0.08623188405797101
2015-05-17 21:00:00,0.37612831858407075,0.2508510638297872,0.40979511426319937,0.0808695652173913
2015-05-17 22:00:00,0.3734513274336283,0.25127659574468086,0.35746650906225375,0.0827536231884058
2015-05-17 23:00:00,0.3741592920353982,0.25170212765957445,0.3514499605988967,0.07710144927536232
2015-05-18 00:00:00,0.37460176991150446,0.2519148936170213,0.3513790386130812,0.08405797101449275
2015-05-18 01:00:00,0.37464601769911504,0.25170212765957445,0.3513672182821119,0.06985507246376813
2015-05-18 02:00:00,0.37400442477876106,0.2509929078014184,0.35014184397163123,0.06565217391304347
2015-05-18 03:00:00,0.375287610619469,0.2501418439716312,0.44122931442080376,0.07884057971014492
2015-05-18 04:00:00,0.37986725663716814,0.2508510638297872,0.6077147360126083,0.11347826086956521
2015-05-18 05:00:00,0.3800221238938053,0.25113475177304967,0.7031757289204097,0.12652173913043477
2015-05-18 06:00:00,0.37902654867256635,0.2509929078014184,0.707738376674547,0.14420289855072463
2015-05-18 07:00:00,0.3780088495575221,0.2301418439716312,0.6991804570527975,0.1510144927536232
2015-05-18 08:00:00,0.3790929203539823,0.22886524822695034,0.6954491725768321,0.17565217391304347
2015-05-18 09:00:00,0.3789601769911505,0.22666666666666668,0.6837706855791962,0.19579710144927534
2015-05-18 10:00:00,0.38123893805309733,0.24390070921985815,0.6676753349093774,0.20753623188405795
2015-05-18 11:00:00,0.3823230088495575,0.2472340425531915,0.6626359338061466,0.23086956521739133
2015-05-18 12:00:00,0.38143805309734513,0.24659574468085105,0.6454925137903862,0.2594202898550725
2015-05-18 13:00:00,0.38035398230088496,0.24617021276595746,0.6248975571315997,0.2843478260869565
2015-05-18 14:00:00,0.3820575221238938,0.24560283687943263,0.6268715524034673,0.28652173913043477
2015-05-18 15:00:00,0.3835619469026549,0.2649645390070922,0.627789598108747,0.31318840579710144
2015-05-18 16:00:00,0.38353982300884953,0.24716312056737588,0.6317257683215131,0.49927536231884057
2015-05-18 17:00:00,0.3820132743362832,0.24716312056737588,0.6150118203309692,0.5018840579710145
2015-05-18 18:00:00,0.38234513274336285,0.2476595744680851,0.590527974783294,0.4873913043478261
2015-05-18 19:00:00,0.3811283185840708,0.2476595744680851,0.5795232466509062,0.4318840579710145
2015-05-18 20:00:00,0.3807079646017699,0.2472340425531915,0.5338337273443656,0.3952173913043478
2015-05-18 21:00:00,0.38059734513274335,0.24695035460992906,0.45390070921985815,0.39869565217391306
2015-05-18 22:00:00,0.3825221238938053,0.24709219858156026,0.3737312844759653,0.36797101449275366
2015-05-18 23:00:00,0.38373893805309733,0.2468794326241135,0.34174546887312846,0.37449275362318835
2015-05-19 00:00:00,0.38486725663716814,0.24680851063829787,0.33024428684003154,0.3446376811594203
2015-05-19 01:00:00,0.38469026548672564,0.2475177304964539,0.3198266351457841,0.28681159420289853
2015-05-19 02:00:00,0.38411504424778764,0.24673758865248224,0.3487943262411347,0.27
2015-05-19 03:00:00,0.3839601769911504,0.24652482269503548,0.4199054373522459,0.27057971014492754
2015-05-19 04:00:00,0.3863274336283186,0.24624113475177303,0.5630417651694247,0.2915942028985507
2015-05-19 05:00:00,0.3863716814159292,0.24695035460992906,0.6521867612293144,0.24695652173913044
2015-05-19 06:00:00,0.38539823008849555,0.24695035460992906,0.6676438140267927,0.20550724637681161
2015-05-19 07:00:00,0.38754424778761065,0.2500709219858156,0.6738731284475966,0.1915942028985507
2015-05-19 08:00:00,0.3866592920353982,0.24914893617021278,0.6660638297872341,0.1810144927536232
2015-05-19 09:00:00,0.38834070796460174,0.24574468085106382,0.659338061465721,0.2015942028985507
2015-05-19 10:00:00,0.38860619469026547,0.24460992907801415,0.6429038613081166,0.21608695652173912
2015-05-19 11:00:00,0.3904203539823009,0.24375886524822693,0.6399921197793538,0.2372463768115942
2015-05-19 12:00:00,0.3905309734513274,0.2429078014184397,0.6048148148148148,0.25304347826086954
2015-05-19 13:00:00,0.3901991150442478,0.24411347517730494,0.5768518518518518,0.23840579710144927
2015-05-19 14:00:00,0.3913716814159292,0.26574468085106384,0.5691528762805359,0.3333333333333333
2015-05-19 15:00:00,0.3931637168141593,0.24659574468085105,0.5911544523246651,0.40797101449275364
2015-05-19 16:00:00,0.39174778761061946,0.2476595744680851,0.6020094562647754,0.3715942028985507
2015-05-19 17:00:00,0.3915929203539823,0.24709219858156026,0.6028447596532703,0.323768115942029
2015-05-19 18:00:00,0.39172566371681417,0.24680851063829787,0.5953782505910166,0.2791304347826087
2015-05-19 19:00:00,0.39194690265486726,0.24794326241134754,0.5989913317572891,0.2882608695652174
2015-05-19 20:00:00,0.39121681415929205,0.24773049645390072,0.5841962174940898,0.24942028985507245
2015-05-19 21:00:00,0.3895132743362832,0.24794326241134754,0.5128486997635934,0.24884057971014492
2015-05-19 22:00:00,0.39165929203539823,0.24680851063829787,0.44252561071710006,0.19492753623188405
2015-05-19 23:00:00,0.3921017699115044,0.24680851063829787,0.4249054373522459,0.19318840579710148
2015-05-20 00:00:00,0.39141592920353985,0.2475177304964539,0.42257683215130026,0.17304347826086958
2015-05-20 01:00:00,0.3904424778761062,0.24808510638297873,0.41695429472025214,0.16434782608695653
2015-05-20 02:00:00,0.38975663716814163,0.24822695035460993,0.4269542947202522,0.18840579710144928
2015-05-20 03:00:00,0.39099557522123896,0.24794326241134754,0.5149881796690308,0.23695652173913043
2015-05-20 04:00:00,0.3931858407079646,0.24808510638297873,0.619468085106383,0.24333333333333335
2015-05-20 05:00:00,0.3901548672566372,0.2472340425531915,0.6764696611505122,0.2091304347826087
2015-05-20 06:00:00,0.3875221238938053,0.24680851063829787,0.6898581560283688,0.1827536231884058
2015-05-20 07:00:00,0.38555309734513277,0.23049645390070922,0.6790819542947202,0.2291304347826087
2015-05-20 08:00:00,0.38780973451327433,0.23070921985815604,0.6794089834515367,0.25782608695652176
2015-05-20 09:00:00,0.3911061946902655,0.23056737588652484,0.6723561859732073,0.17217391304347826
2015-05-20 10:00:00,0.3914823008849557,0.22929078014184398,0.6708510638297872,0.17782608695652175
2015-05-20 11:00:00,0.3913716814159292,0.229645390070922,0.6684357762017337,0.12869565217391304
2015-05-20 12:00:00,0.39163716814159294,0.21531914893617024,0.6635027580772261,0.1036231884057971
2015-05-20 13:00:00,0.39059734513274336,0.21496453900709223,0.6510677698975571,0.10333333333333333
2015-05-20 14:00:00,0.3933849557522124,0.2150354609929078,0.6453191489361703,0.12608695652173912
2015-05-20 15:00:00,0.39404867256637166,0.21432624113475177,0.6582033096926714,0.17666666666666667
2015-05-20 16:00:00,0.391570796460177,0.2148936170212766,0.6393577620173365,0.20072463768115942
2015-05-20 17:00:00,0.3923008849557522,0.215177304964539,0.6456304176516942,0.18492753623188404
2015-05-20 18:00:00,0.39238938053097344,0.21531914893617024,0.6458944050433412,0.17449275362318842
2015-05-20 19:00:00,0.3930530973451327,0.215531914893617,0.6554176516942475,0.14289855072463767
2015-05-20 20:00:00,0.39185840707964603,0.21624113475177303,0.6474310480693459,0.1481159420289855
2015-05-20 21:00:00,0.3901991150442478,0.21638297872340428,0.5980338849487786,0.15043478260869564
2015-05-20 22:00:00,0.39123893805309734,0.20858156028368796,0.5084475965327029,0.09
2015-05-20 23:00:00,0.39307522123893807,0.20865248226950353,0.4833096926713948,0.09
2015-05-21 00:00:00,0.3930309734513274,0.20886524822695035,0.4683924349881796,0.08202898550724638
2015-05-21 01:00:00,0.3922566371681416,0.20886524822695035,0.46191489361702126,0.06260869565217392
2015-05-21 02:00:00,0.3925442477876106,0.20921985815602837,0.4674113475177305,0.07289855072463768
2015-05-21 03:00:00,0.3908628318584071,0.20936170212765956,0.5357604412923562,0.058260869565217394
2015-05-21 04:00:00,0.39126106194690263,0.21078014184397162,0.6389204097714736,0.0672463768115942
2015-05-21 05:00:00,0.39126106194690263,0.22602836879432622,0.6877344365642238,0.08710144927536233
2015-05-21 06:00:00,0.387212389380531,0.22560283687943264,0.6882348305752561,0.07173913043478261
2015-05-21 07:00:00,0.38860619469026547,0.22170212765957448,0.6831796690307328,0.09086956521739131
2015-05-21 08:00:00,0.38942477876106196,0.2276595744680851,0.6833806146572105,0.11217391304347826
2015-05-21 09:00:00,0.39488938053097344,0.22843971631205676,0.6790386130811663,0.12434782608695652
2015-05-21 10:00:00,0.3963053097345133,0.22673758865248225,0.6690977147360126,0.13057971014492753
2015-05-21 11:00:00,0.3952654867256637,0.22680851063829788,0.6615642237982664,0.13130434782608694
2015-05-21 12:00:00,0.39705752212389384,0.22695035460992907,0.6696769109535068,0.14492753623188406
2015-05-21 13:00:00,0.3934955752212389,0.22787234042553192,0.6473955870764382,0.13536231884057973
2015-05-21 14:00:00,0.39309734513274336,0.2273049645390071,0.6395153664302601,0.15159420289855072
2015-05-21 15:00:00,0.3955530973451328,0.22687943262411345,0.646859732072498,0.1684057971014493
2015-05-21 16:00:00,0.3954646017699115,0.22744680851063828,0.6487509850275808,0.16130434782608696
2015-05-21 17:00:00,0.3950442477876106,0.22659574468085106,0.6500354609929079,0.18594202898550727
2015-05-21 18:00:00,0.3950221238938053,0.22709219858156027,0.6416627265563436,0.20231884057971014
2015-05-21 19:00:00,0.39413716814159294,0.2279432624113475,0.6409456264775414,0.1665217391304348
2015-05-21 20:00:00,0.3935619469026549,0.2281560283687943,0.6210323089046493,0.19130434782608696
2015-05-21 21:00:00,0.3931858407079646,0.22801418439716312,0.5591292356185974,0.22478260869565217
2015-05-21 22:00:00,0.39389380530973456,0.22822695035460994,0.50924743892829,0.2585507246376812
2015-05-21 23:00:00,0.39389380530973456,0.22758865248226948,0.43944050433412135,0.2594202898550725
2015-05-22 00:00:00,0.39449115044247784,0.22560283687943264,0.4135342789598109,0.26521739130434785
2015-05-22 01:00:00,0.39508849557522124,0.22659574468085106,0.4073207249802994,0.2811594202898551
2015-05-22 02:00:00,0.39506637168141595,0.22638297872340424,0.41138297872340424,0.3010144927536232
2015-05-22 03:00:00,0.39404867256637166,0.2254609929078014,0.4735539795114263,0.29898550724637685
2015-05-22 04:00:00,0.39517699115044247,0.22595744680851065,0.5833096926713948,0.2947826086956522
2015-05-22 05:00:00,0.39559734513274336,0.22560283687943264,0.6570449172576832,0.336231884057971
2015-05-22 06:00:00,0.3957300884955752,0.24120567375886526,0.668896769109535,0.4957971014492754
2015-05-22 07:00:00,0.3934955752212389,0.24085106382978724,0.6572222222222222,0.47753623188405797
2015-05-22 08:00:00,0.39426991150442475,0.2401418439716312,0.6508431836091411,0.48347826086956525
2015-05-22 09:00:00,0.393141592920354,0.240354609929078,0.6378368794326241,0.5024637681159421
2015-05-22 10:00:00,0.39227876106194687,0.2404255319148936,0.6028171788810087,0.4350724637681159
2015-05-22 11:00:00,0.39411504424778765,0.240354609929078,0.5731048069345942,0.4
2015-05-22 12:00:00,0.39542035398230085,0.2397872340425532,0.5545232466509062,0.5455072463768116
2015-05-22 13:00:00,0.39455752212389383,0.2397163120567376,0.5267769897557132,0.5246376811594203
2015-05-22 14:00:00,0.39444690265486726,0.23957446808510638,0.5321000788022064,0.49492753623188407
2015-05-22 15:00:00,0.39610619469026553,0.24007092198581562,0.556639085894405,0.5266666666666666
2015-05-22 16:00:00,0.393716814159292,0.23950354609929078,0.5484397163120567,0.5218840579710146
2015-05-22 17:00:00,0.3938495575221239,0.23822695035460992,0.5264972419227738,0.5439130434782609
2015-05-22 18:00:00,0.3933628318584071,0.24,0.4980220646178093,0.5723188405797102
2015-05-22 19:00:00,0.3921017699115044,0.2397163120567376,0.5001930654058313,0.5640579710144927
2015-05-22 20:00:00,0.3927433628318584,0.23957446808510638,0.4845705279747833,0.5501449275362319
2015-05-22 21:00:00,0.3911061946902655,0.23886524822695035,0.43568951930654054,0.5078260869565218
2015-05-22 22:00:00,0.399712389380531,0.23865248226950356,0.37271867612293147,0.5404347826086956
2015-05-22 23:00:00,0.3969247787610619,0.2393617021276596,0.3417178881008668,0.4584057971014493
2015-05-23 00:00:00,0.3965929203539823,0.24,0.3337273443656422,0.4066666666666667
2015-05-23 01:00:00,0.39550884955752214,0.2401418439716312,0.3260362490149724,0.4240579710144928
2015-05-23 02:00:00,0.395,0.24056737588652483,0.3009219858156028,0.38231884057971016
2015-05-23 03:00:00,0.39542035398230085,0.2402836879432624,0.30639479905437356,0.3185507246376812
2015-05-23 04:00:00,0.3978539823008849,0.24049645390070923,0.3337785657998424,0.31971014492753624
2015-05-23 05:00:00,0.39592920353982297,0.24106382978723404,0.3767178881008668,0.3673913043478261
2015-05-23 06:00:00,0.3965929203539823,0.2402127659574468,0.4161899133175729,0.38927536231884063
2015-05-23 07:00:00,0.39391592920353985,0.240354609929078,0.4481717888100867,0.44144927536231887
2015-05-23 08:00:00,0.39435840707964603,0.2399290780141844,0.4764617809298661,0.48202898550724643
2015-05-23 09:00:00,0.3931194690265487,0.24063829787234042,0.47144602048857365,0.5673913043478261
2015-05-23 10:00:00,0.39307522123893807,0.2401418439716312,0.4589519306540583,0.611159420289855
2015-05-23 11:00:00,0.39165929203539823,0.2401418439716312,0.427608353033885,0.6220289855072464
2015-05-23 12:00:00,0.39103982300884954,0.2402836879432624,0.41421591804570523,0.6772463768115942
2015-05-23 13:00:00,0.3918141592920354,0.2397872340425532,0.4073601260835303,0.6895652173913044
2015-05-23 14:00:00,0.3917920353982301,0.23836879432624114,0.3988297872340425,0.697536231884058
2015-05-23 15:00:00,0.3928318584070796,0.2397872340425532,0.413892828999212,0.7134782608695652
2015-05-23 16:00:00,0.3931858407079646,0.23851063829787233,0.4491292356185973,0.6831884057971014
2015-05-23 17:00:00,0.3920353982300885,0.24,0.45271079590228525,0.6852173913043479
2015-05-23 18:00:00,0.39192477876106196,0.23950354609929078,0.4512765957446808,0.6869565217391305
2015-05-23 19:00:00,0.3938053097345133,0.23957446808510638,0.4580890464933018,0.6417391304347826
2015-05-23 20:00:00,0.39351769911504425,0.24148936170212765,0.48002364066193853,0.591159420289855
2015-05-23 21:00:00,0.39084070796460174,0.24106382978723404,0.4486879432624114,0.534927536231884
2015-05-23 22:00:00,0.3930309734513274,0.2404255319148936,0.4271315996847912,0.5371014492753623
2015-05-23 23:00:00,0.39491150442477874,0.23907801418439717,0.40358550039401103,0.5226086956521739
2015-05-24 00:00:00,0.3926327433628319,0.2404255319148936,0.3931323877068558,0.43101449275362314
2015-05-24 01:00:00,0.39247787610619467,0.23964539007092198,0.36430654058313633,0.46318840579710147
2015-05-24 02:00:00,0.394070796460177,0.23943262411347518,0.36181245074862095,0.49246376811594206
2015-05-24 03:00:00,0.3934955752212389,0.24120567375886526,0.34305358550039405,0.4573913043478261
2015-05-24 04:00:00,0.39493362831858403,0.24056737588652483,0.3378841607565012,0.37797101449275367
2015-05-24 05:00:00,0.3943805309734513,0.24070921985815602,0.34021670606776994,0.3618840579710145
2015-05-24 06:00:00,0.3956858407079646,0.23943262411347518,0.3919858156028369,0.36086956521739133
2015-05-24 07:00:00,0.3930309734513274,0.24070921985815602,0.44527186761229315,0.37666666666666665
2015-05-24 08:00:00,0.39287610619469027,0.23900709219858157,0.46469267139479903,0.4142028985507247
2015-05-24 09:00:00,0.39247787610619467,0.23950354609929078,0.4711111111111111,0.40159420289855075
2015-05-24 10:00:00,0.3913716814159292,0.23921985815602836,0.45462568951930654,0.39057971014492754
2015-05-24 11:00:00,0.39101769911504425,0.2397163120567376,0.4276398739164697,0.35782608695652174
2015-05-24 12:00:00,0.3922566371681416,0.23914893617021277,0.4149684791174153,0.3055072463768116
2015-05-24 13:00:00,0.3932300884955752,0.23929078014184396,0.41099684791174157,0.28130434782608693
2015-05-24 14:00:00,0.3929867256637168,0.24056737588652483,0.4170133963750985,0.22391304347826088
2015-05-24 15:00:00,0.3934513274336283,0.2401418439716312,0.45407013396375095,0.20768115942028986
2015-05-24 16:00:00,0.3939823008849557,0.2402836879432624,0.48338455476753345,0.20594202898550723
2015-05-24 17:00:00,0.3926327433628319,0.2401418439716312,0.5665327029156817,0.18333333333333332
2015-05-24 18:00:00,0.39143805309734514,0.2402127659574468,0.5673325453112688,0.17217391304347826
2015-05-24 19:00:00,0.3920353982300885,0.2397872340425532,0.5668045705279748,0.16304347826086957
2015-05-24 20:00:00,0.3929203539823009,0.2397163120567376,0.5537667454688732,0.15985507246376812
2015-05-24 21:00:00,0.3922345132743363,0.2398581560283688,0.5035185185185185,0.20217391304347826
2015-05-24 22:00:00,0.3833407079646018,0.24,0.42792750197005514,0.2757971014492754
2015-05-24 23:00:00,0.3829646017699115,0.23914893617021277,0.37824665090622533,0.2753623188405797
2015-05-25 00:00:00,0.38247787610619466,0.24,0.3515681639085894,0.2817391304347826
2015-05-25 01:00:00,0.38309734513274335,0.23943262411347518,0.33604412923561855,0.2581159420289855
2015-05-25 02:00:00,0.3827212389380531,0.23929078014184396,0.3327777777777778,0.19695652173913045
2015-05-25 03:00:00,0.38285398230088497,0.24007092198581562,0.3630890464933018,0.18188405797101448
2015-05-25 04:00:00,0.38411504424778764,0.2397163120567376,0.43160756501182035,0.1544927536231884
2015-05-25 05:00:00,0.384712389380531,0.2402127659574468,0.5228211189913318,0.1408695652173913
2015-05-25 06:00:00,0.3835619469026549,0.2401418439716312,0.5898581560283688,0.13217391304347825
2015-05-25 07:00:00,0.3822787610619469,0.2401418439716312,0.6038888888888889,0.1371014492753623
2015-05-25 08:00:00,0.38316371681415934,0.24063829787234042,0.6064223798266352,0.13536231884057973
2015-05-25 09:00:00,0.38488938053097344,0.2402836879432624,0.6148266351457841,0.1298550724637681
2015-05-25 10:00:00,0.38964601769911505,0.2402127659574468,0.6155791962174941,0.13376811594202898
2015-05-25 11:00:00,0.38873893805309734,0.23851063829787233,0.5837470449172577,0.12710144927536232
2015-05-25 12:00:00,0.38882743362831856,0.23822695035460992,0.5700709219858155,0.1411594202898551
2015-05-25 13:00:00,0.38834070796460174,0.23893617021276595,0.5566981875492514,0.1344927536231884
2015-05-25 14:00:00,0.38856194690265483,0.2377304964539007,0.5574546887312845,0.13608695652173913
2015-05-25 15:00:00,0.3891814159292035,0.2373758865248227,0.5811702127659575,0.14376811594202898
2015-05-25 16:00:00,0.38827433628318586,0.23695035460992908,0.6055555555555555,0.14782608695652175
2015-05-25 17:00:00,0.38778761061946904,0.23695035460992908,0.5981914893617022,0.13579710144927537
2015-05-25 18:00:00,0.3877433628318584,0.2373049645390071,0.5920252167060678,0.12782608695652176
2015-05-25 19:00:00,0.3890929203539823,0.23638297872340427,0.6087115839243499,0.11478260869565218
2015-05-25 20:00:00,0.3884513274336283,0.2373758865248227,0.595263987391647,0.09782608695652174
2015-05-25 21:00:00,0.3882300884955752,0.2373758865248227,0.540665878644602,0.08144927536231884
2015-05-25 22:00:00,0.38805309734513277,0.23595744680851063,0.5004649330181244,0.10072463768115943
2015-05-25 23:00:00,0.38920353982300887,0.23666666666666666,0.48752561071710004,0.10144927536231885
2015-05-26 00:00:00,0.3888716814159292,0.23624113475177305,0.48609929078014186,0.10231884057971014
2015-05-26 01:00:00,0.38975663716814163,0.2372340425531915,0.4831166272655634,0.11014492753623188
2015-05-26 02:00:00,0.38904867256637166,0.23929078014184396,0.4837352245862884,0.11130434782608695
2015-05-26 03:00:00,0.38787610619469026,0.23815602836879435,0.5283372734436564,0.10507246376811594
2015-05-26 04:00:00,0.38811946902654865,0.2378723404255319,0.6167809298660363,0.0836231884057971
2015-05-26 05:00:00,0.3907522123893805,0.23886524822695035,0.6659259259259259,0.0918840579710145
2015-05-26 06:00:00,0.3900663716814159,0.23929078014184396,0.6756934594168637,0.10304347826086956
2015-05-26 07:00:00,0.3898008849557522,0.2375177304964539,0.6715642237982663,0.11695652173913045
2015-05-26 08:00:00,0.390929203539823,0.24007092198581562,0.6678171788810087,0.12405797101449274
2015-05-26 09:00:00,0.3904424778761062,0.24007092198581562,0.6558983451536643,0.15144927536231884
2015-05-26 10:00:00,0.39199115044247784,0.23943262411347518,0.637872340425532,0.18782608695652173
2015-05-26 11:00:00,0.3923230088495575,0.2393617021276596,0.6340819542947203,0.19434782608695653
2015-05-26 12:00:00,0.39449115044247784,0.24156028368794327,0.6231166272655635,0.2018840579710145
2015-05-26 13:00:00,0.3932522123893805,0.2401418439716312,0.5993892828999212,0.1915942028985507
2015-05-26 14:00:00,0.39389380530973456,0.23914893617021277,0.5928368794326242,0.19376811594202897
2015-05-26 15:00:00,0.39433628318584074,0.23964539007092198,0.5853112687155241,0.20942028985507247
2015-05-26 16:00:00,0.3944026548672567,0.23801418439716313,0.5920330969267139,0.20507246376811594
2015-05-26 17:00:00,0.395,0.23780141843971633,0.5923325453112687,0.19782608695652174
2015-05-26 18:00:00,0.3951327433628319,0.2370921985815603,0.5827817178881008,0.2082608695652174
2015-05-26 19:00:00,0.39542035398230085,0.23702127659574468,0.5869345941686367,0.21579710144927536
2015-05-26 20:00:00,0.39402654867256637,0.23645390070921984,0.5657407407407408,0.19869565217391302
2015-05-26 21:00:00,0.39444690265486726,0.23624113475177305,0.5125413711583924,0.1934782608695652
2015-05-26 22:00:00,0.3969911504424779,0.2378723404255319,0.4246059889676911,0.18246376811594203
2015-05-26 23:00:00,0.39665929203539824,0.23822695035460992,0.3849605988967691,0.19898550724637684
2015-05-27 00:00:00,0.3967699115044248,0.2373758865248227,0.3702876280535855,0.19898550724637684
2015-05-27 01:00:00,0.3952212389380531,0.2373049645390071,0.35571315996847913,0.1927536231884058
2015-05-27 02:00:00,0.3959070796460177,0.23744680851063832,0.3629275019700552,0.2782608695652174
2015-05-27 03:00:00,0.39564159292035395,0.23808510638297872,0.4244483845547675,0.2871014492753623
2015-05-27 04:00:00,0.39977876106194693,0.2377304964539007,0.5489440504334122,0.297536231884058
2015-05-27 05:00:00,0.3990929203539823,0.2377304964539007,0.6233490937746257,0.2568115942028985
2015-05-27 06:00:00,0.39858407079646013,0.2378723404255319,0.6419306540583136,0.24768115942028987
2015-05-27 07:00:00,0.39738938053097345,0.23836879432624114,0.6344208037825059,0.21391304347826087
2015-05-27 08:00:00,0.3972566371681416,0.23744680851063832,0.6269109535066982,0.28057971014492755
2015-05-27 09:00:00,0.39672566371681417,0.2367375886524823,0.6196296296296296,0.3188405797101449
2015-05-27 10:00:00,0.3854646017699115,0.2375886524822695,0.6180417651694248,0.2614492753623188
2015-05-27 11:00:00,0.3860619469026549,0.23680851063829786,0.6142513790386132,0.2847826086956522
2015-05-27 12:00:00,0.3865486725663717,0.23687943262411348,0.6041765169424744,0.28492753623188405
2015-05-27 13:00:00,0.39469026548672564,0.23666666666666666,0.5812805358550039,0.336231884057971
2015-05-27 14:00:00,0.39727876106194693,0.23645390070921984,0.5723049645390071,0.29246376811594205
2015-05-27 15:00:00,0.39820796460176994,0.23687943262411348,0.5807171000788022,0.3118840579710145
2015-05-27 16:00:00,0.39769911504424776,0.2375177304964539,0.585441292356186,0.26318840579710145
2015-05-27 17:00:00,0.3999336283185841,0.23744680851063832,0.5943932230102443,0.22405797101449274
2015-05-27 18:00:00,0.39966814159292036,0.23801418439716313,0.6050551615445232,0.17507246376811594
2015-05-27 19:00:00,0.4001769911504425,0.2373758865248227,0.594113475177305,0.1443478260869565
2015-05-27 20:00:00,0.4004203539823009,0.23843971631205674,0.5955831363278171,0.1246376811594203
2015-05-27 21:00:00,0.39836283185840704,0.2372340425531915,0.5333648542159181,0.11304347826086956
2015-05-27 22:00:00,0.4001548672566372,0.23744680851063832,0.4901891252955083,0.13623188405797101
2015-05-27 23:00:00,0.4004424778761062,0.2378723404255319,0.44419227738376676,0.1491304347826087
2015-05-28 00:00:00,0.4000221238938053,0.23808510638297872,0.4191055949566588,0.1836231884057971
2015-05-28 01:00:00,0.3987610619469027,0.2372340425531915,0.40468873128447597,0.18318840579710147
2015-05-28 02:00:00,0.39988938053097345,0.23822695035460992,0.4016469661150512,0.19782608695652174
2015-05-28 03:00:00,0.4,0.23843971631205674,0.4687706855791962,0.20304347826086955
2015-05-28 04:00:00,0.39938053097345133,0.2373049645390071,0.5657722616233254,0.1915942028985507
2015-05-28 05:00:00,0.39873893805309735,0.23106382978723405,0.6528565799842395,0.20753623188405795
2015-05-28 06:00:00,0.4011061946902655,0.2307801418439716,0.6759141055949567,0.20101449275362318
2015-05-28 07:00:00,0.4034734513274336,0.23113475177304962,0.6598108747044917,0.2072463768115942
2015-05-28 08:00:00,0.4038053097345133,0.23148936170212764,0.6545862884160757,0.213768115942029
2015-05-28 09:00:00,0.4025663716814159,0.23156028368794326,0.638715524034673,0.2508695652173913
2015-05-28 10:00:00,0.4034734513274336,0.23113475177304962,0.6300394011032309,0.27855072463768116
2015-05-28 11:00:00,0.4051327433628319,0.23950354609929078,0.6311702127659574,0.2817391304347826
2015-05-28 12:00:00,0.4047787610619469,0.23872340425531915,0.6264578408195429,0.19478260869565217
2015-05-28 13:00:00,0.4065265486725664,0.23851063829787233,0.6268518518518519,0.13855072463768114
2015-05-28 14:00:00,0.40550884955752214,0.23914893617021277,0.6111189913317573,0.1691304347826087
2015-05-28 15:00:00,0.40528761061946905,0.23907801418439717,0.6090661938534279,0.22391304347826088
2015-05-28 16:00:00,0.4061725663716814,0.23886524822695035,0.6086682427107959,0.25028985507246376
2015-05-28 17:00:00,0.40699115044247786,0.23801418439716313,0.6058786446020489,0.24608695652173915
2015-05-28 18:00:00,0.40758849557522125,0.23907801418439717,0.6032584712371947,0.22927536231884058
2015-05-28 19:00:00,0.40829646017699117,0.23815602836879435,0.6017336485421592,0.23521739130434785
2015-05-28 20:00:00,0.4072566371681416,0.23929078014184396,0.5794208037825059,0.2081159420289855
2015-05-28 21:00:00,0.4066371681415929,0.23907801418439717,0.5129747832939322,0.17289855072463767
2015-05-28 22:00:00,0.411858407079646,0.2373758865248227,0.41703703703703704,0.1572463768115942
2015-05-28 23:00:00,0.41035398230088493,0.23794326241134753,0.3798148148148148,0.16927536231884058
2015-05-29 00:00:00,0.41070796460176995,0.2376595744680851,0.364204097714736,0.18681159420289856
2015-05-29 01:00:00,0.4109070796460177,0.23872340425531915,0.3603782505910165,0.17855072463768115
2015-05-29 02:00:00,0.41199115044247786,0.23815602836879435,0.3596690307328605,0.23072463768115942
2015-05-29 03:00:00,0.41305309734513274,0.23780141843971633,0.44209613869188336,0.2610144927536232
2015-05-29 04:00:00,0.4124336283185841,0.2372340425531915,0.5846296296296296,0.2821739130434782
2015-05-29 05:00:00,0.41219026548672566,0.23716312056737587,0.6589637509850276,0.28289855072463765
2015-05-29 06:00:00,0.41199115044247786,0.23829787234042554,0.6720449172576832,0.2536231884057971
2015-05-29 07:00:00,0.4111061946902655,0.23822695035460992,0.6485263987391646,0.30028985507246375
2015-05-29 08:00:00,0.41285398230088494,0.2375177304964539,0.6439716312056738,0.32405797101449274
2015-05-29 09:00:00,0.41334070796460176,0.2375177304964539,0.6257525610717101,0.36913043478260865
2015-05-29 10:00:00,0.4124336283185841,0.2375177304964539,0.6168439716312056,0.4208695652173913
2015-05-29 11:00:00,0.41216814159292037,0.23801418439716313,0.6082151300236407,0.45217391304347826
2015-05-29 12:00:00,0.4138053097345133,0.23836879432624114,0.6190740740740741,0.4244927536231884
2015-05-29 13:00:00,0.4133849557522124,0.23865248226950356,0.6166627265563436,0.3652173913043478
2015-05-29 14:00:00,0.41376106194690265,0.2373049645390071,0.6208037825059102,0.383768115942029
2015-05-29 15:00:00,0.41258849557522126,0.2377304964539007,0.6203585500394011,0.41101449275362323
2015-05-29 16:00:00,0.41165929203539825,0.23815602836879435,0.6215445232466509,0.4111594202898551
2015-05-29 17:00:00,0.41216814159292037,0.23744680851063832,0.6168321513002364,0.38391304347826083
2015-05-29 18:00:00,0.41123893805309736,0.23638297872340427,0.6026595744680852,0.3368115942028986
2015-05-29 19:00:00,0.41307522123893803,0.22290780141843972,0.5925295508274232,0.2794202898550725
2015-05-29 20:00:00,0.4131637168141593,0.21886524822695036,0.5896335697399527,0.2553623188405797
2015-05-29 21:00:00,0.41190265486725663,0.2201418439716312,0.5467336485421592,0.2192753623188406
2015-05-29 22:00:00,0.40785398230088493,0.2273758865248227,0.43774231678486997,0.19739130434782606
2015-05-29 23:00:00,0.4075442477876106,0.2270212765957447,0.38567375886524824,0.2108695652173913
2015-05-30 00:00:00,0.4086283185840708,0.22595744680851065,0.35215918045705275,0.19043478260869567
2015-05-30 01:00:00,0.40727876106194694,0.2250354609929078,0.3324862096138692,0.18695652173913044
2015-05-30 02:00:00,0.40750000000000003,0.22602836879432622,0.32469661150512213,0.18289855072463768
2015-05-30 03:00:00,0.408429203539823,0.22609929078014185,0.3265799842395587,0.1733333333333333
2015-05-30 04:00:00,0.40946902654867257,0.22680851063829788,0.34815602836879433,0.12304347826086957
2015-05-30 05:00:00,0.4094247787610619,0.2251063829787234,0.3935973207249803,0.1072463768115942
2015-05-30 06:00:00,0.4098230088495575,0.2251063829787234,0.4664893617021277,0.09681159420289855
2015-05-30 07:00:00,0.4109734513274336,0.22524822695035462,0.5077974783293933,0.08521739130434783
2015-05-30 08:00:00,0.41035398230088493,0.22617021276595742,0.491327817178881,0.08608695652173913
2015-05-30 09:00:00,0.40792035398230087,0.22368794326241134,0.47768321513002365,0.09797101449275361
2015-05-30 10:00:00,0.4070353982300885,0.2254609929078014,0.44318754925137904,0.12666666666666668
2015-05-30 11:00:00,0.4073451327433628,0.22411347517730495,0.41213947990543737,0.1498550724637681
2015-05-30 12:00:00,0.40699115044247786,0.22425531914893615,0.3994720252167061,0.16304347826086957
2015-05-30 13:00:00,0.40738938053097346,0.22390070921985814,0.3897911741528763,0.19304347826086954
2015-05-30 14:00:00,0.4076991150442478,0.2225531914893617,0.3855082742316785,0.20753623188405795
2015-05-30 15:00:00,0.4066150442477876,0.2225531914893617,0.43770291568163905,0.2210144927536232
2015-05-30 16:00:00,0.4074557522123894,0.22340425531914893,0.452387706855792,0.2291304347826087
2015-05-30 17:00:00,0.40579646017699117,0.2221276595744681,0.44271473601260836,0.24840579710144928
2015-05-30 18:00:00,0.40668141592920354,0.22312056737588654,0.43542553191489364,0.23855072463768115
2015-05-30 19:00:00,0.40765486725663713,0.22496453900709218,0.4293420015760442,0.21840579710144925
2015-05-30 20:00:00,0.4071238938053097,0.2258156028368794,0.4358747044917258,0.21782608695652175
2015-05-30 21:00:00,0.4056858407079646,0.22595744680851065,0.3979156816390859,0.24144927536231883
2015-05-30 22:00:00,0.4024115044247788,0.22595744680851065,0.35227738376674544,0.22391304347826088
2015-05-30 23:00:00,0.4018141592920354,0.22574468085106383,0.3062450748620961,0.23550724637681159
2015-05-31 00:00:00,0.40318584070796465,0.22624113475177304,0.2782151300236407,0.22000000000000003
2015-05-31 01:00:00,0.4043141592920354,0.22695035460992907,0.26822301024428685,0.21782608695652175
2015-05-31 02:00:00,0.40413716814159295,0.22723404255319146,0.2675098502758077,0.23898550724637682
2015-05-31 03:00:00,0.40486725663716816,0.22652482269503543,0.2820882584712372,0.22289855072463768
2015-05-31 04:00:00,0.40506637168141596,0.22695035460992907,0.30648936170212765,0.17347826086956522
2015-05-31 05:00:00,0.40199115044247785,0.22673758865248225,0.29541765169424744,0.14565217391304347
2015-05-31 06:00:00,0.40491150442477875,0.2248936170212766,0.3443538219070134,0.1279710144927536
2015-05-31 07:00:00,0.40553097345132744,0.22397163120567376,0.37045705279747837,0.11420289855072463
2015-05-31 08:00:00,0.40694690265486727,0.22425531914893615,0.37923561859732074,0.10028985507246377
2015-05-31 09:00:00,0.4065929203539823,0.2224113475177305,0.3901970055161545,0.11231884057971014
2015-05-31 10:00:00,0.40646017699115045,0.22148936170212766,0.3793577620173365,0.1092753623188406
2015-05-31 11:00:00,0.4071238938053097,0.21943262411347517,0.3609495665878644,0.10884057971014492
2015-05-31 12:00:00,0.40626106194690265,0.21716312056737588,0.3348542159180457,0.11231884057971014
2015-05-31 13:00:00,0.40579646017699117,0.21326241134751772,0.3257171000788022,0.12057971014492753
2015-05-31 14:00:00,0.40646017699115045,0.21340425531914892,0.33042159180457054,0.13884057971014493
2015-05-31 15:00:00,0.4091150442477876,0.21418439716312057,0.38811268715524033,0.18144927536231883
2015-05-31 16:00:00,0.40785398230088493,0.21453900709219859,0.42278565799842394,0.2614492753623188
2015-05-31 17:00:00,0.40765486725663713,0.215177304964539,0.45372734436564227,0.2794202898550725
2015-05-31 18:00:00,0.4063274336283186,0.2153900709219858,0.4430299448384555,0.3126086956521739
2015-05-31 19:00:00,0.4066592920353982,0.21638297872340428,0.43917651694247434,0.332463768115942
2015-05-31 20:00:00,0.40506637168141596,0.21432624113475177,0.42145390070921984,0.3269565217391304
2015-05-31 21:00:00,0.40519911504424777,0.2170212765957447,0.36752955082742317,0.3156521739130435
2015-05-31 22:00:00,0.3988716814159292,0.21929078014184397,0.3134436564223798,0.38927536231884063
2015-05-31 23:00:00,0.3988938053097345,0.21929078014184397,0.27793144208037823,0.45884057971014497
2015-06-01 00:00:00,0.39823008849557523,0.21531914893617024,0.26781717888100864,0.4727536231884058
2015-06-01 01:00:00,0.39975663716814164,0.21780141843971632,0.26527186761229316,0.45202898550724635
2015-06-01 02:00:00,0.4002212389380531,0.21921985815602837,0.2891292356185973,0.46318840579710147
2015-06-01 03:00:00,0.3988938053097345,0.21907801418439715,0.34624113475177304,0.44565217391304346
2015-06-01 04:00:00,0.40519911504424777,0.2201418439716312,0.4649881796690307,0.4140579710144927
2015-06-01 05:00:00,0.40404867256637167,0.2224822695035461,0.5821788810086683,0.46434782608695646
2015-06-01 06:00:00,0.3981637168141593,0.22156028368794325,0.5908510638297872,0.48028985507246374
2015-06-01 07:00:00,0.4008849557522124,0.2195035460992908,0.5772064617809298,0.4905797101449275
2015-06-01 08:00:00,0.40418141592920354,0.21936170212765957,0.5749881796690307,0.543768115942029
2015-06-01 09:00:00,0.40426991150442476,0.22226950354609928,0.5742119779353821,0.5272463768115943
2015-06-01 10:00:00,0.403716814159292,0.22106382978723405,0.5770212765957446,0.5231884057971015
2015-06-01 11:00:00,0.4028761061946903,0.22113475177304964,0.5685973207249803,0.5169565217391304
2015-06-01 12:00:00,0.4044247787610619,0.22156028368794325,0.584026792750197,0.623768115942029
2015-06-01 13:00:00,0.4032743362831858,0.2221276595744681,0.5882702915681639,0.6224637681159421
2015-06-01 14:00:00,0.4017256637168142,0.22226950354609928,0.5683215130023641,0.6414492753623189
2015-06-01 15:00:00,0.40398230088495574,0.22163120567375885,0.5717612293144207,0.6059420289855073
2015-06-01 16:00:00,0.40426991150442476,0.2226241134751773,0.581375098502758,0.5979710144927537
2015-06-01 17:00:00,0.404070796460177,0.2229787234042553,0.5821513002364066,0.6021739130434782
2015-06-01 18:00:00,0.40471238938053095,0.22276595744680852,0.5863750985027582,0.6314492753623189
2015-06-01 19:00:00,0.40493362831858404,0.22326241134751773,0.5891213553979511,0.6779710144927537
2015-06-01 20:00:00,0.4056194690265487,0.2258156028368794,0.576812450748621,0.6749275362318841
2015-06-01 21:00:00,0.40438053097345134,0.22560283687943264,0.4998739164696611,0.7375362318840579
2015-06-01 22:00:00,0.4046017699115044,0.2246808510638298,0.4180220646178093,0.8057971014492754
2015-06-01 23:00:00,0.4042920353982301,0.22439716312056737,0.3690740740740741,0.8055072463768115
2015-06-02 00:00:00,0.4019026548672566,0.225531914893617,0.3434594168636722,0.8360869565217391
2015-06-02 01:00:00,0.40283185840707963,0.22574468085106383,0.32297478329393225,0.8214492753623188
2015-06-02 02:00:00,0.4029203539823009,0.22432624113475177,0.32249014972419227,0.7898550724637681
2015-06-02 03:00:00,0.4036061946902655,0.22390070921985814,0.35916863672182825,0.6714492753623189
2015-06-02 04:00:00,0.4078761061946902,0.22326241134751773,0.48621355397951144,0.5831884057971014
2015-06-02 05:00:00,0.4068805309734513,0.22283687943262412,0.595925925925926,0.5391304347826087
2015-06-02 06:00:00,0.4052654867256637,0.22120567375886524,0.609468085106383,0.5084057971014493
2015-06-02 07:00:00,0.4077212389380531,0.2199290780141844,0.581812450748621,0.4811594202898551
2015-06-02 08:00:00,0.39037610619469026,0.22326241134751773,0.5531599684791174,0.411304347826087
2015-06-02 09:00:00,0.3927654867256637,0.2220567375886525,0.540665878644602,0.3859420289855073
2015-06-02 10:00:00,0.39488938053097344,0.22312056737588654,0.5099960598896769,0.4273913043478261
2015-06-02 11:00:00,0.396858407079646,0.22319148936170213,0.4905634357762017,0.47202898550724637
2015-06-02 12:00:00,0.397146017699115,0.22361702127659575,0.4753624901497242,0.5731884057971014
2015-06-02 13:00:00,0.3970353982300885,0.2224822695035461,0.4706461780929866,0.5881159420289855
2015-06-02 14:00:00,0.3965044247787611,0.2204255319148936,0.46980299448384555,0.6481159420289855
2015-06-02 15:00:00,0.39827433628318587,0.22134751773049646,0.4992119779353822,0.6411594202898551
2015-06-02 16:00:00,0.3984513274336283,0.22276595744680852,0.5215957446808511,0.6123188405797102
2015-06-02 17:00:00,0.3984513274336283,0.22368794326241134,0.5149448384554767,0.6123188405797102
2015-06-02 18:00:00,0.39758849557522125,0.22390070921985814,0.49351063829787234,0.5449275362318841
2015-06-02 19:00:00,0.3981858407079646,0.22382978723404257,0.46245074862096136,0.5350724637681159
2015-06-02 20:00:00,0.39778761061946905,0.22446808510638297,0.43152482269503545,0.48057971014492756
2015-06-02 21:00:00,0.39694690265486726,0.2245390070921986,0.37379432624113473,0.5355072463768116
2015-06-02 22:00:00,0.3421238938053098,0.22460992907801416,0.30484633569739955,0.5689855072463769
2015-06-02 23:00:00,0.3438274336283186,0.22432624113475177,0.2885933806146572,0.49000000000000005
2015-06-03 00:00:00,0.343429203539823,0.2248936170212766,0.2841843971631206,0.427536231884058
2015-06-03 01:00:00,0.34196902654867256,0.2254609929078014,0.2623286052009456,0.3965217391304348
2015-06-03 02:00:00,0.343429203539823,0.2256737588652482,0.28070527974783294,0.40202898550724636
2015-06-03 03:00:00,0.34303097345132744,0.2258156028368794,0.3210835303388495,0.4042028985507246
2015-06-03 04:00:00,0.34449115044247786,0.22595744680851065,0.4381481481481482,0.3802898550724637
2015-06-03 05:00:00,0.3992920353982301,0.22687943262411345,0.5513238770685579,0.38130434782608696
2015-06-03 06:00:00,0.3984513274336283,0.22673758865248225,0.581729708431836,0.4489855072463768
2015-06-03 07:00:00,0.39811946902654866,0.22680851063829788,0.5788691883372735,0.46478260869565213
2015-06-03 08:00:00,0.39396017699115043,0.22666666666666668,0.5769897557131599,0.48463768115942024
2015-06-03 09:00:00,0.39652654867256637,0.22631205673758867,0.5644877856579984,0.537536231884058
2015-06-03 10:00:00,0.3974557522123894,0.22624113475177304,0.5594483845547675,0.5081159420289856
2015-06-03 11:00:00,0.39792035398230086,0.2256737588652482,0.5489204097714736,0.39971014492753626
2015-06-03 12:00:00,0.39696902654867255,0.22560283687943264,0.5362805358550039,0.3576811594202899
2015-06-03 13:00:00,0.39789823008849556,0.22574468085106383,0.505311268715524,0.3923188405797101
2015-06-03 14:00:00,0.39767699115044247,0.2253191489361702,0.4940189125295509,0.4240579710144928
2015-06-03 15:00:00,0.39674778761061946,0.225531914893617,0.48890858944050436,0.4571014492753623
2015-06-03 16:00:00,0.39646017699115044,0.2254609929078014,0.4895665878644602,0.47000000000000003
2015-06-03 17:00:00,0.3960619469026549,0.22560283687943264,0.4929866036249015,0.5242028985507247
2015-06-03 18:00:00,0.39553097345132743,0.22602836879432622,0.482832939322301,0.5365217391304348
2015-06-03 19:00:00,0.41758849557522126,0.22602836879432622,0.47690307328605197,0.5918840579710145
2015-06-03 20:00:00,0.415353982300885,0.22687943262411345,0.46849487785657995,0.6133333333333333
2015-06-03 21:00:00,0.4127654867256637,0.2270212765957447,0.4124389282899921,0.6352173913043478
2015-06-03 22:00:00,0.415641592920354,0.2270212765957447,0.3638100866824271,0.6427536231884058
2015-06-03 23:00:00,0.41429203539823006,0.2273758865248227,0.3470843183609141,0.6582608695652173
2015-06-04 00:00:00,0.4154646017699115,0.2276595744680851,0.3448936170212766,0.633768115942029
2015-06-04 01:00:00,0.4157300884955752,0.22609929078014185,0.34857368006304174,0.6607246376811594
2015-06-04 02:00:00,0.4151327433628319,0.22666666666666668,0.37541765169424746,0.6281159420289855
2015-06-04 03:00:00,0.4144469026548672,0.22680851063829788,0.43332939322301023,0.6384057971014493
2015-06-04 04:00:00,0.4180752212389381,0.22687943262411345,0.5431796690307329,0.6073913043478261
2015-06-04 05:00:00,0.41761061946902656,0.22687943262411345,0.634956658786446,0.5971014492753624
2015-06-04 06:00:00,0.4158849557522124,0.22687943262411345,0.6253349093774626,0.5452173913043478
2015-06-04 07:00:00,0.4161946902654867,0.22482269503546098,0.6143104806934594,0.5169565217391304
2015-06-04 08:00:00,0.4184955752212389,0.22744680851063828,0.6112687155240347,0.4852173913043478
2015-06-04 09:00:00,0.419358407079646,0.22631205673758867,0.6014499605988968,0.5042028985507246
2015-06-04 10:00:00,0.42013274336283185,0.22687943262411345,0.5999014972419228,0.47637681159420286
2015-06-04 11:00:00,0.42033185840707965,0.22893617021276597,0.5924428684003152,0.4960869565217391
2015-06-04 12:00:00,0.4197345132743363,0.22921985815602836,0.5812884160756502,0.5544927536231884
2015-06-04 13:00:00,0.41876106194690266,0.22872340425531915,0.5804728132387706,0.5117391304347827
2015-06-04 14:00:00,0.4188053097345133,0.22879432624113477,0.5786918833727345,0.5836231884057971
2015-06-04 15:00:00,0.41780973451327436,0.22914893617021279,0.5660401891252955,0.5708695652173913
2015-06-04 16:00:00,0.41940265486725664,0.2281560283687943,0.586639085894405,0.5498550724637681
2015-06-04 17:00:00,0.418783185840708,0.22929078014184398,0.5981875492513791,0.5755072463768116
2015-06-04 18:00:00,0.4170353982300885,0.22893617021276597,0.5907683215130024,0.5408695652173913
2015-06-04 19:00:00,0.41721238938053096,0.22893617021276597,0.5841252955082743,0.4788405797101449
2015-06-04 20:00:00,0.41530973451327435,0.22879432624113477,0.551682427107959,0.4994202898550725
2015-06-04 21:00:00,0.41488938053097346,0.22872340425531915,0.5047557131599685,0.513913043478261
2015-06-04 22:00:00,0.4166592920353982,0.2276595744680851,0.44539795114263203,0.525072463768116
2015-06-04 23:00:00,0.4190265486725664,0.22773049645390073,0.4107998423955871,0.5165217391304348
2015-06-05 00:00:00,0.4201769911504425,0.22758865248226948,0.39620173364854216,0.4702898550724638
2015-06-05 01:00:00,0.4206194690265487,0.2273758865248227,0.39179669030732855,0.4927536231884058
2015-06-05 02:00:00,0.4194690265486726,0.2273758865248227,0.3930732860520095,0.5075362318840579
2015-06-05 03:00:00,0.41834070796460177,0.22758865248226948,0.4360756501182033,0.45101449275362315
2015-06-05 04:00:00,0.4188053097345133,0.2275177304964539,0.5487903861308117,0.5110144927536232
2015-06-05 05:00:00,0.4202433628318584,0.22744680851063828,0.6463987391646966,0.4743478260869565
2015-06-05 06:00:00,0.42117256637168143,0.22773049645390073,0.65451536643026,0.4597101449275362
2015-06-05 07:00:00,0.42035398230088494,0.2275177304964539,0.647565011820331,0.4355072463768116
2015-06-05 08:00:00,0.422212389380531,0.2275177304964539,0.6493971631205674,0.4276811594202899
2015-06-05 09:00:00,0.4211504424778761,0.2295035460992908,0.6345902285263987,0.4031884057971014
2015-06-05 10:00:00,0.42327433628318584,0.22893617021276597,0.6257446808510638,0.39985507246376806
2015-06-05 11:00:00,0.4219690265486726,0.22858156028368795,0.6033333333333334,0.38507246376811594
2015-06-05 12:00:00,0.4201769911504425,0.2282978723404255,0.5786800630417651,0.43768115942028984
2015-06-05 13:00:00,0.4206858407079646,0.22787234042553192,0.5600985027580772,0.44565217391304346
2015-06-05 14:00:00,0.4175442477876106,0.22851063829787233,0.5584200157604413,0.45855072463768115
2015-06-05 15:00:00,0.4168362831858407,0.22865248226950352,0.56575256107171,0.4610144927536232
2015-06-05 16:00:00,0.41553097345132745,0.22900709219858154,0.5629944838455476,0.4423188405797101
2015-06-05 17:00:00,0.41561946902654867,0.22851063829787233,0.5280457052797478,0.43086956521739134
2015-06-05 18:00:00,0.4156858407079646,0.22879432624113477,0.5037115839243499,0.4421739130434783
2015-06-05 19:00:00,0.4167920353982301,0.22957446808510637,0.48056343577620175,0.4423188405797101
2015-06-05 20:00:00,0.4189380530973451,0.22921985815602836,0.47068951930654057,0.5159420289855072
2015-06-05 21:00:00,0.4146460176991151,0.22936170212765955,0.4403191489361702,0.5266666666666666
2015-06-05 22:00:00,0.4122787610619469,0.22985815602836882,0.3678605200945626,0.5749275362318841
2015-06-05 23:00:00,0.4134734513274336,0.22893617021276597,0.3467494089834515,0.5728985507246377
2015-06-06 00:00:00,0.41378318584070795,0.229645390070922,0.3398975571315997,0.5471014492753623
2015-06-06 01:00:00,0.4125442477876106,0.22971631205673756,0.31836091410559497,0.4704347826086957
2015-06-06 02:00:00,0.4133849557522124,0.22865248226950352,0.3125886524822695,0.39608695652173914
2015-06-06 03:00:00,0.41420353982300884,0.22851063829787233,0.32012608353033883,0.4379710144927536
2015-06-06 04:00:00,0.4143362831858407,0.22843971631205676,0.34879038613081165,0.3968115942028986
2015-06-06 05:00:00,0.4123451327433628,0.22822695035460994,0.39593774625689515,0.37739130434782603
2015-06-06 06:00:00,0.4129424778761062,0.22865248226950352,0.4500788022064618,0.36420289855072463
2015-06-06 07:00:00,0.4137389380530973,0.22879432624113477,0.4800354609929078,0.29434782608695653
2015-06-06 08:00:00,0.41196902654867257,0.22836879432624113,0.5001103230890465,0.26391304347826083
2015-06-06 09:00:00,0.410287610619469,0.22836879432624113,0.4814066193853428,0.30028985507246375
2015-06-06 10:00:00,0.40851769911504426,0.22907801418439716,0.43041371158392433,0.29666666666666663
2015-06-06 11:00:00,0.4107964601769911,0.22865248226950352,0.39254137115839244,0.34318840579710147
2015-06-06 12:00:00,0.410287610619469,0.2302836879432624,0.3606343577620173,0.3763768115942029
2015-06-06 13:00:00,0.4109734513274336,0.229645390070922,0.34577226162332547,0.37376811594202897
2015-06-06 14:00:00,0.4130973451327434,0.2295035460992908,0.36078408195429473,0.3989855072463768
2015-06-06 15:00:00,0.411858407079646,0.2281560283687943,0.36762411347517726,0.4121739130434782
2015-06-06 16:00:00,0.4123451327433628,0.2276595744680851,0.37333333333333335,0.392463768115942
2015-06-06 17:00:00,0.41150442477876104,0.22773049645390073,0.371903073286052,0.47144927536231884
2015-06-06 18:00:00,0.412787610619469,0.22851063829787233,0.36587470449172577,0.4753623188405797
2015-06-06 19:00:00,0.4122345132743363,0.22843971631205676,0.3574546887312845,0.46289855072463765
2015-06-06 20:00:00,0.41130530973451324,0.22879432624113477,0.352608353033885,0.4788405797101449
2015-06-06 21:00:00,0.4120575221238938,0.22865248226950352,0.3301497241922774,0.40652173913043477
2015-06-06 22:00:00,0.39858407079646013,0.2278014184397163,0.2925610717100079,0.3934782608695652
2015-06-06 23:00:00,0.39969026548672565,0.22858156028368795,0.27721040189125296,0.36869565217391304
2015-06-07 00:00:00,0.3995796460176991,0.22886524822695034,0.27001970055161545,0.35333333333333333
2015-06-07 01:00:00,0.400641592920354,0.22808510638297874,0.26215918045705283,0.3128985507246377
2015-06-07 02:00:00,0.39904867256637166,0.22773049645390073,0.25074468085106383,0.3233333333333333
2015-06-07 03:00:00,0.3997345132743363,0.2276595744680851,0.2604964539007092,0.3179710144927536
2015-06-07 04:00:00,0.4023008849557522,0.22773049645390073,0.2742986603624901,0.31130434782608696
2015-06-07 05:00:00,0.39907079646017696,0.22617021276595742,0.2895350669818755,0.29739130434782607
2015-06-07 06:00:00,0.4024557522123894,0.2258156028368794,0.34695823483057525,0.28144927536231884
2015-06-07 07:00:00,0.4004646017699115,0.2256737588652482,0.3693932230102443,0.2591304347826087
2015-06-07 08:00:00,0.4038495575221239,0.225177304964539,0.39313632781717883,0.25333333333333335
2015-06-07 09:00:00,0.40283185840707963,0.22418439716312058,0.4046138691883373,0.25028985507246376
2015-06-07 10:00:00,0.40033185840707963,0.22418439716312058,0.40384948778565805,0.22028985507246376
2015-06-07 11:00:00,0.4008849557522124,0.22439716312056737,0.38930654058313635,0.2555072463768116
2015-06-07 12:00:00,0.40280973451327434,0.23340425531914896,0.37820330969267135,0.2791304347826087
2015-06-07 13:00:00,0.4040929203539823,0.23652482269503547,0.3845035460992908,0.24318840579710146
2015-06-07 14:00:00,0.40373893805309735,0.24049645390070923,0.40037431048069344,0.24347826086956523
2015-06-07 15:00:00,0.4020353982300885,0.24141843971631205,0.4115878644602049,0.2798550724637681
2015-06-07 16:00:00,0.4020575221238938,0.24134751773049645,0.4370055161544524,0.32507246376811594
2015-06-07 17:00:00,0.4031637168141593,0.2424113475177305,0.45096926713947993,0.3149275362318841
2015-06-07 18:00:00,0.40283185840707963,0.2428368794326241,0.4645429472025217,0.2920289855072464
2015-06-07 19:00:00,0.4024778761061947,0.24411347517730494,0.46239558707643813,0.26956521739130435
2015-06-07 20:00:00,0.4030752212389381,0.24411347517730494,0.4652994483845547,0.28043478260869564
2015-06-07 21:00:00,0.4011504424778761,0.24411347517730494,0.4402403467297084,0.2821739130434782
2015-06-07 22:00:00,0.40907079646017697,0.22858156028368795,0.3962962962962963,0.2746376811594203
2015-06-07 23:00:00,0.4120353982300885,0.22914893617021279,0.37392828999211974,0.2956521739130435
2015-06-08 00:00:00,0.4124557522123894,0.22893617021276597,0.3638534278959811,0.3134782608695652
2015-06-08 01:00:00,0.4122566371681416,0.22843971631205676,0.36000788022064617,0.29376811594202895
2015-06-08 02:00:00,0.4106637168141593,0.22836879432624113,0.36092198581560286,0.3040579710144928
2015-06-08 03:00:00,0.4132079646017699,0.22787234042553192,0.4203703703703704,0.2818840579710145
2015-06-08 04:00:00,0.4168362831858407,0.22801418439716312,0.570263987391647,0.2931884057971015
2015-06-08 05:00:00,0.41603982300884956,0.22914893617021279,0.636639085894405,0.32855072463768115
2015-06-08 06:00:00,0.41603982300884956,0.2295035460992908,0.6592316784869976,0.3298550724637681
2015-06-08 07:00:00,0.41378318584070795,0.2278014184397163,0.6448502758077226,0.348695652173913
2015-06-08 08:00:00,0.4188274336283186,0.22900709219858154,0.6492592592592593,0.3357971014492753
2015-06-08 09:00:00,0.41847345132743363,0.22907801418439716,0.6432111899133176,0.35
2015-06-08 10:00:00,0.4179203539823009,0.2282978723404255,0.6397005516154453,0.35028985507246374
2015-06-08 11:00:00,0.4166371681415929,0.22758865248226948,0.6189676910953507,0.38927536231884063
2015-06-08 12:00:00,0.41860619469026544,0.22744680851063828,0.5979747832939323,0.38782608695652177
2015-06-08 13:00:00,0.4172566371681416,0.2281560283687943,0.5878684003152088,0.42246376811594205
2015-06-08 14:00:00,0.41637168141592923,0.22801418439716312,0.575263987391647,0.4624637681159421
2015-06-08 15:00:00,0.41794247787610617,0.22843971631205676,0.5781836091410559,0.4513043478260869
2015-06-08 16:00:00,0.4170575221238938,0.2279432624113475,0.5661386918833727,0.4198550724637681
2015-06-08 17:00:00,0.41814159292035397,0.2279432624113475,0.567738376674547,0.42318840579710143
2015-06-08 18:00:00,0.41814159292035397,0.22822695035460994,0.5698266351457841,0.382463768115942
2015-06-08 19:00:00,0.41765486725663714,0.22787234042553192,0.5671828211189913,0.3247826086956522
2015-06-08 20:00:00,0.4192920353982301,0.2279432624113475,0.5674468085106382,0.3565217391304348
2015-06-08 21:00:00,0.4157964601769912,0.2279432624113475,0.531107171000788,0.29739130434782607
2015-06-08 22:00:00,0.41462389380530973,0.22836879432624113,0.4674546887312845,0.37927536231884057
2015-06-08 23:00:00,0.4149778761061947,0.22879432624113477,0.4448542159180457,0.408840579710145
2015-06-09 00:00:00,0.415641592920354,0.22836879432624113,0.44154058313632777,0.40652173913043477
2015-06-09 01:00:00,0.4152654867256637,0.2279432624113475,0.4373364854215918,0.4330434782608696
2015-06-09 02:00:00,0.4157300884955752,0.22858156028368795,0.44517336485421594,0.4752173913043478
2015-06-09 03:00:00,0.4154867256637168,0.22843971631205676,0.5005870764381403,0.5028985507246376
2015-06-09 04:00:00,0.4167477876106195,0.2282978723404255,0.5937431048069346,0.4795652173913043
2015-06-09 05:00:00,0.41327433628318583,0.2279432624113475,0.6646493301812451,0.5085507246376811
2015-06-09 06:00:00,0.41219026548672566,0.2279432624113475,0.6622537431048069,0.5368115942028985
2015-06-09 07:00:00,0.41334070796460176,0.22773049645390073,0.6472301024428684,0.5569565217391305
2015-06-09 08:00:00,0.415,0.23,0.6333490937746257,0.5905797101449275
2015-06-09 09:00:00,0.4147566371681416,0.229645390070922,0.6257643814026793,0.6202898550724638
2015-06-09 10:00:00,0.4140929203539823,0.22879432624113477,0.6206934594168637,0.6156521739130435
2015-06-09 11:00:00,0.4147566371681416,0.22858156028368795,0.6185500394011032,0.6118840579710145
2015-06-09 12:00:00,0.4170132743362832,0.22808510638297874,0.6327580772261623,0.6723188405797101
2015-06-09 13:00:00,0.4143362831858407,0.22758865248226948,0.6212332545311269,0.6520289855072463
2015-06-09 14:00:00,0.4138938053097345,0.22680851063829788,0.6049211977935383,0.6939130434782609
2015-06-09 15:00:00,0.4151991150442478,0.22588652482269503,0.5980890464933019,0.6617391304347826
2015-06-09 16:00:00,0.415,0.22659574468085106,0.5827659574468085,0.6385507246376811
2015-06-09 17:00:00,0.41493362831858405,0.2271631205673759,0.5701536643026005,0.6466666666666666
2015-06-09 18:00:00,0.4149778761061947,0.22638297872340424,0.5503309692671394,0.6526086956521739
2015-06-09 19:00:00,0.4152433628318584,0.22666666666666668,0.5411741528762806,0.6517391304347826
2015-06-09 20:00:00,0.4153761061946903,0.2271631205673759,0.5248699763593381,0.6433333333333333
2015-06-09 21:00:00,0.4132964601769911,0.22666666666666668,0.4682072498029945,0.6214492753623189
2015-06-09 22:00:00,0.41146017699115045,0.22652482269503543,0.4435579196217494,0.6127536231884058
2015-06-09 23:00:00,0.4124557522123894,0.22638297872340424,0.3991252955082742,0.6066666666666667
2015-06-10 00:00:00,0.41303097345132744,0.22673758865248225,0.37946020488573684,0.6005797101449275
2015-06-10 01:00:00,0.41303097345132744,0.22695035460992907,0.3797832939322301,0.6034782608695651
2015-06-10 02:00:00,0.41199115044247786,0.22617021276595742,0.37467297084318363,0.5991304347826086
2015-06-10 03:00:00,0.4123451327433628,0.22659574468085106,0.4209416863672183,0.5959420289855072
2015-06-10 04:00:00,0.4129424778761062,0.22680851063829788,0.5339716312056738,0.5749275362318841
2015-06-10 05:00:00,0.41216814159292037,0.22659574468085106,0.6105437352245863,0.5798550724637681
2015-06-10 06:00:00,0.4123230088495575,0.22687943262411345,0.6280890464933018,0.5689855072463769
2015-06-10 07:00:00,0.4140486725663717,0.22666666666666668,0.6236958234830575,0.6139130434782609
2015-06-10 08:00:00,0.41398230088495575,0.22645390070921986,0.6184554767533491,0.6091304347826088
2015-06-10 09:00:00,0.41451327433628316,0.22624113475177304,0.6126950354609929,0.611159420289855
2015-06-10 10:00:00,0.4140486725663717,0.22659574468085106,0.6118124507486209,0.5989855072463768
2015-06-10 11:00:00,0.41393805309734516,0.2278014184397163,0.5987982663514578,0.6110144927536232
2015-06-10 12:00:00,0.41493362831858405,0.22808510638297874,0.5758707643814027,0.5815942028985508
2015-06-10 13:00:00,0.4151991150442478,0.2273758865248227,0.5503033884948779,0.5578260869565217
2015-06-10 14:00:00,0.41601769911504427,0.2258156028368794,0.519602048857368,0.602463768115942
2015-06-10 15:00:00,0.4157300884955752,0.22645390070921986,0.5055240346729709,0.5991304347826086
2015-06-10 16:00:00,0.41566371681415926,0.2279432624113475,0.4921158392434988,0.5784057971014493
2015-06-10 17:00:00,0.4173893805309734,0.22851063829787233,0.4844917257683215,0.5356521739130435
2015-06-10 18:00:00,0.4165265486725664,0.22843971631205676,0.4813987391646966,0.5143478260869565
2015-06-10 19:00:00,0.41462389380530973,0.22758865248226948,0.4673719464144996,0.49768115942028984
2015-06-10 20:00:00,0.41542035398230087,0.2279432624113475,0.4457368006304176,0.4230434782608695
2015-06-10 21:00:00,0.41391592920353987,0.22808510638297874,0.4090189125295508,0.40391304347826085
2015-06-10 22:00:00,0.4130088495575221,0.22836879432624113,0.3510047281323877,0.3927536231884058
2015-06-10 23:00:00,0.4135176991150442,0.2279432624113475,0.32797084318360914,0.4276811594202899
2015-06-11 00:00:00,0.41407079646017697,0.22808510638297874,0.3283412135539795,0.3644927536231884
2015-06-11 01:00:00,0.41391592920353987,0.22808510638297874,0.3447517730496454,0.31869565217391305
2015-06-11 02:00:00,0.41201327433628315,0.22787234042553192,0.3546611505122143,0.25028985507246376
2015-06-11 03:00:00,0.4131637168141593,0.22808510638297874,0.4053270291568164,0.2679710144927536
2015-06-11 04:00:00,0.4135840707964602,0.22843971631205676,0.5299369582348306,0.20782608695652174
2015-06-11 05:00:00,0.41542035398230087,0.22886524822695034,0.6091962174940898,0.2363768115942029
2015-06-11 06:00:00,0.41601769911504427,0.22907801418439716,0.624338061465721,0.2563768115942029
2015-06-11 07:00:00,0.4152654867256637,0.22390070921985814,0.6128250591016549,0.3244927536231884
2015-06-11 08:00:00,0.4161061946902655,0.22851063829787233,0.5895665878644603,0.4165217391304348
2015-06-11 09:00:00,0.41710176991150444,0.22865248226950352,0.5875137903861308,0.42391304347826086
2015-06-11 10:00:00,0.41670353982300884,0.22886524822695034,0.5806658786446021,0.5023188405797102
2015-06-11 11:00:00,0.4168805309734513,0.22872340425531915,0.5856225374310481,0.5189855072463768
2015-06-11 12:00:00,0.41670353982300884,0.2281560283687943,0.6015287628053585,0.5614492753623188
2015-06-11 13:00:00,0.4168805309734513,0.22758865248226948,0.5998502758077227,0.5231884057971015
2015-06-11 14:00:00,0.4159070796460177,0.2278014184397163,0.5843420015760441,0.5630434782608695
2015-06-11 15:00:00,0.41685840707964605,0.22787234042553192,0.5815366430260047,0.5969565217391304
2015-06-11 16:00:00,0.4177212389380531,0.22787234042553192,0.5796335697399527,0.6146376811594203
2015-06-11 17:00:00,0.4195132743362832,0.2278014184397163,0.5700985027580773,0.616231884057971
2015-06-11 18:00:00,0.4178982300884956,0.22865248226950352,0.5579669030732861,0.5926086956521739
2015-06-11 19:00:00,0.41787610619469023,0.22886524822695034,0.5492986603624902,0.6217391304347826
2015-06-11 20:00:00,0.41712389380530973,0.22893617021276597,0.5131914893617021,0.6052173913043478
2015-06-11 21:00:00,0.41639380530973447,0.22872340425531915,0.47203703703703703,0.6126086956521739
2015-06-11 22:00:00,0.42064159292035397,0.22822695035460994,0.43570527974783296,0.654927536231884
2015-06-11 23:00:00,0.4211946902654867,0.22787234042553192,0.40907407407407403,0.6463768115942029
2015-06-12 00:00:00,0.42181415929203536,0.22858156028368795,0.39646178092986606,0.6257971014492754
2015-06-12 01:00:00,0.42179203539823007,0.22865248226950352,0.3837746256895193,0.6342028985507246
2015-06-12 02:00:00,0.42152654867256634,0.22851063829787233,0.39144208037825057,0.644927536231884
2015-06-12 03:00:00,0.4216371681415929,0.22843971631205676,0.4532387706855792,0.6592753623188405
2015-06-12 04:00:00,0.42232300884955754,0.22893617021276597,0.5530141843971631,0.6821739130434783
2015-06-12 05:00:00,0.4240486725663717,0.22900709219858154,0.624156816390859,0.698695652173913
2015-06-12 06:00:00,0.42429203539823007,0.22900709219858154,0.652966903073286,0.7034782608695652
2015-06-12 07:00:00,0.4250663716814159,0.22893617021276597,0.6496650906225374,0.6821739130434783
2015-06-12 08:00:00,0.4220575221238938,0.22921985815602836,0.6494562647754137,0.6004347826086956
2015-06-12 09:00:00,0.4204867256637168,0.229645390070922,0.628187549251379,0.6827536231884058
2015-06-12 10:00:00,0.41783185840707965,0.22836879432624113,0.6122616233254531,0.6708695652173913
2015-06-12 11:00:00,0.41825221238938054,0.22836879432624113,0.6122379826635146,0.625072463768116
2015-06-12 12:00:00,0.42190265486725664,0.22836879432624113,0.6003388494877857,0.6320289855072464
2015-06-12 13:00:00,0.4226548672566372,0.22836879432624113,0.5805122143420015,0.5827536231884058
2015-06-12 14:00:00,0.42212389380530974,0.22836879432624113,0.5602442868400315,0.5476811594202898
2015-06-12 15:00:00,0.42345132743362834,0.24375886524822693,0.5528447596532703,0.5572463768115942
2015-06-12 16:00:00,0.42285398230088495,0.24312056737588653,0.5400394011032309,0.5172463768115941
2015-06-12 17:00:00,0.4220575221238938,0.24312056737588653,0.5315130023640662,0.5218840579710146
2015-06-12 18:00:00,0.4216371681415929,0.2427659574468085,0.5150906225374311,0.5418840579710145
2015-06-12 19:00:00,0.4224557522123894,0.24297872340425533,0.49717494089834513,0.5271014492753623
2015-06-12 20:00:00,0.42261061946902656,0.24333333333333335,0.4952836879432624,0.5615942028985508
2015-06-12 21:00:00,0.4213938053097345,0.24382978723404256,0.4696808510638298,0.5921739130434783
2015-06-12 22:00:00,0.41035398230088493,0.24361702127659574,0.40242316784869975,0.6215942028985507
2015-06-12 23:00:00,0.41013274336283184,0.24312056737588653,0.3740070921985815,0.5940579710144928
2015-06-13 00:00:00,0.40918141592920354,0.24297872340425533,0.36710007880220646,0.3776811594202899
2015-06-13 01:00:00,0.40710176991150443,0.24319148936170212,0.3572813238770685,0.29144927536231885
2015-06-13 02:00:00,0.4061946902654867,0.24382978723404256,0.3433490937746257,0.2771014492753623
2015-06-13 03:00:00,0.4079424778761062,0.2456737588652482,0.35433806146572105,0.273768115942029
2015-06-13 04:00:00,0.4080752212389381,0.24546099290780143,0.4001221434200158,0.20942028985507247
2015-06-13 05:00:00,0.4081858407079646,0.24624113475177303,0.4539637509850276,0.21275362318840582
2015-06-13 06:00:00,0.41084070796460176,0.2456737588652482,0.5203624901497241,0.22884057971014493
2015-06-13 07:00:00,0.4094469026548673,0.2453900709219858,0.5431717888100868,0.25043478260869567
2015-06-13 08:00:00,0.40849557522123897,0.24524822695035461,0.5590149724192277,0.22492753623188405
2015-06-13 09:00:00,0.4078982300884956,0.2456737588652482,0.5608077226162332,0.22072463768115944
2015-06-13 10:00:00,0.40741150442477875,0.2456737588652482,0.5541568163908589,0.19666666666666666
2015-06-13 11:00:00,0.4061283185840708,0.2453900709219858,0.5304137115839244,0.24
2015-06-13 12:00:00,0.4065265486725664,0.245177304964539,0.5182427107959023,0.23811594202898553
2015-06-13 13:00:00,0.40710176991150443,0.245531914893617,0.5121552403467297,0.23942028985507244
2015-06-13 14:00:00,0.40646017699115045,0.24574468085106382,0.5135027580772262,0.22855072463768114
2015-06-13 15:00:00,0.4071238938053097,0.24531914893617018,0.529338061465721,0.2843478260869565
2015-06-13 16:00:00,0.40398230088495574,0.24581560283687945,0.5400591016548464,0.27
2015-06-13 17:00:00,0.4030088495575221,0.24581560283687945,0.5030338849487785,0.28811594202898555
2015-06-13 18:00:00,0.40334070796460175,0.2456737588652482,0.47193065405831364,0.28144927536231884
2015-06-13 19:00:00,0.4028761061946903,0.24624113475177303,0.463983451536643,0.2827536231884058
2015-06-13 20:00:00,0.4030752212389381,0.24617021276595746,0.45562647754137114,0.2843478260869565
2015-06-13 21:00:00,0.4027654867256637,0.2456737588652482,0.43120173364854214,0.2926086956521739
2015-06-13 22:00:00,0.3996017699115044,0.24531914893617018,0.38055949566587866,0.27869565217391307
2015-06-13 23:00:00,0.4008628318584071,0.24531914893617018,0.35257289204097714,0.2791304347826087
2015-06-14 00:00:00,0.4006858407079646,0.24531914893617018,0.33459810874704493,0.26710144927536233
2015-06-14 01:00:00,0.40081858407079646,0.2450354609929078,0.31897163120567373,0.27521739130434786
2015-06-14 02:00:00,0.40033185840707963,0.245177304964539,0.3045902285263987,0.28304347826086956
2015-06-14 03:00:00,0.4000442477876106,0.24546099290780143,0.30020094562647753,0.30188405797101453
2015-06-14 04:00:00,0.4001991150442478,0.24595744680851064,0.32093380614657213,0.2817391304347826
2015-06-14 05:00:00,0.39873893805309735,0.2456737588652482,0.3430772261623325,0.2733333333333333
2015-06-14 06:00:00,0.3994026548672566,0.24432624113475176,0.38396769109535067,0.29057971014492756
2015-06-14 07:00:00,0.39922566371681417,0.245177304964539,0.42555161544523246,0.30753623188405793
2015-06-14 08:00:00,0.4006858407079646,0.24482269503546097,0.44636721828211184,0.3344927536231884
2015-06-14 09:00:00,0.4004646017699115,0.24510638297872342,0.4511820330969267,0.3784057971014493
2015-06-14 10:00:00,0.39986725663716816,0.2523404255319149,0.43503546099290785,0.40753623188405796
2015-06-14 11:00:00,0.3984513274336283,0.2520567375886525,0.41591804570527974,0.45159420289855073
2015-06-14 12:00:00,0.3970132743362832,0.2521276595744681,0.39884160756501186,0.43521739130434783
2015-06-14 13:00:00,0.39991150442477874,0.2522695035460993,0.39685185185185184,0.4344927536231884
2015-06-14 14:00:00,0.39922566371681417,0.25262411347517727,0.3873364854215918,0.4984057971014492
2015-06-14 15:00:00,0.39977876106194693,0.2527659574468085,0.40512214342001573,0.481304347826087
2015-06-14 16:00:00,0.39924778761061946,0.2523404255319149,0.4163750985027581,0.4902898550724638
2015-06-14 17:00:00,0.39831858407079646,0.25120567375886527,0.4117060677698976,0.4350724637681159
2015-06-14 18:00:00,0.3988053097345133,0.25177304964539005,0.40983057525610717,0.4011594202898551
2015-06-14 19:00:00,0.399358407079646,0.2520567375886525,0.40947990543735224,0.346231884057971
2015-06-14 20:00:00,0.4008849557522124,0.2526950354609929,0.4048896769109535,0.29942028985507246
2015-06-14 21:00:00,0.39966814159292036,0.25262411347517727,0.3651182033096927,0.28246376811594204
2015-06-14 22:00:00,0.3953318584070797,0.25141843971631206,0.32494089834515366,0.2810144927536232
2015-06-14 23:00:00,0.3944247787610619,0.25127659574468086,0.30274231678487,0.3165217391304348
2015-06-15 00:00:00,0.39411504424778765,0.25113475177304967,0.2999290780141844,0.26318840579710145
2015-06-15 01:00:00,0.39389380530973456,0.24446808510638296,0.2963238770685579,0.27811594202898554
2015-06-15 02:00:00,0.39424778761061946,0.25070921985815603,0.3034160756501182,0.33144927536231883
2015-06-15 03:00:00,0.3949557522123894,0.25390070921985813,0.36444444444444446,0.3618840579710145
2015-06-15 04:00:00,0.39741150442477874,0.2524113475177305,0.49170606776989756,0.32405797101449274
2015-06-15 05:00:00,0.3994026548672566,0.25134751773049646,0.6313317572892041,0.31130434782608696
2015-06-15 06:00:00,0.4009070796460177,0.2522695035460993,0.6356737588652482,0.3417391304347826
2015-06-15 07:00:00,0.39938053097345133,0.2524113475177305,0.6285697399527187,0.3791304347826087
2015-06-15 08:00:00,0.400287610619469,0.2519148936170213,0.62876280535855,0.39550724637681156
2015-06-15 09:00:00,0.40081858407079646,0.2527659574468085,0.6261229314420804,0.39956521739130435
2015-06-15 10:00:00,0.40236725663716816,0.2519858156028369,0.6094089834515366,0.4679710144927536
2015-06-15 11:00:00,0.40223451327433624,0.24673758865248224,0.6014381402679275,0.5176811594202898
2015-06-15 12:00:00,0.4016150442477876,0.2450354609929078,0.5865011820330969,0.6101449275362318
2015-06-15 13:00:00,0.4009070796460177,0.2498581560283688,0.5714105594956659,0.6602898550724638
2015-06-15 14:00:00,0.40061946902654866,0.25113475177304967,0.5430969267139479,0.6602898550724638
2015-06-15 15:00:00,0.4011283185840708,0.25049645390070924,0.5352167060677698,0.5966666666666667
2015-06-15 16:00:00,0.40163716814159295,0.2509219858156028,0.5256304176516943,0.6015942028985508
2015-06-15 17:00:00,0.4024557522123894,0.2509929078014184,0.5235460992907801,0.5811594202898551
2015-06-15 18:00:00,0.40143805309734515,0.25063829787234043,0.4969109535066982,0.5528985507246377
2015-06-15 19:00:00,0.40146017699115044,0.25049645390070924,0.5000827423167848,0.5184057971014493
2015-06-15 20:00:00,0.3996017699115044,0.2501418439716312,0.478672182821119,0.49492753623188407
2015-06-15 21:00:00,0.3991150442477876,0.25063829787234043,0.4306146572104019,0.49956521739130433
2015-06-15 22:00:00,0.3908849557522124,0.25063829787234043,0.38876280535855,0.5224637681159421
2015-06-15 23:00:00,0.39212389380530976,0.2502836879432624,0.3612884160756501,0.4921739130434783
2015-06-16 00:00:00,0.3924557522123894,0.25056737588652483,0.3490819542947203,0.4176811594202898
2015-06-16 01:00:00,0.3913495575221239,0.2502127659574468,0.34000788022064615,0.45695652173913043
2015-06-16 02:00:00,0.39024336283185845,0.2498581560283688,0.34593774625689516,0.4915942028985507
2015-06-16 03:00:00,0.38929203539823004,0.2500709219858156,0.39483845547675334,0.4918840579710145
2015-06-16 04:00:00,0.39030973451327433,0.2509929078014184,0.5126635145784082,0.49768115942028984
2015-06-16 05:00:00,0.390641592920354,0.25156028368794325,0.5910795902285264,0.4842028985507247
2015-06-16 06:00:00,0.38851769911504425,0.251063829787234,0.5903664302600473,0.49420289855072463
2015-06-16 07:00:00,0.38860619469026547,0.24929078014184397,0.5742671394799054,0.482463768115942
2015-06-16 08:00:00,0.38975663716814163,0.2502836879432624,0.5853664302600473,0.47985507246376813
2015-06-16 09:00:00,0.39212389380530976,0.24411347517730494,0.5812214342001576,0.4873913043478261
2015-06-16 10:00:00,0.39141592920353985,0.24340425531914892,0.5782387706855793,0.49130434782608695
2015-06-16 11:00:00,0.39234513274336286,0.24319148936170212,0.5730811662726556,0.5252173913043477
2015-06-16 12:00:00,0.3902654867256637,0.24297872340425533,0.5759692671394799,0.5308695652173914
2015-06-16 13:00:00,0.3913495575221239,0.2428368794326241,0.5665090622537431,0.5065217391304347
2015-06-16 14:00:00,0.3927433628318584,0.24347517730496454,0.5594877856579984,0.4715942028985507
2015-06-16 15:00:00,0.3926769911504425,0.24312056737588653,0.5699251379038613,0.47942028985507246
2015-06-16 16:00:00,0.3911504424778761,0.24354609929078014,0.5567060677698976,0.43463768115942025
2015-06-16 17:00:00,0.39143805309734514,0.24333333333333335,0.5492868400315208,0.38347826086956527
2015-06-16 18:00:00,0.39123893805309734,0.24390070921985815,0.538719464144996,0.3294202898550725
2015-06-16 19:00:00,0.39214601769911506,0.24382978723404256,0.5295074862096139,0.29
2015-06-16 20:00:00,0.3914601769911505,0.24297872340425533,0.5176398739164697,0.26115942028985506
2015-06-16 21:00:00,0.39119469026548676,0.2443971631205674,0.47932624113475175,0.24
2015-06-16 22:00:00,0.3905530973451327,0.24453900709219858,0.41494483845547675,0.21550724637681157
2015-06-16 23:00:00,0.39141592920353985,0.24319148936170212,0.3946808510638298,0.23420289855072463
2015-06-17 00:00:00,0.3895796460176991,0.2424822695035461,0.3788455476753349,0.2379710144927536
2015-06-17 01:00:00,0.3917920353982301,0.24425531914893617,0.38623719464145,0.2657971014492754
2015-06-17 02:00:00,0.3916150442477876,0.24404255319148938,0.3979117415287628,0.29985507246376814
2015-06-17 03:00:00,0.390929203539823,0.24312056737588653,0.4381481481481482,0.3572463768115942
2015-06-17 04:00:00,0.39165929203539823,0.24326241134751772,0.5517888100866825,0.3759420289855072
2015-06-17 05:00:00,0.39353982300884954,0.24312056737588653,0.6235894405043342,0.4011594202898551
2015-06-17 06:00:00,0.39163716814159294,0.24333333333333335,0.6471118991331758,0.38521739130434784
2015-06-17 07:00:00,0.391504424778761,0.2429078014184397,0.6305988967691095,0.3481159420289855
2015-06-17 08:00:00,0.3888716814159292,0.2424822695035461,0.639204097714736,0.31144927536231887
2015-06-17 09:00:00,0.38789823008849555,0.2424113475177305,0.6317454688731284,0.27521739130434786
2015-06-17 10:00:00,0.38869469026548675,0.2422695035460993,0.6244996059889677,0.20768115942028986
2015-06-17 11:00:00,0.38896017699115043,0.24092198581560284,0.6222813238770686,0.16
2015-06-17 12:00:00,0.38805309734513277,0.24148936170212765,0.6083924349881796,0.17579710144927535
2015-06-17 13:00:00,0.3895575221238938,0.240354609929078,0.5903861308116627,0.15565217391304348
2015-06-17 14:00:00,0.39081858407079645,0.2401418439716312,0.5786918833727345,0.213768115942029
2015-06-17 15:00:00,0.3898230088495575,0.24198581560283688,0.5840346729708431,0.22782608695652173
2015-06-17 16:00:00,0.3895132743362832,0.2443971631205674,0.5657171000788022,0.21608695652173912
2015-06-17 17:00:00,0.3908628318584071,0.24468085106382978,0.5397714736012609,0.21333333333333332
2015-06-17 18:00:00,0.3908849557522124,0.2447517730496454,0.5073325453112687,0.2144927536231884
2015-06-17 19:00:00,0.39123893805309734,0.24574468085106382,0.49986209613869187,0.22115942028985505
2015-06-17 20:00:00,0.3913053097345133,0.24595744680851064,0.4757289204097715,0.22202898550724637
2015-06-17 21:00:00,0.38944690265486726,0.24609929078014184,0.43425137903861305,0.22855072463768114
2015-06-17 22:00:00,0.3860619469026549,0.24624113475177303,0.39631993695823486,0.2346376811594203
2015-06-17 23:00:00,0.3893362831858407,0.24560283687943263,0.38020094562647755,0.23333333333333334
2015-06-18 00:00:00,0.3899336283185841,0.24624113475177303,0.3635066981875492,0.24173913043478262
2015-06-18 01:00:00,0.3896238938053097,0.24581560283687945,0.35509062253743107,0.23623188405797102
2015-06-18 02:00:00,0.38873893805309734,0.24524822695035461,0.35576832151300236,0.22956521739130437
2015-06-18 03:00:00,0.3883628318584071,0.24312056737588653,0.393672182821119,0.22304347826086957
2015-06-18 04:00:00,0.39011061946902653,0.24297872340425533,0.506059889676911,0.22536231884057972
2015-06-18 05:00:00,0.39099557522123896,0.2425531914893617,0.6250985027580772,0.18869565217391301
2015-06-18 06:00:00,0.390287610619469,0.2424113475177305,0.639117415287628,0.1771014492753623
2015-06-18 07:00:00,0.3898230088495575,0.23858156028368793,0.622565011820331,0.17231884057971014
2015-06-18 08:00:00,0.3896238938053097,0.24134751773049645,0.6248778565799842,0.16391304347826086
2015-06-18 09:00:00,0.38798672566371684,0.24120567375886526,0.6108156028368794,0.1746376811594203
2015-06-18 10:00:00,0.3865929203539823,0.24049645390070923,0.5938888888888889,0.17028985507246377
2015-06-18 11:00:00,0.3877212389380531,0.24177304964539006,0.5620961386918834,0.17652173913043478
2015-06-18 12:00:00,0.38765486725663717,0.24205673758865248,0.545748620961387,0.17144927536231883
2015-06-18 13:00:00,0.38681415929203544,0.24163120567375887,0.5232427107959022,0.16884057971014493
2015-06-18 14:00:00,0.38767699115044246,0.24120567375886526,0.5005358550039402,0.1701449275362319
2015-06-18 15:00:00,0.3886725663716814,0.24049645390070923,0.5242631993695823,0.17376811594202898
2015-06-18 16:00:00,0.38621681415929204,0.24120567375886526,0.5268006304176517,0.16246376811594201
2015-06-18 17:00:00,0.38650442477876107,0.24219858156028368,0.5045941686367218,0.16159420289855073
2015-06-18 18:00:00,0.3862610619469027,0.24219858156028368,0.48539007092198583,0.1489855072463768
2015-06-18 19:00:00,0.38778761061946904,0.24198581560283688,0.4752009456264776,0.14318840579710146
2015-06-18 20:00:00,0.38643805309734514,0.24113475177304963,0.4512056737588653,0.1336231884057971
2015-06-18 21:00:00,0.384712389380531,0.25056737588652483,0.406903073286052,0.13478260869565217
2015-06-18 22:00:00,0.38225663716814157,0.2518439716312057,0.35302994483845546,0.1427536231884058
2015-06-18 23:00:00,0.3832300884955752,0.25148936170212766,0.33621749408983453,0.11942028985507247
2015-06-19 00:00:00,0.3821017699115044,0.2518439716312057,0.3192198581560284,0.10492753623188407
2015-06-19 01:00:00,0.38247787610619466,0.25156028368794325,0.3058431836091411,0.09652173913043477
2015-06-19 02:00:00,0.3834070796460177,0.2526950354609929,0.30742710795902284,0.10608695652173913
2015-06-19 03:00:00,0.3836283185840708,0.2520567375886525,0.32849487785658,0.09710144927536232
2015-06-19 04:00:00,0.38411504424778764,0.25170212765957445,0.4122498029944838,0.08159420289855072
2015-06-19 05:00:00,0.3870796460176991,0.25113475177304967,0.5028014184397164,0.07623188405797102
2015-06-19 06:00:00,0.38163716814159293,0.2522695035460993,0.5451221434200157,0.08347826086956522
2015-06-19 07:00:00,0.3813716814159292,0.2524113475177305,0.5509495665878644,0.08130434782608696
2015-06-19 08:00:00,0.3830088495575221,0.2521276595744681,0.559554767533491,0.08956521739130434
2015-06-19 09:00:00,0.3817920353982301,0.2519858156028369,0.5540346729708432,0.09826086956521739
2015-06-19 10:00:00,0.38121681415929204,0.2521985815602837,0.5459810874704492,0.1155072463768116
2015-06-19 11:00:00,0.38024336283185844,0.25170212765957445,0.5270921985815603,0.14043478260869566
2015-06-19 12:00:00,0.3806637168141593,0.2526950354609929,0.5226280535855004,0.1771014492753623
2015-06-19 13:00:00,0.38035398230088496,0.25134751773049646,0.5049645390070922,0.2063768115942029
2015-06-19 14:00:00,0.38123893805309733,0.25056737588652483,0.50322695035461,0.22115942028985505
2015-06-19 15:00:00,0.3804424778761062,0.25127659574468086,0.5056343577620174,0.24115942028985507
2015-06-19 16:00:00,0.3787389380530974,0.2472340425531915,0.4929353821907014,0.24898550724637683
2015-06-19 17:00:00,0.3791150442477876,0.2472340425531915,0.4836170212765958,0.2689855072463768
2015-06-19 18:00:00,0.3799778761061947,0.24709219858156026,0.4722064617809299,0.27318840579710146
2015-06-19 19:00:00,0.3802212389380531,0.2473758865248227,0.4690307328605201,0.2663768115942029
2015-06-19 20:00:00,0.37977876106194686,0.24709219858156026,0.4645074862096139,0.24768115942028987
2015-06-19 21:00:00,0.3788716814159292,0.24709219858156026,0.44685579196217495,0.2185507246376812
2015-06-19 22:00:00,0.37809734513274335,0.2473758865248227,0.39427107959022856,0.20202898550724638
2015-06-19 23:00:00,0.3813495575221239,0.24695035460992906,0.3733096926713948,0.19231884057971013
2015-06-20 00:00:00,0.37962389380530975,0.24758865248226952,0.35537431048069346,0.19942028985507246
2015-06-20 01:00:00,0.37831858407079644,0.2472340425531915,0.33368400315208824,0.21681159420289856
2015-06-20 02:00:00,0.3768805309734513,0.2473758865248227,0.3188810086682427,0.21304347826086956
2015-06-20 03:00:00,0.37672566371681415,0.24822695035460993,0.3234672970843184,0.21144927536231886
2015-06-20 04:00:00,0.37880530973451326,0.2501418439716312,0.3552009456264775,0.17565217391304347
2015-06-20 05:00:00,0.37964601769911505,0.24978723404255318,0.39279747832939327,0.15
2015-06-20 06:00:00,0.3802654867256637,0.2497163120567376,0.4530220646178093,0.13623188405797101
2015-06-20 07:00:00,0.37955752212389376,0.24907801418439715,0.48413711583924346,0.11855072463768115
2015-06-20 08:00:00,0.3797566371681416,0.24822695035460993,0.5162529550827423,0.12492753623188406
2015-06-20 09:00:00,0.3778318584070796,0.25,0.5077304964539008,0.14391304347826087
2015-06-20 10:00:00,0.3782079646017699,0.24886524822695033,0.47685973207249804,0.17101449275362318
2015-06-20 11:00:00,0.377787610619469,0.2495035460992908,0.4519818754925138,0.19898550724637684
2015-06-20 12:00:00,0.3785619469026548,0.24822695035460993,0.4363199369582348,0.20942028985507247
2015-06-20 13:00:00,0.3798008849557522,0.25042553191489364,0.4270449172576832,0.27521739130434786
2015-06-20 14:00:00,0.3796902654867257,0.2493617021276596,0.4296532702915682,0.2534782608695652
2015-06-20 15:00:00,0.37944690265486725,0.24978723404255318,0.44771079590228524,0.27507246376811595
2015-06-20 16:00:00,0.37918141592920357,0.25042553191489364,0.4636209613869189,0.2742028985507246
2015-06-20 17:00:00,0.37900442477876106,0.25070921985815603,0.4591410559495666,0.26115942028985506
2015-06-20 18:00:00,0.37871681415929204,0.24978723404255318,0.4470646178092987,0.252463768115942
2015-06-20 19:00:00,0.3792477876106195,0.24921985815602835,0.4507171000788022,0.19666666666666666
2015-06-20 20:00:00,0.3793805309734513,0.24900709219858158,0.45380614657210405,0.1617391304347826
2015-06-20 21:00:00,0.3789601769911505,0.24943262411347517,0.4375334909377463,0.1418840579710145
2015-06-20 22:00:00,0.3678097345132743,0.2502836879432624,0.40627659574468084,0.14130434782608695
2015-06-20 23:00:00,0.3730088495575221,0.2497163120567376,0.3934318360914105,0.13768115942028986
2015-06-21 00:00:00,0.37466814159292033,0.24929078014184397,0.38299842395587075,0.13681159420289857
2015-06-21 01:00:00,0.37398230088495577,0.24822695035460993,0.3733963750985027,0.13869565217391305
2015-06-21 02:00:00,0.37196902654867253,0.24900709219858158,0.35985421591804573,0.1336231884057971
2015-06-21 03:00:00,0.37276548672566373,0.2493617021276596,0.369688731284476,0.11927536231884057
2015-06-21 04:00:00,0.3711061946902655,0.2497163120567376,0.3881520882584712,0.0981159420289855
2015-06-21 05:00:00,0.3713495575221239,0.24851063829787232,0.4317927501970055,0.08536231884057971
2015-06-21 06:00:00,0.37234513274336284,0.2498581560283688,0.4851024428684003,0.08971014492753623
2015-06-21 07:00:00,0.37232300884955755,0.2497163120567376,0.52,0.08855072463768116
2015-06-21 08:00:00,0.3694911504424779,0.24978723404255318,0.5443065405831363,0.08159420289855072
2015-06-21 09:00:00,0.36931415929203537,0.2498581560283688,0.5526713947990544,0.09695652173913044
2015-06-21 10:00:00,0.36734513274336283,0.2495035460992908,0.5498345153664302,0.1155072463768116
2015-06-21 11:00:00,0.3677654867256637,0.251063829787234,0.5477856579984239,0.1371014492753623
2015-06-21 12:00:00,0.3674778761061947,0.2495035460992908,0.5389834515366431,0.14768115942028986
2015-06-21 13:00:00,0.3703097345132743,0.24943262411347517,0.5367769897557132,0.18144927536231883
2015-06-21 14:00:00,0.36845132743362835,0.2500709219858156,0.5400118203309693,0.20304347826086955
2015-06-21 15:00:00,0.37106194690265487,0.2498581560283688,0.5513199369582348,0.2056521739130435
2015-06-21 16:00:00,0.3692920353982301,0.2507801418439716,0.5550197005516154,0.22246376811594204
2015-06-21 17:00:00,0.37117256637168144,0.25056737588652483,0.5574901497241923,0.20043478260869566
2015-06-21 18:00:00,0.3704203539823009,0.24978723404255318,0.5521000788022065,0.19202898550724637
2015-06-21 19:00:00,0.3700442477876106,0.2502127659574468,0.5536918833727345,0.15768115942028985
2015-06-21 20:00:00,0.36876106194690267,0.2507801418439716,0.5382584712371946,0.14695652173913043
2015-06-21 21:00:00,0.36836283185840707,0.24978723404255318,0.49602836879432627,0.1346376811594203
2015-06-21 22:00:00,0.3594690265486726,0.24851063829787232,0.43185973207249806,0.15333333333333332
2015-06-21 23:00:00,0.36210176991150445,0.24886524822695033,0.4036012608353034,0.15072463768115943
2015-06-22 00:00:00,0.36389380530973453,0.24992907801418437,0.38999605988967695,0.176231884057971
2015-06-22 01:00:00,0.36530973451327436,0.24893617021276596,0.394160756501182,0.16695652173913045
2015-06-22 02:00:00,0.3661504424778761,0.24921985815602835,0.4032505910165485,0.1552173913043478
2015-06-22 03:00:00,0.3647566371681416,0.24758865248226952,0.4418873128447597,0.1455072463768116
2015-06-22 04:00:00,0.36646017699115047,0.24929078014184397,0.5532702915681639,0.1317391304347826
2015-06-22 05:00:00,0.3648672566371681,0.24893617021276596,0.6132702915681639,0.13507246376811594
2015-06-22 06:00:00,0.365,0.25056737588652483,0.6015760441292356,0.1272463768115942
2015-06-22 07:00:00,0.36721238938053097,0.219645390070922,0.6040386130811662,0.13753623188405797
2015-06-22 08:00:00,0.37210176991150445,0.22085106382978723,0.6036012608353034,0.14043478260869566
2015-06-22 09:00:00,0.3721902654867257,0.2201418439716312,0.602037037037037,0.13492753623188405
2015-06-22 10:00:00,0.36869469026548674,0.22028368794326242,0.5860795902285264,0.1581159420289855
2015-06-22 11:00:00,0.368141592920354,0.2204964539007092,0.579779353821907,0.1955072463768116
2015-06-22 12:00:00,0.3711504424778761,0.21822695035460993,0.581993695823483,0.19507246376811593
2015-06-22 13:00:00,0.37263274336283186,0.21858156028368794,0.5796493301812451,0.22014492753623188
2015-06-22 14:00:00,0.37245575221238936,0.2180141843971631,0.5813317572892042,0.27362318840579714
2015-06-22 15:00:00,0.37101769911504423,0.2173758865248227,0.5716666666666667,0.2517391304347826
2015-06-22 16:00:00,0.3714380530973452,0.20659574468085107,0.5748266351457841,0.23449275362318842
2015-06-22 17:00:00,0.37234513274336284,0.21808510638297873,0.5761229314420804,0.21478260869565216
2015-06-22 18:00:00,0.37022123893805314,0.21815602836879433,0.5838179669030733,0.1981159420289855
2015-06-22 19:00:00,0.37170353982300885,0.21851063829787234,0.5831087470449172,0.176231884057971
2015-06-22 20:00:00,0.3734513274336283,0.22021276595744682,0.5781363278171789,0.1665217391304348
2015-06-22 21:00:00,0.3685176991150443,0.22,0.5528053585500394,0.1671014492753623
2015-06-22 22:00:00,0.37745575221238936,0.2200709219858156,0.4993853427895981,0.16507246376811596
2015-06-22 23:00:00,0.3772566371681416,0.21978723404255318,0.4664736012608353,0.15855072463768116
2015-06-23 00:00:00,0.3793141592920354,0.22056737588652484,0.44945232466509066,0.1572463768115942
2015-06-23 01:00:00,0.37847345132743365,0.22120567375886524,0.44249802994483844,0.15376811594202897
2015-06-23 02:00:00,0.3761725663716814,0.22085106382978723,0.4411899133175729,0.16101449275362317
2015-06-23 03:00:00,0.3748893805309734,0.22063829787234043,0.46949172576832154,0.13333333333333333
2015-06-23 04:00:00,0.37462389380530975,0.22,0.5287982663514579,0.15710144927536232
2015-06-23 05:00:00,0.3757079646017699,0.21971631205673758,0.5784554767533491,0.1455072463768116
2015-06-23 06:00:00,0.37871681415929204,0.21602836879432627,0.5878053585500393,0.17028985507246377
2015-06-23 07:00:00,0.38008849557522123,0.21574468085106382,0.5923995271867613,0.1398550724637681
2015-06-23 08:00:00,0.37882743362831856,0.20460992907801417,0.587698975571316,0.10579710144927536
2015-06-23 09:00:00,0.3792699115044248,0.21652482269503548,0.5919109535066982,0.08753623188405797
2015-06-23 10:00:00,0.3813716814159292,0.21872340425531914,0.5808116627265564,0.10130434782608697
2015-06-23 11:00:00,0.38196902654867254,0.21822695035460993,0.5920685579196218,0.10768115942028986
2015-06-23 12:00:00,0.37648230088495577,0.21822695035460993,0.583447596532703,0.14608695652173911
2015-06-23 13:00:00,0.37694690265486724,0.21822695035460993,0.5795744680851064,0.1771014492753623
2015-06-23 14:00:00,0.3769026548672566,0.2172340425531915,0.5680732860520095,0.21550724637681157
2015-06-23 15:00:00,0.37730088495575226,0.2175177304964539,0.5571473601260836,0.22695652173913042
2015-06-23 16:00:00,0.3784070796460177,0.21602836879432627,0.5467966903073286,0.25028985507246376
2015-06-23 17:00:00,0.3793362831858407,0.21624113475177303,0.5447005516154453,0.25782608695652176
2015-06-23 18:00:00,0.3798008849557522,0.21624113475177303,0.5467178881008669,0.26550724637681156
2015-06-23 19:00:00,0.38024336283185844,0.21588652482269502,0.5475019700551615,0.24217391304347824
2015-06-23 20:00:00,0.3798230088495575,0.21624113475177303,0.520397951142632,0.2482608695652174
2015-06-23 21:00:00,0.37827433628318585,0.21638297872340428,0.4664066193853428,0.23072463768115942
2015-06-23 22:00:00,0.3788716814159292,0.21609929078014184,0.37784869976359337,0.2371014492753623
2015-06-23 23:00:00,0.378141592920354,0.2173758865248227,0.34418439716312055,0.23130434782608694
2015-06-24 00:00:00,0.37893805309734513,0.21843971631205675,0.32354215918045703,0.22884057971014493
2015-06-24 01:00:00,0.3788716814159292,0.21865248226950357,0.3129590228526399,0.22318840579710145
2015-06-24 02:00:00,0.3780088495575221,0.21872340425531914,0.31338455476753346,0.22811594202898552
2015-06-24 03:00:00,0.37920353982300886,0.21773049645390072,0.33072104018912535,0.20942028985507247
2015-06-24 04:00:00,0.3807522123893805,0.21822695035460993,0.4146532702915682,0.1984057971014493
2015-06-24 05:00:00,0.3825442477876106,0.21808510638297873,0.5208707643814027,0.19898550724637684
2015-06-24 06:00:00,0.38460176991150447,0.2173758865248227,0.5602245862884161,0.19724637681159418
2015-06-24 07:00:00,0.3881858407079646,0.2174468085106383,0.5585894405043341,0.19652173913043477
2015-06-24 08:00:00,0.38825221238938057,0.21631205673758866,0.5614696611505122,0.21115942028985504
2015-06-24 09:00:00,0.3870132743362832,0.21645390070921985,0.5526792750197006,0.22159420289855072
2015-06-24 10:00:00,0.3853097345132743,0.2170921985815603,0.5449645390070922,0.2301449275362319
2015-06-24 11:00:00,0.38400442477876107,0.21468085106382978,0.5462214342001577,0.23159420289855073
2015-06-24 12:00:00,0.3860398230088496,0.21624113475177303,0.5403743104806935,0.24376811594202896
2015-06-24 13:00:00,0.38880530973451327,0.21659574468085105,0.517123719464145,0.24608695652173915
2015-06-24 14:00:00,0.38716814159292035,0.2147517730496454,0.49457446808510636,0.2688405797101449
2015-06-24 15:00:00,0.3888716814159292,0.21531914893617024,0.49432624113475176,0.27202898550724636
2015-06-24 16:00:00,0.39090707964601773,0.21397163120567375,0.4981954294720252,0.2723188405797102
2015-06-24 17:00:00,0.38862831858407076,0.215177304964539,0.506816390858944,0.2743478260869565
2015-06-24 18:00:00,0.3851106194690266,0.21510638297872342,0.49810480693459414,0.2723188405797102
2015-06-24 19:00:00,0.38555309734513277,0.21595744680851064,0.48847911741528766,0.25014492753623185
2015-06-24 20:00:00,0.38882743362831856,0.2170921985815603,0.4754294720252167,0.2452173913043478
2015-06-24 21:00:00,0.3866150442477876,0.21595744680851064,0.430886524822695,0.23942028985507244
2015-06-24 22:00:00,0.37535398230088496,0.21595744680851064,0.39423167848699764,0.1834782608695652
2015-06-24 23:00:00,0.3748672566371682,0.2167375886524823,0.3509692671394799,0.18043478260869567
2015-06-25 00:00:00,0.3771902654867257,0.2168794326241135,0.3278132387706856,0.18652173913043477
2015-06-25 01:00:00,0.3801106194690265,0.2175177304964539,0.3313002364066194,0.18666666666666668
2015-06-25 02:00:00,0.37986725663716814,0.2172340425531915,0.33555161544523243,0.19782608695652174
2015-06-25 03:00:00,0.37918141592920357,0.21695035460992906,0.38041765169424746,0.2318840579710145
2015-06-25 04:00:00,0.3810840707964602,0.21659574468085105,0.5050591016548464,0.25130434782608696
2015-06-25 05:00:00,0.381570796460177,0.21638297872340428,0.6020685579196218,0.21028985507246375
2015-06-25 06:00:00,0.37787610619469025,0.09879432624113477,0.6071946414499606,0.24681159420289855
2015-06-25 07:00:00,0.3781858407079646,0.09475177304964538,0.6059771473601261,0.27115942028985507
2015-06-25 08:00:00,0.37765486725663716,0.09879432624113477,0.6112962962962963,0.30318840579710143
2015-06-25 09:00:00,0.3784070796460177,0.09879432624113477,0.6076910953506699,0.34797101449275364
2015-06-25 10:00:00,0.37694690265486724,0.21758865248226952,0.6012962962962963,0.36420289855072463
2015-06-25 11:00:00,0.38172566371681416,0.2178723404255319,0.6143223010244286,0.3705797101449275
2015-06-25 12:00:00,0.3788495575221239,0.21851063829787234,0.6067415287628054,0.37376811594202897
2015-06-25 13:00:00,0.3781858407079646,0.21858156028368794,0.60177304964539,0.36492753623188406
2015-06-25 14:00:00,0.37767699115044245,0.21858156028368794,0.5941843971631205,0.3576811594202899
2015-06-25 15:00:00,0.37913716814159293,0.21851063829787234,0.5932978723404255,0.3591304347826087
2015-06-25 16:00:00,0.3782300884955752,0.21900709219858158,0.5952403467297085,0.367536231884058
2015-06-25 17:00:00,0.3769690265486726,0.21914893617021278,0.5863317572892041,0.3576811594202899
2015-06-25 18:00:00,0.37752212389380535,0.21921985815602837,0.5774271079590229,0.3040579710144928
2015-06-25 19:00:00,0.3778097345132743,0.21907801418439715,0.5818163908589441,0.2873913043478261
2015-06-25 20:00:00,0.378141592920354,0.21907801418439715,0.5611820330969267,0.27318840579710146
2015-06-25 21:00:00,0.37610619469026546,0.21900709219858158,0.5276319936958235,0.24681159420289855
2015-06-25 22:00:00,0.3702654867256637,0.21851063829787234,0.49689125295508274,0.2339130434782609
2015-06-25 23:00:00,0.3736504424778761,0.21851063829787234,0.4739479905437352,0.25768115942028985
2015-06-26 00:00:00,0.37424778761061944,0.21900709219858158,0.45868794326241136,0.2549275362318841
2015-06-26 01:00:00,0.3715929203539823,0.21921985815602837,0.4504255319148936,0.23942028985507244
2015-06-26 02:00:00,0.36971238938053097,0.21914893617021278,0.446635145784082,0.16478260869565217
2015-06-26 03:00:00,0.37015486725663715,0.21921985815602837,0.4872104018912529,0.1908695652173913
2015-06-26 04:00:00,0.37128318584070796,0.21893617021276596,0.5573601260835304,0.2
2015-06-26 05:00:00,0.3725221238938053,0.2180141843971631,0.5990740740740741,0.20478260869565218
2015-06-26 06:00:00,0.3735398230088496,0.2180141843971631,0.6079432624113476,0.1846376811594203
2015-06-26 07:00:00,0.37263274336283186,0.21829787234042555,0.6081245074862096,0.14782608695652175
2015-06-26 08:00:00,0.37825221238938056,0.21851063829787234,0.6159495665878645,0.12304347826086957
2015-06-26 09:00:00,0.37285398230088496,0.21836879432624112,0.6144011032308905,0.11637681159420289
2015-06-26 10:00:00,0.36807522123893804,0.24581560283687945,0.5906579984239558,0.11463768115942029
2015-06-26 11:00:00,0.3721681415929204,0.24773049645390072,0.5932072498029946,0.12086956521739131
2015-06-26 12:00:00,0.37316371681415933,0.2478014184397163,0.5909535066981876,0.10608695652173913
2015-06-26 13:00:00,0.3701769911504425,0.24851063829787232,0.5918360914105595,0.09695652173913044
2015-06-26 14:00:00,0.3702654867256637,0.24666666666666667,0.5933490937746257,0.11739130434782609
2015-06-26 15:00:00,0.3700884955752212,0.24794326241134754,0.6040346729708431,0.12188405797101448
2015-06-26 16:00:00,0.37022123893805314,0.24652482269503548,0.6098778565799843,0.10492753623188407
2015-06-26 17:00:00,0.3676106194690265,0.24595744680851064,0.5992237982663514,0.07884057971014492
2015-06-26 18:00:00,0.36823008849557526,0.24581560283687945,0.6047360126083531,0.06652173913043478
2015-06-26 19:00:00,0.36752212389380534,0.2476595744680851,0.5947360126083531,0.07666666666666666
2015-06-26 20:00:00,0.3672787610619469,0.24709219858156026,0.5825847123719464,0.0672463768115942
2015-06-26 21:00:00,0.3671681415929203,0.2478723404255319,0.5476319936958235,0.06681159420289855
2015-06-26 22:00:00,0.35931415929203536,0.24836879432624112,0.5030772261623325,0.09289855072463768
2015-06-26 23:00:00,0.3556194690265487,0.2478014184397163,0.47611111111111115,0.08478260869565217
2015-06-27 00:00:00,0.35493362831858405,0.24794326241134754,0.4546493301812451,0.07898550724637682
2015-06-27 01:00:00,0.35457964601769915,0.24929078014184397,0.4369345941686367,0.06144927536231884
2015-06-27 02:00:00,0.35719026548672567,0.24914893617021278,0.4299487785657999,0.06956521739130435
2015-06-27 03:00:00,0.356858407079646,0.24893617021276596,0.44356973995271864,0.08115942028985507
2015-06-27 04:00:00,0.3557079646017699,0.2502836879432624,0.4464657210401891,0.06811594202898551
2015-06-27 05:00:00,0.35969026548672567,0.25,0.4685933806146572,0.051304347826086956
2015-06-27 06:00:00,0.35823008849557525,0.24914893617021278,0.48981875492513793,0.0772463768115942
2015-06-27 07:00:00,0.3581637168141593,0.24872340425531914,0.5337076438140268,0.07057971014492755
2015-06-27 08:00:00,0.3577433628318584,0.24879432624113476,0.5526398739164696,0.06159420289855073
2015-06-27 09:00:00,0.35721238938053096,0.24929078014184397,0.5488849487785659,0.07797101449275362
2015-06-27 10:00:00,0.3573451327433628,0.2493617021276596,0.5476792750197006,0.09652173913043477
2015-06-27 11:00:00,0.3604867256637168,0.24907801418439715,0.5338297872340426,0.09855072463768116
2015-06-27 12:00:00,0.35991150442477876,0.24886524822695033,0.5158747044917258,0.09478260869565218
2015-06-27 13:00:00,0.3597787610619469,0.24879432624113476,0.506197793538219,0.09449275362318842
2015-06-27 14:00:00,0.3599336283185841,0.24978723404255318,0.5040977147360126,0.0955072463768116
2015-06-27 15:00:00,0.36064159292035397,0.25049645390070924,0.5325925925925926,0.12811594202898552
2015-06-27 16:00:00,0.36035398230088495,0.24921985815602835,0.5433412135539795,0.1310144927536232
2015-06-27 17:00:00,0.35960176991150444,0.24886524822695033,0.5388967691095351,0.11869565217391305
2015-06-27 18:00:00,0.3591371681415929,0.24964539007092199,0.5216430260047281,0.11217391304347826
2015-06-27 19:00:00,0.3598451327433628,0.24929078014184397,0.5089598108747044,0.09739130434782609
2015-06-27 20:00:00,0.35940265486725664,0.24886524822695033,0.4894365642237983,0.07086956521739131
2015-06-27 21:00:00,0.3592477876106195,0.24914893617021278,0.4605949566587864,0.07898550724637682
2015-06-27 22:00:00,0.35588495575221235,0.2481560283687943,0.4214617809298661,0.0863768115942029
2015-06-27 23:00:00,0.3578982300884956,0.24794326241134754,0.39396375098502756,0.08710144927536233
2015-06-28 00:00:00,0.3582964601769911,0.24879432624113476,0.3872970843183609,0.07869565217391304
2015-06-28 01:00:00,0.357787610619469,0.24872340425531914,0.3740858944050433,0.07086956521739131
2015-06-28 02:00:00,0.35610619469026544,0.24929078014184397,0.36976359338061465,0.07260869565217391
2015-06-28 03:00:00,0.3566371681415929,0.24872340425531914,0.37636721828211195,0.06173913043478261
2015-06-28 04:00:00,0.35873893805309737,0.24865248226950357,0.40702915681639085,0.05956521739130435
2015-06-28 05:00:00,0.3591371681415929,0.24886524822695033,0.44719070133963756,0.04797101449275362
2015-06-28 06:00:00,0.3605973451327434,0.25,0.5102442868400315,0.0408695652173913
2015-06-28 07:00:00,0.36099557522123893,0.2498581560283688,0.5430023640661938,0.04318840579710145
2015-06-28 08:00:00,0.3604867256637168,0.24900709219858158,0.5379866036249015,0.058695652173913045
2015-06-28 09:00:00,0.3601769911504425,0.24929078014184397,0.5478132387706856,0.07333333333333333
2015-06-28 10:00:00,0.35953539823008845,0.24822695035460993,0.5275571315996848,0.06492753623188405
2015-06-28 11:00:00,0.3605088495575221,0.24829787234042555,0.5185106382978724,0.0782608695652174
2015-06-28 12:00:00,0.3600884955752212,0.24886524822695033,0.4869424743892829,0.09289855072463768
2015-06-28 13:00:00,0.36219026548672567,0.24808510638297873,0.5116509062253743,0.08507246376811595
2015-06-28 14:00:00,0.3622566371681416,0.24893617021276596,0.5407249802994484,0.08043478260869565
2015-06-28 15:00:00,0.36280973451327436,0.24964539007092199,0.5617060677698976,0.09101449275362318
2015-06-28 16:00:00,0.3614601769911504,0.2495035460992908,0.5668676122931442,0.09855072463768116
2015-06-28 17:00:00,0.36117256637168144,0.24851063829787232,0.5747596532702915,0.0881159420289855
2015-06-28 18:00:00,0.36179203539823007,0.24879432624113476,0.5788849487785658,0.07971014492753623
2015-06-28 19:00:00,0.36199115044247787,0.24957446808510636,0.5747399527186761,0.07347826086956522
2015-06-28 20:00:00,0.3608849557522124,0.24865248226950357,0.5581639085894405,0.07434782608695652
2015-06-28 21:00:00,0.36064159292035397,0.24794326241134754,0.4994799054373522,0.06753623188405797
2015-06-28 22:00:00,0.36221238938053096,0.24900709219858158,0.4263790386130812,0.1308695652173913
2015-06-28 23:00:00,0.3606194690265487,0.24929078014184397,0.4032781717888101,0.10217391304347827
2015-06-29 00:00:00,0.3609070796460177,0.24900709219858158,0.3786997635933806,0.08826086956521739
2015-06-29 01:00:00,0.3613495575221239,0.2502836879432624,0.3716942474389283,0.07391304347826087
2015-06-29 02:00:00,0.35440265486725664,0.2498581560283688,0.37144996059889673,0.06637681159420289
2015-06-29 03:00:00,0.36194690265486723,0.2500709219858156,0.43712765957446803,0.0618840579710145
2015-06-29 04:00:00,0.361570796460177,0.2501418439716312,0.5380220646178093,0.041594202898550724
2015-06-29 05:00:00,0.3629424778761062,0.2521985815602837,0.5913829787234042,0.04043478260869565
2015-06-29 06:00:00,0.365641592920354,0.2529078014184397,0.6137746256895193,0.04188405797101449
2015-06-29 07:00:00,0.36533185840707966,0.22312056737588654,0.6174980299448385,0.051304347826086956
2015-06-29 08:00:00,0.3644026548672566,0.22382978723404257,0.6223049645390071,0.06420289855072463
2015-06-29 09:00:00,0.363716814159292,0.22411347517730495,0.6121473601260835,0.07956521739130434
2015-06-29 10:00:00,0.3643141592920354,0.22411347517730495,0.5959022852639874,0.0808695652173913
2015-06-29 11:00:00,0.36537610619469024,0.2251063829787234,0.600354609929078,0.1036231884057971
2015-06-29 12:00:00,0.3673230088495575,0.22411347517730495,0.5987667454688732,0.13536231884057973
2015-06-29 13:00:00,0.366570796460177,0.22148936170212766,0.5934278959810875,0.1492753623188406
2015-06-29 14:00:00,0.3657964601769912,0.22106382978723405,0.5863908589440504,0.17608695652173914
2015-06-29 15:00:00,0.3656858407079646,0.22184397163120567,0.5857249802994484,0.1743478260869565
2015-06-29 16:00:00,0.3654203539823009,0.22156028368794325,0.5726792750197006,0.23057971014492754
2015-06-29 17:00:00,0.3644690265486726,0.2221276595744681,0.5623916469661151,0.29057971014492756
2015-06-29 18:00:00,0.36484513274336283,0.22184397163120567,0.5557486209613869,0.31753623188405794
2015-06-29 19:00:00,0.3654203539823009,0.22134751773049646,0.5570606776989756,0.3050724637681159
2015-06-29 20:00:00,0.3636504424778761,0.22092198581560285,0.5327541371158392,0.24710144927536232
2015-06-29 21:00:00,0.36480088495575225,0.22085106382978723,0.4897596532702916,0.20202898550724638
2015-06-29 22:00:00,0.35575221238938054,0.22070921985815603,0.4423798266351458,0.19463768115942032
2015-06-29 23:00:00,0.356283185840708,0.22070921985815603,0.4103309692671395,0.1772463768115942
2015-06-30 00:00:00,0.3568805309734513,0.22070921985815603,0.3943420015760441,0.17376811594202898
2015-06-30 01:00:00,0.3569690265486726,0.22070921985815603,0.37995665878644597,0.16420289855072465
2015-06-30 02:00:00,0.3570796460176991,0.22070921985815603,0.3822616233254531,0.1563768115942029
2015-06-30 03:00:00,0.3576991150442478,0.22070921985815603,0.43909771473601256,0.18869565217391301
2015-06-30 04:00:00,0.35787610619469024,0.22070921985815603,0.5258234830575256,0.1810144927536232
2015-06-30 05:00:00,0.3603982300884956,0.22070921985815603,0.5700788022064618,0.17492753623188406
2015-06-30 06:00:00,0.36221238938053096,0.22070921985815603,0.5845862884160756,0.15405797101449276
2015-06-30 07:00:00,0.36316371681415927,0.21666666666666667,0.5898148148148148,0.15768115942028985
2015-06-30 08:00:00,0.36168141592920355,0.2224822695035461,0.5951812450748621,0.1492753623188406
2015-06-30 09:00:00,0.36117256637168144,0.2221985815602837,0.6010756501182033,0.1318840579710145
2015-06-30 10:00:00,0.3606858407079646,0.22056737588652484,0.5929353821907014,0.10637681159420291
2015-06-30 11:00:00,0.3628761061946903,0.22106382978723405,0.5911623325453113,0.11637681159420289
2015-06-30 12:00:00,0.363716814159292,0.2201418439716312,0.5913514578408195,0.09130434782608696
2015-06-30 13:00:00,0.36283185840707965,0.219645390070922,0.5952364066193854,0.1
2015-06-30 14:00:00,0.36174778761061943,0.2200709219858156,0.5895941686367218,0.0881159420289855
2015-06-30 15:00:00,0.36055309734513274,0.21524822695035462,0.5796808510638297,0.08855072463768116
2015-06-30 16:00:00,0.3606637168141593,0.21524822695035462,0.5762884160756502,0.08289855072463768
2015-06-30 17:00:00,0.36143805309734517,0.21574468085106382,0.5762923561859732,0.06173913043478261
2015-06-30 18:00:00,0.3610176991150442,0.21531914893617024,0.5712765957446808,0.06072463768115942
2015-06-30 19:00:00,0.3602654867256637,0.21581560283687945,0.5617888100866825,0.05188405797101449
2015-06-30 20:00:00,0.36095132743362834,0.21574468085106382,0.5547202521670607,0.05536231884057972
2015-06-30 21:00:00,0.35962389380530974,0.2170212765957447,0.5123837667454688,0.045072463768115946
2015-06-30 22:00:00,0.3593362831858407,0.21773049645390072,0.4789637509850276,0.12681159420289856
2015-06-30 23:00:00,0.3591371681415929,0.2175177304964539,0.4538455476753349,0.12405797101449274
2015-07-01 00:00:00,0.3588716814159292,0.2173758865248227,0.4269503546099291,0.1371014492753623
2015-07-01 01:00:00,0.3577654867256637,0.2174468085106383,0.4111150512214342,0.14695652173913043
2015-07-01 02:00:00,0.3559955752212389,0.21780141843971632,0.41026004728132387,0.1463768115942029
2015-07-01 03:00:00,0.35418141592920355,0.2180141843971631,0.46243104806934593,0.1608695652173913
2015-07-01 04:00:00,0.3504867256637168,0.21773049645390072,0.5226792750197006,0.15710144927536232
2015-07-01 05:00:00,0.3516150442477876,0.21780141843971632,0.56623719464145,0.13478260869565217
2015-07-01 06:00:00,0.35272123893805307,0.2180141843971631,0.5907683215130024,0.11463768115942029
2015-07-01 07:00:00,0.35201327433628316,0.21822695035460993,0.5909810874704492,0.12492753623188406
2015-07-01 08:00:00,0.3495353982300885,0.2178723404255319,0.5925216706067771,0.12594202898550724
2015-07-01 09:00:00,0.35095132743362834,0.21773049645390072,0.5883806146572104,0.12811594202898552
2015-07-01 10:00:00,0.3513274336283186,0.21680851063829787,0.5781048069345941,0.12492753623188406
2015-07-01 11:00:00,0.35095132743362834,0.21609929078014184,0.5662647754137116,0.14304347826086958
2015-07-01 12:00:00,0.3499336283185841,0.21666666666666667,0.5626438140267928,0.1582608695652174
2015-07-01 13:00:00,0.34951327433628315,0.21510638297872342,0.5697990543735224,0.23217391304347823
2015-07-01 14:00:00,0.35030973451327435,0.2142553191489362,0.5738810086682428,0.30057971014492757
2015-07-01 15:00:00,0.349358407079646,0.2142553191489362,0.5659535066981876,0.3085507246376812
2015-07-01 16:00:00,0.3489159292035398,0.2147517730496454,0.5555949566587864,0.2534782608695652
2015-07-01 17:00:00,0.3486725663716814,0.2153900709219858,0.550177304964539,0.23869565217391303
2015-07-01 18:00:00,0.35513274336283185,0.2150354609929078,0.5265799842395588,0.24159420289855071
2015-07-01 19:00:00,0.35566371681415926,0.21546099290780144,0.49991331757289204,0.1991304347826087
2015-07-01 20:00:00,0.3565265486725664,0.21645390070921985,0.47353821907013394,0.2072463768115942
2015-07-01 21:00:00,0.359070796460177,0.2150354609929078,0.4349763593380615,0.1927536231884058
2015-07-01 22:00:00,0.3570132743362832,0.21496453900709223,0.37724192277383767,0.2018840579710145
2015-07-01 23:00:00,0.35469026548672566,0.18553191489361703,0.33882584712371944,0.23623188405797102
2015-07-02 00:00:00,0.3547787610619469,0.18716312056737586,0.3159692671394799,0.2555072463768116
2015-07-02 01:00:00,0.3566371681415929,0.21808510638297873,0.30542159180457057,0.2517391304347826
2015-07-02 02:00:00,0.3561283185840708,0.2150354609929078,0.3045193065405831,0.26
2015-07-02 03:00:00,0.357146017699115,0.21680851063829787,0.34026004728132386,0.2723188405797102
2015-07-02 04:00:00,0.3575884955752212,0.21652482269503548,0.41177304964539,0.2778260869565217
2015-07-02 05:00:00,0.36172566371681414,0.21666666666666667,0.4893735224586288,0.3053623188405797
2015-07-02 06:00:00,0.36515486725663715,0.20886524822695035,0.5354491725768322,0.34289855072463765
2015-07-02 07:00:00,0.3639159292035398,0.20751773049645392,0.5425925925925926,0.3411594202898551
2015-07-02 08:00:00,0.3623672566371682,0.20673758865248226,0.5365445232466509,0.3471014492753623
2015-07-02 09:00:00,0.3618362831858407,0.2099290780141844,0.5202442868400315,0.32507246376811594
2015-07-02 10:00:00,0.36283185840707965,0.21248226950354612,0.4997084318360914,0.33289855072463764
2015-07-02 11:00:00,0.3638053097345133,0.2117730496453901,0.49153664302600475,0.33260869565217394
2015-07-02 12:00:00,0.36515486725663715,0.21248226950354612,0.48164302600472814,0.3156521739130435
2015-07-02 13:00:00,0.3636283185840708,0.21219858156028368,0.4617218282111899,0.3159420289855073
2015-07-02 14:00:00,0.3647566371681416,0.2119148936170213,0.4553230890464933,0.33652173913043476
2015-07-02 15:00:00,0.3648893805309734,0.22524822695035462,0.46457840819542945,0.3508695652173913
2015-07-02 16:00:00,0.36493362831858406,0.24177304964539006,0.47763593380614655,0.3217391304347826
2015-07-02 17:00:00,0.3641371681415929,0.24156028368794327,0.47620567375886524,0.3159420289855073
2015-07-02 18:00:00,0.3640265486725664,0.24163120567375887,0.4728920409771474,0.2982608695652174
2015-07-02 19:00:00,0.3633628318584071,0.2422695035460993,0.44307328605200946,0.2898550724637681
2015-07-02 20:00:00,0.36327433628318584,0.2424822695035461,0.4091804570527975,0.3227536231884058
2015-07-02 21:00:00,0.36241150442477876,0.24397163120567375,0.36952324665090625,0.32869565217391306
2015-07-02 22:00:00,0.3606637168141593,0.2502836879432624,0.3267415287628054,0.30347826086956525
2015-07-02 23:00:00,0.35962389380530974,0.2509929078014184,0.3253743104806935,0.3902898550724638
2015-07-03 00:00:00,0.3594690265486726,0.25056737588652483,0.3233766745468873,0.3656521739130435
2015-07-03 01:00:00,0.35975663716814155,0.25,0.3229944838455477,0.23362318840579707
2015-07-03 02:00:00,0.3598672566371681,0.2509219858156028,0.31053191489361703,0.20695652173913046
2015-07-03 03:00:00,0.36115044247787614,0.251063829787234,0.3275689519306541,0.19666666666666666
2015-07-03 04:00:00,0.36263274336283186,0.25141843971631206,0.4345547675334909,0.21884057971014492
2015-07-03 05:00:00,0.36555309734513275,0.25113475177304967,0.5349487785657998,0.16999999999999998
2015-07-03 06:00:00,0.3642477876106195,0.24609929078014184,0.5632387706855791,0.18608695652173915
2015-07-03 07:00:00,0.3643805309734513,0.2195744680851064,0.56451536643026,0.22391304347826088
2015-07-03 08:00:00,0.36668141592920356,0.2198581560283688,0.5845429472025216,0.1810144927536232
2015-07-03 09:00:00,0.36460176991150445,0.2198581560283688,0.5708904649330182,0.28898550724637684
2015-07-03 10:00:00,0.3631194690265487,0.2195744680851064,0.5562923561859733,0.22043478260869565
2015-07-03 11:00:00,0.3638495575221239,0.21978723404255318,0.5548423955870764,0.22275362318840577
2015-07-03 12:00:00,0.3627654867256637,0.21978723404255318,0.5540819542947203,0.19391304347826088
2015-07-03 13:00:00,0.36347345132743364,0.21943262411347517,0.543049645390071,0.1726086956521739
2015-07-03 14:00:00,0.3597345132743363,0.2204255319148936,0.5216390858944051,0.18985507246376812
2015-07-03 15:00:00,0.359358407079646,0.2475177304964539,0.5262765957446809,0.2082608695652174
2015-07-03 16:00:00,0.358495575221239,0.2473758865248227,0.5249763593380614,0.2491304347826087
2015-07-03 17:00:00,0.3588938053097345,0.24730496453900708,0.5164736012608353,0.2855072463768116
2015-07-03 18:00:00,0.3585398230088495,0.2480141843971631,0.49206067769897555,0.21884057971014492
2015-07-03 19:00:00,0.35953539823008845,0.24843971631205675,0.4619661150512215,0.2697101449275362
2015-07-03 20:00:00,0.3598008849557522,0.2481560283687943,0.45902679275019703,0.2136231884057971
2015-07-03 21:00:00,0.3580973451327433,0.24865248226950357,0.42445626477541376,0.22130434782608693
2015-07-03 22:00:00,0.35176991150442477,0.2481560283687943,0.3996138691883373,0.24956521739130433
2015-07-03 23:00:00,0.35252212389380533,0.24836879432624112,0.3884791174152876,0.22768115942028985
2015-07-04 00:00:00,0.3515265486725664,0.24900709219858158,0.3789992119779354,0.21753623188405796
2015-07-04 01:00:00,0.3503982300884956,0.24858156028368794,0.36229708431836094,0.20028985507246375
2015-07-04 02:00:00,0.35008849557522126,0.2509929078014184,0.34944444444444445,0.19463768115942032
2015-07-04 03:00:00,0.3497787610619469,0.25120567375886527,0.35471237194641453,0.16666666666666666
2015-07-04 04:00:00,0.35033185840707964,0.25042553191489364,0.3596335697399527,0.156231884057971
2015-07-04 05:00:00,0.3551769911504425,0.25113475177304967,0.40584712371946413,0.15347826086956523
2015-07-04 06:00:00,0.35376106194690266,0.2508510638297872,0.4425768321513002,0.15985507246376812
2015-07-04 07:00:00,0.354646017699115,0.2519148936170213,0.469558707643814,0.13840579710144926
2015-07-04 08:00:00,0.3547787610619469,0.2524113475177305,0.48729708431836094,0.1373913043478261
2015-07-04 09:00:00,0.3511061946902655,0.2518439716312057,0.4982505910165485,0.14652173913043479
2015-07-04 10:00:00,0.34966814159292037,0.25042553191489364,0.4932348305752561,0.13014492753623189
2015-07-04 11:00:00,0.3493141592920354,0.2502127659574468,0.47832151300236403,0.1491304347826087
2015-07-04 12:00:00,0.3503761061946903,0.251063829787234,0.46756501182033094,0.17797101449275363
2015-07-04 13:00:00,0.34966814159292037,0.2507801418439716,0.4597872340425532,0.2210144927536232
2015-07-04 14:00:00,0.35081858407079647,0.25070921985815603,0.4690661938534279,0.2539130434782609
2015-07-04 15:00:00,0.3511725663716814,0.2502836879432624,0.47436170212765955,0.2592753623188406
2015-07-04 16:00:00,0.35084070796460176,0.2508510638297872,0.4737431048069346,0.23405797101449274
2015-07-04 17:00:00,0.35196902654867257,0.25056737588652483,0.47410559495665877,0.2310144927536232
2015-07-04 18:00:00,0.35199115044247786,0.25127659574468086,0.4665405831363278,0.2218840579710145
2015-07-04 19:00:00,0.3512389380530973,0.2509219858156028,0.45999999999999996,0.2056521739130435
2015-07-04 20:00:00,0.3504203539823009,0.25120567375886527,0.4598542159180457,0.21347826086956523
2015-07-04 21:00:00,0.3506858407079646,0.2507801418439716,0.4429472025216706,0.23173913043478261
2015-07-04 22:00:00,0.35055309734513274,0.2509219858156028,0.40968873128447597,0.24159420289855071
2015-07-04 23:00:00,0.3522566371681416,0.2519148936170213,0.39192671394799056,0.25782608695652176
2015-07-05 00:00:00,0.353141592920354,0.25113475177304967,0.39044917257683215,0.27405797101449275
2015-07-05 01:00:00,0.353141592920354,0.2509219858156028,0.3968479117415288,0.27
2015-07-05 02:00:00,0.35223451327433625,0.251063829787234,0.3905082742316785,0.2492753623188406
2015-07-05 03:00:00,0.352853982300885,0.2518439716312057,0.37340425531914895,0.22594202898550725
2015-07-05 04:00:00,0.35283185840707965,0.25134751773049646,0.3869858156028369,0.1956521739130435
2015-07-05 05:00:00,0.35603982300884957,0.2519148936170213,0.4124113475177305,0.19376811594202897
2015-07-05 06:00:00,0.3560619469026549,0.2519148936170213,0.4454806934594168,0.1810144927536232
2015-07-05 07:00:00,0.3573230088495575,0.25156028368794325,0.48572498029944844,0.1663768115942029
2015-07-05 08:00:00,0.3567256637168142,0.25156028368794325,0.505665878644602,0.15333333333333332
2015-07-05 09:00:00,0.35617256637168143,0.2509219858156028,0.5108550039401103,0.14521739130434783
2015-07-05 10:00:00,0.35659292035398227,0.25141843971631206,0.510043341213554,0.1673913043478261
2015-07-05 11:00:00,0.35646017699115046,0.2507801418439716,0.5058195429472025,0.1592753623188406
2015-07-05 12:00:00,0.3568362831858407,0.2508510638297872,0.5028920409771473,0.1344927536231884
2015-07-05 13:00:00,0.3579646017699115,0.24978723404255318,0.5044011032308905,0.13579710144927537
2015-07-05 14:00:00,0.3575884955752212,0.2501418439716312,0.5045074862096138,0.1310144927536232
2015-07-05 15:00:00,0.3565265486725664,0.2502836879432624,0.5084712371946415,0.13144927536231885
2015-07-05 16:00:00,0.356216814159292,0.2497163120567376,0.5090661938534279,0.11202898550724637
2015-07-05 17:00:00,0.356858407079646,0.25049645390070924,0.5050748620961386,0.11956521739130435
2015-07-05 18:00:00,0.3556194690265487,0.2500709219858156,0.4982663514578408,0.1255072463768116
2015-07-05 19:00:00,0.35469026548672566,0.25063829787234043,0.4826044129235619,0.12710144927536232
2015-07-05 20:00:00,0.35836283185840706,0.2507801418439716,0.47532702915681635,0.11594202898550725
2015-07-05 21:00:00,0.3573451327433628,0.25042553191489364,0.44088258471237196,0.12130434782608696
2015-07-05 22:00:00,0.35418141592920355,0.2520567375886525,0.3883254531126872,0.13434782608695653
2015-07-05 23:00:00,0.35577433628318583,0.2519858156028369,0.3438967691095351,0.13217391304347825
2015-07-06 00:00:00,0.3561504424778761,0.2518439716312057,0.32466115051221434,0.1453623188405797
2015-07-06 01:00:00,0.35727876106194695,0.25177304964539005,0.29788810086682427,0.15840579710144928
2015-07-06 02:00:00,0.3574778761061947,0.25177304964539005,0.2741292356185973,0.17376811594202898
2015-07-06 03:00:00,0.35727876106194695,0.2522695035460993,0.2907486209613869,0.20478260869565218
2015-07-06 04:00:00,0.35800884955752216,0.25120567375886527,0.3649369582348306,0.22782608695652173
2015-07-06 05:00:00,0.36464601769911503,0.25170212765957445,0.41540189125295507,0.27753623188405796
2015-07-06 06:00:00,0.3643805309734513,0.2519148936170213,0.44818754925137905,0.29681159420289854
2015-07-06 07:00:00,0.3630088495575221,0.2278014184397163,0.4576910953506699,0.26869565217391306
2015-07-06 08:00:00,0.36376106194690266,0.22574468085106383,0.48304176516942476,0.2718840579710145
2015-07-06 09:00:00,0.3629424778761062,0.22482269503546098,0.47436958234830573,0.2742028985507246
2015-07-06 10:00:00,0.3620575221238938,0.22326241134751773,0.4552679275019701,0.3301449275362319
2015-07-06 11:00:00,0.3636061946902655,0.22368794326241134,0.4458550039401103,0.3869565217391304
2015-07-06 12:00:00,0.36329646017699113,0.22312056737588654,0.4355043341213554,0.447536231884058
2015-07-06 13:00:00,0.36150442477876105,0.22120567375886524,0.4245981087470449,0.4230434782608695
2015-07-06 14:00:00,0.3607300884955752,0.22184397163120567,0.4124152876280536,0.39550724637681156
2015-07-06 15:00:00,0.36283185840707965,0.22191489361702127,0.41295114263199373,0.44971014492753625
2015-07-06 16:00:00,0.3638053097345133,0.22276595744680852,0.4173404255319149,0.43884057971014495
2015-07-06 17:00:00,0.3624778761061947,0.2221985815602837,0.42027580772261625,0.4156521739130435
2015-07-06 18:00:00,0.3610176991150442,0.22333333333333333,0.4233490937746257,0.4078260869565217
2015-07-06 19:00:00,0.36119469026548673,0.2230496453900709,0.4213632781717888,0.4031884057971014
2015-07-06 20:00:00,0.3625221238938053,0.22390070921985814,0.41829787234042554,0.43478260869565216
2015-07-06 21:00:00,0.36172566371681414,0.22432624113475177,0.38342395587076433,0.45855072463768115
2015-07-06 22:00:00,0.362787610619469,0.22368794326241134,0.3273955870764381,0.39
2015-07-06 23:00:00,0.36387168141592924,0.22404255319148936,0.3383451536643026,0.42811594202898545
2015-07-07 00:00:00,0.3637389380530973,0.22397163120567376,0.33350669818754924,0.4191304347826087
2015-07-07 01:00:00,0.3636061946902655,0.22404255319148936,0.3326280535855004,0.4017391304347826
2015-07-07 02:00:00,0.3632300884955752,0.22411347517730495,0.32518912529550825,0.263768115942029
2015-07-07 03:00:00,0.36480088495575225,0.22397163120567376,0.3627659574468085,0.23521739130434785
2015-07-07 04:00:00,0.3667699115044248,0.22397163120567376,0.4174665090622537,0.22130434782608693
2015-07-07 05:00:00,0.3707300884955752,0.22099290780141845,0.4629550827423168,0.21260869565217388
2015-07-07 06:00:00,0.3699557522123894,0.22070921985815603,0.4907446808510638,0.31072463768115943
2015-07-07 07:00:00,0.37015486725663715,0.22021276595744682,0.5087273443656423,0.28753623188405797
2015-07-07 08:00:00,0.37059734513274334,0.2199290780141844,0.5163553979511426,0.23623188405797102
2015-07-07 09:00:00,0.3683407079646018,0.219645390070922,0.5093656422379826,0.21347826086956523
2015-07-07 10:00:00,0.37119469026548674,0.2195744680851064,0.508183609141056,0.20695652173913046
2015-07-07 11:00:00,0.37203539823008847,0.22127659574468084,0.5091489361702128,0.21753623188405796
2015-07-07 12:00:00,0.36991150442477877,0.22368794326241134,0.5112687155240346,0.233768115942029
2015-07-07 13:00:00,0.3693362831858407,0.22418439716312058,0.5391568163908589,0.2528985507246377
2015-07-07 14:00:00,0.36849557522123894,0.22333333333333333,0.5493341213553979,0.29405797101449277
2015-07-07 15:00:00,0.3689159292035398,0.2245390070921986,0.549909377462569,0.30681159420289855
2015-07-07 16:00:00,0.36920353982300885,0.2247517730496454,0.5447241922773838,0.29217391304347823
2015-07-07 17:00:00,0.3696681415929204,0.22439716312056737,0.5408628841607566,0.24710144927536232
2015-07-07 18:00:00,0.3695796460176991,0.22617021276595742,0.5421315996847912,0.22144927536231887
2015-07-07 19:00:00,0.3696902654867257,0.22560283687943264,0.5305910165484633,0.18898550724637683
2015-07-07 20:00:00,0.3681858407079646,0.22524822695035462,0.5021000788022064,0.20057971014492754
2015-07-07 21:00:00,0.3686283185840708,0.22673758865248225,0.46756107171000794,0.18333333333333332
2015-07-07 22:00:00,0.3663274336283186,0.22624113475177304,0.4276674546887313,0.1118840579710145
2015-07-07 23:00:00,0.3636283185840708,0.22595744680851065,0.40089440504334123,0.11768115942028987
2015-07-08 00:00:00,0.3623672566371682,0.2273049645390071,0.3856698187549251,0.09942028985507245
2015-07-08 01:00:00,0.36159292035398233,0.2273758865248227,0.3731481481481482,0.09623188405797102
2015-07-08 02:00:00,0.3613495575221239,0.2278014184397163,0.36989755713159966,0.08536231884057971
2015-07-08 03:00:00,0.361858407079646,0.2271631205673759,0.3765563435776202,0.09855072463768116
2015-07-08 04:00:00,0.36245575221238935,0.22744680851063828,0.41990149724192277,0.06753623188405797
2015-07-08 05:00:00,0.36880530973451325,0.22744680851063828,0.48457840819542947,0.07246376811594203
2015-07-08 06:00:00,0.37095132743362835,0.2273758865248227,0.5230457052797478,0.05913043478260869
2015-07-08 07:00:00,0.37194690265486724,0.22695035460992907,0.5375768321513003,0.05188405797101449
2015-07-08 08:00:00,0.3705309734513274,0.225177304964539,0.5444208037825059,0.04449275362318841
2015-07-08 09:00:00,0.37108407079646016,0.2245390070921986,0.5398778565799842,0.053913043478260876
2015-07-08 10:00:00,0.36829646017699114,0.22198581560283687,0.5186524822695036,0.07072463768115941
2015-07-08 11:00:00,0.36480088495575225,0.22120567375886524,0.5077147360126083,0.09434782608695651
2015-07-08 12:00:00,0.36398230088495576,0.21780141843971632,0.4985263987391647,0.12565217391304348
2015-07-08 13:00:00,0.3620575221238938,0.2170921985815603,0.486016548463357,0.176231884057971
2015-07-08 14:00:00,0.3635840707964602,0.2170921985815603,0.4761189913317573,0.20550724637681161
2015-07-08 15:00:00,0.3638274336283186,0.21361702127659574,0.4736485421591805,0.2918840579710145
2015-07-08 16:00:00,0.36254424778761063,0.21198581560283686,0.47397951142631994,0.3788405797101449
2015-07-08 17:00:00,0.3621460176991151,0.21127659574468083,0.45221434200157606,0.4784057971014493
2015-07-08 18:00:00,0.36553097345132746,0.2117730496453901,0.4296099290780142,0.5421739130434783
2015-07-08 19:00:00,0.3672566371681416,0.21248226950354612,0.4067415287628054,0.6136231884057971
2015-07-08 20:00:00,0.3671017699115044,0.21297872340425533,0.3926713947990544,0.663623188405797
2015-07-08 21:00:00,0.3665929203539823,0.21340425531914892,0.3622301024428684,0.6210144927536232
2015-07-08 22:00:00,0.35902654867256634,0.21482269503546098,0.33504728132387707,0.6020289855072464
2015-07-08 23:00:00,0.359358407079646,0.2153900709219858,0.30997635933806145,0.5815942028985508
2015-07-09 00:00:00,0.3600663716814159,0.21638297872340428,0.2970488573680063,0.4918840579710145
2015-07-09 01:00:00,0.3598672566371681,0.21695035460992906,0.2894917257683215,0.4688405797101449
2015-07-09 02:00:00,0.3605309734513274,0.2168794326241135,0.28198581560283686,0.4489855072463768
2015-07-09 03:00:00,0.3607522123893805,0.2170212765957447,0.3029866036249015,0.42666666666666664
2015-07-09 04:00:00,0.3605088495575221,0.215531914893617,0.3623207249802995,0.3853623188405797
2015-07-09 05:00:00,0.3606194690265487,0.2153900709219858,0.40817178881008664,0.3507246376811594
2015-07-09 06:00:00,0.361858407079646,0.21510638297872342,0.4368479117415288,0.3408695652173913
2015-07-09 07:00:00,0.3625221238938053,0.2102836879432624,0.4528723404255319,0.37144927536231886
2015-07-09 08:00:00,0.3650663716814159,0.2122695035460993,0.48246650906225375,0.40405797101449276
2015-07-09 09:00:00,0.3647566371681416,0.21070921985815605,0.4850669818754925,0.4247826086956522
2015-07-09 10:00:00,0.3617699115044248,0.20936170212765956,0.4746808510638298,0.4373913043478261
2015-07-09 11:00:00,0.36194690265486723,0.20822695035460995,0.4696532702915681,0.4476811594202898
2015-07-09 12:00:00,0.35960176991150444,0.2079432624113475,0.45829787234042557,0.4410144927536232
2015-07-09 13:00:00,0.3583849557522124,0.2078014184397163,0.43690307328605205,0.4473913043478261
2015-07-09 14:00:00,0.35902654867256634,0.20879432624113473,0.41638297872340424,0.45072463768115945
2015-07-09 15:00:00,0.35951327433628316,0.21404255319148938,0.4163869188337273,0.4639130434782609
2015-07-09 16:00:00,0.361216814159292,0.21567375886524826,0.41671000788022067,0.48231884057971014
2015-07-09 17:00:00,0.36057522123893804,0.2146099290780142,0.4121118991331757,0.4389855072463768
2015-07-09 18:00:00,0.35949115044247787,0.21617021276595746,0.39627265563435776,0.4621739130434782
2015-07-09 19:00:00,0.35953539823008845,0.21914893617021278,0.3782190701339638,0.4408695652173913
2015-07-09 20:00:00,0.3608185840707965,0.22092198581560285,0.3603782505910165,0.4263768115942029
2015-07-09 21:00:00,0.3602654867256637,0.22063829787234043,0.33566587864460207,0.4272463768115942
2015-07-09 22:00:00,0.35856194690265486,0.22070921985815603,0.2943932230102443,0.40927536231884054
2015-07-09 23:00:00,0.35951327433628316,0.2220567375886525,0.27908983451536645,0.427536231884058
2015-07-10 00:00:00,0.3603982300884956,0.2230496453900709,0.27596926713947995,0.40492753623188404
2015-07-10 01:00:00,0.36035398230088495,0.2225531914893617,0.27505516154452325,0.3805797101449276
2015-07-10 02:00:00,0.35942477876106194,0.22170212765957448,0.2646493301812451,0.4053623188405797
2015-07-10 03:00:00,0.3586283185840708,0.2224822695035461,0.2835973207249803,0.36043478260869566
2015-07-10 04:00:00,0.3586504424778761,0.2230496453900709,0.34724192277383764,0.35
2015-07-10 05:00:00,0.3629424778761062,0.22276595744680852,0.38276989755713164,0.37318840579710144
2015-07-10 06:00:00,0.3625221238938053,0.22283687943262412,0.4087549251379039,0.34652173913043477
2015-07-10 07:00:00,0.3642477876106195,0.2225531914893617,0.4290898345153664,0.3476811594202899
2015-07-10 08:00:00,0.3625663716814159,0.22326241134751773,0.44245468873128446,0.31231884057971016
2015-07-10 09:00:00,0.36219026548672567,0.22177304964539007,0.43163120567375884,0.3020289855072464
2015-07-10 10:00:00,0.36190265486725665,0.2204964539007092,0.4228723404255319,0.27695652173913043
2015-07-10 11:00:00,0.35940265486725664,0.2221985815602837,0.416769109535067,0.3008695652173913
2015-07-10 12:00:00,0.3617699115044248,0.2221985815602837,0.4082269503546099,0.29942028985507246
2015-07-10 13:00:00,0.3625,0.2221985815602837,0.40260441292356186,0.3020289855072464
2015-07-10 14:00:00,0.36188053097345135,0.2221985815602837,0.4030732860520095,0.3001449275362319
2015-07-10 15:00:00,0.361858407079646,0.2221985815602837,0.4165011820330969,0.2657971014492754
2015-07-10 16:00:00,0.3621460176991151,0.2221985815602837,0.425220646178093,0.26
2015-07-10 17:00:00,0.36245575221238935,0.2221985815602837,0.4308037825059101,0.22217391304347828
2015-07-10 18:00:00,0.3614601769911504,0.2221985815602837,0.44397163120567373,0.1991304347826087
2015-07-10 19:00:00,0.36143805309734517,0.2221985815602837,0.446946414499606,0.1644927536231884
2015-07-10 20:00:00,0.3616371681415929,0.2221985815602837,0.46539401103230893,0.13869565217391305
2015-07-10 21:00:00,0.35988938053097347,0.2221985815602837,0.449866036249015,0.10130434782608697
2015-07-10 22:00:00,0.350641592920354,0.24794326241134754,0.3994050433412135,0.07304347826086956
2015-07-10 23:00:00,0.3500442477876106,0.2473758865248227,0.38307722616233253,0.06086956521739131
2015-07-11 00:00:00,0.35261061946902655,0.2481560283687943,0.38028368794326245,0.05927536231884058
2015-07-11 01:00:00,0.352853982300885,0.24865248226950357,0.3731284475965327,0.05608695652173913
2015-07-11 02:00:00,0.35201327433628316,0.2493617021276596,0.35994483845547676,0.06753623188405797
2015-07-11 03:00:00,0.35232300884955753,0.2495035460992908,0.3715957446808511,0.07318840579710145
2015-07-11 04:00:00,0.35243362831858405,0.2498581560283688,0.3787037037037037,0.10739130434782608
2015-07-11 05:00:00,0.3520575221238938,0.250354609929078,0.41960598896769113,0.11536231884057971
2015-07-11 06:00:00,0.3533628318584071,0.25,0.4610204885736801,0.11115942028985508
2015-07-11 07:00:00,0.35418141592920355,0.24914893617021278,0.49348699763593384,0.12086956521739131
2015-07-11 08:00:00,0.35376106194690266,0.24957446808510636,0.514468085106383,0.14391304347826087
2015-07-11 09:00:00,0.35331858407079647,0.24964539007092199,0.5226201733648542,0.15884057971014492
2015-07-11 10:00:00,0.35331858407079647,0.24900709219858158,0.5158274231678487,0.1617391304347826
2015-07-11 11:00:00,0.35305309734513274,0.24900709219858158,0.5063317572892041,0.15985507246376812
2015-07-11 12:00:00,0.353429203539823,0.24914893617021278,0.49415681639085896,0.14768115942028986
2015-07-11 13:00:00,0.3536061946902655,0.24957446808510636,0.491327817178881,0.14333333333333334
2015-07-11 14:00:00,0.3545353982300885,0.24964539007092199,0.4870094562647754,0.15753623188405796
2015-07-11 15:00:00,0.3533628318584071,0.24893617021276596,0.49889282899921195,0.1634782608695652
2015-07-11 16:00:00,0.35232300884955753,0.24957446808510636,0.5011189913317573,0.16666666666666666
2015-07-11 17:00:00,0.35210176991150444,0.24872340425531914,0.5005634357762017,0.16579710144927537
2015-07-11 18:00:00,0.3513938053097345,0.2502836879432624,0.4963435776201734,0.1627536231884058
2015-07-11 19:00:00,0.3525663716814159,0.2502127659574468,0.49325847123719463,0.166231884057971
2015-07-11 20:00:00,0.3523451327433628,0.24914893617021278,0.48869976359338063,0.13971014492753625
2015-07-11 21:00:00,0.35077433628318583,0.25,0.4659850275807723,0.12289855072463768
2015-07-11 22:00:00,0.3459734513274336,0.24851063829787232,0.4174192277383767,0.13536231884057973
2015-07-11 23:00:00,0.34491150442477875,0.24957446808510636,0.3923680063041765,0.13521739130434782
2015-07-12 00:00:00,0.34533185840707964,0.24907801418439715,0.37612293144208037,0.1398550724637681
2015-07-12 01:00:00,0.3453982300884956,0.24886524822695033,0.3625847123719464,0.14260869565217393
2015-07-12 02:00:00,0.3448230088495575,0.24964539007092199,0.3487312844759653,0.1481159420289855
2015-07-12 03:00:00,0.34455752212389384,0.25063829787234043,0.35159180457052797,0.16826086956521738
2015-07-12 04:00:00,0.34471238938053095,0.2502127659574468,0.361241134751773,0.13376811594202898
2015-07-12 05:00:00,0.3450221238938053,0.2498581560283688,0.3851142631993696,0.12217391304347826
2015-07-12 06:00:00,0.3445132743362832,0.2498581560283688,0.41303782505910164,0.10898550724637682
2015-07-12 07:00:00,0.3460619469026549,0.2498581560283688,0.44802600472813237,0.09579710144927535
2015-07-12 08:00:00,0.34648230088495574,0.2498581560283688,0.47245074862096137,0.1091304347826087
2015-07-12 09:00:00,0.3449778761061947,0.2498581560283688,0.4784318360914106,0.08768115942028985
2015-07-12 10:00:00,0.3451991150442478,0.2498581560283688,0.4669503546099291,0.07202898550724639
2015-07-12 11:00:00,0.34623893805309736,0.2498581560283688,0.4555003940110323,0.08724637681159421
2015-07-12 12:00:00,0.3465265486725664,0.2498581560283688,0.44357762017336483,0.09869565217391303
2015-07-12 13:00:00,0.3471238938053097,0.2498581560283688,0.441682427107959,0.11652173913043479
2015-07-12 14:00:00,0.3488495575221239,0.2498581560283688,0.45063041765169426,0.1246376811594203
2015-07-12 15:00:00,0.34938053097345134,0.2498581560283688,0.4651615445232466,0.1272463768115942
2015-07-12 16:00:00,0.34949115044247786,0.2498581560283688,0.47615839243498814,0.1082608695652174
2015-07-12 17:00:00,0.3492477876106195,0.2498581560283688,0.47904255319148936,0.10492753623188407
2015-07-12 18:00:00,0.34907079646017697,0.2498581560283688,0.4708589440504334,0.08289855072463768
2015-07-12 19:00:00,0.34946902654867257,0.2498581560283688,0.4630260047281324,0.07942028985507246
2015-07-12 20:00:00,0.34988938053097346,0.2498581560283688,0.45368794326241135,0.08420289855072464
2015-07-12 21:00:00,0.35035398230088494,0.2498581560283688,0.4366627265563436,0.08608695652173913
2015-07-12 22:00:00,0.35245575221238934,0.24978723404255318,0.39697399527186766,0.11869565217391305
2015-07-12 23:00:00,0.34907079646017697,0.24914893617021278,0.38036249014972423,0.10608695652173913
2015-07-13 00:00:00,0.3493141592920354,0.24978723404255318,0.3748502758077226,0.09405797101449276
2015-07-13 01:00:00,0.34853982300884956,0.25063829787234043,0.3698739164696611,0.09492753623188406
2015-07-13 02:00:00,0.34783185840707964,0.24886524822695033,0.3661189913317573,0.12956521739130436
2015-07-13 03:00:00,0.3492477876106195,0.24907801418439715,0.38742316784869973,0.11478260869565218
2015-07-13 04:00:00,0.3527654867256637,0.2507801418439716,0.4537352245862884,0.11072463768115944
2015-07-13 05:00:00,0.3555752212389381,0.25070921985815603,0.511461780929866,0.13681159420289857
2015-07-13 06:00:00,0.356570796460177,0.2502836879432624,0.5410756501182034,0.1527536231884058
2015-07-13 07:00:00,0.3607300884955752,0.2501418439716312,0.560882584712372,0.18072463768115943
2015-07-13 08:00:00,0.3629203539823009,0.25156028368794325,0.5807919621749409,0.18898550724637683
2015-07-13 09:00:00,0.3648672566371681,0.2519148936170213,0.5670646178092986,0.1836231884057971
2015-07-13 10:00:00,0.3660176991150443,0.2528368794326241,0.5664302600472814,0.22028985507246376
2015-07-13 11:00:00,0.36524336283185843,0.25460992907801416,0.5619582348305753,0.22608695652173913
2015-07-13 12:00:00,0.365641592920354,0.2550354609929078,0.5546335697399527,0.2843478260869565
2015-07-13 13:00:00,0.36484513274336283,0.2531914893617021,0.5464972419227738,0.2873913043478261
2015-07-13 14:00:00,0.3662389380530974,0.2524822695035461,0.5480457052797478,0.32115942028985506
2015-07-13 15:00:00,0.36464601769911503,0.25156028368794325,0.5398739164696611,0.27318840579710146
2015-07-13 16:00:00,0.36327433628318584,0.2521276595744681,0.531059889676911,0.23869565217391303
2015-07-13 17:00:00,0.3637389380530973,0.2523404255319149,0.5239558707643814,0.2210144927536232
2015-07-13 18:00:00,0.3639159292035398,0.25375886524822694,0.5128802206461781,0.20478260869565218
2015-07-13 19:00:00,0.3636061946902655,0.2533333333333333,0.5072695035460993,0.21710144927536235
2015-07-13 20:00:00,0.36329646017699113,0.24872340425531914,0.4971631205673759,0.20666666666666667
2015-07-13 21:00:00,0.3630973451327434,0.2493617021276596,0.4586603624901497,0.197536231884058
2015-07-13 22:00:00,0.3622566371681416,0.24929078014184397,0.4019582348305753,0.17652173913043478
2015-07-13 23:00:00,0.361216814159292,0.24879432624113476,0.38121355397951145,0.15347826086956523
2015-07-14 00:00:00,0.36152654867256634,0.24865248226950357,0.3689243498817967,0.13840579710144926
2015-07-14 01:00:00,0.3614601769911504,0.2493617021276596,0.3597990543735225,0.1363768115942029
2015-07-14 02:00:00,0.36168141592920355,0.2495035460992908,0.37065799842395586,0.13478260869565217
2015-07-14 03:00:00,0.36232300884955754,0.2500709219858156,0.3883687943262411,0.1308695652173913
2015-07-14 04:00:00,0.36234513274336283,0.24929078014184397,0.44874310480693463,0.1144927536231884
2015-07-14 05:00:00,0.36575221238938055,0.2493617021276596,0.49671788810086687,0.12956521739130436
2015-07-14 06:00:00,0.3709070796460177,0.24978723404255318,0.5276871552403467,0.15376811594202897
2015-07-14 07:00:00,0.37141592920353983,0.24730496453900708,0.5520685579196217,0.13652173913043478
2015-07-14 08:00:00,0.37097345132743365,0.24978723404255318,0.5627620173364855,0.16
2015-07-14 09:00:00,0.3704867256637168,0.24893617021276596,0.5664302600472814,0.14652173913043479
2015-07-14 10:00:00,0.3689159292035398,0.24872340425531914,0.5563553979511426,0.16869565217391305
2015-07-14 11:00:00,0.36920353982300885,0.24822695035460993,0.5540267927501971,0.18231884057971015
2015-07-14 12:00:00,0.36984513274336284,0.2480141843971631,0.5452915681639086,0.2017391304347826
2015-07-14 13:00:00,0.3675884955752212,0.24836879432624112,0.5397714736012609,0.22666666666666668
2015-07-14 14:00:00,0.3667477876106195,0.2481560283687943,0.5251654846335698,0.22840579710144926
2015-07-14 15:00:00,0.3673893805309734,0.2481560283687943,0.525665878644602,0.24695652173913044
2015-07-14 16:00:00,0.36787610619469024,0.24836879432624112,0.520437352245863,0.2492753623188406
2015-07-14 17:00:00,0.36712389380530974,0.24900709219858158,0.5079078014184397,0.2452173913043478
2015-07-14 18:00:00,0.3671017699115044,0.24872340425531914,0.4890977147360126,0.21942028985507248
2015-07-14 19:00:00,0.366858407079646,0.2495035460992908,0.4695665878644602,0.18884057971014495
2015-07-14 20:00:00,0.3664159292035398,0.24865248226950357,0.4481639085894405,0.18536231884057972
2015-07-14 21:00:00,0.3664380530973451,0.24914893617021278,0.40355791962174936,0.16666666666666666
2015-07-14 22:00:00,0.36079646017699113,0.24773049645390072,0.3527383766745469,0.18318840579710147
2015-07-14 23:00:00,0.36115044247787614,0.2473758865248227,0.32711189913317573,0.1727536231884058
2015-07-15 00:00:00,0.361570796460177,0.2476595744680851,0.3148502758077226,0.15072463768115943
2015-07-15 01:00:00,0.36179203539823007,0.24617021276595746,0.30977541371158396,0.1471014492753623
2015-07-15 02:00:00,0.3613495575221239,0.24624113475177303,0.30145390070921985,0.15072463768115943
2015-07-15 03:00:00,0.3625221238938053,0.24673758865248224,0.31298266351457843,0.1455072463768116
2015-07-15 04:00:00,0.364070796460177,0.2468794326241135,0.37936958234830576,0.12956521739130436
2015-07-15 05:00:00,0.3633185840707965,0.2473758865248227,0.4581993695823483,0.12840579710144925
2015-07-15 06:00:00,0.36150442477876105,0.2473758865248227,0.4936012608353034,0.14652173913043479
2015-07-15 07:00:00,0.35623893805309736,0.24829787234042555,0.5063632781717888,0.15159420289855072
2015-07-15 08:00:00,0.3561283185840708,0.24730496453900708,0.5043577620173365,0.17028985507246377
2015-07-15 09:00:00,0.35535398230088494,0.24695035460992906,0.5068754925137904,0.1836231884057971
2015-07-15 10:00:00,0.36150442477876105,0.24709219858156026,0.5009968479117415,0.21275362318840582
2015-07-15 11:00:00,0.36420353982300885,0.2476595744680851,0.4921158392434988,0.23043478260869565
2015-07-15 12:00:00,0.36212389380530974,0.2470212765957447,0.4853585500394011,0.2426086956521739
2015-07-15 13:00:00,0.36210176991150445,0.2468794326241135,0.47279747832939323,0.2455072463768116
2015-07-15 14:00:00,0.36179203539823007,0.24624113475177303,0.47541371158392437,0.24405797101449275
2015-07-15 15:00:00,0.36307522123893804,0.24680851063829787,0.48918045705279745,0.24942028985507245
2015-07-15 16:00:00,0.36234513274336283,0.2472340425531915,0.49758865248226947,0.25014492753623185
2015-07-15 17:00:00,0.36190265486725665,0.24716312056737588,0.4933490937746257,0.2482608695652174
2015-07-15 18:00:00,0.36117256637168144,0.24673758865248224,0.48399133175728926,0.223768115942029
2015-07-15 19:00:00,0.36152654867256634,0.24730496453900708,0.4756579984239559,0.20695652173913046
2015-07-15 20:00:00,0.36130530973451325,0.24822695035460993,0.4529511426319937,0.18159420289855072
2015-07-15 21:00:00,0.36241150442477876,0.24695035460992906,0.428983451536643,0.16420289855072465
2015-07-15 22:00:00,0.36172566371681414,0.24673758865248224,0.3799211977935382,0.1873913043478261
2015-07-15 23:00:00,0.36190265486725665,0.24588652482269502,0.3602718676122932,0.18724637681159417
2015-07-16 00:00:00,0.3623008849557522,0.2476595744680851,0.3483412135539795,0.17797101449275363
2015-07-16 01:00:00,0.3620575221238938,0.24659574468085105,0.33747044917257685,0.1827536231884058
2015-07-16 02:00:00,0.3609734513274336,0.24617021276595746,0.32204097714736013,0.1826086956521739
2015-07-16 03:00:00,0.36188053097345135,0.2456737588652482,0.3476674546887313,0.18492753623188404
2015-07-16 04:00:00,0.3620575221238938,0.24652482269503548,0.41695035460992913,0.1882608695652174
2015-07-16 05:00:00,0.3650663716814159,0.24716312056737588,0.47812056737588654,0.18782608695652173
2015-07-16 06:00:00,0.3665929203539823,0.24673758865248224,0.5125295508274231,0.24289855072463767
2015-07-16 07:00:00,0.36785398230088495,0.2424113475177305,0.5301457840819543,0.2910144927536232
2015-07-16 08:00:00,0.3679646017699115,0.24673758865248224,0.5381048069345942,0.3292753623188406
2015-07-16 09:00:00,0.36816371681415927,0.2478723404255319,0.5390070921985816,0.3020289855072464
2015-07-16 10:00:00,0.36692477876106194,0.24624113475177303,0.5260638297872341,0.26710144927536233
2015-07-16 11:00:00,0.36692477876106194,0.24631205673758866,0.5161702127659574,0.3073913043478261
2015-07-16 12:00:00,0.36743362831858406,0.24609929078014184,0.5012568951930654,0.28811594202898555
2015-07-16 13:00:00,0.366216814159292,0.24673758865248224,0.49079196217494087,0.30521739130434783
2015-07-16 14:00:00,0.3672566371681416,0.2473758865248227,0.49571315996847914,0.29144927536231885
2015-07-16 15:00:00,0.3663274336283186,0.24680851063829787,0.49418045705279745,0.3271014492753623
2015-07-16 16:00:00,0.3666592920353982,0.24638297872340423,0.4918912529550828,0.2979710144927536
2015-07-16 17:00:00,0.36692477876106194,0.24581560283687945,0.482478329393223,0.2734782608695652
2015-07-16 18:00:00,0.3660398230088496,0.24673758865248224,0.4676438140267927,0.2842028985507246
2015-07-16 19:00:00,0.3657079646017699,0.2460283687943262,0.45704885736800627,0.2015942028985507
2015-07-16 20:00:00,0.36610619469026545,0.245531914893617,0.44863278171788806,0.17159420289855074
2015-07-16 21:00:00,0.36575221238938055,0.2460283687943262,0.4144208037825059,0.14942028985507247
2015-07-16 22:00:00,0.3691150442477876,0.2460283687943262,0.3832348305752561,0.14376811594202898
2015-07-16 23:00:00,0.3679646017699115,0.24617021276595746,0.3605437352245863,0.14608695652173911
2015-07-17 00:00:00,0.3681858407079646,0.2472340425531915,0.3363120567375887,0.1191304347826087
2015-07-17 01:00:00,0.3682079646017699,0.24631205673758866,0.33106776989755715,0.12521739130434784
2015-07-17 02:00:00,0.36816371681415927,0.24638297872340423,0.32514972419227733,0.1471014492753623
2015-07-17 03:00:00,0.36714601769911503,0.24638297872340423,0.33943262411347513,0.15710144927536232
2015-07-17 04:00:00,0.36896017699115047,0.24617021276595746,0.39592592592592596,0.14840579710144927
2015-07-17 05:00:00,0.3699557522123894,0.24595744680851064,0.4743498817966903,0.14391304347826087
2015-07-17 06:00:00,0.368429203539823,0.24673758865248224,0.5044917257683215,0.16115942028985508
2015-07-17 07:00:00,0.37015486725663715,0.24617021276595746,0.5245193065405831,0.1572463768115942
2015-07-17 08:00:00,0.3702654867256637,0.24673758865248224,0.5315563435776202,0.1684057971014493
2015-07-17 09:00:00,0.36904867256637164,0.24695035460992906,0.5199448384554768,0.16695652173913045
2015-07-17 10:00:00,0.36953539823008846,0.24609929078014184,0.5018439716312056,0.16507246376811596
2015-07-17 11:00:00,0.3670132743362832,0.24546099290780143,0.4736485421591805,0.18057971014492752
2015-07-17 12:00:00,0.3670796460176991,0.24482269503546097,0.45485421591804576,0.17840579710144927
2015-07-17 13:00:00,0.3655752212389381,0.24652482269503548,0.439070133963751,0.16202898550724637
2015-07-17 14:00:00,0.3666592920353982,0.24574468085106382,0.4423719464144996,0.1736231884057971
2015-07-17 15:00:00,0.3675884955752212,0.24446808510638296,0.4589676910953507,0.1879710144927536
2015-07-17 16:00:00,0.3672787610619469,0.24390070921985815,0.45629629629629626,0.18811594202898552
2015-07-17 17:00:00,0.3670132743362832,0.24560283687943263,0.4378526398739165,0.18652173913043477
2015-07-17 18:00:00,0.3654867256637168,0.24638297872340423,0.41264775413711585,0.20463768115942027
2015-07-17 19:00:00,0.3638495575221239,0.24652482269503548,0.4000315208825847,0.24405797101449275
2015-07-17 20:00:00,0.363716814159292,0.24695035460992906,0.3885106382978723,0.2514492753623188
2015-07-17 21:00:00,0.36369469026548673,0.2473758865248227,0.3678802206461781,0.23898550724637682
2015-07-17 22:00:00,0.355,0.24638297872340423,0.33086682427107955,0.19260869565217392
2015-07-17 23:00:00,0.3577654867256637,0.24617021276595746,0.31578014184397163,0.22594202898550725
2015-07-18 00:00:00,0.35763274336283185,0.24673758865248224,0.30537825059101653,0.23420289855072463
2015-07-18 01:00:00,0.3568805309734513,0.24588652482269502,0.2994602048857368,0.24681159420289855
2015-07-18 02:00:00,0.3576991150442478,0.24695035460992906,0.29113081166272653,0.24173913043478262
2015-07-18 03:00:00,0.3571681415929204,0.2481560283687943,0.291682427107959,0.24434782608695652
2015-07-18 04:00:00,0.35659292035398227,0.24829787234042555,0.30383372734436564,0.2481159420289855
2015-07-18 05:00:00,0.35953539823008845,0.2478723404255319,0.3274822695035461,0.2556521739130435
2015-07-18 06:00:00,0.3594469026548673,0.2481560283687943,0.3519542947202522,0.25956521739130434
2015-07-18 07:00:00,0.3594469026548673,0.2476595744680851,0.360795902285264,0.26318840579710145
2015-07-18 08:00:00,0.36024336283185837,0.24851063829787232,0.3534751773049646,0.29898550724637685
2015-07-18 09:00:00,0.3600221238938053,0.2476595744680851,0.33895981087470445,0.366231884057971
2015-07-18 10:00:00,0.35991150442477876,0.24758865248226952,0.3252915681639086,0.3979710144927537
2015-07-18 11:00:00,0.359712389380531,0.23929078014184396,0.305929866036249,0.3881159420289855
2015-07-18 12:00:00,0.36199115044247787,0.23829787234042554,0.29779747832939324,0.39869565217391306
2015-07-18 13:00:00,0.36099557522123893,0.2378723404255319,0.2980890464933018,0.42565217391304344
2015-07-18 14:00:00,0.35953539823008845,0.2377304964539007,0.2912568951930654,0.39072463768115945
2015-07-18 15:00:00,0.3604867256637168,0.2377304964539007,0.2941055949566588,0.36391304347826087
2015-07-18 16:00:00,0.36159292035398233,0.23829787234042554,0.3091765169424744,0.3656521739130435
2015-07-18 17:00:00,0.35988938053097347,0.24063829787234042,0.30674940898345154,0.36942028985507247
2015-07-18 18:00:00,0.3592256637168142,0.24148936170212765,0.3072695035460993,0.3710144927536232
2015-07-18 19:00:00,0.35988938053097347,0.24319148936170212,0.31396375098502755,0.35826086956521735
2015-07-18 20:00:00,0.3604203539823009,0.2423404255319149,0.3307446808510638,0.3327536231884058
2015-07-18 21:00:00,0.35867256637168143,0.24716312056737588,0.32052009456264774,0.3104347826086956
2015-07-18 22:00:00,0.3579867256637168,0.24617021276595746,0.3099645390070922,0.21405797101449273
2015-07-18 23:00:00,0.3588495575221239,0.24886524822695033,0.29916469661150513,0.20695652173913046
2015-07-19 00:00:00,0.36022123893805313,0.24205673758865248,0.2947951142631994,0.19217391304347825
2015-07-19 01:00:00,0.36013274336283185,0.24829787234042555,0.2922655634357762,0.17101449275362318
2015-07-19 02:00:00,0.35814159292035397,0.24879432624113476,0.28926713947990546,0.15463768115942028
2015-07-19 03:00:00,0.3571681415929204,0.24822695035460993,0.28875886524822697,0.12637681159420291
2015-07-19 04:00:00,0.3600663716814159,0.2476595744680851,0.30828999211977937,0.10507246376811594
2015-07-19 05:00:00,0.3598672566371681,0.2481560283687943,0.32723010244286843,0.10666666666666666
2015-07-19 06:00:00,0.3610176991150442,0.24964539007092199,0.37053191489361703,0.09449275362318842
2015-07-19 07:00:00,0.3617699115044248,0.24829787234042555,0.40868794326241137,0.08391304347826087
2015-07-19 08:00:00,0.36159292035398233,0.2478014184397163,0.4237943262411347,0.09217391304347826
2015-07-19 09:00:00,0.36152654867256634,0.24716312056737588,0.4339598108747045,0.10144927536231885
2015-07-19 10:00:00,0.3630973451327434,0.24624113475177303,0.4351457840819543,0.10260869565217391
2015-07-19 11:00:00,0.36349557522123893,0.24531914893617018,0.4366154452324665,0.11855072463768115
2015-07-19 12:00:00,0.3625,0.2443971631205674,0.4387785657998424,0.11608695652173912
2015-07-19 13:00:00,0.3613274336283186,0.24397163120567375,0.44026398739164696,0.10333333333333333
2015-07-19 14:00:00,0.3607300884955752,0.24368794326241136,0.44321513002364066,0.10521739130434782
2015-07-19 15:00:00,0.36150442477876105,0.2453900709219858,0.46292356185973205,0.0953623188405797
2015-07-19 16:00:00,0.36092920353982305,0.2472340425531915,0.47624507486209616,0.11000000000000001
2015-07-19 17:00:00,0.36126106194690266,0.24482269503546097,0.47175334909377464,0.09753623188405797
2015-07-19 18:00:00,0.36130530973451325,0.24219858156028368,0.46577620173364853,0.09681159420289855
2015-07-19 19:00:00,0.36077433628318584,0.24141843971631205,0.4503900709219858,0.10521739130434782
2015-07-19 20:00:00,0.36092920353982305,0.24390070921985815,0.43996453900709215,0.13478260869565217
2015-07-19 21:00:00,0.36022123893805313,0.24588652482269502,0.40288810086682425,0.10753623188405798
2015-07-19 22:00:00,0.35699115044247787,0.24496453900709217,0.36657604412923567,0.10971014492753624
2015-07-19 23:00:00,0.358429203539823,0.2478723404255319,0.3579156816390859,0.08333333333333333
2015-07-20 00:00:00,0.35772123893805313,0.0999290780141844,0.34078802206461783,0.09855072463768116
2015-07-20 01:00:00,0.35834070796460177,0.0999290780141844,0.32701733648542164,0.10565217391304349
2015-07-20 02:00:00,0.3573451327433628,0.0999290780141844,0.3211150512214342,0.11623188405797102
2015-07-20 03:00:00,0.357146017699115,0.0999290780141844,0.32605988967691096,0.10594202898550724
2015-07-20 04:00:00,0.3586283185840708,0.0999290780141844,0.3742947202521671,0.08318840579710145
2015-07-20 05:00:00,0.36480088495575225,0.0999290780141844,0.4403821907013396,0.09347826086956522
2015-07-20 06:00:00,0.370641592920354,0.0999290780141844,0.47398739164696607,0.09246376811594202
2015-07-20 07:00:00,0.3696681415929204,0.0999290780141844,0.47714342001576043,0.08840579710144927
2015-07-20 08:00:00,0.3668141592920354,0.2178723404255319,0.48634751773049645,0.10188405797101449
2015-07-20 09:00:00,0.36577433628318584,0.2173758865248227,0.4760441292356186,0.09724637681159419
2015-07-20 10:00:00,0.3650663716814159,0.2172340425531915,0.4642986603624901,0.10492753623188407
2015-07-20 11:00:00,0.36606194690265487,0.21659574468085105,0.4612962962962963,0.11826086956521738
2015-07-20 12:00:00,0.3665929203539823,0.21482269503546098,0.4491765169424744,0.13144927536231885
2015-07-20 13:00:00,0.3677876106194691,0.21482269503546098,0.45820724980299443,0.13115942028985508
2015-07-20 14:00:00,0.36683628318584066,0.2153900709219858,0.46235618597320727,0.13797101449275362
2015-07-20 15:00:00,0.3664159292035398,0.21567375886524826,0.4874546887312845,0.13231884057971013
2015-07-20 16:00:00,0.3672787610619469,0.21602836879432627,0.5199763593380614,0.12652173913043477
2015-07-20 17:00:00,0.36734513274336283,0.21730496453900708,0.5168754925137904,0.1117391304347826
2015-07-20 18:00:00,0.36566371681415927,0.2175177304964539,0.5144759653270291,0.11536231884057971
2015-07-20 19:00:00,0.3657079646017699,0.21886524822695036,0.5083924349881797,0.10782608695652175
2015-07-20 20:00:00,0.3664159292035398,0.21900709219858158,0.5070133963750985,0.10884057971014492
2015-07-20 21:00:00,0.3669911504424779,0.22078014184397163,0.47575256107171005,0.10695652173913044
2015-07-20 22:00:00,0.36575221238938055,0.22056737588652484,0.41265563435776204,0.09797101449275361
2015-07-20 23:00:00,0.3656194690265486,0.22141843971631206,0.3850512214342002,0.08884057971014492
2015-07-21 00:00:00,0.3641592920353982,0.22134751773049646,0.3582781717888101,0.11304347826086956
2015-07-21 01:00:00,0.3646681415929203,0.22141843971631206,0.33693065405831363,0.12318840579710146
2015-07-21 02:00:00,0.36258849557522127,0.22099290780141845,0.3192750197005516,0.15376811594202897
2015-07-21 03:00:00,0.3641592920353982,0.22120567375886524,0.3333057525610717,0.176231884057971
2015-07-21 04:00:00,0.36451327433628317,0.22085106382978723,0.37501970055161543,0.22999999999999998
2015-07-21 05:00:00,0.37013274336283186,0.22106382978723405,0.4223837667454689,0.2668115942028985
2015-07-21 06:00:00,0.37256637168141593,0.22078014184397163,0.4402679275019701,0.20550724637681161
2015-07-21 07:00:00,0.3742699115044248,0.21879432624113476,0.4606579984239559,0.16666666666666666
2015-07-21 08:00:00,0.37192477876106195,0.2199290780141844,0.46647754137115843,0.15115942028985507
2015-07-21 09:00:00,0.3711283185840708,0.21921985815602837,0.4591410559495666,0.17376811594202898
2015-07-21 10:00:00,0.37057522123893805,0.21829787234042555,0.4548266351457841,0.21072463768115943
2015-07-21 11:00:00,0.36869469026548674,0.21829787234042555,0.43688337273443656,0.2310144927536232
2015-07-21 12:00:00,0.3693362831858407,0.2174468085106383,0.43373522458628844,0.223768115942029
2015-07-21 13:00:00,0.3677654867256637,0.21822695035460993,0.42338849487785657,0.19
2015-07-21 14:00:00,0.3670796460176991,0.2180141843971631,0.4237391646966115,0.15072463768115943
2015-07-21 15:00:00,0.3671017699115044,0.2170212765957447,0.4364105594956659,0.13304347826086957
2015-07-21 16:00:00,0.36754424778761063,0.21666666666666667,0.4479590228526399,0.13753623188405797
2015-07-21 17:00:00,0.36847345132743364,0.21645390070921985,0.45537825059101655,0.14797101449275363
2015-07-21 18:00:00,0.3679203539823009,0.21666666666666667,0.461150512214342,0.16
2015-07-21 19:00:00,0.3681858407079646,0.2167375886524823,0.4598739164696612,0.1527536231884058
2015-07-21 20:00:00,0.3673672566371681,0.21780141843971632,0.4618715524034673,0.12405797101449274
2015-07-21 21:00:00,0.3673230088495575,0.21815602836879433,0.43289204097714734,0.12942028985507245
2015-07-21 22:00:00,0.35823008849557525,0.2195035460992908,0.3737076438140268,0.1044927536231884
2015-07-21 23:00:00,0.3604424778761062,0.2226241134751773,0.35741528762805364,0.10492753623188407
2015-07-22 00:00:00,0.3604867256637168,0.2230496453900709,0.34905043341213554,0.09202898550724638
2015-07-22 01:00:00,0.3588495575221239,0.22347517730496455,0.33810480693459416,0.08521739130434783
2015-07-22 02:00:00,0.3585398230088495,0.22333333333333333,0.3279117415287628,0.10231884057971014
2015-07-22 03:00:00,0.35858407079646015,0.22347517730496455,0.34465721040189123,0.0917391304347826
2015-07-22 04:00:00,0.3613495575221239,0.22347517730496455,0.39287628053585505,0.08159420289855072
2015-07-22 05:00:00,0.36597345132743364,0.22276595744680852,0.47531126871552404,0.08231884057971015
2015-07-22 06:00:00,0.36511061946902656,0.22191489361702127,0.5215287628053585,0.08304347826086957
2015-07-22 07:00:00,0.3659070796460177,0.22141843971631206,0.548668242710796,0.08405797101449275
2015-07-22 08:00:00,0.36646017699115047,0.22085106382978723,0.5647832939322301,0.1344927536231884
2015-07-22 09:00:00,0.3641592920353982,0.21971631205673758,0.5534436564223798,0.14043478260869566
2015-07-22 10:00:00,0.36513274336283186,0.21943262411347517,0.5418636721828212,0.18681159420289856
2015-07-22 11:00:00,0.3641371681415929,0.21886524822695036,0.530307328605201,0.2382608695652174
2015-07-22 12:00:00,0.36092920353982305,0.2201418439716312,0.5118439716312057,0.28855072463768117
2015-07-22 13:00:00,0.36190265486725665,0.2201418439716312,0.5058904649330181,0.35057971014492756
2015-07-22 14:00:00,0.36092920353982305,0.22120567375886524,0.5040425531914894,0.39304347826086955
2015-07-22 15:00:00,0.3606194690265487,0.22035460992907802,0.5217100078802206,0.36666666666666664
2015-07-22 16:00:00,0.36084070796460177,0.24957446808510636,0.5172773837667455,0.31217391304347825
2015-07-22 17:00:00,0.3607522123893805,0.25063829787234043,0.5194365642237982,0.29057971014492756
2015-07-22 18:00:00,0.3608185840707965,0.24914893617021278,0.4999960598896769,0.4018840579710145
2015-07-22 19:00:00,0.36174778761061943,0.24921985815602835,0.49257683215130027,0.35434782608695653
2015-07-22 20:00:00,0.3615486725663717,0.24978723404255318,0.49046099290780143,0.30753623188405793
2015-07-22 21:00:00,0.36064159292035397,0.24900709219858158,0.45715918045705284,0.266231884057971
2015-07-22 22:00:00,0.3581637168141593,0.24673758865248224,0.37697399527186765,0.19507246376811593
2015-07-22 23:00:00,0.3577433628318584,0.24673758865248224,0.34732860520094566,0.1292753623188406
2015-07-23 00:00:00,0.3577433628318584,0.2351063829787234,0.3295508274231678,0.11376811594202899
2015-07-23 01:00:00,0.3567256637168142,0.234113475177305,0.3145626477541371,0.10942028985507246
2015-07-23 02:00:00,0.3565044247787611,0.23432624113475176,0.3158747044917258,0.13304347826086957
2015-07-23 03:00:00,0.35814159292035397,0.23496453900709222,0.32990543735224587,0.1873913043478261
2015-07-23 04:00:00,0.3573008849557522,0.23453900709219858,0.3699724192277384,0.16869565217391305
2015-07-23 05:00:00,0.36179203539823007,0.23390070921985817,0.40663514578408194,0.1792753623188406
2015-07-23 06:00:00,0.3631194690265487,0.2353900709219858,0.4528486997635934,0.2379710144927536
2015-07-23 07:00:00,0.36409292035398233,0.23560283687943262,0.4761386918833727,0.3498550724637681
2015-07-23 08:00:00,0.36495575221238935,0.23553191489361705,0.49100078802206465,0.3476811594202899
2015-07-23 09:00:00,0.36537610619469024,0.23517730496453904,0.4897951142631994,0.35739130434782607
2015-07-23 10:00:00,0.3636283185840708,0.234113475177305,0.4744956658786446,0.2585507246376812
2015-07-23 11:00:00,0.3628982300884956,0.2351063829787234,0.4539637509850276,0.2771014492753623
2015-07-23 12:00:00,0.36143805309734517,0.23368794326241135,0.4366154452324665,0.2927536231884058
2015-07-23 13:00:00,0.36103982300884957,0.23439716312056738,0.42181639085894407,0.32217391304347825
2015-07-23 14:00:00,0.3600442477876106,0.23304964539007095,0.41952718676122935,0.29594202898550726
2015-07-23 15:00:00,0.36108407079646015,0.23319148936170214,0.4356698187549251,0.29782608695652174
2015-07-23 16:00:00,0.36199115044247787,0.23312056737588652,0.4497872340425532,0.2691304347826087
2015-07-23 17:00:00,0.36095132743362834,0.23418439716312056,0.4552048857368006,0.22507246376811596
2015-07-23 18:00:00,0.3608185840707965,0.23432624113475176,0.4502600472813239,0.197536231884058
2015-07-23 19:00:00,0.36201327433628316,0.23517730496453904,0.46474783293932226,0.18434782608695652
2015-07-23 20:00:00,0.3614601769911504,0.23574468085106381,0.46342789598108747,0.1908695652173913
2015-07-23 21:00:00,0.3601991150442478,0.23574468085106381,0.427080378250591,0.19043478260869567
2015-07-23 22:00:00,0.3536725663716814,0.23588652482269507,0.3890858944050433,0.18318840579710147
2015-07-23 23:00:00,0.35535398230088494,0.23645390070921984,0.37325453112687157,0.19942028985507246
2015-07-24 00:00:00,0.35420353982300884,0.23687943262411348,0.3550985027580772,0.22043478260869565
2015-07-24 01:00:00,0.3541150442477876,0.23609929078014183,0.35062253743104804,0.22565217391304346
2015-07-24 02:00:00,0.35446902654867257,0.23602836879432626,0.35102442868400313,0.22434782608695653
2015-07-24 03:00:00,0.357146017699115,0.23581560283687944,0.3609692671394799,0.23289855072463767
2015-07-24 04:00:00,0.3575663716814159,0.23645390070921984,0.405973207249803,0.2263768115942029
2015-07-24 05:00:00,0.36119469026548673,0.2353900709219858,0.4464696611505122,0.19057971014492753
2015-07-24 06:00:00,0.36117256637168144,0.2348936170212766,0.47941686367218284,0.17579710144927535
2015-07-24 07:00:00,0.3606858407079646,0.2347517730496454,0.5013278171788811,0.16144927536231884
2015-07-24 08:00:00,0.3598672566371681,0.23702127659574468,0.5217060677698976,0.16333333333333333
2015-07-24 09:00:00,0.35962389380530974,0.2378723404255319,0.5194720252167061,0.16115942028985508
2015-07-24 10:00:00,0.35960176991150444,0.23865248226950356,0.5097399527186761,0.1527536231884058
2015-07-24 11:00:00,0.3596681415929204,0.240354609929078,0.5008550039401104,0.15043478260869564
2015-07-24 12:00:00,0.3602654867256637,0.24127659574468086,0.4937115839243499,0.13884057971014493
2015-07-24 13:00:00,0.36,0.2426950354609929,0.4836603624901497,0.13376811594202898
2015-07-24 14:00:00,0.35931415929203536,0.2426950354609929,0.4775689519306541,0.13420289855072462
2015-07-24 15:00:00,0.35814159292035397,0.24382978723404256,0.4743420015760441,0.13304347826086957
2015-07-24 16:00:00,0.35772123893805313,0.245177304964539,0.48733254531126874,0.13115942028985508
2015-07-24 17:00:00,0.3581194690265487,0.2456737588652482,0.4901536643026005,0.10536231884057971
2015-07-24 18:00:00,0.35772123893805313,0.24716312056737588,0.4789992119779354,0.06739130434782609
2015-07-24 19:00:00,0.35721238938053096,0.24744680851063827,0.4525689519306541,0.04782608695652174
2015-07-24 20:00:00,0.3579646017699115,0.2470212765957447,0.44487785657998424,0.03695652173913044
2015-07-24 21:00:00,0.35761061946902656,0.2478014184397163,0.4186012608353034,0.025652173913043478
2015-07-24 22:00:00,0.35216814159292037,0.24879432624113476,0.3639716312056738,0.01971014492753623
2015-07-24 23:00:00,0.353429203539823,0.24943262411347517,0.3394286840031521,0.028695652173913046
2015-07-25 00:00:00,0.35327433628318583,0.24921985815602835,0.3210441292356186,0.03608695652173913
2015-07-25 01:00:00,0.3526327433628319,0.2495035460992908,0.30416469661150514,0.03782608695652174
2015-07-25 02:00:00,0.3525663716814159,0.24929078014184397,0.29645784081954296,0.03695652173913044
2015-07-25 03:00:00,0.35092920353982304,0.25156028368794325,0.2857249802994484,0.04710144927536232
2015-07-25 04:00:00,0.3504646017699115,0.25170212765957445,0.2835263987391647,0.051304347826086956
2015-07-25 05:00:00,0.35420353982300884,0.25063829787234043,0.2959456264775414,0.04724637681159421
2015-07-25 06:00:00,0.3545575221238938,0.25063829787234043,0.32331363278171793,0.041304347826086954
2015-07-25 07:00:00,0.3573008849557522,0.25113475177304967,0.3408471237194642,0.04144927536231884
2015-07-25 08:00:00,0.3569469026548673,0.25156028368794325,0.3569621749408984,0.04942028985507246
2015-07-25 09:00:00,0.3550442477876106,0.2522695035460993,0.3518636721828211,0.048260869565217385
2015-07-25 10:00:00,0.3569690265486726,0.251063829787234,0.34648542159180457,0.03884057971014493
2015-07-25 11:00:00,0.3565044247787611,0.2518439716312057,0.33563829787234045,0.03869565217391304
2015-07-25 12:00:00,0.35690265486725664,0.25063829787234043,0.32469661150512213,0.042898550724637684
2015-07-25 13:00:00,0.3559955752212389,0.24865248226950357,0.30931442080378246,0.06130434782608695
2015-07-25 14:00:00,0.3581858407079646,0.2478014184397163,0.34743104806934594,0.08260869565217391
2015-07-25 15:00:00,0.3577654867256637,0.2478014184397163,0.36801418439716316,0.09956521739130435
2015-07-25 16:00:00,0.35738938053097347,0.24858156028368794,0.37671394799054375,0.11985507246376811
2015-07-25 17:00:00,0.35626106194690266,0.24872340425531914,0.37183215130023645,0.14405797101449277
2015-07-25 18:00:00,0.35535398230088494,0.24829787234042555,0.35712371946414495,0.1520289855072464
2015-07-25 19:00:00,0.3574778761061947,0.24843971631205675,0.34988573680063045,0.16144927536231884
2015-07-25 20:00:00,0.35584070796460177,0.2495035460992908,0.3281914893617021,0.16681159420289854
2015-07-25 21:00:00,0.35232300884955753,0.25056737588652483,0.3015445232466509,0.156231884057971
2015-07-25 22:00:00,0.34986725663716817,0.24943262411347517,0.27505516154452325,0.18217391304347827
2015-07-25 23:00:00,0.34918141592920354,0.25063829787234043,0.24408589440504333,0.1681159420289855
2015-07-26 00:00:00,0.3501548672566372,0.2500709219858156,0.2287825059101655,0.1798550724637681
2015-07-26 01:00:00,0.3491150442477876,0.2501418439716312,0.22636327817178883,0.21057971014492755
2015-07-26 02:00:00,0.34842920353982304,0.25134751773049646,0.22767927501970056,0.2128985507246377
2015-07-26 03:00:00,0.34805309734513273,0.2522695035460993,0.22397951142631994,0.24956521739130433
2015-07-26 04:00:00,0.3507964601769911,0.2526950354609929,0.23549251379038613,0.25956521739130434
2015-07-26 05:00:00,0.3486283185840708,0.2519148936170213,0.24495271867612292,0.2663768115942029
2015-07-26 06:00:00,0.34853982300884956,0.2518439716312057,0.2573955870764381,0.2794202898550725
2015-07-26 07:00:00,0.3515265486725664,0.2508510638297872,0.26252561071710007,0.2794202898550725
2015-07-26 08:00:00,0.34871681415929207,0.25120567375886527,0.26875886524822695,0.29608695652173916
2015-07-26 09:00:00,0.34960176991150443,0.251063829787234,0.26871552403467297,0.31724637681159423
2015-07-26 10:00:00,0.34946902654867257,0.2509219858156028,0.2659377462568952,0.3410144927536232
2015-07-26 11:00:00,0.3505973451327434,0.24666666666666667,0.26314026792750195,0.3701449275362319
2015-07-26 12:00:00,0.3509070796460177,0.24617021276595746,0.26065405831363275,0.4152173913043478
2015-07-26 13:00:00,0.35013274336283184,0.23907801418439717,0.27675334909377464,0.4444927536231884
2015-07-26 14:00:00,0.35022123893805307,0.2375177304964539,0.2938022064617809,0.41739130434782606
2015-07-26 15:00:00,0.35013274336283184,0.2367375886524823,0.31601260835303385,0.40246376811594203
2015-07-26 16:00:00,0.35061946902654867,0.23652482269503547,0.34367612293144206,0.38927536231884063
2015-07-26 17:00:00,0.35232300884955753,0.24262411347517732,0.3755240346729708,0.36478260869565216
2015-07-26 18:00:00,0.35081858407079647,0.23695035460992908,0.3786209613869188,0.3508695652173913
2015-07-26 19:00:00,0.3522787610619469,0.23695035460992908,0.39340819542947203,0.3160869565217391
2015-07-26 20:00:00,0.3486725663716814,0.23808510638297872,0.393628841607565,0.3118840579710145
2015-07-26 21:00:00,0.3470132743362832,0.2375177304964539,0.36548069345941686,0.29043478260869565
2015-07-26 22:00:00,0.33907079646017696,0.24595744680851064,0.3245035460992908,0.2746376811594203
2015-07-26 23:00:00,0.33831858407079646,0.2453900709219858,0.31520882584712373,0.2128985507246377
2015-07-27 00:00:00,0.3391150442477876,0.24581560283687945,0.3113987391646966,0.21144927536231886
2015-07-27 01:00:00,0.3386283185840708,0.24581560283687945,0.3076241134751773,0.1918840579710145
2015-07-27 02:00:00,0.33214601769911506,0.24375886524822693,0.30727738376674546,0.20855072463768118
2015-07-27 03:00:00,0.33896017699115044,0.24432624113475176,0.3222773837667455,0.21304347826086956
2015-07-27 04:00:00,0.33469026548672565,0.24758865248226952,0.3618282111899134,0.2444927536231884
2015-07-27 05:00:00,0.3323230088495575,0.245177304964539,0.43860520094562644,0.23492753623188406
2015-07-27 06:00:00,0.3369026548672566,0.24524822695035461,0.4922537431048069,0.27405797101449275
2015-07-27 07:00:00,0.3370353982300885,0.2170921985815603,0.5172458628841607,0.2927536231884058
2015-07-27 08:00:00,0.33654867256637166,0.2176595744680851,0.5302167060677699,0.2915942028985507
2015-07-27 09:00:00,0.33517699115044247,0.21815602836879433,0.5211505122143419,0.37376811594202897
2015-07-27 10:00:00,0.3354646017699115,0.22028368794326242,0.512253743104807,0.3884057971014493
2015-07-27 11:00:00,0.3381858407079646,0.2178723404255319,0.5147163120567376,0.4715942028985507
2015-07-27 12:00:00,0.33577433628318587,0.21638297872340428,0.4958865248226951,0.5098550724637682
2015-07-27 13:00:00,0.3355530973451328,0.24382978723404256,0.48466115051221437,0.5834782608695652
2015-07-27 14:00:00,0.3429867256637168,0.24411347517730494,0.4765130023640662,0.5830434782608696
2015-07-27 15:00:00,0.3441150442477876,0.24375886524822693,0.4954215918045705,0.6239130434782608
2015-07-27 16:00:00,0.3435840707964602,0.24340425531914892,0.494424743892829,0.6513043478260869
2015-07-27 17:00:00,0.3433849557522124,0.24460992907801415,0.47771473601260833,0.6599999999999999
2015-07-27 18:00:00,0.3420575221238938,0.24404255319148938,0.45770291568163907,0.6820289855072464
2015-07-27 19:00:00,0.34174778761061947,0.24375886524822693,0.45152876280535853,0.5868115942028985
2015-07-27 20:00:00,0.3427433628318584,0.24404255319148938,0.42371552403467294,0.5791304347826087
2015-07-27 21:00:00,0.34207964601769913,0.24432624113475176,0.3843498817966903,0.5508695652173914
2015-07-27 22:00:00,0.3393362831858407,0.2443971631205674,0.35176516942474384,0.5030434782608696
2015-07-27 23:00:00,0.34030973451327434,0.24496453900709217,0.3417139479905438,0.482463768115942
2015-07-28 00:00:00,0.339712389380531,0.24709219858156026,0.3352009456264775,0.4073913043478261
2015-07-28 01:00:00,0.3405752212389381,0.24893617021276596,0.3351930654058314,0.3591304347826087
2015-07-28 02:00:00,0.3392256637168142,0.24851063829787232,0.33175334909377463,0.3217391304347826
2015-07-28 03:00:00,0.33811946902654866,0.24631205673758866,0.3323128447596533,0.3149275362318841
2015-07-28 04:00:00,0.3403761061946903,0.2481560283687943,0.3684160756501182,0.3063768115942029
2015-07-28 05:00:00,0.3445353982300885,0.24794326241134754,0.4387194641449961,0.26521739130434785
2015-07-28 06:00:00,0.34896017699115045,0.2470212765957447,0.5004255319148936,0.23362318840579707
2015-07-28 07:00:00,0.35002212389380527,0.21404255319148938,0.5296572104018913,0.24173913043478262
2015-07-28 08:00:00,0.3511283185840708,0.21730496453900708,0.5492671394799055,0.25318840579710145
2015-07-28 09:00:00,0.349712389380531,0.21659574468085105,0.5483648542159181,0.21130434782608698
2015-07-28 10:00:00,0.3497345132743363,0.21716312056737588,0.5314342001576043,0.16333333333333333
2015-07-28 11:00:00,0.3495575221238938,0.21375886524822693,0.4962332545311269,0.13260869565217392
2015-07-28 12:00:00,0.3472345132743363,0.21531914893617024,0.48169818754925137,0.09217391304347826
2015-07-28 13:00:00,0.34783185840707964,0.2127659574468085,0.4660756501182033,0.07072463768115941
2015-07-28 14:00:00,0.34926991150442477,0.21120567375886526,0.45211977935382186,0.08
2015-07-28 15:00:00,0.34938053097345134,0.21170212765957447,0.4573207249802994,0.07594202898550724
2015-07-28 16:00:00,0.3507300884955752,0.20943262411347519,0.4596138691883373,0.05753623188405797
2015-07-28 17:00:00,0.3510840707964602,0.21617021276595746,0.4501457840819543,0.08115942028985507
2015-07-28 18:00:00,0.3504867256637168,0.2148936170212766,0.42938534278959806,0.07753623188405798
2015-07-28 19:00:00,0.35053097345132744,0.21468085106382978,0.41814814814814816,0.08304347826086957
2015-07-28 20:00:00,0.3498230088495575,0.21496453900709223,0.40581560283687945,0.08579710144927537
2015-07-28 21:00:00,0.3486283185840708,0.2168794326241135,0.3713159968479117,0.09304347826086957
2015-07-28 22:00:00,0.3407743362831858,0.21595744680851064,0.3190425531914894,0.08420289855072464
2015-07-28 23:00:00,0.34289823008849557,0.2153900709219858,0.29962962962962963,0.07840579710144928
2015-07-29 00:00:00,0.34325221238938053,0.21531914893617024,0.2918912529550827,0.07231884057971014
2015-07-29 01:00:00,0.3421017699115044,0.21432624113475177,0.28857368006304174,0.07521739130434782
2015-07-29 02:00:00,0.34148230088495574,0.21652482269503548,0.2842159180457053,0.08014492753623188
2015-07-29 03:00:00,0.3407079646017699,0.21666666666666667,0.2880260047281324,0.09347826086956522
2015-07-29 04:00:00,0.34477876106194694,0.21588652482269502,0.31805358550039403,0.09507246376811593
2015-07-29 05:00:00,0.3447345132743363,0.21624113475177303,0.3608313632781718,0.08855072463768116
2015-07-29 06:00:00,0.34719026548672566,0.21482269503546098,0.4133136327817179,0.07855072463768116
2015-07-29 07:00:00,0.3475221238938053,0.21567375886524826,0.44377856579984243,0.09217391304347826
2015-07-29 08:00:00,0.3488716814159292,0.21418439716312057,0.4623798266351458,0.12840579710144925
2015-07-29 09:00:00,0.34719026548672566,0.2146099290780142,0.4546296296296296,0.1572463768115942
2015-07-29 10:00:00,0.3463938053097345,0.21283687943262414,0.4352836879432624,0.18144927536231883
2015-07-29 11:00:00,0.3500442477876106,0.21432624113475177,0.430397951142632,0.216231884057971
2015-07-29 12:00:00,0.3536946902654867,0.2153900709219858,0.40457052797478327,0.22318840579710145
2015-07-29 13:00:00,0.35442477876106193,0.21333333333333335,0.39308904649330184,0.30579710144927535
2015-07-29 14:00:00,0.35553097345132745,0.21432624113475177,0.3988140267927502,0.2826086956521739
2015-07-29 15:00:00,0.3554646017699115,0.21567375886524826,0.40769109535066983,0.296231884057971
2015-07-29 16:00:00,0.3554646017699115,0.21638297872340428,0.41710007880220645,0.3047826086956522
2015-07-29 17:00:00,0.35528761061946906,0.21716312056737588,0.42821907013396376,0.28753623188405797
2015-07-29 18:00:00,0.3547566371681416,0.24397163120567375,0.41038219070133963,0.3076811594202899
2015-07-29 19:00:00,0.3526327433628319,0.2443971631205674,0.4012214342001576,0.3271014492753623
2015-07-29 20:00:00,0.35245575221238934,0.24134751773049645,0.3874192277383767,0.32811594202898553
2015-07-29 21:00:00,0.35106194690265485,0.24560283687943263,0.35393617021276597,0.3265217391304348
2015-07-29 22:00:00,0.3466150442477876,0.2429078014184397,0.31286840031520885,0.31478260869565217
2015-07-29 23:00:00,0.3467256637168142,0.2424113475177305,0.2882663514578408,0.2763768115942029
2015-07-30 00:00:00,0.34599557522123897,0.2460283687943262,0.275929866036249,0.25507246376811593
2015-07-30 01:00:00,0.34670353982300883,0.24354609929078014,0.274468085106383,0.2668115942028985
2015-07-30 02:00:00,0.3470353982300885,0.2424113475177305,0.2732624113475177,0.2694202898550725
2015-07-30 03:00:00,0.3477212389380531,0.24198581560283688,0.27515366430260046,0.2528985507246377
2015-07-30 04:00:00,0.3479424778761062,0.24312056737588653,0.31174152876280536,0.27217391304347827
2015-07-30 05:00:00,0.35212389380530973,0.24085106382978724,0.3752758077226162,0.2346376811594203
2015-07-30 06:00:00,0.3515486725663717,0.21078014184397162,0.4057998423955871,0.24695652173913044
2015-07-30 07:00:00,0.3536725663716814,0.20553191489361702,0.430661938534279,0.25014492753623185
2015-07-30 08:00:00,0.35471238938053096,0.20950354609929076,0.45376674546887313,0.2669565217391304
2015-07-30 09:00:00,0.35435840707964605,0.20858156028368796,0.4535145784081955,0.2689855072463768
2015-07-30 10:00:00,0.35626106194690266,0.20985815602836877,0.4330220646178093,0.3153623188405797
2015-07-30 11:00:00,0.3569469026548673,0.2058156028368794,0.4158589440504334,0.3415942028985507
2015-07-30 12:00:00,0.3548672566371681,0.20609929078014186,0.4046926713947991,0.3782608695652174
2015-07-30 13:00:00,0.35533185840707965,0.2052482269503546,0.3854018912529551,0.4204347826086957
2015-07-30 14:00:00,0.35387168141592923,0.23184397163120565,0.36530338849487787,0.4217391304347826
2015-07-30 15:00:00,0.3543362831858407,0.23191489361702128,0.3616312056737589,0.4494202898550725
2015-07-30 16:00:00,0.35327433628318583,0.2324822695035461,0.3518282111899133,0.4866666666666667
2015-07-30 17:00:00,0.3524778761061947,0.2326241134751773,0.34602836879432625,0.45913043478260873
2015-07-30 18:00:00,0.3519469026548672,0.23354609929078016,0.33840031520882585,0.4527536231884058
2015-07-30 19:00:00,0.35407079646017703,0.23382978723404255,0.335882584712372,0.45768115942028986
2015-07-30 20:00:00,0.35407079646017703,0.23631205673758865,0.31555949566587865,0.43028985507246376
2015-07-30 21:00:00,0.35092920353982304,0.2373049645390071,0.2812687155240347,0.41101449275362323
2015-07-30 22:00:00,0.3526548672566372,0.2393617021276596,0.2448975571315997,0.44956521739130434
2015-07-30 23:00:00,0.3538053097345133,0.2402836879432624,0.22297084318360913,0.42536231884057973
2015-07-31 00:00:00,0.353429203539823,0.24170212765957447,0.2150669818754925,0.35289855072463766
2015-07-31 01:00:00,0.3552433628318584,0.24205673758865248,0.2092828999211978,0.3885507246376812
2015-07-31 02:00:00,0.35575221238938054,0.24453900709219858,0.21081954294720254,0.3327536231884058
2015-07-31 03:00:00,0.355,0.24872340425531914,0.22702521670606776,0.34608695652173915
2015-07-31 04:00:00,0.35896017699115046,0.24340425531914892,0.2683451536643026,0.3791304347826087
2015-07-31 05:00:00,0.3610176991150442,0.24460992907801415,0.325043341213554,0.3410144927536232
2015-07-31 06:00:00,0.3597345132743363,0.24886524822695033,0.35290386130811663,0.27594202898550724
2015-07-31 07:00:00,0.3588716814159292,0.24808510638297873,0.36426319936958235,0.33159420289855074
2015-07-31 08:00:00,0.359358407079646,0.24546099290780143,0.3730890464933018,0.326231884057971
2015-07-31 09:00:00,0.36064159292035397,0.2453900709219858,0.37403861308116626,0.33405797101449275
2015-07-31 10:00:00,0.36086283185840706,0.245531914893617,0.37096138691883374,0.3571014492753623
2015-07-31 11:00:00,0.3601991150442478,0.24382978723404256,0.36349487785657997,0.36318840579710143
2015-07-31 12:00:00,0.3573672566371681,0.24496453900709217,0.35636721828211193,0.3471014492753623
2015-07-31 13:00:00,0.355,0.24368794326241136,0.3501024428684003,0.3620289855072464
2015-07-31 14:00:00,0.3538053097345133,0.245177304964539,0.34453506698187547,0.358695652173913
2015-07-31 15:00:00,0.35511061946902656,0.24645390070921985,0.3569267139479905,0.3392753623188406
2015-07-31 16:00:00,0.3548672566371681,0.24354609929078014,0.3712174940898345,0.41478260869565214
2015-07-31 17:00:00,0.3542699115044248,0.245531914893617,0.37,0.3402898550724638
2015-07-31 18:00:00,0.35418141592920355,0.2447517730496454,0.35994089834515364,0.3495652173913043
2015-07-31 19:00:00,0.3554203539823009,0.24460992907801415,0.38315996847911743,0.3036231884057971
2015-07-31 20:00:00,0.3525,0.2473758865248227,0.3761899133175729,0.2947826086956522
2015-07-31 21:00:00,0.35103982300884956,0.2470212765957447,0.3490543735224586,0.23608695652173914
2015-07-31 22:00:00,0.3442920353982301,0.24652482269503548,0.3016272655634358,0.1827536231884058
2015-07-31 23:00:00,0.34446902654867256,0.24851063829787232,0.2870606776989756,0.1589855072463768
2015-08-01 00:00:00,0.3441371681415929,0.24858156028368794,0.28198975571315993,0.14463768115942027
2015-08-01 01:00:00,0.3434955752212389,0.2481560283687943,0.2802915681639086,0.12318840579710146
2015-08-01 02:00:00,0.34300884955752214,0.2480141843971631,0.2770212765957447,0.12072463768115942
2015-08-01 03:00:00,0.3436504424778761,0.24872340425531914,0.2771591804570528,0.12333333333333332
2015-08-01 04:00:00,0.3440044247787611,0.2493617021276596,0.28225768321513,0.12710144927536232
2015-08-01 05:00:00,0.3444247787610619,0.25042553191489364,0.3187667454688731,0.11782608695652173
2015-08-01 06:00:00,0.34466814159292036,0.2502836879432624,0.3624152876280536,0.11420289855072463
2015-08-01 07:00:00,0.34373893805309735,0.2495035460992908,0.40088652482269505,0.12246376811594203
2015-08-01 08:00:00,0.3425221238938053,0.24879432624113476,0.4190228526398739,0.14101449275362318
2015-08-01 09:00:00,0.34300884955752214,0.24907801418439715,0.41786840031520883,0.15492753623188407
2015-08-01 10:00:00,0.34351769911504426,0.24957446808510636,0.41368400315208825,0.17942028985507247
2015-08-01 11:00:00,0.34457964601769914,0.24978723404255318,0.399468085106383,0.19304347826086954
2015-08-01 12:00:00,0.3436946902654867,0.24872340425531914,0.3859219858156029,0.20956521739130435
2015-08-01 13:00:00,0.34398230088495574,0.24921985815602835,0.38907801418439714,0.26115942028985506
2015-08-01 14:00:00,0.3435840707964602,0.24964539007092199,0.3963553979511426,0.297536231884058
2015-08-01 15:00:00,0.3441150442477876,0.24957446808510636,0.3997438928289992,0.2952173913043478
2015-08-01 16:00:00,0.344646017699115,0.2501418439716312,0.40903861308116624,0.2794202898550725
2015-08-01 17:00:00,0.3452212389380531,0.2502127659574468,0.4128999211977935,0.24130434782608695
2015-08-01 18:00:00,0.34469026548672566,0.2508510638297872,0.4129747832939322,0.22492753623188405
2015-08-01 19:00:00,0.34435840707964605,0.250354609929078,0.41652088258471237,0.21710144927536235
2015-08-01 20:00:00,0.34353982300884955,0.250354609929078,0.397214342001576,0.1927536231884058
2015-08-01 21:00:00,0.34278761061946905,0.2502127659574468,0.36238770685579197,0.1755072463768116
2015-08-01 22:00:00,0.3386283185840708,0.250354609929078,0.3340189125295508,0.1673913043478261
2015-08-01 23:00:00,0.3398451327433628,0.25042553191489364,0.3025571315996848,0.16753623188405797
2015-08-02 00:00:00,0.33938053097345133,0.25056737588652483,0.28470449172576834,0.1536231884057971
2015-08-02 01:00:00,0.33856194690265484,0.25049645390070924,0.2802167060677699,0.13681159420289857
2015-08-02 02:00:00,0.33730088495575217,0.24978723404255318,0.2751733648542159,0.15405797101449276
2015-08-02 03:00:00,0.3361283185840708,0.2501418439716312,0.2725886524822695,0.1644927536231884
2015-08-02 04:00:00,0.3386504424778761,0.2500709219858156,0.279511426319937,0.15028985507246378
2015-08-02 05:00:00,0.3376769911504425,0.250354609929078,0.305,0.10739130434782608
2015-08-02 06:00:00,0.33929203539823005,0.25042553191489364,0.3572379826635146,0.09
2015-08-02 07:00:00,0.33809734513274337,0.2509219858156028,0.38745468873128447,0.0863768115942029
2015-08-02 08:00:00,0.33904867256637167,0.251063829787234,0.4039243498817967,0.09478260869565218
2015-08-02 09:00:00,0.33820796460176994,0.25134751773049646,0.40772655634357763,0.11434782608695652
2015-08-02 10:00:00,0.3386504424778761,0.25063829787234043,0.3989913317572892,0.10434782608695652
2015-08-02 11:00:00,0.33811946902654866,0.2507801418439716,0.38721040189125294,0.12753623188405797
2015-08-02 12:00:00,0.337787610619469,0.25063829787234043,0.35938534278959816,0.12971014492753624
2015-08-02 13:00:00,0.33823008849557523,0.24964539007092199,0.3627462568951931,0.12217391304347826
2015-08-02 14:00:00,0.3392035398230089,0.250354609929078,0.37330575256107174,0.1082608695652174
2015-08-02 15:00:00,0.3391150442477876,0.2495035460992908,0.38346335697399525,0.10898550724637682
2015-08-02 16:00:00,0.3390929203539823,0.24943262411347517,0.39621749408983453,0.10971014492753624
2015-08-02 17:00:00,0.3393141592920354,0.250354609929078,0.4151457840819543,0.08159420289855072
2015-08-02 18:00:00,0.33944690265486727,0.2507801418439716,0.41875098502758074,0.07478260869565218
2015-08-02 19:00:00,0.34059734513274337,0.25049645390070924,0.4277738376674547,0.06304347826086956
2015-08-02 20:00:00,0.3410840707964602,0.24992907801418437,0.41844365642237985,0.05811594202898551
2015-08-02 21:00:00,0.34141592920353986,0.2508510638297872,0.3845981087470449,0.05434782608695652
2015-08-02 22:00:00,0.33783185840707963,0.2521985815602837,0.3400748620961387,0.03927536231884058
2015-08-02 23:00:00,0.3373230088495575,0.25382978723404254,0.31494877856579984,0.04652173913043479
2015-08-03 00:00:00,0.33834070796460175,0.2551063829787234,0.29868006304176514,0.047536231884057964
2015-08-03 01:00:00,0.3388053097345133,0.25439716312056737,0.29394011032308903,0.060144927536231886
2015-08-03 02:00:00,0.3288495575221239,0.2551063829787234,0.2916745468873128,0.07014492753623189
2015-08-03 03:00:00,0.33559734513274336,0.25453900709219857,0.32754137115839244,0.08028985507246376
2015-08-03 04:00:00,0.3359070796460177,0.2546808510638298,0.4012726556343577,0.09434782608695651
2015-08-03 05:00:00,0.3375221238938053,0.25375886524822694,0.5192434988179669,0.10072463768115943
2015-08-03 06:00:00,0.3404646017699115,0.2546808510638298,0.593183609141056,0.10840579710144928
2015-08-03 07:00:00,0.34325221238938053,0.22808510638297874,0.6096178092986604,0.12942028985507245
2015-08-03 08:00:00,0.3436061946902655,0.22787234042553192,0.6104570527974783,0.14072463768115942
2015-08-03 09:00:00,0.3370575221238938,0.22695035460992907,0.6047911741528763,0.16420289855072465
2015-08-03 10:00:00,0.33694690265486726,0.22787234042553192,0.5971473601260835,0.17898550724637682
2015-08-03 11:00:00,0.3376991150442478,0.2273049645390071,0.5893262411347517,0.2226086956521739
2015-08-03 12:00:00,0.3438938053097345,0.22723404255319146,0.5730851063829787,0.2634782608695652
2015-08-03 13:00:00,0.34561946902654866,0.2250354609929078,0.5429826635145784,0.29869565217391303
2015-08-03 14:00:00,0.34584070796460176,0.22602836879432622,0.5081126871552404,0.3452173913043478
2015-08-03 15:00:00,0.34586283185840705,0.22609929078014185,0.4993892828999212,0.35289855072463766
2015-08-03 16:00:00,0.34561946902654866,0.22588652482269503,0.49013396375098506,0.37086956521739134
2015-08-03 17:00:00,0.3456637168141593,0.22602836879432622,0.4797084318360914,0.3853623188405797
2015-08-03 18:00:00,0.3452433628318584,0.22638297872340424,0.44767927501970056,0.4263768115942029
2015-08-03 19:00:00,0.34670353982300883,0.22659574468085106,0.4289007092198582,0.44289855072463774
2015-08-03 20:00:00,0.34825221238938053,0.22666666666666668,0.4006776989755713,0.4601449275362319
2015-08-03 21:00:00,0.35002212389380527,0.22645390070921986,0.3531796690307329,0.4973913043478261
2015-08-03 22:00:00,0.3498008849557522,0.22687943262411345,0.2932860520094563,0.49971014492753624
2015-08-03 23:00:00,0.3501769911504425,0.22659574468085106,0.2741055949566588,0.4940579710144927
2015-08-04 00:00:00,0.35245575221238934,0.22659574468085106,0.2667336485421592,0.4985507246376812
2015-08-04 01:00:00,0.35192477876106193,0.22659574468085106,0.2662608353033885,0.4994202898550725
2015-08-04 02:00:00,0.3520575221238938,0.22659574468085106,0.2740583136327817,0.4904347826086956
2015-08-04 03:00:00,0.35170353982300884,0.22687943262411345,0.29944444444444446,0.4379710144927536
2015-08-04 04:00:00,0.35170353982300884,0.22659574468085106,0.36585500394011033,0.41434782608695647
2015-08-04 05:00:00,0.3536946902654867,0.22617021276595742,0.46263987391646966,0.39188405797101444
2015-08-04 06:00:00,0.35457964601769915,0.22673758865248225,0.5214342001576044,0.3717391304347826
2015-08-04 07:00:00,0.3546681415929203,0.22446808510638297,0.5345390070921986,0.37434782608695655
2015-08-04 08:00:00,0.35577433628318583,0.22666666666666668,0.5465327029156817,0.37739130434782603
2015-08-04 09:00:00,0.35535398230088494,0.22666666666666668,0.5548620961386919,0.3705797101449275
2015-08-04 10:00:00,0.35508849557522126,0.22695035460992907,0.5509810874704492,0.356231884057971
2015-08-04 11:00:00,0.3550442477876106,0.22617021276595742,0.5539598108747045,0.31507246376811593
2015-08-04 12:00:00,0.35537610619469023,0.2253191489361702,0.5489007092198581,0.30594202898550726
2015-08-04 13:00:00,0.3554867256637168,0.22645390070921986,0.5377029156816391,0.27869565217391307
2015-08-04 14:00:00,0.3547787610619469,0.23007092198581558,0.529468085106383,0.32855072463768115
2015-08-04 15:00:00,0.35584070796460177,0.24843971631205675,0.529956658786446,0.29289855072463766
2015-08-04 16:00:00,0.3541592920353982,0.24900709219858158,0.5113356973995272,0.2539130434782609
2015-08-04 17:00:00,0.35389380530973447,0.24836879432624112,0.49524428684003147,0.25420289855072464
2015-08-04 18:00:00,0.35462389380530973,0.24886524822695033,0.4775965327029157,0.21318840579710144
2015-08-04 19:00:00,0.35623893805309736,0.24822695035460993,0.4732033096926714,0.18869565217391301
2015-08-04 20:00:00,0.3564159292035398,0.2498581560283688,0.446725768321513,0.19405797101449276
2015-08-04 21:00:00,0.35575221238938054,0.2502836879432624,0.3913829787234042,0.21768115942028984
2015-08-04 22:00:00,0.3505973451327434,0.25070921985815603,0.33128053585500394,0.2379710144927536
2015-08-04 23:00:00,0.34623893805309736,0.25070921985815603,0.30124113475177305,0.27304347826086955
2015-08-05 00:00:00,0.3451769911504425,0.2502127659574468,0.29440110323089047,0.23623188405797102
2015-08-05 01:00:00,0.3448672566371681,0.24907801418439715,0.2931757289204098,0.24507246376811592
2015-08-05 02:00:00,0.3470796460176991,0.2493617021276596,0.3007998423955871,0.29739130434782607
2015-08-05 03:00:00,0.34792035398230087,0.2493617021276596,0.32490543735224586,0.29231884057971014
2015-08-05 04:00:00,0.34469026548672566,0.2493617021276596,0.4110795902285264,0.3084057971014493
2015-08-05 05:00:00,0.3486946902654867,0.2502127659574468,0.5085618597320725,0.28898550724637684
2015-08-05 06:00:00,0.34506637168141596,0.2493617021276596,0.5449290780141843,0.24072463768115943
2015-08-05 07:00:00,0.3450221238938053,0.25049645390070924,0.5533412135539795,0.24130434782608695
2015-08-05 08:00:00,0.3461946902654867,0.24964539007092199,0.5616745468873128,0.2452173913043478
2015-08-05 09:00:00,0.3458849557522124,0.2502836879432624,0.5644444444444444,0.2463768115942029
2015-08-05 10:00:00,0.3499336283185841,0.24851063829787232,0.5654925137903861,0.23333333333333334
2015-08-05 11:00:00,0.34805309734513273,0.2473758865248227,0.5633963750985027,0.21521739130434783
2015-08-05 12:00:00,0.3469911504424779,0.2453900709219858,0.5556855791962174,0.20855072463768118
2015-08-05 13:00:00,0.3534070796460177,0.2427659574468085,0.5561780929866036,0.23086956521739133
2015-08-05 14:00:00,0.35480088495575224,0.24007092198581562,0.5499724192277383,0.19782608695652174
2015-08-05 15:00:00,0.35084070796460176,0.23843971631205674,0.5368203309692672,0.17449275362318842
2015-08-05 16:00:00,0.35280973451327435,0.24163120567375887,0.5393656422379827,0.17449275362318842
2015-08-05 17:00:00,0.35376106194690266,0.24361702127659574,0.5364263199369582,0.15115942028985507
2015-08-05 18:00:00,0.35435840707964605,0.24425531914893617,0.5259338061465721,0.17608695652173914
2015-08-05 19:00:00,0.3547345132743363,0.2456737588652482,0.5208825847123719,0.18420289855072464
2015-08-05 20:00:00,0.3548893805309734,0.2460283687943262,0.49719464144996056,0.15840579710144928
2015-08-05 21:00:00,0.3513938053097345,0.24638297872340423,0.42358156028368793,0.21043478260869564
2015-08-05 22:00:00,0.35982300884955754,0.24695035460992906,0.3683018124507486,0.2271014492753623
2015-08-05 23:00:00,0.36011061946902656,0.24744680851063827,0.3393577620173365,0.2543478260869565
2015-08-06 00:00:00,0.3591150442477876,0.24709219858156026,0.32768715524034675,0.23492753623188406
2015-08-06 01:00:00,0.3579203539823009,0.2476595744680851,0.32457840819542944,0.22695652173913042
2015-08-06 02:00:00,0.3598672566371681,0.2493617021276596,0.3283490937746257,0.2128985507246377
2015-08-06 03:00:00,0.3574557522123894,0.24588652482269502,0.35220646178092985,0.24057971014492754
2015-08-06 04:00:00,0.35847345132743363,0.24617021276595746,0.43131993695823484,0.24507246376811592
2015-08-06 05:00:00,0.3623672566371682,0.24992907801418437,0.5256304176516943,0.24971014492753624
2015-08-06 06:00:00,0.3635840707964602,0.24695035460992906,0.5539164696611505,0.2398550724637681
2015-08-06 07:00:00,0.36471238938053097,0.21588652482269502,0.5560717100078802,0.2271014492753623
2015-08-06 08:00:00,0.3600221238938053,0.2199290780141844,0.5608747044917257,0.2633333333333333
2015-08-06 09:00:00,0.36106194690265486,0.22127659574468084,0.5621158392434988,0.28681159420289853
2015-08-06 10:00:00,0.36103982300884957,0.22191489361702127,0.5583215130023641,0.29217391304347823
2015-08-06 11:00:00,0.36400442477876105,0.2221276595744681,0.5646217494089835,0.3110144927536232
2015-08-06 12:00:00,0.363716814159292,0.22070921985815603,0.5638022064617809,0.3115942028985507
2015-08-06 13:00:00,0.35823008849557525,0.22070921985815603,0.5560835303388495,0.28304347826086956
2015-08-06 14:00:00,0.3595575221238938,0.2254609929078014,0.5486958234830576,0.2753623188405797
2015-08-06 15:00:00,0.3623008849557522,0.2460283687943262,0.5484475965327029,0.27043478260869563
2015-08-06 16:00:00,0.3607300884955752,0.24638297872340423,0.5524704491725768,0.25043478260869567
2015-08-06 17:00:00,0.3629867256637168,0.24758865248226952,0.5364026792750197,0.21405797101449273
2015-08-06 18:00:00,0.36077433628318584,0.24886524822695033,0.504779353821907,0.19652173913043477
2015-08-06 19:00:00,0.36152654867256634,0.24794326241134754,0.48898739164696614,0.19376811594202897
2015-08-06 20:00:00,0.3618141592920354,0.24900709219858158,0.4680732860520095,0.19768115942028985
2015-08-06 21:00:00,0.35938053097345135,0.2502127659574468,0.40375886524822696,0.18594202898550727
2015-08-06 22:00:00,0.3556194690265487,,0.3480614657210402,
2015-08-06 23:00:00,0.3555973451327433,,0.3306304176516942,
2015-08-07 00:00:00,0.35741150442477876,,0.3212056737588652,
2015-08-07 01:00:00,0.35761061946902656,,0.31879826635145786,
2015-08-07 02:00:00,0.3579646017699115,,0.32208825847123723,
2015-08-07 03:00:00,0.3573451327433628,,0.3563790386130812,
2015-08-07 04:00:00,0.35783185840707965,,0.4268006304176517,
2015-08-07 05:00:00,0.36296460176991147,,0.4844562647754137,
2015-08-07 06:00:00,0.365,,0.5119385342789599,
2015-08-07 07:00:00,0.3654646017699115,,0.5345862884160756,
2015-08-07 08:00:00,0.36261061946902656,,0.5415405831363278,
2015-08-07 09:00:00,0.36168141592920355,,0.533806146572104,
2015-08-07 10:00:00,0.3591371681415929,,0.5293892828999212,
2015-08-07 11:00:00,0.3555973451327433,,0.5125689519306541,
2015-08-07 12:00:00,0.3535840707964602,,0.49858550039401106,
2015-08-07 13:00:00,0.35457964601769915,,0.4863081166272656,
2015-08-07 14:00:00,0.35480088495575224,,0.5006579984239559,
2015-08-07 15:00:00,0.35407079646017703,,0.5117178881008668,
2015-08-07 16:00:00,0.3540486725663717,,0.5015878644602049,
2015-08-07 17:00:00,0.35373893805309736,,0.49345547675334905,
2015-08-07 18:00:00,0.3525,,0.47310480693459417,
2015-08-07 19:00:00,0.35389380530973447,,0.4758707643814027,
2015-08-07 20:00:00,0.35280973451327435,,0.4725177304964539,
2015-08-07 21:00:00,0.3512389380530973,,0.4238179669030733,
2015-08-07 22:00:00,0.35493362831858405,0.22156028368794325,0.3733884948778566,0.05521739130434783
2015-08-07 23:00:00,0.3553982300884956,0.21978723404255318,0.3472970843183609,0.05811594202898551
2015-08-08 00:00:00,0.3558185840707965,0.21921985815602837,0.33504334121355395,0.06826086956521739
2015-08-08 01:00:00,0.35553097345132745,0.21978723404255318,0.3279747832939322,0.07318840579710145
2015-08-08 02:00:00,0.3541150442477876,0.21879432624113476,0.3157683215130024,0.07376811594202898
2015-08-08 03:00:00,0.35316371681415926,0.22092198581560285,0.31896769109535067,0.07608695652173914
2015-08-08 04:00:00,0.35418141592920355,0.22070921985815603,0.34008668242710793,0.0782608695652174
2015-08-08 05:00:00,0.35918141592920355,0.2201418439716312,0.36177698975571315,0.07086956521739131
2015-08-08 06:00:00,0.35988938053097347,0.22028368794326242,0.4081048069345942,0.08333333333333333
2015-08-08 07:00:00,0.3590486725663717,0.22056737588652484,0.4528447596532703,0.08753623188405797
2015-08-08 08:00:00,0.3581637168141593,0.2204964539007092,0.4681993695823483,0.12246376811594203
2015-08-08 09:00:00,0.3575663716814159,0.22099290780141845,0.46473207249802995,0.18405797101449275
2015-08-08 10:00:00,0.35825221238938054,0.2201418439716312,0.44308904649330183,0.3134782608695652
2015-08-08 11:00:00,0.3583185840707964,0.22163120567375885,0.4228723404255319,0.3247826086956522
2015-08-08 12:00:00,0.3585398230088495,0.22319148936170213,0.4067730496453901,0.34942028985507245
2015-08-08 13:00:00,0.3575884955752212,0.22354609929078012,0.38995665878644603,0.32492753623188403
2015-08-08 14:00:00,0.3581194690265487,0.22375886524822694,0.38524428684003154,0.39840579710144924
2015-08-08 15:00:00,0.35825221238938054,0.2229787234042553,0.39152482269503547,0.43333333333333335
2015-08-08 16:00:00,0.3579646017699115,0.22354609929078012,0.39913317572892043,0.41101449275362323
2015-08-08 17:00:00,0.3571017699115044,0.22397163120567376,0.39787234042553193,0.37695652173913047
2015-08-08 18:00:00,0.3582079646017699,0.22354609929078012,0.40202127659574466,0.35695652173913045
2015-08-08 19:00:00,0.35880530973451324,0.22382978723404257,0.4124152876280536,0.31782608695652176
2015-08-08 20:00:00,0.3573672566371681,0.22411347517730495,0.4002876280535855,0.2697101449275362
2015-08-08 21:00:00,0.3569690265486726,0.22382978723404257,0.36569345941686365,0.23695652173913043
2015-08-08 22:00:00,0.3519469026548672,0.22439716312056737,0.3259022852639874,0.20101449275362318
2015-08-08 23:00:00,0.3526548672566372,0.22460992907801416,0.3172301024428684,0.20043478260869566
2015-08-09 00:00:00,0.3540486725663717,0.22432624113475177,0.3160204885736801,0.1755072463768116
2015-08-09 01:00:00,0.35396017699115045,0.22524822695035462,0.32725768321513,0.20478260869565218
2015-08-09 02:00:00,0.35230088495575224,0.22524822695035462,0.3251694247438928,0.26275362318840584
2015-08-09 03:00:00,0.35230088495575224,0.2248936170212766,0.3333057525610717,0.2942028985507246
2015-08-09 04:00:00,0.35243362831858405,0.22482269503546098,0.3413238770685579,0.31376811594202897
2015-08-09 05:00:00,0.35449115044247786,0.2251063829787234,0.3521197793538219,0.30333333333333334
2015-08-09 06:00:00,0.35230088495575224,0.2246808510638298,0.4003467297084318,0.3091304347826087
2015-08-09 07:00:00,0.3527654867256637,0.22446808510638297,0.42733648542159175,0.3081159420289855
2015-08-09 08:00:00,0.35327433628318583,0.22524822695035462,0.448408195429472,0.3226086956521739
2015-08-09 09:00:00,0.35327433628318583,0.2247517730496454,0.4536643026004728,0.33202898550724635
2015-08-09 10:00:00,0.35150442477876104,0.22390070921985814,0.44406225374310476,0.3127536231884058
2015-08-09 11:00:00,0.3522566371681416,0.22390070921985814,0.4336170212765958,0.2952173913043478
2015-08-09 12:00:00,0.3528761061946903,0.22276595744680852,0.4292592592592593,0.296231884057971
2015-08-09 13:00:00,0.3541150442477876,0.22127659574468084,0.4408116627265563,0.27898550724637683
2015-08-09 14:00:00,0.35407079646017703,0.22226950354609928,0.45362490149724194,0.2520289855072464
2015-08-09 15:00:00,0.35387168141592923,0.2198581560283688,0.4848029944838455,0.23159420289855073
2015-08-09 16:00:00,0.35252212389380533,0.21907801418439715,0.4985224586288416,0.2289855072463768
2015-08-09 17:00:00,0.3519469026548672,0.21914893617021278,0.5040543735224586,0.2198550724637681
2015-08-09 18:00:00,0.35163716814159296,0.219645390070922,0.5063475177304965,0.19492753623188405
2015-08-09 19:00:00,0.3530752212389381,0.2204255319148936,0.5109968479117415,0.17869565217391303
2015-08-09 20:00:00,0.3513053097345133,0.2204964539007092,0.49602442868400315,0.18565217391304348
2015-08-09 21:00:00,0.3510840707964602,0.22361702127659575,0.4553152088258471,0.2072463768115942
2015-08-09 22:00:00,0.348495575221239,0.2226241134751773,0.40741922773837663,0.25478260869565217
2015-08-09 23:00:00,0.34814159292035396,0.22368794326241134,0.39006304176516937,0.24072463768115943
2015-08-10 00:00:00,0.34902654867256633,0.22524822695035462,0.38234436564223795,0.2343478260869565
2015-08-10 01:00:00,0.3491371681415929,0.2245390070921986,0.38119779353821903,0.23318840579710146
2015-08-10 02:00:00,0.3484070796460177,0.2248936170212766,0.3816233254531127,0.19768115942028985
2015-08-10 03:00:00,0.34853982300884956,0.22460992907801416,0.3958274231678487,0.16666666666666666
2015-08-10 04:00:00,0.3491150442477876,0.22326241134751773,0.44819148936170217,0.16115942028985508
2015-08-10 05:00:00,0.35128318584070795,0.2248936170212766,0.4787943262411347,0.16753623188405797
2015-08-10 06:00:00,0.35165929203539825,0.22524822695035462,0.5132348305752561,0.16985507246376813
2015-08-10 07:00:00,0.3527654867256637,0.2229787234042553,0.5262332545311268,0.17217391304347826
2015-08-10 08:00:00,0.3530973451327434,0.19134751773049646,0.5388297872340425,0.186231884057971
2015-08-10 09:00:00,0.35280973451327435,0.1902127659574468,0.536016548463357,0.18855072463768116
2015-08-10 10:00:00,0.350287610619469,0.18929078014184395,0.5280693459416863,0.17492753623188406
2015-08-10 11:00:00,0.3517477876106195,0.18829787234042553,0.5352758077226162,0.16579710144927537
2015-08-10 12:00:00,0.3519469026548672,0.18801418439716314,0.5288455476753349,0.17028985507246377
2015-08-10 13:00:00,0.35126106194690265,0.1869503546099291,0.5233490937746257,0.17159420289855074
2015-08-10 14:00:00,0.3497787610619469,0.1853900709219858,0.5127226162332545,0.1792753623188406
2015-08-10 15:00:00,0.3509070796460177,0.18418439716312057,0.5239440504334122,0.16507246376811596
2015-08-10 16:00:00,0.3513274336283186,0.22035460992907802,0.5177856579984239,0.166231884057971
2015-08-10 17:00:00,0.3513053097345133,0.2178723404255319,0.511639085894405,0.17608695652173914
2015-08-10 18:00:00,0.35115044247787613,0.21624113475177303,0.5005516154452324,0.16855072463768114
2015-08-10 19:00:00,0.3513716814159292,0.21609929078014184,0.5043735224586289,0.19855072463768117
2015-08-10 20:00:00,0.3507300884955752,0.2173758865248227,0.47927501970055164,0.2165217391304348
2015-08-10 21:00:00,0.349424778761062,0.2198581560283688,0.4372892040977147,0.22956521739130437
2015-08-10 22:00:00,0.3478097345132743,0.21914893617021278,0.4031008668242711,0.273768115942029
2015-08-10 23:00:00,0.34783185840707964,0.22099290780141845,0.3759456264775414,0.25478260869565217
2015-08-11 00:00:00,0.34820796460176995,0.22156028368794325,0.36876280535855005,0.2710144927536232
2015-08-11 01:00:00,0.34741150442477875,0.22099290780141845,0.36534672970843185,0.28144927536231884
2015-08-11 02:00:00,0.34670353982300883,0.22021276595744682,0.3666469661150512,0.28144927536231884
2015-08-11 03:00:00,0.34553097345132744,0.22127659574468084,0.36861702127659574,0.28855072463768117
2015-08-11 04:00:00,0.34603982300884956,0.22063829787234043,0.4162450748620961,0.3336231884057971
2015-08-11 05:00:00,0.3464159292035398,0.21971631205673758,0.4840110323089047,0.31231884057971016
2015-08-11 06:00:00,0.34542035398230087,0.21865248226950357,0.5173364854215918,0.16057971014492753
2015-08-11 07:00:00,0.3484734513274336,0.21588652482269502,0.5378132387706857,0.22333333333333333
2015-08-11 08:00:00,0.3478097345132743,0.21659574468085105,0.5443262411347518,0.19246376811594204
2015-08-11 09:00:00,0.3474557522123894,0.15666666666666668,0.5409929078014184,0.1956521739130435
2015-08-11 10:00:00,0.34646017699115045,0.2153900709219858,0.5283845547675334,0.197536231884058
2015-08-11 11:00:00,0.3470132743362832,0.21382978723404256,0.523624901497242,0.20231884057971014
2015-08-11 12:00:00,0.3454867256637168,0.21411347517730495,0.5152009456264776,0.2018840579710145
2015-08-11 13:00:00,0.34573008849557524,0.21134751773049645,0.5231363278171789,0.17666666666666667
2015-08-11 14:00:00,0.3468362831858407,0.21113475177304963,0.49628447596532704,0.16144927536231884
2015-08-11 15:00:00,0.3428761061946903,0.21049645390070923,0.4708195429472025,0.22217391304347828
2015-08-11 16:00:00,0.3442256637168142,0.2127659574468085,0.4623758865248227,0.28608695652173916
2015-08-11 17:00:00,0.34480088495575223,0.21581560283687945,0.46796296296296297,0.33971014492753626
2015-08-11 18:00:00,0.3447566371681416,0.21659574468085105,0.4642868400315209,0.4046376811594203
2015-08-11 19:00:00,0.3454424778761062,0.21262411347517732,0.4593498817966903,0.37565217391304345
2015-08-11 20:00:00,0.3432079646017699,0.2153900709219858,0.4316587864460205,0.4220289855072464
2015-08-11 21:00:00,0.3440265486725664,0.2147517730496454,0.3897714736012608,0.4547826086956522
2015-08-11 22:00:00,0.34174778761061947,0.21468085106382978,0.3566942474389283,0.5465217391304348
2015-08-11 23:00:00,0.3416150442477876,0.21354609929078017,0.34477541371158393,0.5402898550724637
2015-08-12 00:00:00,0.34141592920353986,0.2150354609929078,0.3509889676910954,0.5602898550724638
2015-08-12 01:00:00,0.3405752212389381,0.21390070921985818,0.3508550039401104,0.4759420289855072
2015-08-12 02:00:00,0.3399778761061947,0.2147517730496454,0.35476359338061464,0.431304347826087
2015-08-12 03:00:00,0.33896017699115044,0.21510638297872342,0.37071710007880215,0.42333333333333334
2015-08-12 04:00:00,0.33944690265486727,0.21397163120567375,0.4291607565011821,0.3491304347826087
2015-08-12 05:00:00,0.34053097345132743,0.21382978723404256,0.5025256107171001,0.32913043478260867
2015-08-12 06:00:00,0.33896017699115044,0.21794326241134754,0.535929866036249,0.34971014492753627
2015-08-12 07:00:00,0.3361061946902655,0.21808510638297873,0.540401891252955,0.3230434782608696
2015-08-12 08:00:00,0.33871681415929206,0.21851063829787234,0.5340031520882584,0.3095652173913043
2015-08-12 09:00:00,0.33800884955752214,0.21879432624113476,0.5373483057525611,0.31130434782608696
2015-08-12 10:00:00,0.33730088495575217,0.2195035460992908,0.5309416863672183,0.32057971014492753
2015-08-12 11:00:00,0.33694690265486726,0.2200709219858156,0.5262135539795114,0.37927536231884057
2015-08-12 12:00:00,0.3371017699115044,0.2204255319148936,0.5233451536643026,0.39072463768115945
2015-08-12 13:00:00,0.3365265486725664,0.22028368794326242,0.5279787234042553,0.4733333333333334
2015-08-12 14:00:00,0.3377433628318584,0.21921985815602837,0.52,0.44260869565217387
2015-08-12 15:00:00,0.33834070796460175,0.21907801418439715,0.5201970055161544,0.46304347826086956
2015-08-12 16:00:00,0.338075221238938,0.21936170212765957,0.5210204885736801,0.4849275362318841
2015-08-12 17:00:00,0.33800884955752214,0.21929078014184397,0.5247911741528763,0.4801449275362319
2015-08-12 18:00:00,0.3377433628318584,0.21929078014184397,0.5214539007092198,0.47260869565217395
2015-08-12 19:00:00,0.3379424778761062,0.2204964539007092,0.5159022852639874,0.40942028985507245
2015-08-12 20:00:00,0.3369026548672566,0.22113475177304964,0.49423561859732074,0.4902898550724638
2015-08-12 21:00:00,0.33533185840707963,0.22141843971631206,0.4318006304176517,0.4721739130434783
2015-08-12 22:00:00,0.3319026548672567,0.22148936170212766,0.37702127659574464,0.38333333333333336
2015-08-12 23:00:00,0.33314159292035395,0.2224113475177305,0.35967691095350673,0.3382608695652174
2015-08-13 00:00:00,0.33418141592920353,0.2221276595744681,0.3584869976359338,0.3908695652173913
2015-08-13 01:00:00,0.33621681415929205,0.22226950354609928,0.36098896769109534,0.3323188405797102
2015-08-13 02:00:00,0.3369911504424779,0.2224822695035461,0.36587470449172577,0.30231884057971015
2015-08-13 03:00:00,0.33466814159292035,0.2224822695035461,0.3938140267927502,0.23347826086956522
2015-08-13 04:00:00,0.33508849557522125,0.22191489361702127,0.44967297084318364,0.23304347826086957
2015-08-13 05:00:00,0.3334513274336283,0.22191489361702127,0.5032466509062253,0.23811594202898553
2015-08-13 06:00:00,0.3293141592920354,0.22226950354609928,0.5196256895193065,0.2298550724637681
2015-08-13 07:00:00,0.3306858407079646,0.2174468085106383,0.5192395587076438,0.23536231884057973
2015-08-13 08:00:00,0.3359070796460177,0.22113475177304964,0.532789598108747,0.24246376811594206
2015-08-13 09:00:00,0.33256637168141595,0.22226950354609928,0.538317572892041,0.2597101449275362
2015-08-13 10:00:00,0.3332300884955752,0.22319148936170213,0.53172182821119,0.27115942028985507
2015-08-13 11:00:00,0.33280973451327434,0.22404255319148936,0.5279038613081166,0.25623188405797104
2015-08-13 12:00:00,0.33353982300884955,0.22418439716312058,0.5163159968479117,0.2310144927536232
2015-08-13 13:00:00,0.33557522123893807,0.22347517730496455,0.5167848699763593,0.26275362318840584
2015-08-13 14:00:00,0.3374336283185841,0.22397163120567376,0.5318479117415288,0.20304347826086955
2015-08-13 15:00:00,0.3375,0.22354609929078012,0.536150512214342,0.21594202898550724
2015-08-13 16:00:00,0.3338274336283186,0.22333333333333333,0.5124192277383767,0.19246376811594204
2015-08-13 17:00:00,0.33466814159292035,0.22354609929078012,0.5122892040977147,0.2246376811594203
2015-08-13 18:00:00,0.33469026548672565,0.22347517730496455,0.5079156816390858,0.19971014492753625
2015-08-13 19:00:00,0.3370353982300885,0.22382978723404257,0.5120921985815603,0.20101449275362318
2015-08-13 20:00:00,0.33269911504424776,0.22404255319148936,0.47080772261623327,0.19043478260869567
2015-08-13 21:00:00,0.33146017699115043,0.22411347517730495,0.4139913317572892,0.1902898550724638
2015-08-13 22:00:00,0.32692477876106196,0.22354609929078012,0.3582387706855792,0.19971014492753625
2015-08-13 23:00:00,0.3260840707964602,0.22418439716312058,0.3289282899921198,0.20304347826086955
2015-08-14 00:00:00,0.3263716814159292,0.22397163120567376,0.3176832151300236,0.23971014492753623
2015-08-14 01:00:00,0.32634955752212386,0.22361702127659575,0.31388494877856576,0.2798550724637681
2015-08-14 02:00:00,0.3261504424778761,0.22425531914893615,0.3178802206461781,0.2788405797101449
2015-08-14 03:00:00,0.32539823008849555,0.22390070921985814,0.32867612293144205,0.25304347826086954
2015-08-14 04:00:00,0.32623893805309734,0.22446808510638297,0.3879905437352246,0.23115942028985506
2015-08-14 05:00:00,0.32679203539823004,0.22397163120567376,0.4683766745468873,0.23956521739130437
2015-08-14 06:00:00,0.32506637168141594,0.22418439716312058,0.49058707643814026,0.24043478260869566
2015-08-14 07:00:00,0.3251327433628318,0.22397163120567376,0.49713947990543733,0.223768115942029
2015-08-14 08:00:00,0.3266150442477876,0.22404255319148936,0.5052955082742316,0.2382608695652174
2015-08-14 09:00:00,0.32584070796460174,0.22397163120567376,0.49268715524034673,0.23782608695652174
2015-08-14 10:00:00,0.3245796460176991,0.22375886524822694,0.47760441292356187,0.24115942028985507
2015-08-14 11:00:00,0.3249336283185841,0.22361702127659575,0.45582348305752557,0.24057971014492754
2015-08-14 12:00:00,0.3248008849557522,0.22368794326241134,0.4435894405043341,0.2568115942028985
2015-08-14 13:00:00,0.32400442477876107,0.22290780141843972,0.4238573680063042,0.2798550724637681
2015-08-14 14:00:00,0.32488938053097344,0.22283687943262412,0.41790386130811663,0.3149275362318841
2015-08-14 15:00:00,0.32561946902654865,0.22319148936170213,0.41595350669818754,0.35130434782608694
2015-08-14 16:00:00,0.32466814159292035,0.22312056737588654,0.4108037825059102,0.4047826086956522
2015-08-14 17:00:00,0.3241592920353982,0.2224822695035461,0.41336485421591806,0.4242028985507246
2015-08-14 18:00:00,0.3238938053097345,0.22156028368794325,0.4015327029156816,0.44028985507246376
2015-08-14 19:00:00,0.3241592920353982,0.22283687943262412,0.4027068557919622,0.4513043478260869
2015-08-14 20:00:00,0.3241150442477876,0.22326241134751773,0.3751497241922774,0.45260869565217393
2015-08-14 21:00:00,0.3228097345132743,0.22375886524822694,0.33749802994483846,0.4920289855072464
2015-08-14 22:00:00,0.3077654867256637,0.22375886524822694,0.3257840819542947,0.5440579710144927
2015-08-14 23:00:00,0.30714601769911504,0.22390070921985814,0.3102167060677699,0.5089855072463768
2015-08-15 00:00:00,0.3111061946902655,0.22397163120567376,0.31408589440504336,0.49478260869565216
2015-08-15 01:00:00,0.31170353982300886,0.22404255319148936,0.31329787234042555,0.4988405797101449
2015-08-15 02:00:00,0.3082300884955752,0.2258156028368794,0.31313632781717887,0.5353623188405797
2015-08-15 03:00:00,0.3061283185840708,0.22687943262411345,0.3202167060677699,0.527536231884058
2015-08-15 04:00:00,0.3051769911504425,0.22631205673758867,0.33012608353033884,0.5084057971014493
2015-08-15 05:00:00,0.311858407079646,0.22588652482269503,0.37181245074862096,0.5153623188405797
2015-08-15 06:00:00,0.3145575221238938,0.22617021276595742,0.41652482269503543,0.5459420289855073
2015-08-15 07:00:00,0.313141592920354,0.2253191489361702,0.43994877856579984,0.5413043478260869
2015-08-15 08:00:00,0.3107300884955752,0.2248936170212766,0.4518321513002364,0.5030434782608696
2015-08-15 09:00:00,0.30836283185840707,0.22425531914893615,0.4515208825847124,0.4998550724637681
2015-08-15 10:00:00,0.31019911504424774,0.22333333333333333,0.44653270291568165,0.4191304347826087
2015-08-15 11:00:00,0.3111061946902655,0.23063829787234041,0.4433806146572104,0.411304347826087
2015-08-15 12:00:00,0.31174778761061944,0.22063829787234043,0.44026004728132384,0.3615942028985507
2015-08-15 13:00:00,0.3116371681415929,0.2247517730496454,0.43391252955082743,0.3373913043478261
2015-08-15 14:00:00,0.3199336283185841,0.22170212765957448,0.43275807722616233,0.3089855072463768
2015-08-15 15:00:00,0.31922566371681416,0.2173758865248227,0.43573680063041764,0.288695652173913
2015-08-15 16:00:00,0.3161283185840708,0.2168794326241135,0.4269148936170213,0.2669565217391304
2015-08-15 17:00:00,0.3142920353982301,0.24262411347517732,0.4212214342001576,0.27492753623188404
2015-08-15 18:00:00,0.3133185840707965,0.24652482269503548,0.4175531914893617,0.2463768115942029
2015-08-15 19:00:00,0.3149778761061947,0.2475177304964539,0.419736012608353,0.23449275362318842
2015-08-15 20:00:00,0.3120132743362832,0.250354609929078,0.4037746256895193,0.27
2015-08-15 21:00:00,0.3124115044247787,0.24673758865248224,0.3766863672182821,0.32811594202898553
2015-08-15 22:00:00,0.3044911504424779,0.2501418439716312,0.3593104806934594,0.348695652173913
2015-08-15 23:00:00,0.30785398230088495,0.24872340425531914,0.3501536643026005,0.37971014492753624
2015-08-16 00:00:00,0.309358407079646,0.24921985815602835,0.34771079590228526,0.37028985507246376
2015-08-16 01:00:00,0.30986725663716813,0.24943262411347517,0.3499527186761229,0.32130434782608697
2015-08-16 02:00:00,0.3082079646017699,0.24907801418439715,0.349511426319937,0.33768115942028987
2015-08-16 03:00:00,0.3070796460176991,0.24851063829787232,0.3441252955082742,0.3463768115942029
2015-08-16 04:00:00,0.30471238938053097,0.2501418439716312,0.3493459416863672,0.32492753623188403
2015-08-16 05:00:00,0.30920353982300885,0.25042553191489364,0.37348305752561073,0.3007246376811594
2015-08-16 06:00:00,0.3112389380530973,0.25170212765957445,0.4161583924349882,0.27999999999999997
2015-08-16 07:00:00,0.30736725663716813,0.251063829787234,0.44245468873128446,0.25478260869565217
2015-08-16 08:00:00,0.3108407079646018,0.2501418439716312,0.46066193853427895,0.2665217391304348
2015-08-16 09:00:00,0.30953539823008847,0.2519858156028369,0.46222616233254527,0.2808695652173913
2015-08-16 10:00:00,0.3093141592920354,0.2522695035460993,0.45411741528762806,0.26594202898550723
2015-08-16 11:00:00,0.3095575221238938,0.25120567375886527,0.4469148936170213,0.2697101449275362
2015-08-16 12:00:00,0.31172566371681415,0.24921985815602835,0.431682427107959,0.2798550724637681
2015-08-16 13:00:00,0.3127433628318584,0.24659574468085105,0.4236446020488574,0.27144927536231883
2015-08-16 14:00:00,0.3199336283185841,0.2453900709219858,0.427521670606777,0.2597101449275362
2015-08-16 15:00:00,0.31559734513274335,0.24390070921985815,0.43091804570527975,0.23173913043478261
2015-08-16 16:00:00,0.3163495575221239,0.2424822695035461,0.4332230102442869,0.21913043478260869
2015-08-16 17:00:00,0.3183407079646018,0.23631205673758865,0.4625925925925926,0.2097101449275362
2015-08-16 18:00:00,0.3178982300884956,0.23617021276595745,0.4594444444444445,0.19463768115942032
2015-08-16 19:00:00,0.31555309734513276,0.23702127659574468,0.45772261623325455,0.18318840579710147
2015-08-16 20:00:00,0.31391592920353983,0.2376595744680851,0.43150906225374314,0.17884057971014494
2015-08-16 21:00:00,0.31579646017699115,0.23652482269503547,0.38746256895193065,0.17521739130434782
2015-08-16 22:00:00,0.29900442477876105,0.23624113475177305,0.34311268715524035,0.16
2015-08-16 23:00:00,0.2989601769911504,0.2367375886524823,0.3258825847123719,0.17579710144927535
2015-08-17 00:00:00,0.30008849557522127,0.23631205673758865,0.3195350669818755,0.18478260869565216
2015-08-17 01:00:00,0.30126106194690266,0.23617021276595745,0.3217415287628054,0.17159420289855074
2015-08-17 02:00:00,0.30053097345132745,0.23595744680851063,0.3247044917257683,0.19536231884057972
2015-08-17 03:00:00,0.29807522123893804,0.23631205673758865,0.3460835303388495,0.20550724637681161
2015-08-17 04:00:00,0.29973451327433626,0.23574468085106381,0.4178486997635934,0.19507246376811593
2015-08-17 05:00:00,0.299424778761062,0.23695035460992908,0.49630811662726554,0.19724637681159418
2015-08-17 06:00:00,0.3008407079646018,0.2370921985815603,0.5566351457840819,0.1733333333333333
2015-08-17 07:00:00,0.2945132743362832,0.2226950354609929,0.55397951142632,0.15405797101449276
2015-08-17 08:00:00,0.2973451327433628,0.22638297872340424,0.5390780141843972,0.15014492753623188
2015-08-17 09:00:00,0.29597345132743363,0.2258156028368794,0.5245902285263988,0.14101449275362318
2015-08-17 10:00:00,0.29915929203539826,0.22340425531914893,0.5105713159968479,0.1308695652173913
2015-08-17 11:00:00,0.3015486725663717,0.22127659574468084,0.5027304964539007,0.13318840579710145
2015-08-17 12:00:00,0.3013274336283186,0.2199290780141844,0.4922537431048069,0.14057971014492754
2015-08-17 13:00:00,0.3018141592920354,0.22,0.47775413711583925,0.1427536231884058
2015-08-17 14:00:00,0.3056858407079646,0.21595744680851064,0.46796296296296297,0.14028985507246378
2015-08-17 15:00:00,0.3053318584070796,0.2174468085106383,0.477344365642238,0.15347826086956523
2015-08-17 16:00:00,0.30553097345132746,0.2201418439716312,0.46970843183609146,0.19246376811594204
2015-08-17 17:00:00,0.3052876106194691,0.21879432624113476,0.46291174152876285,0.20623188405797102
2015-08-17 18:00:00,0.3011725663716814,0.22177304964539007,0.45447202521670604,0.23289855072463767
2015-08-17 19:00:00,0.3027654867256637,0.22028368794326242,0.458892828999212,0.26420289855072465
2015-08-17 20:00:00,0.3036504424778761,0.2199290780141844,0.42784475965327035,0.3053623188405797
2015-08-17 21:00:00,0.30207964601769915,0.22184397163120567,0.3718242710795902,0.3421739130434783
2015-08-17 22:00:00,0.2867035398230089,0.2220567375886525,0.35047281323877066,0.3626086956521739
2015-08-17 23:00:00,0.28803097345132744,0.2221985815602837,0.3402127659574468,0.31521739130434784
2015-08-18 00:00:00,0.29190265486725664,0.22368794326241134,0.3302836879432624,0.30217391304347824
2015-08-18 01:00:00,0.29353982300884957,0.2221276595744681,0.3358353033884949,0.29608695652173916
2015-08-18 02:00:00,0.2915265486725664,0.22120567375886524,0.34345153664302597,0.336231884057971
2015-08-18 03:00:00,0.2888274336283186,0.22326241134751773,0.36000788022064617,0.3247826086956522
2015-08-18 04:00:00,0.29017699115044243,0.22177304964539007,0.42703703703703705,0.31405797101449273
2015-08-18 05:00:00,0.2875663716814159,0.22226950354609928,0.526327817178881,0.3472463768115942
2015-08-18 06:00:00,0.2902433628318584,0.22170212765957448,0.5421828211189913,0.30217391304347824
2015-08-18 07:00:00,0.28960176991150444,0.21900709219858158,0.5392631993695823,0.3117391304347826
2015-08-18 08:00:00,0.29002212389380533,0.22127659574468084,0.5444641449960599,0.29536231884057973
2015-08-18 09:00:00,0.2880973451327434,0.22156028368794325,0.5320173364854216,0.3084057971014493
2015-08-18 10:00:00,0.29168141592920355,0.22226950354609928,0.5328526398739164,0.31681159420289856
2015-08-18 11:00:00,0.29077433628318583,0.22148936170212766,0.5283451536643026,0.30463768115942025
2015-08-18 12:00:00,0.2915265486725664,0.22198581560283687,0.5199290780141844,0.27507246376811595
2015-08-18 13:00:00,0.2925442477876106,0.2226241134751773,0.5054846335697399,0.25043478260869567
2015-08-18 14:00:00,0.29323008849557525,0.22276595744680852,0.5093026004728133,0.23318840579710146
2015-08-18 15:00:00,0.2930752212389381,0.22283687943262412,0.5316706067769897,0.22884057971014493
2015-08-18 16:00:00,0.2917477876106195,0.22347517730496455,0.5231954294720252,0.2510144927536232
2015-08-18 17:00:00,0.29157079646017703,0.22319148936170213,0.5213435776201734,0.26115942028985506
2015-08-18 18:00:00,0.29148230088495575,0.22347517730496455,0.5118242710795903,0.27072463768115945
2015-08-18 19:00:00,0.29336283185840706,0.22397163120567376,0.5255122143420016,0.2757971014492754
2015-08-18 20:00:00,0.2868141592920354,0.22539007092198582,0.48708037825059103,0.297536231884058
2015-08-18 21:00:00,0.28913716814159296,0.2253191489361702,0.43163908589440503,0.2765217391304348
2015-08-18 22:00:00,0.28418141592920354,0.22602836879432622,0.4360441292356186,0.36318840579710143
2015-08-18 23:00:00,0.28466814159292037,0.22609929078014185,0.4232230102442868,0.3665217391304348
2015-08-19 00:00:00,0.28752212389380527,0.22645390070921986,0.4168636721828211,0.3368115942028986
2015-08-19 01:00:00,0.28336283185840705,0.22645390070921986,0.42306540583136326,0.3259420289855073
2015-08-19 02:00:00,0.2805752212389381,0.22631205673758867,0.42115051221434197,0.3346376811594203
2015-08-19 03:00:00,0.2836725663716814,0.22652482269503543,0.4291489361702127,0.31231884057971016
2015-08-19 04:00:00,0.2904867256637168,0.22652482269503543,0.49901891252955083,0.3282608695652174
2015-08-19 05:00:00,0.2832079646017699,0.22652482269503543,0.5572025216706068,0.32
2015-08-19 06:00:00,0.28154867256637167,0.22645390070921986,0.5563120567375887,0.30579710144927535
2015-08-19 07:00:00,0.2817256637168142,0.22631205673758867,0.5577895981087471,0.2972463768115942
2015-08-19 08:00:00,0.2868362831858407,0.22673758865248225,0.5590189125295508,0.29246376811594205
2015-08-19 09:00:00,0.2818805309734513,0.22695035460992907,0.550977147360126,0.2898550724637681
2015-08-19 10:00:00,0.28763274336283184,0.22645390070921986,0.5497241922773838,0.27999999999999997
2015-08-19 11:00:00,0.2850221238938053,0.22595744680851065,0.551725768321513,0.273768115942029
2015-08-19 12:00:00,0.28351769911504426,0.22340425531914893,0.5471158392434988,0.2682608695652174
2015-08-19 13:00:00,0.2884070796460177,0.22361702127659575,0.549956658786446,0.27550724637681157
2015-08-19 14:00:00,0.28652654867256633,0.2229787234042553,0.5519306540583137,0.27608695652173915
2015-08-19 15:00:00,0.28878318584070795,0.22333333333333333,0.5491371158392435,0.2765217391304348
2015-08-19 16:00:00,0.28913716814159296,0.2224113475177305,0.5390583136327817,0.27550724637681157
2015-08-19 17:00:00,0.29042035398230087,0.2220567375886525,0.5453388494877857,0.24971014492753624
2015-08-19 18:00:00,0.28608407079646014,0.22283687943262412,0.5334594168636723,0.23956521739130437
2015-08-19 19:00:00,0.2878761061946903,0.22290780141843972,0.5384318360914105,0.2553623188405797
2015-08-19 20:00:00,0.2842256637168142,0.2248936170212766,0.5222182821118991,0.2847826086956522
2015-08-19 21:00:00,0.28466814159292037,0.2253191489361702,0.49468479117415287,0.29333333333333333
2015-08-19 22:00:00,0.2836504424778761,0.22432624113475177,0.46540189125295506,0.2763768115942029
2015-08-19 23:00:00,0.2842920353982301,0.2248936170212766,0.4472892040977148,0.28579710144927534
2015-08-20 00:00:00,0.2836946902654867,0.22404255319148936,0.4405003940110323,0.2995652173913043
2015-08-20 01:00:00,0.2849336283185841,0.22418439716312058,0.44910165484633574,0.3292753623188406
2015-08-20 02:00:00,0.28460176991150443,0.22368794326241134,0.45891252955082745,0.34608695652173915
2015-08-20 03:00:00,0.2832743362831859,0.2229787234042553,0.46146966115051224,0.35594202898550725
2015-08-20 04:00:00,0.28415929203539825,0.22226950354609928,0.497214342001576,0.33971014492753626
2015-08-20 05:00:00,0.28488938053097346,0.22056737588652484,0.5407407407407407,0.3292753623188406
2015-08-20 06:00:00,0.2840044247787611,0.2195035460992908,0.5528959810874704,0.30521739130434783
2015-08-20 07:00:00,0.28555309734513273,0.21914893617021278,0.55774231678487,0.30028985507246375
2015-08-20 08:00:00,0.2873230088495575,0.21943262411347517,0.5633215130023641,0.3115942028985507
2015-08-20 09:00:00,0.2853982300884956,0.21808510638297873,0.5543892828999212,0.31724637681159423
2015-08-20 10:00:00,0.2863274336283186,0.21758865248226952,0.5564617809298661,0.32565217391304346
2015-08-20 11:00:00,0.28592920353982304,0.2174468085106383,0.5605240346729709,0.3236231884057971
2015-08-20 12:00:00,0.283783185840708,0.21921985815602837,0.5522773837667454,0.31521739130434784
2015-08-20 13:00:00,0.2841371681415929,0.21872340425531914,0.5507880220646179,0.3091304347826087
2015-08-20 14:00:00,0.2849336283185841,0.21758865248226952,0.5482348305752561,0.3265217391304348
2015-08-20 15:00:00,0.28548672566371686,0.21865248226950357,0.5773246650906225,0.3357971014492753
2015-08-20 16:00:00,0.2828982300884956,0.2424113475177305,0.5710165484633569,0.31115942028985505
2015-08-20 17:00:00,0.2835619469026549,0.24666666666666667,0.5617375886524822,0.2691304347826087
2015-08-20 18:00:00,0.2825442477876106,0.2480141843971631,0.5548620961386919,0.24579710144927536
2015-08-20 19:00:00,0.2826991150442478,0.24432624113475176,0.5541725768321513,0.23927536231884058
2015-08-20 20:00:00,0.281216814159292,0.2493617021276596,0.5431284475965327,0.21942028985507248
2015-08-20 21:00:00,0.28123893805309735,0.24531914893617018,0.5121749408983451,0.2117391304347826
2015-08-20 22:00:00,0.27676991150442476,0.24872340425531914,0.4804294720252167,0.2565217391304348
2015-08-20 23:00:00,0.2774778761061947,0.24709219858156026,0.4644641449960599,0.27362318840579714
2015-08-21 00:00:00,0.275575221238938,0.2495035460992908,0.45373916469661146,0.2608695652173913
2015-08-21 01:00:00,0.274712389380531,0.25042553191489364,0.45612687155240345,0.2510144927536232
2015-08-21 02:00:00,0.27438053097345133,0.24900709219858158,0.46581166272655633,0.27869565217391307
2015-08-21 03:00:00,0.27292035398230086,0.24886524822695033,0.47804176516942476,0.2936231884057971
2015-08-21 04:00:00,0.2723451327433628,0.24829787234042555,0.5227147360126083,0.30521739130434783
2015-08-21 05:00:00,0.274358407079646,0.24921985815602835,0.5725256107171001,0.3198550724637681
2015-08-21 06:00:00,0.27356194690265484,0.24900709219858158,0.5703309692671394,0.3444927536231884
2015-08-21 07:00:00,0.27289823008849556,0.2481560283687943,0.5707368006304177,0.3572463768115942
2015-08-21 08:00:00,0.27216814159292035,0.24673758865248224,0.5756776989755713,0.3518840579710145
2015-08-21 09:00:00,0.27146017699115044,0.24453900709219858,0.5657801418439716,0.3560869565217391
2015-08-21 10:00:00,0.26714601769911506,0.24659574468085105,0.5615208825847123,0.37956521739130433
2015-08-21 11:00:00,0.26772123893805305,0.24588652482269502,0.5586012608353034,0.3791304347826087
2015-08-21 12:00:00,0.267853982300885,0.24524822695035461,0.559022852639874,0.3715942028985507
2015-08-21 13:00:00,0.2678982300884956,0.24510638297872342,0.5589125295508275,0.3653623188405797
2015-08-21 14:00:00,0.26696902654867255,0.24340425531914892,0.5516075650118203,0.362463768115942
2015-08-21 15:00:00,0.26946902654867255,0.245531914893617,0.5588376674546887,0.3265217391304348
2015-08-21 16:00:00,0.2668362831858407,0.24680851063829787,0.5712490149724192,0.3388405797101449
2015-08-21 17:00:00,0.2670575221238938,0.24907801418439715,0.5752403467297085,0.35739130434782607
2015-08-21 18:00:00,0.26464601769911505,0.24886524822695033,0.5645784081954295,0.3371014492753623
2015-08-21 19:00:00,0.2646902654867257,0.24822695035460993,0.5631639085894405,0.3133333333333333
2015-08-21 20:00:00,0.2595132743362832,0.24914893617021278,0.521371158392435,0.3076811594202899
2015-08-21 21:00:00,0.26090707964601767,0.24829787234042555,0.48343577620173367,0.3257971014492754
2015-08-21 22:00:00,0.25331858407079644,0.24992907801418437,0.46256895193065406,0.2985507246376812
2015-08-21 23:00:00,0.25672566371681416,0.250354609929078,0.45647754137115837,0.3263768115942029
2015-08-22 00:00:00,0.2536283185840708,0.25042553191489364,0.4604649330181245,0.3301449275362319
2015-08-22 01:00:00,0.25236725663716814,0.24929078014184397,0.46006304176516943,0.3265217391304348
2015-08-22 02:00:00,0.2505088495575221,0.24992907801418437,0.4606934594168637,0.3318840579710145
2015-08-22 03:00:00,0.2473008849557522,0.25127659574468086,0.4572695035460993,0.3257971014492754
2015-08-22 04:00:00,0.24798672566371682,0.2507801418439716,0.45720252167060677,0.32521739130434785
2015-08-22 05:00:00,0.2491150442477876,0.25120567375886527,0.4820606776989756,0.3401449275362319
2015-08-22 06:00:00,0.2504424778761062,0.2520567375886525,0.5224625689519307,0.316231884057971
2015-08-22 07:00:00,0.2512389380530973,0.2509929078014184,0.5487352245862884,0.29942028985507246
2015-08-22 08:00:00,0.2464159292035398,0.2508510638297872,0.5569582348305753,0.30217391304347824
2015-08-22 09:00:00,0.2428982300884956,0.2523404255319149,0.532655634357762,0.30130434782608695
2015-08-22 10:00:00,0.24617256637168142,0.2508510638297872,0.4985263987391647,0.306231884057971
2015-08-22 11:00:00,0.2465486725663717,0.25056737588652483,0.47591410559495667,0.2794202898550725
2015-08-22 12:00:00,0.24648230088495574,0.24907801418439715,0.4683333333333333,0.26391304347826083
2015-08-22 13:00:00,0.24767699115044248,0.2447517730496454,0.48027580772261624,0.25869565217391305
2015-08-22 14:00:00,0.24446902654867256,0.2460283687943262,0.49614263199369585,0.24217391304347824
2015-08-22 15:00:00,0.24694690265486727,0.24333333333333335,0.5334751773049645,0.22550724637681158
2015-08-22 16:00:00,0.24564159292035398,0.24333333333333335,0.5367297084318361,0.19797101449275362
2015-08-22 17:00:00,0.24500000000000002,0.24581560283687945,0.5353309692671395,0.1753623188405797
2015-08-22 18:00:00,0.24462389380530974,0.24666666666666667,0.5258747044917258,0.17057971014492754
2015-08-22 19:00:00,0.2475,0.2481560283687943,0.5267021276595745,0.18173913043478263
2015-08-22 20:00:00,0.2456194690265487,0.25439716312056737,0.5101733648542159,0.18434782608695652
2015-08-22 21:00:00,0.2435840707964602,0.2529787234042553,0.46652088258471236,0.19521739130434781
2015-08-22 22:00:00,0.24280973451327434,0.25163120567375885,0.46618597320724975,0.23956521739130437
2015-08-22 23:00:00,0.2426991150442478,0.25056737588652483,0.45537825059101655,0.26057971014492753
2015-08-23 00:00:00,0.24057522123893807,0.2509219858156028,0.448100866824271,0.2455072463768116
2015-08-23 01:00:00,0.23960176991150442,0.24893617021276596,0.4458195429472025,0.23159420289855073
2015-08-23 02:00:00,0.24017699115044247,0.25049645390070924,0.4449527186761229,0.23144927536231882
2015-08-23 03:00:00,0.23851769911504422,0.25127659574468086,0.41953900709219855,0.22797101449275364
2015-08-23 04:00:00,0.23845132743362832,0.25163120567375885,0.42864854215918047,0.19797101449275362
2015-08-23 05:00:00,0.23789823008849556,0.2524822695035461,0.43772261623325454,0.20057971014492754
2015-08-23 06:00:00,0.24285398230088498,0.251063829787234,0.458140267927502,0.18159420289855072
2015-08-23 07:00:00,0.24148230088495576,0.25113475177304967,0.4751024428684003,0.1655072463768116
2015-08-23 08:00:00,0.2407079646017699,0.2521276595744681,0.48128841607565015,0.1634782608695652
2015-08-23 09:00:00,0.23973451327433626,0.24758865248226952,0.46644602048857364,0.1771014492753623
2015-08-23 10:00:00,0.24110619469026548,0.2473758865248227,0.4389795114263199,0.19
2015-08-23 11:00:00,0.2397787610619469,0.2426950354609929,0.4179472025216706,0.1982608695652174
2015-08-23 12:00:00,0.2409070796460177,0.24546099290780143,0.40390070921985816,0.19652173913043477
2015-08-23 13:00:00,0.2409070796460177,0.2473758865248227,0.4000591016548463,0.23144927536231882
2015-08-23 14:00:00,0.24261061946902654,0.2497163120567376,0.4296099290780142,0.2197101449275362
2015-08-23 15:00:00,0.24296460176991153,0.24943262411347517,0.472080378250591,0.22159420289855072
2015-08-23 16:00:00,0.24285398230088498,0.2501418439716312,0.5072655634357762,0.2165217391304348
2015-08-23 17:00:00,0.2397566371681416,0.2519148936170213,0.515350669818755,0.23318840579710146
2015-08-23 18:00:00,0.24017699115044247,0.2524822695035461,0.520933806146572,0.2544927536231884
2015-08-23 19:00:00,0.2399778761061947,0.2528368794326241,0.5166233254531126,0.29739130434782607
2015-08-23 20:00:00,0.2368362831858407,0.2530496453900709,0.4842119779353822,0.32565217391304346
2015-08-23 21:00:00,0.23818584070796459,0.2523404255319149,0.43959022852639873,0.2836231884057971
2015-08-23 22:00:00,0.23710176991150445,0.25170212765957445,0.39847911741528763,0.35579710144927534
2015-08-23 23:00:00,0.23834070796460177,0.25163120567375885,0.3832899921197793,0.3640579710144927
2015-08-24 00:00:00,0.23938053097345133,0.25134751773049646,0.37641843971631206,0.326231884057971
2015-08-24 01:00:00,0.23849557522123893,0.25170212765957445,0.3739913317572892,0.3139130434782609
2015-08-24 02:00:00,0.2370796460176991,0.25156028368794325,0.3825177304964539,0.32507246376811594
2015-08-24 03:00:00,0.23672566371681417,0.25070921985815603,0.4173719464144996,0.3185507246376812
2015-08-24 04:00:00,0.23661504424778762,0.2507801418439716,0.47897557131599683,0.3278260869565217
2015-08-24 05:00:00,0.23743362831858408,0.25134751773049646,0.5802718676122931,0.32115942028985506
2015-08-24 06:00:00,0.23393805309734517,0.25156028368794325,0.5969109535066982,0.3084057971014493
2015-08-24 07:00:00,0.2351548672566372,0.2520567375886525,0.5738258471237195,0.3653623188405797
2015-08-24 08:00:00,0.23871681415929202,0.25170212765957445,0.5719385342789598,0.3915942028985507
2015-08-24 09:00:00,0.24261061946902654,0.25156028368794325,0.5620015760441293,0.4033333333333334
2015-08-24 10:00:00,0.2446017699115044,0.25148936170212766,0.5642159180457053,0.42144927536231885
2015-08-24 11:00:00,0.24814159292035395,0.25120567375886527,0.5744129235618598,0.427536231884058
2015-08-24 12:00:00,0.24617256637168142,0.24921985815602835,0.5595114263199369,0.46420289855072466
2015-08-24 13:00:00,0.24829646017699114,0.24843971631205675,0.5573404255319149,0.47144927536231884
2015-08-24 14:00:00,0.24944690265486727,0.24872340425531914,0.564866036249015,0.4759420289855072
2015-08-24 15:00:00,0.2435840707964602,0.24872340425531914,0.5480378250591017,0.46971014492753627
2015-08-24 16:00:00,0.24207964601769913,0.24858156028368794,0.544688731284476,0.4198550724637681
2015-08-24 17:00:00,0.24119469026548673,0.24900709219858158,0.53650512214342,0.36869565217391304
2015-08-24 18:00:00,0.240929203539823,0.24872340425531914,0.5305555555555556,0.3544927536231884
2015-08-24 19:00:00,0.24110619469026548,0.24978723404255318,0.5206422379826635,0.33652173913043476
2015-08-24 20:00:00,0.24329646017699116,0.2501418439716312,0.48138297872340424,0.3468115942028986
2015-08-24 21:00:00,0.24725663716814159,0.2497163120567376,0.44431442080378253,0.32434782608695656
2015-08-24 22:00:00,0.2589601769911504,0.24957446808510636,0.4295232466509062,0.3860869565217391
2015-08-24 23:00:00,0.2617699115044248,0.24836879432624112,0.4074152876280536,0.3368115942028986
2015-08-25 00:00:00,0.2649557522123894,0.24843971631205675,0.3934160756501182,0.322463768115942
2015-08-25 01:00:00,0.2670132743362832,0.24872340425531914,0.3691371158392435,0.35304347826086957
2015-08-25 02:00:00,0.26654867256637166,0.24843971631205675,0.37880614657210404,0.39173913043478265
2015-08-25 03:00:00,0.2652654867256637,0.2498581560283688,0.4320567375886525,0.41492753623188405
2015-08-25 04:00:00,0.2694247787610619,0.24879432624113476,0.48827029156816387,0.40449275362318843
2015-08-25 05:00:00,0.27081858407079645,0.2493617021276596,0.5456304176516943,0.3965217391304348
2015-08-25 06:00:00,0.2680309734513274,0.2501418439716312,0.5572813238770685,0.38637681159420295
2015-08-25 07:00:00,0.2692035398230088,0.24744680851063827,0.5560323089046494,0.3898550724637681
2015-08-25 08:00:00,0.2761504424778761,0.24992907801418437,0.5531560283687943,0.3910144927536232
2015-08-25 09:00:00,0.2743362831858407,0.2508510638297872,0.5553940110323089,0.3868115942028985
2015-08-25 10:00:00,0.27393805309734515,0.2508510638297872,0.5438967691095351,0.39
2015-08-25 11:00:00,0.27480088495575217,0.24978723404255318,0.5409101654846336,0.3669565217391304
2015-08-25 12:00:00,0.2766150442477876,0.25063829787234043,0.5453467297084318,0.3581159420289855
2015-08-25 13:00:00,0.2669026548672567,0.25070921985815603,0.5494129235618598,0.3378260869565217
2015-08-25 14:00:00,0.263075221238938,0.25063829787234043,0.5579905437352246,0.36434782608695654
2015-08-25 15:00:00,0.2676991150442478,0.2498581560283688,0.5696414499605988,0.37739130434782603
2015-08-25 16:00:00,0.2676548672566372,0.2502127659574468,0.5442159180457053,0.4004347826086957
2015-08-25 17:00:00,0.2684955752212389,0.25056737588652483,0.5454058313632781,0.38884057971014496
2015-08-25 18:00:00,0.2686504424778761,0.2509219858156028,0.5517415287628054,0.40652173913043477
2015-08-25 19:00:00,0.2736946902654867,0.25063829787234043,0.5456461780929867,0.4291304347826087
2015-08-25 20:00:00,0.27292035398230086,0.25056737588652483,0.5175374310480694,0.49550724637681154
2015-08-25 21:00:00,0.27993362831858404,0.2508510638297872,0.4740543735224586,0.5601449275362319
2015-08-25 22:00:00,0.2980973451327434,0.2502127659574468,0.4229472025216706,0.6233333333333334
2015-08-25 23:00:00,0.2980973451327434,0.2501418439716312,0.39778959810874703,0.6218840579710145
2015-08-26 00:00:00,0.29732300884955754,0.2495035460992908,0.3899802994483846,0.6279710144927536
2015-08-26 01:00:00,0.2969469026548673,0.24957446808510636,0.39872340425531916,0.5778260869565217
2015-08-26 02:00:00,0.2981194690265487,0.24957446808510636,0.41217888100866823,0.5802898550724638
2015-08-26 03:00:00,0.29679203539823007,0.25,0.4356658786446021,0.49913043478260866
2015-08-26 04:00:00,0.293783185840708,0.24914893617021278,0.4853743104806934,0.44304347826086954
2015-08-26 05:00:00,0.29280973451327436,0.24921985815602835,0.5570488573680062,0.4018840579710145
2015-08-26 06:00:00,0.2927654867256637,0.25056737588652483,0.5778644602048858,0.3759420289855072
2015-08-26 07:00:00,0.2963495575221239,0.2501418439716312,0.5790504334121355,0.34739130434782606
2015-08-26 08:00:00,0.29829646017699113,0.2497163120567376,0.5772970843183609,0.37202898550724633
2015-08-26 09:00:00,0.300287610619469,0.250354609929078,0.5747241922773838,0.36
2015-08-26 10:00:00,0.2944469026548673,0.25056737588652483,0.5646532702915682,0.3436231884057971
2015-08-26 11:00:00,0.2947566371681416,0.2500709219858156,0.5732505910165485,0.3255072463768116
2015-08-26 12:00:00,0.3070796460176991,0.25056737588652483,0.5758234830575256,0.32463768115942027
2015-08-26 13:00:00,0.3067920353982301,0.24886524822695033,0.5709850275807723,0.3544927536231884
2015-08-26 14:00:00,0.3061504424778761,0.24872340425531914,0.5748069345941687,0.323768115942029
2015-08-26 15:00:00,0.30617256637168144,0.24886524822695033,0.5754728132387706,0.3433333333333333
2015-08-26 16:00:00,0.3052212389380531,0.24921985815602835,0.5701891252955082,0.39594202898550723
2015-08-26 17:00:00,0.3050663716814159,0.24851063829787232,0.5728920409771474,0.3546376811594203
2015-08-26 18:00:00,0.3051106194690265,0.24893617021276596,0.5737903861308117,0.32507246376811594
2015-08-26 19:00:00,0.3027654867256637,0.24978723404255318,0.5579984239558707,0.29043478260869565
2015-08-26 20:00:00,0.3018141592920354,0.24978723404255318,0.5395390070921986,0.2866666666666667
2015-08-26 21:00:00,0.3024778761061947,0.24900709219858158,0.48560677698975574,0.29869565217391303
2015-08-26 22:00:00,0.30714601769911504,0.24921985815602835,0.4346847911741529,0.2863768115942029
2015-08-26 23:00:00,0.30553097345132746,0.24907801418439715,0.4147241922773838,0.24652173913043476
2015-08-27 00:00:00,0.3068805309734513,0.2500709219858156,0.4113593380614657,0.24347826086956523
2015-08-27 01:00:00,0.30690265486725665,0.2500709219858156,0.4173837667454689,0.2373913043478261
2015-08-27 02:00:00,0.3057079646017699,0.2501418439716312,0.4411859732072498,0.23115942028985506
2015-08-27 03:00:00,0.3023893805309734,0.2495035460992908,0.4432663514578408,0.23362318840579707
2015-08-27 04:00:00,0.30515486725663715,0.24957446808510636,0.49368400315208827,0.2778260869565217
2015-08-27 05:00:00,0.31360619469026546,0.24943262411347517,0.5779117415287628,0.2808695652173913
2015-08-27 06:00:00,0.31172566371681415,0.24808510638297873,0.598274231678487,0.2971014492753623
2015-08-27 07:00:00,0.31561946902654864,0.24510638297872342,0.6012884160756502,0.27521739130434786
2015-08-27 08:00:00,0.3163716814159292,0.24879432624113476,0.5896256895193066,0.2571014492753623
2015-08-27 09:00:00,0.3134513274336283,0.2500709219858156,0.5810401891252954,0.2856521739130435
2015-08-27 10:00:00,0.3140265486725664,0.24808510638297873,0.5637628053585501,0.2656521739130435
2015-08-27 11:00:00,0.3108407079646018,0.2500709219858156,0.5631796690307329,0.27014492753623187
2015-08-27 12:00:00,0.3121902654867256,0.24482269503546097,0.5634909377462569,0.31217391304347825
2015-08-27 13:00:00,0.31513274336283187,0.24921985815602835,0.5638100866824272,0.3117391304347826
2015-08-27 14:00:00,0.31787610619469026,0.24851063829787232,0.5718873128447597,0.33695652173913043
2015-08-27 15:00:00,0.32161504424778764,0.24744680851063827,0.5746847911741528,0.3453623188405797
2015-08-27 16:00:00,0.31307522123893805,0.24624113475177303,0.5632702915681639,0.367536231884058
2015-08-27 17:00:00,0.31648230088495577,0.23397163120567374,0.5629866036249015,0.3463768115942029
2015-08-27 18:00:00,0.3218141592920354,0.23453900709219858,0.5725847123719464,0.33695652173913043
2015-08-27 19:00:00,0.32287610619469026,0.234468085106383,0.5673128447596533,0.3179710144927536
2015-08-27 20:00:00,0.32123893805309733,0.23517730496453904,0.5378289992119779,0.29333333333333333
2015-08-27 21:00:00,0.3204646017699115,0.23546099290780143,0.4985618597320725,0.2718840579710145
2015-08-27 22:00:00,0.3332300884955752,0.23482269503546102,0.4728723404255319,0.2733333333333333
2015-08-27 23:00:00,0.3308628318584071,0.2424822695035461,0.4601379038613081,0.30971014492753624
2015-08-28 00:00:00,0.3306637168141593,0.24205673758865248,0.449909377462569,0.3953623188405797
2015-08-28 01:00:00,0.3302654867256637,0.2424113475177305,0.4472773837667455,0.36492753623188406
2015-08-28 02:00:00,0.3295353982300885,0.24219858156028368,0.45002364066193856,0.39304347826086955
2015-08-28 03:00:00,0.32679203539823004,0.24219858156028368,0.44870764381402684,0.43637681159420294
2015-08-28 04:00:00,0.3275663716814159,0.24262411347517732,0.5105200945626478,0.4757971014492754
2015-08-28 05:00:00,0.3279424778761062,0.24219858156028368,0.5840780141843972,0.5239130434782608
2015-08-28 06:00:00,0.32163716814159293,0.2419148936170213,0.5959613869188337,0.5133333333333333
2015-08-28 07:00:00,0.3268141592920354,0.24127659574468086,0.5950630417651694,0.4984057971014492
2015-08-28 08:00:00,0.3335619469026549,0.2419148936170213,0.591682427107959,0.5202898550724637
2015-08-28 09:00:00,0.3452212389380531,0.2419148936170213,0.5874625689519306,0.5534782608695652
2015-08-28 10:00:00,0.3468362831858407,0.2424822695035461,0.5744168636721828,0.6069565217391305
2015-08-28 11:00:00,0.3461283185840708,0.2430496453900709,0.5607880220646178,0.5882608695652174
2015-08-28 12:00:00,0.3511725663716814,0.24212765957446808,0.5532860520094562,0.582463768115942
2015-08-28 13:00:00,0.3511283185840708,0.24432624113475176,0.543849487785658,0.5678260869565217
2015-08-28 14:00:00,0.3498451327433628,0.24453900709219858,0.5397714736012609,0.5915942028985507
2015-08-28 15:00:00,0.35292035398230087,0.2456737588652482,0.5461426319936958,0.5730434782608695
2015-08-28 16:00:00,0.35008849557522126,0.24907801418439715,0.5405752561071709,0.5465217391304348
2015-08-28 17:00:00,0.3515486725663717,0.24929078014184397,0.5406146572104019,0.5968115942028985
2015-08-28 18:00:00,0.3501769911504425,0.24382978723404256,0.5359259259259259,0.6542028985507246
2015-08-28 19:00:00,0.34960176991150443,0.24574468085106382,0.5328171788810087,0.6495652173913044
2015-08-28 20:00:00,0.34900442477876104,0.24546099290780143,0.49031126871552405,0.6005797101449275
2015-08-28 21:00:00,0.35190265486725664,0.24560283687943263,0.44109141055949563,0.6047826086956521
2015-08-28 22:00:00,0.37847345132743365,0.24638297872340423,0.41509062253743106,0.6831884057971014
2015-08-28 23:00:00,0.3791150442477876,0.24758865248226952,0.41482269503546104,0.6531884057971015
2015-08-29 00:00:00,0.37942477876106195,0.24730496453900708,0.41904649330181243,0.6592753623188405
2015-08-29 01:00:00,0.3792699115044248,0.24978723404255318,0.41955870764381403,0.6779710144927537
2015-08-29 02:00:00,0.38128318584070797,0.24943262411347517,0.4271355397951143,0.682463768115942
2015-08-29 03:00:00,0.37944690265486725,0.2521985815602837,0.42392828999211973,0.6823188405797102
2015-08-29 04:00:00,0.3788938053097345,0.251063829787234,0.42832545311268716,0.7005797101449275
2015-08-29 05:00:00,0.3788716814159292,0.2509929078014184,0.4597123719464145,0.712463768115942
2015-08-29 06:00:00,0.3806637168141593,0.25156028368794325,0.4849133175728921,0.7021739130434783
2015-08-29 07:00:00,0.3765929203539823,0.2508510638297872,0.5078802206461781,0.6613043478260869
2015-08-29 08:00:00,0.37444690265486724,0.2519148936170213,0.5185894405043341,0.6659420289855073
2015-08-29 09:00:00,0.37473451327433627,0.2518439716312057,0.5153427895981088,0.6618840579710145
2015-08-29 10:00:00,0.3784513274336283,0.24666666666666667,0.5085303388494878,0.6811594202898551
2015-08-29 11:00:00,0.3759513274336283,0.24581560283687945,0.4939204097714736,0.6743478260869565
2015-08-29 12:00:00,0.3757079646017699,0.24659574468085105,0.4875177304964539,0.6560869565217391
2015-08-29 13:00:00,0.37986725663716814,0.2495035460992908,0.49583136327817184,0.5908695652173913
2015-08-29 14:00:00,0.37988938053097343,0.25148936170212766,0.49969267139479906,0.5231884057971015
2015-08-29 15:00:00,0.37714601769911504,0.2524822695035461,0.5152206461780929,0.45884057971014497
2015-08-29 16:00:00,0.380929203539823,0.25460992907801416,0.5334988179669031,0.4191304347826087
2015-08-29 17:00:00,0.37984513274336285,0.25156028368794325,0.5312490149724193,0.3881159420289855
2015-08-29 18:00:00,0.37918141592920357,0.25404255319148933,0.5287746256895193,0.3091304347826087
2015-08-29 19:00:00,0.3768805309734513,0.25390070921985813,0.523187549251379,0.27521739130434786
2015-08-29 20:00:00,0.37807522123893805,0.254113475177305,0.501548463356974,0.2855072463768116
2015-08-29 21:00:00,0.3788716814159292,0.2529078014184397,0.4867297084318361,0.3189855072463768
2015-08-29 22:00:00,0.36694690265486724,0.25255319148936173,0.4994917257683215,0.3527536231884058
2015-08-29 23:00:00,0.365641592920354,0.2521276595744681,0.48748226950354606,0.4023188405797102
2015-08-30 00:00:00,0.3663716814159292,0.2522695035460993,0.4827698975571316,0.37956521739130433
2015-08-30 01:00:00,0.3654203539823009,0.2549645390070922,0.4768715524034673,0.4228985507246377
2015-08-30 02:00:00,0.3636504424778761,0.254822695035461,0.47673364854215916,0.41594202898550725
2015-08-30 03:00:00,0.3626548672566372,0.2551063829787234,0.47001970055161546,0.4259420289855072
2015-08-30 04:00:00,0.3610176991150442,0.25574468085106383,0.4654728132387707,0.43463768115942025
2015-08-30 05:00:00,0.3625,0.25404255319148933,0.4675177304964539,0.44130434782608696
2015-08-30 06:00:00,0.3648893805309734,0.255886524822695,0.505973207249803,0.3914492753623189
2015-08-30 07:00:00,0.36283185840707965,0.2546808510638298,0.5340070921985816,0.3491304347826087
2015-08-30 08:00:00,0.3638495575221239,0.25666666666666665,0.5494877856579984,0.3701449275362319
2015-08-30 09:00:00,0.3634513274336283,0.2556028368794326,0.5502955082742317,0.37275362318840577
2015-08-30 10:00:00,0.35938053097345135,0.2550354609929078,0.5345744680851063,0.3491304347826087
2015-08-30 11:00:00,0.3593362831858407,0.2531914893617021,0.5192986603624902,0.3136231884057971
2015-08-30 12:00:00,0.36139380530973453,0.2518439716312057,0.5127738376674548,0.3169565217391304
2015-08-30 13:00:00,0.36258849557522127,0.25156028368794325,0.542923561859732,0.3447826086956522
2015-08-30 14:00:00,0.3588716814159292,0.25382978723404254,0.5432230102442869,0.3342028985507246
2015-08-30 15:00:00,0.35834070796460177,0.2519148936170213,0.5406461780929867,0.29840579710144927
2015-08-30 16:00:00,0.3592256637168142,0.2520567375886525,0.5467848699763593,0.2618840579710145
2015-08-30 17:00:00,0.36022123893805313,0.25156028368794325,0.5586091410559496,0.21391304347826087
2015-08-30 18:00:00,0.36011061946902656,0.25446808510638297,0.5653821907013397,0.187536231884058
2015-08-30 19:00:00,0.3557079646017699,0.25446808510638297,0.5533727344365642,0.19652173913043477
2015-08-30 20:00:00,0.35964601769911503,0.2539716312056738,0.5301812450748621,0.1902898550724638
2015-08-30 21:00:00,0.3578982300884956,0.25375886524822694,0.5043223010244288,0.20521739130434782
2015-08-30 22:00:00,0.38013274336283187,0.2507801418439716,0.48716706067769894,0.24289855072463767
2015-08-30 23:00:00,0.37944690265486725,0.25390070921985813,0.4812647754137116,0.22115942028985505
2015-08-31 00:00:00,0.37515486725663716,0.2527659574468085,0.4740425531914894,0.24333333333333335
2015-08-31 01:00:00,0.3747787610619469,0.22496453900709218,0.47397951142631994,0.2244927536231884
2015-08-31 02:00:00,0.3747566371681416,0.22382978723404257,0.47645784081954295,0.21579710144927536
2015-08-31 03:00:00,0.3761504424778761,0.22524822695035462,0.4894011032308905,0.19014492753623186
2015-08-31 04:00:00,0.3739159292035398,0.2250354609929078,0.5388691883372735,0.20333333333333334
2015-08-31 05:00:00,0.3676769911504425,0.22496453900709218,0.5669858156028369,0.18652173913043477
2015-08-31 06:00:00,0.3664380530973451,0.22496453900709218,0.5656540583136328,0.19681159420289857
2015-08-31 07:00:00,0.36566371681415927,0.225177304964539,0.5720764381402679,0.1991304347826087
2015-08-31 08:00:00,0.36648230088495576,0.2256737588652482,0.5925571315996848,0.18144927536231883
2015-08-31 09:00:00,0.36422566371681414,0.22574468085106383,0.5819109535066982,0.1498550724637681
2015-08-31 10:00:00,0.36721238938053097,0.2258156028368794,0.5851497241922774,0.11942028985507247
2015-08-31 11:00:00,0.36721238938053097,0.225177304964539,0.5849369582348306,0.09869565217391303
2015-08-31 12:00:00,0.3648672566371681,0.22382978723404257,0.5785106382978723,0.13405797101449277
2015-08-31 13:00:00,0.36743362831858406,0.22418439716312058,0.5727580772261623,0.13043478260869565
2015-08-31 14:00:00,0.377212389380531,0.22361702127659575,0.5769897557131599,0.12956521739130436
2015-08-31 15:00:00,0.37805309734513276,0.22382978723404257,0.5917612293144208,0.09971014492753623
2015-08-31 16:00:00,0.37276548672566373,0.22361702127659575,0.5806934594168637,0.10855072463768117
2015-08-31 17:00:00,0.3739380530973451,0.22404255319148936,0.5744917257683215,0.11405797101449276
2015-08-31 18:00:00,0.3737610619469027,0.22524822695035462,0.5751497241922774,0.1572463768115942
2015-08-31 19:00:00,0.37358407079646017,0.22602836879432622,0.5601654846335697,0.1691304347826087
2015-08-31 20:00:00,0.3715929203539823,0.22631205673758867,0.5087706855791962,0.1510144927536232
2015-08-31 21:00:00,0.3720575221238938,0.22645390070921986,0.46609141055949566,0.1617391304347826
2015-08-31 22:00:00,0.3780088495575221,0.22687943262411345,0.455709219858156,0.1910144927536232
2015-08-31 23:00:00,0.377212389380531,0.2273049645390071,0.4329826635145784,0.18710144927536232
2015-09-01 00:00:00,0.37650442477876106,0.22723404255319146,0.43206855791962173,0.21434782608695652
2015-09-01 01:00:00,0.3766371681415929,0.2276595744680851,0.43406619385342793,0.20231884057971014
2015-09-01 02:00:00,0.37648230088495577,0.22758865248226948,0.43660362490149723,0.2056521739130435
2015-09-01 03:00:00,0.3766592920353982,0.22822695035460994,0.43590228526398744,0.2265217391304348
2015-09-01 04:00:00,0.37754424778761064,0.2273049645390071,0.5034594168636721,0.22405797101449274
2015-09-01 05:00:00,0.3797566371681416,0.2281560283687943,0.5566075650118204,0.23971014492753623
2015-09-01 06:00:00,0.3783628318584071,0.22773049645390073,0.5671276595744681,0.2426086956521739
2015-09-01 07:00:00,0.3767477876106195,0.22659574468085106,0.559204097714736,0.252463768115942
2015-09-01 08:00:00,0.3787610619469027,0.2281560283687943,0.5535342789598109,0.2633333333333333
2015-09-01 09:00:00,0.37944690265486725,0.22836879432624113,0.5653624901497242,0.2797101449275362
2015-09-01 10:00:00,0.38150442477876106,0.22744680851063828,0.5647123719464144,0.27608695652173915
2015-09-01 11:00:00,0.378141592920354,0.22758865248226948,0.5644602048857368,0.29391304347826086
2015-09-01 12:00:00,0.37738938053097343,0.2282978723404255,0.5594917257683215,0.3055072463768116
2015-09-01 13:00:00,0.3788938053097345,0.22680851063829788,0.5701930654058314,0.3128985507246377
2015-09-01 14:00:00,0.37893805309734513,0.2270212765957447,0.5747163120567376,0.32072463768115944
2015-09-01 15:00:00,0.3789601769911505,0.22680851063829788,0.5661583924349882,0.33159420289855074
2015-09-01 16:00:00,0.37577433628318585,0.22609929078014185,0.5578092986603626,0.3055072463768116
2015-09-01 17:00:00,0.37577433628318585,0.22588652482269503,0.5311780929866036,0.2952173913043478
2015-09-01 18:00:00,0.3754867256637168,0.22687943262411345,0.5420252167060677,0.30057971014492757
2015-09-01 19:00:00,0.3744911504424779,0.2271631205673759,0.5188849487785657,0.30144927536231886
2015-09-01 20:00:00,0.3729424778761062,0.22744680851063828,0.48156422379826636,0.30666666666666664
2015-09-01 21:00:00,0.3731194690265487,0.22680851063829788,0.4185342789598109,0.31971014492753624
2015-09-01 22:00:00,0.3692256637168142,0.22865248226950352,0.3877738376674547,0.29304347826086957
2015-09-01 23:00:00,0.36316371681415927,0.22971631205673756,0.37219464144996056,0.27956521739130435
2015-09-02 00:00:00,0.36515486725663715,0.2302836879432624,0.37153270291568163,0.2626086956521739
2015-09-02 01:00:00,0.3655973451327434,0.2304255319148936,0.37732860520094563,0.262463768115942
2015-09-02 02:00:00,0.3642477876106195,0.23113475177304962,0.38000394011032307,0.2698550724637681
2015-09-02 03:00:00,0.3641150442477876,0.23085106382978723,0.3847754137115839,0.2727536231884058
2015-09-02 04:00:00,0.366570796460177,0.2302836879432624,0.4629826635145784,0.26521739130434785
2015-09-02 05:00:00,0.36896017699115047,0.22985815602836882,0.5476713947990544,0.2604347826086956
2015-09-02 06:00:00,0.3664159292035398,0.22985815602836882,0.5751221434200158,0.2534782608695652
2015-09-02 07:00:00,0.36577433628318584,0.22985815602836882,0.5547754137115839,0.23884057971014494
2015-09-02 08:00:00,0.3659513274336283,0.2301418439716312,0.5562529550827423,0.22246376811594204
2015-09-02 09:00:00,0.3676106194690265,0.23063829787234041,0.5486524822695035,0.22768115942028985
2015-09-02 10:00:00,0.36836283185840707,0.23063829787234041,0.5413120567375886,0.25043478260869567
2015-09-02 11:00:00,0.36809734513274334,0.2302836879432624,0.5435185185185185,0.2694202898550725
2015-09-02 12:00:00,0.36975663716814156,0.23035460992907802,0.5367572892040977,0.31318840579710144
2015-09-02 13:00:00,0.37077433628318585,0.23021276595744683,0.524342001576044,0.3136231884057971
2015-09-02 14:00:00,0.3699778761061947,0.2295035460992908,0.5175374310480694,0.2746376811594203
2015-09-02 15:00:00,0.37044247787610624,0.22879432624113477,0.538581560283688,0.26463768115942027
2015-09-02 16:00:00,0.36971238938053097,0.22851063829787233,0.5319661150512214,0.25333333333333335
2015-09-02 17:00:00,0.37022123893805314,0.22851063829787233,0.5473995271867612,0.2273913043478261
2015-09-02 18:00:00,0.3700884955752212,0.22872340425531915,0.5562174940898345,0.22434782608695653
2015-09-02 19:00:00,0.3699778761061947,0.22914893617021279,0.5434239558707644,0.22144927536231887
2015-09-02 20:00:00,0.37128318584070796,0.22936170212765955,0.5040031520882585,0.22840579710144926
2015-09-02 21:00:00,0.36878318584070796,0.22914893617021279,0.4397320724980299,0.2568115942028985
2015-09-02 22:00:00,0.3684070796460177,0.22936170212765955,0.4156501182033097,0.2556521739130435
2015-09-02 23:00:00,0.36785398230088495,0.229645390070922,0.4119267139479906,0.2688405797101449
2015-09-03 00:00:00,0.36734513274336283,0.229645390070922,0.4113238770685579,0.26072463768115944
2015-09-03 01:00:00,0.37022123893805314,0.22971631205673756,0.42592986603624905,0.25666666666666665
2015-09-03 02:00:00,0.36902654867256635,0.22971631205673756,0.43259259259259264,0.2633333333333333
2015-09-03 03:00:00,0.3691150442477876,0.22971631205673756,0.44988573680063043,0.2847826086956522
2015-09-03 04:00:00,0.36902654867256635,0.22971631205673756,0.4846808510638298,0.2947826086956522
2015-09-03 05:00:00,0.3697345132743363,0.22971631205673756,0.5324940898345154,0.2647826086956522
2015-09-03 06:00:00,0.3696902654867257,0.22971631205673756,0.5394838455476754,0.2346376811594203
2015-09-03 07:00:00,0.36898230088495576,0.22560283687943264,0.5402758077226163,0.1991304347826087
2015-09-03 08:00:00,0.3692477876106195,0.22971631205673756,0.5300394011032309,0.1936231884057971
2015-09-03 09:00:00,0.35845132743362834,0.22893617021276597,0.527612293144208,0.19449275362318838
2015-09-03 10:00:00,0.3573451327433628,0.22893617021276597,0.5183569739952718,0.2156521739130435
2015-09-03 11:00:00,0.3572566371681416,0.22886524822695034,0.5167178881008668,0.23159420289855073
2015-09-03 12:00:00,0.35727876106194695,0.22851063829787233,0.5161308116627266,0.24579710144927536
2015-09-03 13:00:00,0.3577433628318584,0.22851063829787233,0.5032781717888101,0.2536231884057971
2015-09-03 14:00:00,0.3579867256637168,0.22758865248226948,0.5072182821118991,0.24420289855072463
2015-09-03 15:00:00,0.3573008849557522,0.22758865248226948,0.5079866036249016,0.2713043478260869
2015-09-03 16:00:00,0.3592477876106195,0.22631205673758867,0.5037312844759654,0.29536231884057973
2015-09-03 17:00:00,0.3638053097345133,0.2275177304964539,0.5010677698975572,0.2723188405797102
2015-09-03 18:00:00,0.3693805309734513,0.22744680851063828,0.5214617809298661,0.28521739130434787
2015-09-03 19:00:00,0.3697787610619469,0.22659574468085106,0.5176241134751772,0.2917391304347826
2015-09-03 20:00:00,0.3692477876106195,0.2273758865248227,0.49264381402679275,0.2726086956521739
2015-09-03 21:00:00,0.36898230088495576,0.22723404255319146,0.4550394011032309,0.24072463768115943
2015-09-03 22:00:00,0.3679424778761062,0.22673758865248225,0.44336485421591804,0.23202898550724638
2015-09-03 23:00:00,0.3675884955752212,0.22843971631205676,0.4240386130811663,0.21550724637681157
2015-09-04 00:00:00,0.36800884955752217,0.22858156028368795,0.42106382978723406,0.19043478260869567
2015-09-04 01:00:00,0.36800884955752217,0.22851063829787233,0.4259377462568952,0.17565217391304347
2015-09-04 02:00:00,0.3677212389380531,0.22822695035460994,0.4334160756501182,0.15347826086956523
2015-09-04 03:00:00,0.3674778761061947,0.22787234042553192,0.45325059101654847,0.11666666666666667
2015-09-04 04:00:00,0.36763274336283186,0.22872340425531915,0.4885185185185185,0.0953623188405797
2015-09-04 05:00:00,0.36785398230088495,0.22914893617021279,0.5294562647754137,0.0782608695652174
2015-09-04 06:00:00,0.3681858407079646,0.22872340425531915,0.5548423955870764,0.058550724637681156
2015-09-04 07:00:00,0.3679203539823009,0.22914893617021279,0.5529078014184396,0.04869565217391304
2015-09-04 08:00:00,0.3728097345132743,0.22851063829787233,0.5521355397951143,0.04449275362318841
2015-09-04 09:00:00,0.3727212389380531,0.22872340425531915,0.5514539007092198,0.04492753623188406
2015-09-04 10:00:00,0.3727433628318584,0.22843971631205676,0.5403821907013396,0.03884057971014493
2015-09-04 11:00:00,0.37013274336283186,0.22851063829787233,0.5335579196217495,0.04927536231884058
2015-09-04 12:00:00,0.37013274336283186,0.22872340425531915,0.530133963750985,0.07028985507246377
2015-09-04 13:00:00,0.3700221238938053,0.2546808510638298,0.5174704491725768,0.10043478260869565
2015-09-04 14:00:00,0.3694690265486726,0.25354609929078015,0.5169739952718676,0.13782608695652174
2015-09-04 15:00:00,0.3690929203539823,0.16744680851063828,0.5109929078014185,0.1653623188405797
2015-09-04 16:00:00,0.371858407079646,0.1672340425531915,0.5405673758865248,0.2072463768115942
2015-09-04 17:00:00,0.372212389380531,0.16695035460992907,0.5600275807722617,0.23565217391304347
2015-09-04 18:00:00,0.37203539823008847,0.16368794326241135,0.5622182821118992,0.23855072463768115
2015-09-04 19:00:00,0.372212389380531,0.16375886524822694,0.5496572104018912,0.23130434782608694
2015-09-04 20:00:00,0.3714380530973452,0.16539007092198582,0.52725768321513,0.21318840579710144
2015-09-04 21:00:00,0.3714601769911504,0.16957446808510637,0.47472419227738377,0.21405797101449273
2015-09-04 22:00:00,0.36858407079646016,0.1721985815602837,0.44262411347517727,0.22565217391304346
2015-09-04 23:00:00,0.3686504424778761,0.18163120567375887,0.4315721040189125,0.2136231884057971
2015-09-05 00:00:00,0.36867256637168144,0.2080851063829787,0.4122419227738377,0.2439130434782609
2015-09-05 01:00:00,0.36878318584070796,0.21411347517730495,0.40323089046493304,0.26304347826086955
2015-09-05 02:00:00,0.3693805309734513,0.22099290780141845,0.4002521670606777,0.28130434782608693
2015-09-05 03:00:00,0.369358407079646,0.22822695035460994,0.38969661150512214,0.29492753623188406
2015-09-05 04:00:00,0.36953539823008846,0.2275177304964539,0.37943262411347517,0.2866666666666667
2015-09-05 05:00:00,0.37099557522123894,0.23191489361702128,0.40088652482269505,0.28144927536231884
2015-09-05 06:00:00,0.37119469026548674,0.23234042553191492,0.43184791174152876,0.2917391304347826
2015-09-05 07:00:00,0.3714823008849557,0.23375886524822698,0.4547438928289992,0.32507246376811594
2015-09-05 08:00:00,0.3703982300884956,0.23347517730496453,0.4471591804570528,0.35666666666666663
2015-09-05 09:00:00,0.37329646017699114,0.23404255319148937,0.42245862884160756,0.40652173913043477
2015-09-05 10:00:00,0.37371681415929203,0.234468085106383,0.4084042553191489,0.43173913043478257
2015-09-05 11:00:00,0.37327433628318585,0.23496453900709222,0.40464933018124505,0.47739130434782606
2015-09-05 12:00:00,0.3734070796460177,0.23482269503546102,0.38735618597320726,0.533768115942029
2015-09-05 13:00:00,0.3732300884955752,0.23588652482269507,0.37674546887312843,0.5902898550724638
2015-09-05 14:00:00,0.37225663716814156,0.23702127659574468,0.3869700551615445,0.631304347826087
2015-09-05 15:00:00,0.3721902654867257,0.23687943262411348,0.4187943262411348,0.6639130434782609
2015-09-05 16:00:00,0.3721902654867257,0.23361702127659573,0.441946414499606,0.6828985507246377
2015-09-05 17:00:00,0.37194690265486724,0.23439716312056738,0.44417257683215133,0.6598550724637682
2015-09-05 18:00:00,0.37192477876106195,0.24212765957446808,0.4471710007880221,0.631304347826087
2015-09-05 19:00:00,0.37161504424778763,0.2430496453900709,0.438715524034673,0.5772463768115942
2015-09-05 20:00:00,0.3713716814159292,0.24205673758865248,0.40424743892828996,0.525072463768116
2015-09-05 21:00:00,0.3712610619469026,0.24297872340425533,0.3762214342001576,0.48594202898550726
2015-09-05 22:00:00,0.37046460176991153,0.2427659574468085,0.33137115839243503,0.4004347826086957
2015-09-05 23:00:00,0.3705309734513274,0.2430496453900709,0.31724586288416073,0.37275362318840577
2015-09-06 00:00:00,0.3703982300884956,0.2428368794326241,0.31329787234042555,0.3347826086956522
2015-09-06 01:00:00,0.3712389380530973,0.24361702127659574,0.3119345941686367,0.2985507246376812
2015-09-06 02:00:00,0.37119469026548674,0.24418439716312057,0.3130575256107171,0.2788405797101449
2015-09-06 03:00:00,0.3711061946902655,0.24347517730496454,0.31297478329393225,0.26507246376811594
2015-09-06 04:00:00,0.37086283185840707,0.2427659574468085,0.30928684003152085,0.24318840579710146
2015-09-06 05:00:00,0.37011061946902657,0.24312056737588653,0.32183609141055947,0.23768115942028986
2015-09-06 06:00:00,0.37057522123893805,0.2425531914893617,0.341816390858944,0.2298550724637681
2015-09-06 07:00:00,0.37057522123893805,0.2427659574468085,0.3585894405043341,0.23652173913043475
2015-09-06 08:00:00,0.3699778761061947,0.24319148936170212,0.3667218282111899,0.2291304347826087
2015-09-06 09:00:00,0.3702433628318584,0.24375886524822693,0.36478723404255314,0.22608695652173913
2015-09-06 10:00:00,0.37035398230088495,0.24446808510638296,0.3776910953506698,0.23289855072463767
2015-09-06 11:00:00,0.3716371681415929,0.24460992907801415,0.3779944838455477,0.2446376811594203
2015-09-06 12:00:00,0.3714823008849557,0.2447517730496454,0.374554767533491,0.23521739130434785
2015-09-06 13:00:00,0.37161504424778763,0.24496453900709217,0.3681993695823483,0.2289855072463768
2015-09-06 14:00:00,0.37165929203539827,0.2473758865248227,0.38160756501182036,0.23927536231884058
2015-09-06 15:00:00,0.3714380530973452,0.24666666666666667,0.40559889676910954,0.23884057971014494
2015-09-06 16:00:00,0.3718362831858407,0.24631205673758866,0.4349448384554767,0.2310144927536232
2015-09-06 17:00:00,0.37212389380530975,0.24659574468085105,0.48134751773049644,0.21188405797101448
2015-09-06 18:00:00,0.37210176991150445,0.2470212765957447,0.5095193065405832,0.18043478260869567
2015-09-06 19:00:00,0.37212389380530975,0.2473758865248227,0.5228959810874705,0.16608695652173913
2015-09-06 20:00:00,0.37214601769911504,0.24929078014184397,0.5044089834515366,0.1655072463768116
2015-09-06 21:00:00,0.3718362831858407,0.25113475177304967,0.47607959022852636,0.17420289855072466
2015-09-06 22:00:00,0.36816371681415927,0.2529078014184397,0.4633412135539795,0.1846376811594203
2015-09-06 23:00:00,0.3681194690265487,0.25453900709219857,0.46221040189125295,0.1891304347826087
2015-09-07 00:00:00,0.3678318584070796,0.254113475177305,0.45485815602836877,0.20405797101449277
2015-09-07 01:00:00,0.3675,0.2531205673758865,0.4576713947990544,0.22942028985507248
2015-09-07 02:00:00,0.36712389380530974,0.2531205673758865,0.4344641449960599,0.2728985507246377
2015-09-07 03:00:00,0.3673230088495575,0.25347517730496455,0.485354609929078,0.2944927536231884
2015-09-07 04:00:00,0.3678318584070796,0.2520567375886525,0.5422852639873916,0.29144927536231885
2015-09-07 05:00:00,0.3710398230088495,0.2519148936170213,0.6107171000788022,0.31913043478260866
2015-09-07 06:00:00,0.3728761061946903,0.2521276595744681,0.6206855791962175,0.2979710144927536
2015-09-07 07:00:00,0.3731194690265487,0.2398581560283688,0.6085027580772261,0.2743478260869565
2015-09-07 08:00:00,0.36878318584070796,0.2281560283687943,0.5950315208825847,0.2694202898550725
2015-09-07 09:00:00,0.36876106194690267,0.2278014184397163,0.5862844759653271,0.2808695652173913
2015-09-07 10:00:00,0.36889380530973453,0.2273049645390071,0.5927265563435776,0.28057971014492755
2015-09-07 11:00:00,0.3681194690265487,0.22723404255319146,0.5810598896769109,0.3010144927536232
2015-09-07 12:00:00,0.3677876106194691,0.2250354609929078,0.571946414499606,0.2856521739130435
2015-09-07 13:00:00,0.3676991150442478,0.22446808510638297,0.568092986603625,0.3247826086956522
2015-09-07 14:00:00,0.3679867256637168,0.22382978723404257,0.5699211977935382,0.3323188405797102
2015-09-07 15:00:00,0.3680530973451327,0.2245390070921986,0.5706107171000788,0.33753623188405796
2015-09-07 16:00:00,0.36809734513274334,0.22539007092198582,0.5705634357762017,0.31768115942028985
2015-09-07 17:00:00,0.3681858407079646,0.22539007092198582,0.570531914893617,0.29695652173913045
2015-09-07 18:00:00,0.3678982300884956,0.22624113475177304,0.5785657998423955,0.2823188405797102
2015-09-07 19:00:00,0.3675,0.22574468085106383,0.5639125295508275,0.2876811594202899
2015-09-07 20:00:00,0.3672566371681416,0.22609929078014185,0.536241134751773,0.2918840579710145
2015-09-07 21:00:00,0.3671681415929203,0.2271631205673759,0.4861465721040189,0.31405797101449273
2015-09-07 22:00:00,0.36588495575221236,0.22709219858156027,0.45873522458628846,0.31115942028985505
2015-09-07 23:00:00,0.3658185840707965,0.22659574468085106,0.4517060677698975,0.312463768115942
2015-09-08 00:00:00,0.3656858407079646,0.2270212765957447,0.44511032308904647,0.31376811594202897
2015-09-08 01:00:00,0.36577433628318584,0.22659574468085106,0.44814026792750195,0.31434782608695655
2015-09-08 02:00:00,0.3658407079646018,0.22666666666666668,0.4546690307328605,0.2863768115942029
2015-09-08 03:00:00,0.36588495575221236,0.22624113475177304,0.479511426319937,0.25376811594202897
2015-09-08 04:00:00,0.3663274336283186,0.22375886524822694,0.5452561071710008,0.22942028985507248
2015-09-08 05:00:00,0.3652212389380531,0.22361702127659575,0.5892513790386131,0.20666666666666667
2015-09-08 06:00:00,0.3658185840707965,0.22312056737588654,0.6075137903861308,0.19333333333333333
2015-09-08 07:00:00,0.36442477876106194,0.22524822695035462,0.5979472025216706,0.1753623188405797
2015-09-08 08:00:00,0.36261061946902656,0.22368794326241134,0.5943617021276596,0.17507246376811594
2015-09-08 09:00:00,0.3630973451327434,0.22290780141843972,0.588892828999212,0.1836231884057971
2015-09-08 10:00:00,0.3631194690265487,0.2226241134751773,0.5884160756501182,0.21188405797101448
2015-09-08 11:00:00,0.36356194690265486,0.22276595744680852,0.5875256107171001,0.21072463768115943
2015-09-08 12:00:00,0.36376106194690266,0.22333333333333333,0.5815878644602049,0.21347826086956523
2015-09-08 13:00:00,0.3637389380530973,0.22276595744680852,0.5763908589440504,0.21159420289855072
2015-09-08 14:00:00,0.36353982300884957,0.22319148936170213,0.5760047281323877,0.22028985507246376
2015-09-08 15:00:00,0.3639159292035398,0.2230496453900709,0.5706264775413712,0.19768115942028985
2015-09-08 16:00:00,0.36353982300884957,0.22148936170212766,0.5628447596532703,0.22753623188405797
2015-09-08 17:00:00,0.3638274336283186,0.22148936170212766,0.5716075650118203,0.22246376811594204
2015-09-08 18:00:00,0.3642699115044248,0.22120567375886524,0.5934357762017336,0.23840579710144927
2015-09-08 19:00:00,0.3644690265486726,0.24631205673758866,0.5800394011032308,0.24101449275362322
2015-09-08 20:00:00,0.36347345132743364,0.24581560283687945,0.5583333333333333,0.22565217391304346
2015-09-08 21:00:00,0.3630088495575221,0.24609929078014184,0.5202167060677699,0.2482608695652174
2015-09-08 22:00:00,0.3604646017699115,0.22425531914893615,0.49517730496453904,0.28782608695652173
2015-09-08 23:00:00,0.36057522123893804,0.22432624113475177,0.4980890464933018,0.2972463768115942
2015-09-09 00:00:00,0.36035398230088495,0.22375886524822694,0.497037037037037,0.2753623188405797
2015-09-09 01:00:00,0.3602654867256637,0.22354609929078012,0.49710007880220647,0.2952173913043478
2015-09-09 02:00:00,0.36011061946902656,0.22375886524822694,0.496591804570528,0.2946376811594203
2015-09-09 03:00:00,0.3601991150442478,0.22375886524822694,0.5091686367218282,0.29434782608695653
2015-09-09 04:00:00,0.3624778761061947,0.22361702127659575,0.5603230890464933,0.27072463768115945
2015-09-09 05:00:00,0.3627654867256637,0.22368794326241134,0.5964657210401891,0.2853623188405797
2015-09-09 06:00:00,0.3636725663716814,0.22028368794326242,0.5956895193065406,0.2556521739130435
2015-09-09 07:00:00,0.3643805309734513,0.22021276595744682,0.6063790386130812,0.2217391304347826
2015-09-09 08:00:00,0.364070796460177,0.22021276595744682,0.5929944838455476,0.20420289855072465
2015-09-09 09:00:00,0.3639159292035398,0.2199290780141844,0.5868242710795902,0.21463768115942028
2015-09-09 10:00:00,0.3649778761061947,0.2198581560283688,0.5830575256107171,0.18652173913043477
2015-09-09 11:00:00,0.365287610619469,0.22028368794326242,0.5760244286840032,0.19608695652173916
2015-09-09 12:00:00,0.36553097345132746,0.22028368794326242,0.5789361702127659,0.2117391304347826
2015-09-09 13:00:00,0.3658185840707965,0.22113475177304964,0.5720882584712372,0.2373913043478261
2015-09-09 14:00:00,0.36610619469026545,0.22404255319148936,0.5699408983451537,0.22434782608695653
2015-09-09 15:00:00,0.36539823008849553,0.22382978723404257,0.5866233254531127,0.20666666666666667
2015-09-09 16:00:00,0.3657079646017699,0.22375886524822694,0.5909929078014184,0.19666666666666666
2015-09-09 17:00:00,0.3657964601769912,0.2246808510638298,0.594204097714736,0.2120289855072464
2015-09-09 18:00:00,0.36575221238938055,0.22482269503546098,0.6099921197793539,0.21188405797101448
2015-09-09 19:00:00,0.3656858407079646,0.2248936170212766,0.5937431048069346,0.20739130434782607
2015-09-09 20:00:00,0.36353982300884957,0.22496453900709218,0.5669385342789598,0.2169565217391304
2015-09-09 21:00:00,0.3635840707964602,0.2247517730496454,0.5396887312844759,0.2182608695652174
2015-09-09 22:00:00,0.3528982300884956,0.22148936170212766,0.5208037825059102,0.25028985507246376
2015-09-09 23:00:00,0.3525,0.22156028368794325,0.5031205673758865,0.2571014492753623
2015-09-10 00:00:00,0.3523451327433628,0.22184397163120567,0.49625689519306543,0.2082608695652174
2015-09-10 01:00:00,0.35219026548672566,0.2220567375886525,0.5000512214342001,0.21666666666666667
2015-09-10 02:00:00,0.35185840707964605,0.2221985815602837,0.5033451536643025,0.22927536231884058
2015-09-10 03:00:00,0.35196902654867257,0.22191489361702127,0.5185106382978724,0.23289855072463767
2015-09-10 04:00:00,0.35373893805309736,0.22184397163120567,0.5712056737588653,0.19521739130434781
2015-09-10 05:00:00,0.35376106194690266,0.2221985815602837,0.5954097714736013,0.23898550724637682
2015-09-10 06:00:00,0.35168141592920354,0.22177304964539007,0.5983569739952719,0.22550724637681158
2015-09-10 07:00:00,0.35143805309734516,0.22113475177304964,0.6017257683215129,0.22115942028985505
2015-09-10 08:00:00,0.3513053097345133,0.22078014184397163,0.60301024428684,0.2382608695652174
2015-09-10 09:00:00,0.35061946902654867,0.22063829787234043,0.5887391646966116,0.25043478260869567
2015-09-10 10:00:00,0.3504203539823009,0.22063829787234043,0.5785933806146573,0.23884057971014494
2015-09-10 11:00:00,0.3503982300884956,0.22070921985815603,0.5782387706855793,0.2373913043478261
2015-09-10 12:00:00,0.350641592920354,0.2204255319148936,0.5829314420803782,0.23231884057971017
2015-09-10 13:00:00,0.35061946902654867,0.22028368794326242,0.582387706855792,0.22942028985507248
2015-09-10 14:00:00,0.3527654867256637,0.2200709219858156,0.5708431836091411,0.22826086956521738
2015-09-10 15:00:00,0.35272123893805307,0.23219858156028367,0.5699054373522459,0.20014492753623186
2015-09-10 16:00:00,0.355929203539823,0.23234042553191492,0.5730063041765169,0.18043478260869567
2015-09-10 17:00:00,0.355929203539823,0.26,0.5923798266351458,0.17173913043478262
2015-09-10 18:00:00,0.3547566371681416,0.25148936170212766,0.6248975571315997,0.17898550724637682
2015-09-10 19:00:00,0.35446902654867257,0.25156028368794325,0.6175374310480694,0.1855072463768116
2015-09-10 20:00:00,0.35221238938053095,0.25148936170212766,0.5833412135539795,0.19333333333333333
2015-09-10 21:00:00,0.35188053097345134,0.2520567375886525,0.5359613869188338,0.2056521739130435
2015-09-10 22:00:00,0.3407743362831858,0.25148936170212766,0.5030417651694248,0.21753623188405796
2015-09-10 23:00:00,0.34081858407079646,0.25063829787234043,0.4859692671394799,0.21594202898550724
2015-09-11 00:00:00,0.34174778761061947,0.24872340425531914,0.48434594168636724,0.25
2015-09-11 01:00:00,0.3421238938053098,0.250354609929078,0.48220252167060673,0.29405797101449277
2015-09-11 02:00:00,0.34325221238938053,0.25049645390070924,0.49391646966115055,0.2955072463768116
2015-09-11 03:00:00,0.3393141592920354,0.251063829787234,0.5098660362490149,0.30434782608695654
2015-09-11 04:00:00,0.34053097345132743,0.25056737588652483,0.558806146572104,0.30753623188405793
2015-09-11 05:00:00,0.34261061946902654,0.25042553191489364,0.6071749408983451,0.33507246376811595
2015-09-11 06:00:00,0.3420132743362832,0.2507801418439716,0.6200669818754925,0.3153623188405797
2015-09-11 07:00:00,0.33674778761061946,0.250354609929078,0.6030299448384555,0.32492753623188403
2015-09-11 08:00:00,0.34112831858407083,0.25,0.6040977147360126,0.28304347826086956
2015-09-11 09:00:00,0.33761061946902654,0.24886524822695033,0.5859141055949567,0.32159420289855073
2015-09-11 10:00:00,0.33714601769911506,0.25141843971631206,0.5808707643814027,0.3188405797101449
2015-09-11 11:00:00,0.338141592920354,0.2509219858156028,0.5634791174152877,0.37956521739130433
2015-09-11 12:00:00,0.33783185840707963,0.25113475177304967,0.5453664302600473,0.4179710144927536
2015-09-11 13:00:00,0.3411504424778761,0.25156028368794325,0.5405200945626477,0.42666666666666664
2015-09-11 14:00:00,0.3404424778761062,0.25255319148936173,0.535527974783294,0.35536231884057967
2015-09-11 15:00:00,0.3389823008849558,0.2527659574468085,0.5435855003940111,0.31318840579710144
2015-09-11 16:00:00,0.3381858407079646,0.2527659574468085,0.5418636721828212,0.2810144927536232
2015-09-11 17:00:00,0.3385176991150442,0.25340425531914895,0.5459574468085107,0.3310144927536232
2015-09-11 18:00:00,0.33738938053097345,0.25340425531914895,0.5539479905437352,0.34202898550724636
2015-09-11 19:00:00,0.3341371681415929,0.25361702127659574,0.5311386918833727,0.3436231884057971
2015-09-11 20:00:00,0.33581858407079646,0.25326241134751776,0.49732466509062256,0.35231884057971014
2015-09-11 21:00:00,0.3345132743362832,0.25390070921985813,0.46861702127659577,0.3289855072463768
2015-09-11 22:00:00,0.33126106194690264,0.2533333333333333,0.4542553191489362,0.3344927536231884
2015-09-11 23:00:00,0.33011061946902653,0.25375886524822694,0.44278171788810083,0.3436231884057971
2015-09-12 00:00:00,0.33057522123893807,0.2539716312056738,0.43617809298660365,0.34898550724637684
2015-09-12 01:00:00,0.3303318584070796,0.2529787234042553,0.43670606776989757,0.3655072463768116
2015-09-12 02:00:00,0.33081858407079645,0.25347517730496455,0.4411859732072498,0.375072463768116
2015-09-12 03:00:00,0.32988938053097344,0.25539007092198585,0.46299842395587076,0.3830434782608696
2015-09-12 04:00:00,0.3283849557522124,0.255886524822695,0.46143420015760445,0.3752173913043478
2015-09-12 05:00:00,0.32811946902654865,0.2563120567375886,0.4667021276595745,0.3933333333333333
2015-09-12 06:00:00,0.3289601769911505,0.2560283687943262,0.47235224586288416,0.38391304347826083
2015-09-12 07:00:00,0.3307079646017699,0.2559574468085106,0.5033530338849488,0.4408695652173913
2015-09-12 08:00:00,0.32924778761061946,0.2427659574468085,0.5138258471237195,0.4743478260869565
2015-09-12 09:00:00,0.3287831858407079,0.24340425531914892,0.5065011820330969,0.4698550724637681
2015-09-12 10:00:00,0.32913716814159294,0.2423404255319149,0.47579984239558704,0.49666666666666665
2015-09-12 11:00:00,0.3300442477876106,0.2422695035460993,0.48575256107171,0.4946376811594203
2015-09-12 12:00:00,0.33030973451327433,0.24212765957446808,0.4815760441292356,0.5223188405797101
2015-09-12 13:00:00,0.3290929203539823,0.2423404255319149,0.49453506698187544,0.5579710144927537
2015-09-12 14:00:00,0.3287831858407079,0.2404255319148936,0.5001260835303388,0.5510144927536231
2015-09-12 15:00:00,0.3288716814159292,0.2419148936170213,0.5177620173364854,0.5752173913043478
2015-09-12 16:00:00,0.32809734513274336,0.24177304964539006,0.5236918833727344,0.5653623188405797
2015-09-12 17:00:00,0.3276548672566372,0.24219858156028368,0.5248423955870765,0.586376811594203
2015-09-12 18:00:00,0.32654867256637166,0.24312056737588653,0.5156658786446021,0.597536231884058
2015-09-12 19:00:00,0.3258849557522124,0.24297872340425533,0.4929117415287628,0.5931884057971014
2015-09-12 20:00:00,0.3244911504424779,0.2424113475177305,0.4571710007880221,0.5865217391304348
2015-09-12 21:00:00,0.3271017699115044,0.24219858156028368,0.4335697399527187,0.617536231884058
2015-09-12 22:00:00,0.3340929203539823,0.24368794326241136,0.41469267139479904,0.5736231884057971
2015-09-12 23:00:00,0.33362831858407077,0.2424113475177305,0.406107171000788,0.6108695652173913
2015-09-13 00:00:00,0.33387168141592916,0.24184397163120566,0.4041686367218282,0.6682608695652175
2015-09-13 01:00:00,0.3342920353982301,0.24198581560283688,0.4054018912529551,0.6443478260869565
2015-09-13 02:00:00,0.3346238938053097,0.2422695035460993,0.4111032308904649,0.6295652173913043
2015-09-13 03:00:00,0.3336725663716814,0.24205673758865248,0.41874704491725767,0.5363768115942029
2015-09-13 04:00:00,0.33185840707964603,0.24326241134751772,0.43016942474389286,0.5756521739130435
2015-09-13 05:00:00,0.3311725663716814,0.24326241134751772,0.43768715524034674,0.5737681159420289
2015-09-13 06:00:00,0.3331194690265487,0.24390070921985815,0.47649330181245075,0.5581159420289855
2015-09-13 07:00:00,0.33415929203539824,0.24460992907801415,0.5072182821118991,0.5552173913043479
2015-09-13 08:00:00,0.3360398230088496,0.24340425531914892,0.5284830575256108,0.5960869565217392
2015-09-13 09:00:00,0.33606194690265484,0.24397163120567375,0.5448029944838456,0.5566666666666668
2015-09-13 10:00:00,0.33511061946902654,0.24326241134751772,0.5414223798266351,0.5252173913043477
2015-09-13 11:00:00,0.3359734513274336,0.2424822695035461,0.5409968479117415,0.4897101449275362
2015-09-13 12:00:00,0.3344026548672566,0.2430496453900709,0.531903073286052,0.5065217391304347
2015-09-13 13:00:00,0.33314159292035395,0.2426950354609929,0.5315445232466509,0.46420289855072466
2015-09-13 14:00:00,0.33559734513274336,0.2425531914893617,0.5487470449172577,0.4473913043478261
2015-09-13 15:00:00,0.33561946902654866,0.24219858156028368,0.5561308116627266,0.42666666666666664
2015-09-13 16:00:00,0.33469026548672565,0.2427659574468085,0.554200157604413,0.4289855072463768
2015-09-13 17:00:00,0.3356858407079646,0.24297872340425533,0.5712332545311268,0.43028985507246376
2015-09-13 18:00:00,0.33457964601769913,0.2401418439716312,0.568849487785658,0.4589855072463768
2015-09-13 19:00:00,0.3335619469026549,0.2397872340425532,0.5436643026004728,0.48347826086956525
2015-09-13 20:00:00,0.33376106194690264,0.2397872340425532,0.5133845547675335,0.46420289855072466
2015-09-13 21:00:00,0.33469026548672565,0.24070921985815602,0.48859338061465724,0.4676811594202898
2015-09-13 22:00:00,0.3484070796460177,0.24425531914893617,0.4532072498029945,0.5165217391304348
2015-09-13 23:00:00,0.35008849557522126,0.24375886524822693,0.4380732860520094,0.5221739130434783
2015-09-14 00:00:00,0.3503982300884956,0.2429078014184397,0.42905831363278174,0.45231884057971017
2015-09-14 01:00:00,0.3502654867256637,0.2425531914893617,0.42131599684791177,0.47681159420289854
2015-09-14 02:00:00,0.35030973451327435,0.24063829787234042,0.4235263987391647,0.48188405797101447
2015-09-14 03:00:00,0.3502654867256637,0.240354609929078,0.43229708431836095,0.48768115942028983
2015-09-14 04:00:00,0.3505088495575221,0.23943262411347518,0.4934278959810875,0.48985507246376814
2015-09-14 05:00:00,0.35128318584070795,0.24418439716312057,0.5783569739952719,0.5301449275362319
2015-09-14 06:00:00,0.34880530973451324,0.24645390070921985,0.604294720252167,0.5107246376811594
2015-09-14 07:00:00,0.3536504424778761,0.24659574468085105,0.6052364066193854,0.5292753623188405
2015-09-14 08:00:00,0.3543362831858407,0.2468794326241135,0.6005791962174941,0.5213043478260869
2015-09-14 09:00:00,0.35763274336283185,0.2426950354609929,0.5983727344365642,0.5643478260869564
2015-09-14 10:00:00,0.35659292035398227,0.24063829787234042,0.5950906225374311,0.5210144927536232
2015-09-14 11:00:00,0.3567699115044248,0.23560283687943262,0.610307328605201,0.5020289855072464
2015-09-14 12:00:00,0.35659292035398227,0.23347517730496453,0.6052167060677699,0.538695652173913
2015-09-14 13:00:00,0.3574557522123894,0.23432624113475176,0.6076792750197005,0.5368115942028985
2015-09-14 14:00:00,0.3573008849557522,0.23567375886524825,0.5808944050433412,0.5489855072463768
2015-09-14 15:00:00,0.35741150442477876,0.23531914893617023,0.5864105594956659,0.5917391304347827
2015-09-14 16:00:00,0.35738938053097347,0.23560283687943262,0.5776319936958234,0.58
2015-09-14 17:00:00,0.35719026548672567,0.23659574468085107,0.5931599684791174,0.5766666666666667
2015-09-14 18:00:00,0.35752212389380533,0.23553191489361705,0.5870527974783294,0.58
2015-09-14 19:00:00,0.3573672566371681,0.23560283687943262,0.5698502758077226,0.5460869565217391
2015-09-14 20:00:00,0.3568805309734513,0.2376595744680851,0.5419306540583136,0.5328985507246377
2015-09-14 21:00:00,0.3570796460176991,0.23843971631205674,0.5019779353821907,0.5182608695652174
2015-09-14 22:00:00,0.36765486725663715,0.23602836879432626,0.46551615445232464,0.4873913043478261
2015-09-14 23:00:00,0.3676991150442478,0.23680851063829786,0.44562253743104807,0.5024637681159421
2015-09-15 00:00:00,0.36734513274336283,0.23822695035460992,0.45162332545311273,0.49246376811594206
2015-09-15 01:00:00,0.3674557522123894,0.2375177304964539,0.44534278959810875,0.4607246376811594
2015-09-15 02:00:00,0.3668805309734513,0.23851063829787233,0.4371079590228526,0.4649275362318841
2015-09-15 03:00:00,0.3673230088495575,0.23872340425531915,0.4557565011820331,0.4439130434782609
2015-09-15 04:00:00,0.36730088495575225,0.23794326241134753,0.5196178092986603,0.5005797101449275
2015-09-15 05:00:00,0.3679867256637168,0.2378723404255319,0.5700039401103231,0.486231884057971
2015-09-15 06:00:00,0.3682079646017699,0.23879432624113475,0.5940543735224586,0.4194202898550724
2015-09-15 07:00:00,0.3672787610619469,0.23907801418439717,0.5882111899133176,0.44855072463768114
2015-09-15 08:00:00,0.3671902654867257,0.23964539007092198,0.5731363278171789,0.4744927536231884
2015-09-15 09:00:00,0.36504424778761063,0.24007092198581562,0.5678684003152088,0.49550724637681154
2015-09-15 10:00:00,0.36511061946902656,0.23957446808510638,0.5568400315208826,0.5
2015-09-15 11:00:00,0.3640486725663717,0.23780141843971633,0.5612411347517731,0.5015942028985507
2015-09-15 12:00:00,0.36283185840707965,0.2068085106382979,0.5605082742316785,0.4736231884057971
2015-09-15 13:00:00,0.3645353982300885,0.22617021276595742,0.569956658786446,0.4826086956521739
2015-09-15 14:00:00,0.3646681415929203,0.234468085106383,0.5489598108747045,0.5131884057971015
2015-09-15 15:00:00,0.36409292035398233,0.2346099290780142,0.5719739952718677,0.4907246376811594
2015-09-15 16:00:00,0.3577654867256637,0.23858156028368793,0.5798384554767533,0.5159420289855072
2015-09-15 17:00:00,0.35750000000000004,0.23680851063829786,0.5939873916469661,0.523768115942029
2015-09-15 18:00:00,0.3575663716814159,0.23921985815602836,0.589290780141844,0.5208695652173913
2015-09-15 19:00:00,0.3573672566371681,0.23815602836879435,0.5700197005516154,0.5926086956521739
2015-09-15 20:00:00,0.356858407079646,0.2377304964539007,0.5247044917257683,0.5956521739130435
2015-09-15 21:00:00,0.3565044247787611,0.2373758865248227,0.4673719464144996,0.6084057971014493
2015-09-15 22:00:00,0.3591150442477876,0.2373049645390071,0.4337391646966115,0.5527536231884058
2015-09-15 23:00:00,0.3588274336283186,0.23695035460992908,0.42239558707643815,0.5304347826086957
2015-09-16 00:00:00,0.3571017699115044,0.23879432624113475,0.42480299448384556,0.4957971014492754
2015-09-16 01:00:00,0.35646017699115046,0.23836879432624114,0.4265760441292356,0.4530434782608696
2015-09-16 02:00:00,0.3563274336283186,0.23886524822695035,0.44396375098502755,0.443768115942029
2015-09-16 03:00:00,0.3552433628318584,0.23879432624113475,0.48341607565011824,0.41043478260869565
2015-09-16 04:00:00,0.35446902654867257,0.23780141843971633,0.5535185185185185,0.42028985507246375
2015-09-16 05:00:00,0.3552212389380531,0.23744680851063832,0.616418439716312,0.37275362318840577
2015-09-16 06:00:00,0.3556858407079646,0.23666666666666666,0.6406382978723404,0.32768115942028986
2015-09-16 07:00:00,0.3555973451327433,0.23829787234042554,0.6301812450748621,0.2985507246376812
2015-09-16 08:00:00,0.3570353982300885,0.23702127659574468,0.6265445232466509,0.28391304347826085
2015-09-16 09:00:00,0.3566371681415929,0.2376595744680851,0.6370291568163908,0.28449275362318843
2015-09-16 10:00:00,0.3561946902654867,0.23829787234042554,0.6256107171000788,0.29840579710144927
2015-09-16 11:00:00,0.35623893805309736,0.23659574468085107,0.6071394799054374,0.30217391304347824
2015-09-16 12:00:00,0.35502212389380533,0.23624113475177305,0.6183254531126872,0.2801449275362319
2015-09-16 13:00:00,0.35513274336283185,0.23482269503546102,0.6305713159968479,0.2802898550724638
2015-09-16 14:00:00,0.35544247787610617,0.23617021276595745,0.6349448384554768,0.2746376811594203
2015-09-16 15:00:00,0.35491150442477876,0.23546099290780143,0.6424901497241923,0.2823188405797102
2015-09-16 16:00:00,0.35508849557522126,0.2376595744680851,0.6385579196217495,0.2210144927536232
2015-09-16 17:00:00,0.35530973451327436,0.23744680851063832,0.6270133963750986,0.18840579710144928
2015-09-16 18:00:00,0.3554867256637168,0.23659574468085107,0.6045823483057525,0.19927536231884058
2015-09-16 19:00:00,0.35515486725663714,0.23659574468085107,0.5753743104806934,0.20217391304347826
2015-09-16 20:00:00,0.3550442477876106,0.23836879432624114,0.5396493301812451,0.2120289855072464
2015-09-16 21:00:00,0.35511061946902656,0.2346099290780142,0.47082348305752564,0.23347826086956522
2015-09-16 22:00:00,0.3570353982300885,0.2324822695035461,0.4717218282111899,0.2765217391304348
2015-09-16 23:00:00,0.35721238938053096,0.23304964539007095,0.4472655634357762,0.31318840579710144
2015-09-17 00:00:00,0.3567477876106195,0.23375886524822698,0.4420764381402679,0.3101449275362319
2015-09-17 01:00:00,0.35670353982300884,0.2332624113475177,0.43618203309692666,0.3117391304347826
2015-09-17 02:00:00,0.356570796460177,0.23361702127659573,0.42191883372734434,0.33666666666666667
2015-09-17 03:00:00,0.3565044247787611,0.23390070921985817,0.4471591804570528,0.3136231884057971
2015-09-17 04:00:00,0.3566371681415929,0.234113475177305,0.5340543735224585,0.30579710144927535
2015-09-17 05:00:00,0.3578097345132743,0.234113475177305,0.5974034672970844,0.3079710144927536
2015-09-17 06:00:00,0.3575442477876106,0.2347517730496454,0.6163829787234042,0.326231884057971
2015-09-17 07:00:00,0.35741150442477876,0.23439716312056738,0.6066548463356974,0.37188405797101454
2015-09-17 08:00:00,0.3581194690265487,0.234468085106383,0.6041528762805358,0.3646376811594203
2015-09-17 09:00:00,0.3601769911504425,0.234468085106383,0.5904491725768322,0.38347826086956527
2015-09-17 10:00:00,0.35951327433628316,0.23368794326241135,0.5668400315208826,0.3188405797101449
2015-09-17 11:00:00,0.36,0.23375886524822698,0.5691095350669819,0.33217391304347826
2015-09-17 12:00:00,0.3602654867256637,0.2326241134751773,0.558274231678487,0.45115942028985506
2015-09-17 13:00:00,0.35940265486725664,0.2322695035460993,0.5509259259259259,0.3849275362318841
2015-09-17 14:00:00,0.3603761061946903,0.23099290780141843,0.5573325453112687,0.37086956521739134
2015-09-17 15:00:00,0.3605973451327434,0.23063829787234041,0.5609141055949567,0.3128985507246377
2015-09-17 16:00:00,0.3603982300884956,0.20070921985815604,0.561501182033097,0.32608695652173914
2015-09-17 17:00:00,0.360287610619469,0.23843971631205674,0.5741134751773049,0.28782608695652173
2015-09-17 18:00:00,0.35942477876106194,0.24219858156028368,0.5625374310480694,0.3081159420289855
2015-09-17 19:00:00,0.3592477876106195,0.24531914893617018,0.5423719464144996,0.3194202898550725
2015-09-17 20:00:00,0.3584070796460177,0.24588652482269502,0.4983018124507486,0.30391304347826087
2015-09-17 21:00:00,0.357787610619469,0.24609929078014184,0.4327620173364854,0.2898550724637681
2015-09-17 22:00:00,0.35617256637168143,0.24588652482269502,0.3904570527974783,0.2782608695652174
2015-09-17 23:00:00,0.357146017699115,0.24851063829787232,0.35311268715524036,0.3198550724637681
2015-09-18 00:00:00,0.35752212389380533,0.24858156028368794,0.3322852639873916,0.3263768115942029
2015-09-18 01:00:00,0.35845132743362834,0.24900709219858158,0.3267848699763593,0.3672463768115942
2015-09-18 02:00:00,0.35834070796460177,0.24893617021276596,0.3283845547675335,0.4008695652173913
2015-09-18 03:00:00,0.35834070796460177,0.2493617021276596,0.3656028368794326,0.4207246376811594
2015-09-18 04:00:00,0.35876106194690266,0.24992907801418437,0.4533687943262411,0.39956521739130435
2015-09-18 05:00:00,0.3594690265486726,0.24851063829787232,0.5425256107171,0.4084057971014493
2015-09-18 06:00:00,0.3598451327433628,0.2478014184397163,0.5854058313632782,0.4008695652173913
2015-09-18 07:00:00,0.3561946902654867,0.24822695035460993,0.5854294720252168,0.3759420289855072
2015-09-18 08:00:00,0.35241150442477875,0.2475177304964539,0.5800669818754925,0.4527536231884058
2015-09-18 09:00:00,0.3559070796460177,0.2473758865248227,0.5657289204097715,0.41855072463768117
2015-09-18 10:00:00,0.35528761061946906,0.24638297872340423,0.552655634357762,0.3897101449275362
2015-09-18 11:00:00,0.356216814159292,0.2475177304964539,0.5352167060677698,0.4408695652173913
2015-09-18 12:00:00,0.35575221238938054,0.2481560283687943,0.5145271867612293,0.5043478260869565
2015-09-18 13:00:00,0.35623893805309736,0.2473758865248227,0.49239558707643816,0.5195652173913043
2015-09-18 14:00:00,0.35807522123893804,0.24758865248226952,0.48572498029944844,0.5704347826086957
2015-09-18 15:00:00,0.35772123893805313,0.2478723404255319,0.5027974783293933,0.6421739130434783
2015-09-18 16:00:00,0.35825221238938054,0.24843971631205675,0.5259377462568952,0.6894202898550724
2015-09-18 17:00:00,0.35847345132743363,0.24851063829787232,0.5333609141055949,0.7085507246376811
2015-09-18 18:00:00,0.36170353982300885,0.24858156028368794,0.5190031520882584,0.6502898550724637
2015-09-18 19:00:00,0.36064159292035397,0.24865248226950357,0.48010638297872343,0.6539130434782608
2015-09-18 20:00:00,0.359712389380531,0.24822695035460993,0.46326635145784084,0.6271014492753623
2015-09-18 21:00:00,0.3598451327433628,0.24900709219858158,0.43015760441292356,0.5810144927536232
2015-09-18 22:00:00,0.36190265486725665,0.24049645390070923,0.39253349093774625,0.6711594202898551
2015-09-18 23:00:00,0.36108407079646015,0.2399290780141844,0.36409377462568954,0.6507246376811594
2015-09-19 00:00:00,0.36128318584070795,0.2398581560283688,0.3525807722616233,0.6566666666666667
2015-09-19 01:00:00,0.36115044247787614,0.23957446808510638,0.3513475177304965,0.6366666666666667
2015-09-19 02:00:00,0.3608849557522124,0.23964539007092198,0.3599330181245075,0.6455072463768116
2015-09-19 03:00:00,0.3608185840707965,0.24148936170212765,0.3881048069345942,0.6333333333333333
2015-09-19 04:00:00,0.36070796460176996,0.24078014184397162,0.4228920409771474,0.6156521739130435
2015-09-19 05:00:00,0.3606637168141593,0.24085106382978724,0.4452167060677699,0.5988405797101449
2015-09-19 06:00:00,0.36084070796460177,0.24127659574468086,0.4923837667454689,0.5255072463768117
2015-09-19 07:00:00,0.36079646017699113,0.24078014184397162,0.5219109535066982,0.5211594202898551
2015-09-19 08:00:00,0.3594469026548673,0.24049645390070923,0.5264578408195429,0.5246376811594203
2015-09-19 09:00:00,0.3593362831858407,0.23943262411347518,0.5253861308116627,0.506231884057971
2015-09-19 10:00:00,0.35918141592920355,0.2398581560283688,0.5274389282899921,0.48217391304347823
2015-09-19 11:00:00,0.35969026548672567,0.23843971631205674,0.5137312844759653,0.4811594202898551
2015-09-19 12:00:00,0.359712389380531,0.2377304964539007,0.5006382978723405,0.5060869565217391
2015-09-19 13:00:00,0.3593362831858407,0.23851063829787233,0.49841213553979513,0.4965217391304348
2015-09-19 14:00:00,0.3588495575221239,0.23794326241134753,0.49743892828999214,0.47797101449275364
2015-09-19 15:00:00,0.35896017699115046,0.23801418439716313,0.5089992119779354,0.45405797101449274
2015-09-19 16:00:00,0.3588274336283186,0.23822695035460992,0.5173089046493301,0.4636231884057971
2015-09-19 17:00:00,0.35827433628318583,0.23815602836879435,0.5277344365642238,0.4502898550724638
2015-09-19 18:00:00,0.3579646017699115,0.23907801418439717,0.5226595744680851,0.4328985507246377
2015-09-19 19:00:00,0.35878318584070795,0.2419148936170213,0.4989007092198582,0.4328985507246377
2015-09-19 20:00:00,0.3586283185840708,0.24333333333333335,0.49241134751773047,0.408840579710145
2015-09-19 21:00:00,0.35867256637168143,0.24460992907801415,0.4685894405043341,0.383768115942029
2015-09-19 22:00:00,0.3626548672566372,0.24510638297872342,0.4332702915681639,0.346231884057971
2015-09-19 23:00:00,0.3627212389380531,0.24446808510638296,0.4024507486209614,0.3615942028985507
2015-09-20 00:00:00,0.3627433628318584,0.24581560283687945,0.39414105594956655,0.3391304347826087
2015-09-20 01:00:00,0.3599557522123894,0.24581560283687945,0.39340031520882585,0.3302898550724638
2015-09-20 02:00:00,0.3598672566371681,0.24595744680851064,0.3993853427895981,0.31971014492753624
2015-09-20 03:00:00,0.35975663716814155,0.2426950354609929,0.4157840819542947,0.32855072463768115
2015-09-20 04:00:00,0.3592699115044248,0.24382978723404256,0.43534278959810874,0.31420289855072464
2015-09-20 05:00:00,0.35964601769911503,0.24347517730496454,0.4604334121355398,0.2901449275362319
2015-09-20 06:00:00,0.35951327433628316,0.24333333333333335,0.49637115839243495,0.27768115942028987
2015-09-20 07:00:00,0.35814159292035397,0.24333333333333335,0.5166587864460205,0.2782608695652174
2015-09-20 08:00:00,0.3578097345132743,0.24397163120567375,0.5212214342001577,0.2879710144927536
2015-09-20 09:00:00,0.3566371681415929,0.24468085106382978,0.5246335697399528,0.2549275362318841
2015-09-20 10:00:00,0.35699115044247787,0.24382978723404256,0.516769109535067,0.2291304347826087
2015-09-20 11:00:00,0.35719026548672567,0.24382978723404256,0.5107171000788022,0.1982608695652174
2015-09-20 12:00:00,0.3568805309734513,0.24319148936170212,0.5130772261623325,0.15971014492753624
2015-09-20 13:00:00,0.3570796460176991,0.24212765957446808,0.5112923561859732,0.16927536231884058
2015-09-20 14:00:00,0.3576991150442478,0.24120567375886526,0.5118833727344366,0.17507246376811594
2015-09-20 15:00:00,0.3575442477876106,0.2419148936170213,0.5283963750985028,0.166231884057971
2015-09-20 16:00:00,0.35772123893805313,0.24148936170212765,0.5579669030732861,0.1317391304347826
2015-09-20 17:00:00,0.35741150442477876,0.22382978723404257,0.5825571315996848,0.13420289855072462
2015-09-20 18:00:00,0.3567920353982301,0.215531914893617,0.5965721040189125,0.13231884057971013
2015-09-20 19:00:00,0.3569690265486726,0.21588652482269502,0.5574389282899921,0.12869565217391304
2015-09-20 20:00:00,0.3565486725663717,0.2153900709219858,0.5334869976359338,0.11115942028985508
2015-09-20 21:00:00,0.3564380530973451,0.21595744680851064,0.5039676910953507,0.10246376811594203
2015-09-20 22:00:00,0.3507079646017699,0.21234042553191487,0.4757565011820331,0.11202898550724637
2015-09-20 23:00:00,0.35106194690265485,0.2126950354609929,0.4692395587076438,0.09768115942028986
2015-09-21 00:00:00,0.3508628318584071,0.21234042553191487,0.46790780141843974,0.09420289855072464
2015-09-21 01:00:00,0.35084070796460176,0.21283687943262414,0.4683215130023641,0.08710144927536233
2015-09-21 02:00:00,0.3494469026548673,0.21333333333333335,0.4770567375886525,0.08202898550724638
2015-09-21 03:00:00,0.3511725663716814,0.21340425531914892,0.49775019700551615,0.08449275362318841
2015-09-21 04:00:00,0.35103982300884956,0.21546099290780144,0.5485894405043341,0.08478260869565217
2015-09-21 05:00:00,0.3515929203539823,0.215177304964539,0.6132505910165484,0.08246376811594203
2015-09-21 06:00:00,0.35179203539823006,0.21602836879432627,0.622521670606777,0.07188405797101449
2015-09-21 07:00:00,0.35294247787610616,0.21638297872340428,0.6228684003152088,0.06405797101449276
2015-09-21 08:00:00,0.3563274336283186,0.2178723404255319,0.6292040977147361,0.04942028985507246
2015-09-21 09:00:00,0.35670353982300884,0.2147517730496454,0.6049487785657999,0.04101449275362319
2015-09-21 10:00:00,0.3572566371681416,0.21411347517730495,0.5830496453900709,0.06826086956521739
2015-09-21 11:00:00,0.3579646017699115,0.21361702127659574,0.5949093774625689,0.0791304347826087
2015-09-21 12:00:00,0.3612389380530973,0.21163120567375884,0.5888573680063042,0.10072463768115943
2015-09-21 13:00:00,0.36128318584070795,0.21078014184397162,0.5923955870764381,0.10318840579710145
2015-09-21 14:00:00,0.3596681415929204,0.21070921985815605,0.5880260047281324,0.14217391304347826
2015-09-21 15:00:00,0.359712389380531,0.20936170212765956,0.5909377462568952,0.1655072463768116
2015-09-21 16:00:00,0.3588495575221239,0.20936170212765956,0.5880220646178093,0.16
2015-09-21 17:00:00,0.3593362831858407,0.21163120567375884,0.610531914893617,0.17521739130434782
2015-09-21 18:00:00,0.3592477876106195,0.20957446808510638,0.6027974783293932,0.20376811594202898
2015-09-21 19:00:00,0.3589159292035398,0.209645390070922,0.5814814814814815,0.21188405797101448
2015-09-21 20:00:00,0.3585176991150443,0.21141843971631208,0.5357919621749409,0.19971014492753625
2015-09-21 21:00:00,0.3579646017699115,0.21297872340425533,0.5001851851851852,0.2128985507246377
2015-09-21 22:00:00,0.3552433628318584,0.21546099290780144,0.46810086682427104,0.21521739130434783
2015-09-21 23:00:00,0.355,0.21567375886524826,0.4486485421591805,0.2163768115942029
2015-09-22 00:00:00,0.35553097345132745,0.21652482269503548,0.43930654058313634,0.20623188405797102
2015-09-22 01:00:00,0.3557964601769912,0.2168794326241135,0.4412962962962963,0.1982608695652174
2015-09-22 02:00:00,0.3551991150442478,0.2180141843971631,0.45203703703703707,0.23623188405797102
2015-09-22 03:00:00,0.35508849557522126,0.21794326241134754,0.4670173364854216,0.2373913043478261
2015-09-22 04:00:00,0.35508849557522126,0.21794326241134754,0.512872340425532,0.25043478260869567
2015-09-22 05:00:00,0.35435840707964605,0.21843971631205675,0.588096926713948,0.2572463768115942
2015-09-22 06:00:00,0.35172566371681413,0.21907801418439715,0.6158195429472025,0.22304347826086957
2015-09-22 07:00:00,0.35223451327433625,0.2195744680851064,0.6126359338061466,0.21391304347826087
2015-09-22 08:00:00,0.35442477876106193,0.2195035460992908,0.6097360126083531,0.216231884057971
2015-09-22 09:00:00,0.3547566371681416,0.21978723404255318,0.62225768321513,0.20956521739130435
2015-09-22 10:00:00,0.3543805309734513,0.21914893617021278,0.6066115051221433,0.22927536231884058
2015-09-22 11:00:00,0.3543362831858407,0.21886524822695036,0.6116272655634358,0.25231884057971016
2015-09-22 12:00:00,0.3552433628318584,0.2178723404255319,0.5995429472025217,0.23550724637681159
2015-09-22 13:00:00,0.35588495575221235,0.21865248226950357,0.5814814814814815,0.2350724637681159
2015-09-22 14:00:00,0.354646017699115,0.21808510638297873,0.5876241134751773,0.20101449275362318
2015-09-22 15:00:00,0.3525,0.21822695035460993,0.5952915681639086,0.17231884057971014
2015-09-22 16:00:00,0.35280973451327435,0.21822695035460993,0.5859653270291568,0.16666666666666666
2015-09-22 17:00:00,0.3526991150442478,0.21893617021276596,0.6157919621749409,0.16057971014492753
2015-09-22 18:00:00,0.3525442477876106,0.21617021276595746,0.6195468873128448,0.14565217391304347
2015-09-22 19:00:00,0.3524778761061947,0.21581560283687945,0.5871394799054374,0.16014492753623188
2015-09-22 20:00:00,0.35241150442477875,0.21829787234042555,0.5543301812450748,0.13202898550724637
2015-09-22 21:00:00,0.35196902654867257,0.21836879432624112,0.5075571315996847,0.15231884057971012
2015-09-22 22:00:00,0.3520353982300885,0.21659574468085105,0.47788810086682426,0.15173913043478263
2015-09-22 23:00:00,0.3521460176991151,0.21638297872340428,0.46466509062253747,0.1555072463768116
2015-09-23 00:00:00,0.35192477876106193,0.21652482269503548,0.4725492513790386,0.15347826086956523
2015-09-23 01:00:00,0.35185840707964605,0.2178723404255319,0.4756422379826635,0.13507246376811594
2015-09-23 02:00:00,0.35168141592920354,0.2173758865248227,0.4753506698187549,0.11579710144927537
2015-09-23 03:00:00,0.3515265486725664,0.2175177304964539,0.4902364066193854,0.11318840579710145
2015-09-23 04:00:00,0.3514601769911504,0.21773049645390072,0.536595744680851,0.11159420289855072
2015-09-23 05:00:00,0.35241150442477875,0.2174468085106383,0.5960165484633569,0.09507246376811593
2015-09-23 06:00:00,0.35243362831858405,0.21773049645390072,0.6119897557131599,0.09362318840579709
2015-09-23 07:00:00,0.35210176991150444,0.21390070921985818,0.6109850275807722,0.08463768115942029
2015-09-23 08:00:00,0.35055309734513274,0.21368794326241136,0.6151221434200157,0.0655072463768116
2015-09-23 09:00:00,0.3530973451327434,0.21283687943262414,0.6115011820330969,0.06217391304347826
2015-09-23 10:00:00,0.35331858407079647,0.21354609929078017,0.601193853427896,0.07333333333333333
2015-09-23 11:00:00,0.3536061946902655,0.2119148936170213,0.6009850275807722,0.07942028985507246
2015-09-23 12:00:00,0.35378318584070795,0.2142553191489362,0.5887549251379038,0.09202898550724638
2015-09-23 13:00:00,0.35378318584070795,0.21482269503546098,0.5826595744680851,0.1144927536231884
2015-09-23 14:00:00,0.35699115044247787,0.21432624113475177,0.5805555555555556,0.12637681159420291
2015-09-23 15:00:00,0.3569690265486726,0.21382978723404256,0.5785027580772262,0.14681159420289855
2015-09-23 16:00:00,0.356858407079646,0.21397163120567375,0.5764066193853428,0.17913043478260868
2015-09-23 17:00:00,0.3567256637168142,0.2142553191489362,0.6053782505910166,0.20985507246376814
2015-09-23 18:00:00,0.35763274336283185,0.21432624113475177,0.6022064617809298,0.24681159420289855
2015-09-23 19:00:00,0.35783185840707965,0.21446808510638296,0.5860874704491725,0.26304347826086955
2015-09-23 20:00:00,0.35738938053097347,0.21368794326241136,0.5496256895193066,0.28246376811594204
2015-09-23 21:00:00,0.35699115044247787,0.21319148936170215,0.49282111899133174,0.31956521739130433
2015-09-23 22:00:00,0.3607522123893805,0.21453900709219859,0.478187549251379,0.3179710144927536
2015-09-23 23:00:00,0.3609070796460177,0.21340425531914892,0.4543617021276596,0.3236231884057971
2015-09-24 00:00:00,0.36079646017699113,0.21482269503546098,0.4434791174152876,0.27304347826086955
2015-09-24 01:00:00,0.3607522123893805,0.2147517730496454,0.4350985027580772,0.3011594202898551
2015-09-24 02:00:00,0.3607522123893805,0.21453900709219859,0.447478329393223,0.3001449275362319
2015-09-24 03:00:00,0.36409292035398233,0.21468085106382978,0.48047281323877067,0.32318840579710145
2015-09-24 04:00:00,0.36420353982300885,0.2150354609929078,0.5295193065405832,0.32202898550724635
2015-09-24 05:00:00,0.36296460176991147,0.21567375886524826,0.5788573680063042,0.31782608695652176
2015-09-24 06:00:00,0.36349557522123893,0.21631205673758866,0.5974586288416076,0.3036231884057971
2015-09-24 07:00:00,0.3600221238938053,0.21645390070921985,0.5894838455476753,0.3253623188405797
2015-09-24 08:00:00,0.3605088495575221,0.21666666666666667,0.5905791962174941,0.3384057971014493
2015-09-24 09:00:00,0.36119469026548673,0.21645390070921985,0.5745626477541371,0.3617391304347826
2015-09-24 10:00:00,0.36148230088495575,0.21638297872340428,0.5683333333333334,0.3921739130434783
2015-09-24 11:00:00,0.3623008849557522,0.21624113475177303,0.5600275807722617,0.3989855072463768
2015-09-24 12:00:00,0.3622787610619469,0.21645390070921985,0.5505397951142632,0.37811594202898546
2015-09-24 13:00:00,0.3621681415929204,0.21595744680851064,0.5498778565799842,0.30869565217391304
2015-09-24 14:00:00,0.36245575221238935,0.21560283687943263,0.5336643026004728,0.29637681159420287
2015-09-24 15:00:00,0.3629867256637168,0.21560283687943263,0.5434751773049645,0.29391304347826086
2015-09-24 16:00:00,0.3626548672566372,0.21531914893617024,0.5515799842395587,0.3273913043478261
2015-09-24 17:00:00,0.3626991150442478,0.2147517730496454,0.566016548463357,0.3853623188405797
2015-09-24 18:00:00,0.3628761061946903,0.215177304964539,0.5605791962174941,0.4115942028985507
2015-09-24 19:00:00,0.36314159292035403,0.21496453900709223,0.5509535066981875,0.4371014492753624
2015-09-24 20:00:00,0.3631194690265487,0.215531914893617,0.5173640661938534,0.44014492753623186
2015-09-24 21:00:00,0.36316371681415927,0.21496453900709223,0.4693538219070134,0.4368115942028985
2015-09-24 22:00:00,0.3681194690265487,0.21411347517730495,0.41670606776989755,0.3882608695652174
2015-09-24 23:00:00,0.3681194690265487,0.2153900709219858,0.4016154452324665,0.3542028985507246
2015-09-25 00:00:00,0.36836283185840707,0.21546099290780144,0.3967494089834515,0.2972463768115942
2015-09-25 01:00:00,0.36878318584070796,0.2167375886524823,0.40044523246650904,0.343768115942029
2015-09-25 02:00:00,0.3688495575221239,0.2168794326241135,0.4098345153664303,0.38521739130434784
2015-09-25 03:00:00,0.36878318584070796,0.2174468085106383,0.4469976359338061,0.39318840579710146
2015-09-25 04:00:00,0.36918141592920356,0.2167375886524823,0.49203309692671393,0.4246376811594203
2015-09-25 05:00:00,0.3698893805309735,0.2168794326241135,0.5404885736800631,0.37333333333333335
2015-09-25 06:00:00,0.37015486725663715,0.21659574468085105,0.5776398739164696,0.3978260869565217
2015-09-25 07:00:00,0.37033185840707966,0.21609929078014184,0.5764420803782506,0.5159420289855072
2015-09-25 08:00:00,0.37037610619469025,0.2201418439716312,0.5697635933806147,0.5114492753623188
2015-09-25 09:00:00,0.37095132743362835,0.22056737588652484,0.5455673758865248,0.5172463768115941
2015-09-25 10:00:00,0.37057522123893805,0.219645390070922,0.520133963750985,0.5140579710144927
2015-09-25 11:00:00,0.3711283185840708,0.2176595744680851,0.5231402679275019,0.5307246376811594
2015-09-25 12:00:00,0.3711504424778761,0.21907801418439715,0.5170843183609142,0.5097101449275362
2015-09-25 13:00:00,0.37152654867256635,0.21695035460992906,0.5177383766745469,0.46057971014492755
2015-09-25 14:00:00,0.37190265486725665,0.2167375886524823,0.5271118991331758,0.427536231884058
2015-09-25 15:00:00,0.3717920353982301,0.21659574468085105,0.5356579984239559,0.37304347826086953
2015-09-25 16:00:00,0.37256637168141593,0.21581560283687945,0.5372301024428684,0.392463768115942
2015-09-25 17:00:00,0.37261061946902657,0.21375886524822693,0.5721118991331757,0.3336231884057971
2015-09-25 18:00:00,0.37261061946902657,0.21482269503546098,0.5601182033096926,0.3218840579710145
2015-09-25 19:00:00,0.3728761061946903,0.215177304964539,0.5468006304176517,0.3278260869565217
2015-09-25 20:00:00,0.3720575221238938,0.21496453900709223,0.5234475965327029,0.3373913043478261
2015-09-25 21:00:00,0.37168141592920356,0.2142553191489362,0.4872379826635146,0.3576811594202899
2015-09-25 22:00:00,0.37670353982300886,0.2142553191489362,0.4721788810086682,0.37318840579710144
2015-09-25 23:00:00,0.3766814159292035,0.21432624113475177,0.43919227738376676,0.3788405797101449
2015-09-26 00:00:00,0.3764380530973451,0.21453900709219859,0.42997635933806144,0.35304347826086957
2015-09-26 01:00:00,0.3764601769911504,0.2146099290780142,0.4276753349093774,0.29695652173913045
2015-09-26 02:00:00,0.37650442477876106,0.21482269503546098,0.43611505122143424,0.297536231884058
2015-09-26 03:00:00,0.3763716814159292,0.21695035460992906,0.4633451536643026,0.27855072463768116
2015-09-26 04:00:00,0.3762389380530973,0.21695035460992906,0.4869306540583136,0.22927536231884058
2015-09-26 05:00:00,0.37601769911504423,0.2180141843971631,0.5040937746256895,0.22231884057971016
2015-09-26 06:00:00,0.3763274336283186,0.21872340425531914,0.5393932230102443,0.17898550724637682
2015-09-26 07:00:00,0.3767699115044248,0.21858156028368794,0.5597714736012608,0.2182608695652174
2015-09-26 08:00:00,0.3769911504424779,0.21886524822695036,0.5709850275807723,0.26521739130434785
2015-09-26 09:00:00,0.377212389380531,0.21921985815602837,0.5508195429472025,0.27521739130434786
2015-09-26 10:00:00,0.37714601769911504,0.2199290780141844,0.5246926713947991,0.2873913043478261
2015-09-26 11:00:00,0.377212389380531,0.2201418439716312,0.507828999211978,0.35739130434782607
2015-09-26 12:00:00,0.37805309734513276,0.22078014184397163,0.48187549251379036,0.4057971014492754
2015-09-26 13:00:00,0.3781858407079646,0.22113475177304964,0.4683490937746257,0.4573913043478261
2015-09-26 14:00:00,0.37838495575221237,0.22113475177304964,0.47143026004728134,0.5153623188405797
2015-09-26 15:00:00,0.3786283185840708,0.22120567375886524,0.4983490937746257,0.5876811594202899
2015-09-26 16:00:00,0.37869469026548674,0.22099290780141845,0.5384042553191489,0.5533333333333333
2015-09-26 17:00:00,0.3788716814159292,0.22078014184397163,0.5579275019700551,0.5482608695652174
2015-09-26 18:00:00,0.37789823008849555,0.22028368794326242,0.5454688731284476,0.5401449275362319
2015-09-26 19:00:00,0.37776548672566373,0.22106382978723405,0.510705279747833,0.5036231884057971
2015-09-26 20:00:00,0.3779424778761062,0.22127659574468084,0.48869976359338063,0.5215942028985507
2015-09-26 21:00:00,0.3781637168141593,0.22198581560283687,0.47978329393223007,0.5218840579710146
2015-09-26 22:00:00,0.3805088495575221,0.2221985815602837,0.45740740740740743,0.4944927536231884
2015-09-26 23:00:00,0.3807079646017699,0.2224113475177305,0.43478723404255315,0.45855072463768115
2015-09-27 00:00:00,0.3803982300884956,0.2221276595744681,0.43084712371946415,0.5031884057971014
2015-09-27 01:00:00,0.3797566371681416,0.22191489361702127,0.4299487785657999,0.48579710144927535
2015-09-27 02:00:00,0.37944690265486725,0.2224822695035461,0.4338849487785658,0.47695652173913045
2015-09-27 03:00:00,0.3796017699115044,0.22276595744680852,0.4481284475965327,0.482463768115942
2015-09-27 04:00:00,0.3787610619469027,0.22312056737588654,0.46052009456264775,0.4018840579710145
2015-09-27 05:00:00,0.3787610619469027,0.22326241134751773,0.4780575256107171,0.4013043478260869
2015-09-27 06:00:00,0.3796017699115044,0.22340425531914893,0.5080378250591017,0.3592753623188406
2015-09-27 07:00:00,0.3797566371681416,0.22390070921985814,0.5360086682427108,0.31681159420289856
2015-09-27 08:00:00,0.37913716814159293,0.22390070921985814,0.5429472025216706,0.2708695652173913
2015-09-27 09:00:00,0.37869469026548674,0.22446808510638297,0.5358313632781718,0.22942028985507248
2015-09-27 10:00:00,0.3791150442477876,0.22439716312056737,0.521327817178881,0.21550724637681157
2015-09-27 11:00:00,0.3799557522123894,0.2245390070921986,0.5144129235618597,0.21246376811594203
2015-09-27 12:00:00,0.3803097345132743,0.22539007092198582,0.512521670606777,0.22405797101449274
2015-09-27 13:00:00,0.3790929203539823,0.22496453900709218,0.5108510638297872,0.22130434782608693
2015-09-27 14:00:00,0.3793805309734513,0.2251063829787234,0.5137509850275808,0.21333333333333332
2015-09-27 15:00:00,0.3807300884955752,0.22595744680851065,0.5274507486209614,0.18869565217391301
2015-09-27 16:00:00,0.37966814159292034,0.2256737588652482,0.5398384554767534,0.16695652173913045
2015-09-27 17:00:00,0.38163716814159293,0.2256737588652482,0.550133963750985,0.14478260869565218
2015-09-27 18:00:00,0.38154867256637165,0.22609929078014185,0.5488022064617809,0.12159420289855073
2015-09-27 19:00:00,0.38103982300884953,0.22659574468085106,0.5239085894405043,0.10536231884057971
2015-09-27 20:00:00,0.38110619469026547,0.22652482269503543,0.5041449960598897,0.09463768115942028
2015-09-27 21:00:00,0.3810619469026549,0.22631205673758867,0.4713081166272655,0.0817391304347826
2015-09-27 22:00:00,0.3736725663716814,0.22687943262411345,0.45782899921197795,0.07115942028985507
2015-09-27 23:00:00,0.3729867256637168,0.22666666666666668,0.4465524034672971,0.05608695652173913
2015-09-28 00:00:00,0.37318584070796457,0.22744680851063828,0.4455910165484634,0.05565217391304347
2015-09-28 01:00:00,0.37351769911504423,0.2278014184397163,0.465575256107171,0.05376811594202899
2015-09-28 02:00:00,0.3734734513274336,0.2273758865248227,0.48922773837667455,0.04115942028985507
2015-09-28 03:00:00,0.37241150442477877,0.2278014184397163,0.5198739164696612,0.02826086956521739
2015-09-28 04:00:00,0.37466814159292033,0.22595744680851065,0.5484948778565799,0.020869565217391306
2015-09-28 05:00:00,0.3751991150442478,0.22709219858156027,0.6103743104806935,0.025362318840579712
2015-09-28 06:00:00,0.37495575221238936,0.2270212765957447,0.6361386918833728,0.03652173913043478
2015-09-28 07:00:00,0.3749778761061947,0.2273049645390071,0.6351260835303388,0.03985507246376811
2015-09-28 08:00:00,0.3732300884955752,0.22787234042553192,0.6248266351457841,0.05101449275362319
2015-09-28 09:00:00,0.3740486725663717,0.2273758865248227,0.614822695035461,0.04869565217391304
2015-09-28 10:00:00,0.37424778761061944,0.22687943262411345,0.6155240346729708,0.049130434782608694
2015-09-28 11:00:00,0.37444690265486724,0.22652482269503543,0.6099763593380615,0.06072463768115942
2015-09-28 12:00:00,0.37402654867256635,0.2245390070921986,0.6005870764381402,0.07898550724637682
2015-09-28 13:00:00,0.373141592920354,0.22411347517730495,0.5919148936170212,0.08492753623188407
2015-09-28 14:00:00,0.37194690265486724,0.22390070921985814,0.5844286840031521,0.1108695652173913
2015-09-28 15:00:00,0.3723893805309735,0.22397163120567376,0.5863829787234043,0.12782608695652176
2015-09-28 16:00:00,0.3729424778761062,0.22425531914893615,0.5971749408983451,0.16971014492753622
2015-09-28 17:00:00,0.37349557522123894,0.22340425531914893,0.6345390070921986,0.197536231884058
2015-09-28 18:00:00,0.37128318584070796,0.22234042553191488,0.6331008668242711,0.22318840579710145
2015-09-28 19:00:00,0.37095132743362835,0.2229787234042553,0.6173364854215918,0.2517391304347826
2015-09-28 20:00:00,0.3697345132743363,0.2221985815602837,0.5752167060677699,0.2518840579710145
2015-09-28 21:00:00,0.36889380530973453,0.22184397163120567,0.5377147360126083,0.2791304347826087
2015-09-28 22:00:00,0.36610619469026545,0.2221276595744681,0.5283766745468873,0.29405797101449277
2015-09-28 23:00:00,0.36650442477876105,0.2220567375886525,0.5134239558707644,0.32724637681159424
2015-09-29 00:00:00,0.3669690265486726,0.22234042553191488,0.5068282111899133,0.3040579710144928
2015-09-29 01:00:00,0.36650442477876105,0.22134751773049646,0.5028959810874705,0.29376811594202895
2015-09-29 02:00:00,0.3665929203539823,0.22070921985815603,0.5133609141055949,0.2926086956521739
2015-09-29 03:00:00,0.36670353982300885,0.22078014184397163,0.5203900709219859,0.2981159420289855
2015-09-29 04:00:00,0.3665486725663717,0.22092198581560285,0.5635303388494878,0.34057971014492755
2015-09-29 05:00:00,0.36484513274336283,0.22078014184397163,0.6103349093774625,0.38927536231884063
2015-09-29 06:00:00,0.3566592920353982,0.22035460992907802,0.6233963750985028,0.38130434782608696
2015-09-29 07:00:00,0.35603982300884957,0.21822695035460993,0.6209850275807722,0.3957971014492754
2015-09-29 08:00:00,0.3563053097345133,0.22021276595744682,0.619688731284476,0.41333333333333333
2015-09-29 09:00:00,0.36517699115044244,0.22056737588652484,0.6055437352245863,0.4598550724637681
2015-09-29 10:00:00,0.36606194690265487,0.2200709219858156,0.5947084318360915,0.558840579710145
2015-09-29 11:00:00,0.3658407079646018,0.21907801418439715,0.5784751773049646,0.7323188405797102
2015-09-29 12:00:00,0.36683628318584066,0.21836879432624112,0.5671985815602837,0.7602898550724638
2015-09-29 13:00:00,0.3675,0.21929078014184397,0.5626753349093775,0.7815942028985506
2015-09-29 14:00:00,0.36763274336283186,0.21836879432624112,0.5477580772261623,0.7701449275362319
2015-09-29 15:00:00,0.3665929203539823,0.2170921985815603,0.5458510638297872,0.7643478260869565
2015-09-29 16:00:00,0.36650442477876105,0.2167375886524823,0.5471670606776989,0.7420289855072464
2015-09-29 17:00:00,0.3670575221238938,0.2170212765957447,0.5729078014184397,0.7323188405797102
2015-09-29 18:00:00,0.3670575221238938,0.21645390070921985,0.5768203309692672,0.7220289855072464
2015-09-29 19:00:00,0.36626106194690267,0.21617021276595746,0.5624428684003152,0.7285507246376811
2015-09-29 20:00:00,0.3659070796460177,0.21716312056737588,0.5256501182033096,0.7088405797101449
2015-09-29 21:00:00,0.3654646017699115,0.21865248226950357,0.4489676910953506,0.7562318840579709
2015-09-29 22:00:00,0.36387168141592924,0.21921985815602837,0.41771867612293145,0.7015942028985508
2015-09-29 23:00:00,0.36409292035398233,0.2195744680851064,0.4063356973995272,0.6395652173913043
2015-09-30 00:00:00,0.36420353982300885,0.22028368794326242,0.4024901497241923,0.5855072463768116
2015-09-30 01:00:00,0.3633185840707965,0.22127659574468084,0.41657210401891254,0.6411594202898551
2015-09-30 02:00:00,0.3633185840707965,0.22170212765957448,0.44039007092198584,0.6359420289855072
2015-09-30 03:00:00,0.36376106194690266,0.2220567375886525,0.4611859732072498,0.6239130434782608
2015-09-30 04:00:00,0.36398230088495576,0.22283687943262412,0.505441292356186,0.6136231884057971
2015-09-30 05:00:00,0.3639380530973451,0.22156028368794325,0.5555240346729708,0.5957971014492754
2015-09-30 06:00:00,0.3644911504424779,0.22113475177304964,0.5807013396375099,0.586376811594203
2015-09-30 07:00:00,0.36495575221238935,0.22283687943262412,0.5874074074074074,0.6678260869565218
2015-09-30 08:00:00,0.36303097345132745,0.22333333333333333,0.5737037037037037,0.6256521739130435
2015-09-30 09:00:00,0.3638053097345133,0.22432624113475177,0.5637234042553191,0.6128985507246376
2015-09-30 10:00:00,0.3642477876106195,0.22333333333333333,0.5627777777777777,0.6265217391304349
2015-09-30 11:00:00,0.36457964601769915,0.22496453900709218,0.556595744680851,0.6224637681159421
2015-09-30 12:00:00,0.3650663716814159,0.22460992907801416,0.5359653270291568,0.6402898550724638
2015-09-30 13:00:00,0.3667477876106195,0.22425531914893615,0.5520291568163909,0.6857971014492753
2015-09-30 14:00:00,0.3679424778761062,0.22425531914893615,0.5461308116627265,0.6594202898550725
2015-09-30 15:00:00,0.36765486725663715,0.22390070921985814,0.5408944050433412,0.6684057971014492
2015-09-30 16:00:00,0.36721238938053097,0.22446808510638297,0.5354728132387706,0.5833333333333334
2015-09-30 17:00:00,0.3673230088495575,0.22411347517730495,0.5691646966115051,0.6908695652173913
2015-09-30 18:00:00,0.3671017699115044,0.22390070921985814,0.554334121355398,0.6253623188405797
2015-09-30 19:00:00,0.3666592920353982,0.22326241134751773,0.5308550039401103,0.6257971014492754
2015-09-30 20:00:00,0.3663716814159292,0.22382978723404257,0.49771473601260835,0.6360869565217391
2015-09-30 21:00:00,0.3663938053097345,0.22418439716312058,0.44661544523246655,0.6655072463768116
2015-09-30 22:00:00,0.35962389380530974,0.22382978723404257,0.40078802206461783,0.6942028985507246
2015-09-30 23:00:00,0.3594469026548673,0.22382978723404257,0.37671394799054375,0.6743478260869565
2015-10-01 00:00:00,0.3583849557522124,0.22382978723404257,0.3676477541371158,0.6557971014492754
2015-10-01 01:00:00,0.35964601769911503,0.22382978723404257,0.3669070133963751,0.7095652173913044
2015-10-01 02:00:00,0.3588495575221239,0.22382978723404257,0.36705279747832936,0.7102898550724638
2015-10-01 03:00:00,0.359070796460177,0.22382978723404257,0.39810480693459416,0.7011594202898551
2015-10-01 04:00:00,0.35856194690265486,0.22382978723404257,0.47128053585500396,0.6799999999999999
2015-10-01 05:00:00,0.35867256637168143,0.22382978723404257,0.529200157604413,0.6630434782608695
2015-10-01 06:00:00,0.3574778761061947,0.22382978723404257,0.5540464933018124,0.6605797101449276
2015-10-01 07:00:00,0.3579424778761062,0.21978723404255318,0.5537234042553192,0.6273913043478261
2015-10-01 08:00:00,0.3579867256637168,0.22347517730496455,0.550220646178093,0.6427536231884058
2015-10-01 09:00:00,0.3598672566371681,0.22418439716312058,0.5556225374310481,0.6333333333333333
2015-10-01 10:00:00,0.35876106194690266,0.2246808510638298,0.5421394799054373,0.6447826086956522
2015-10-01 11:00:00,0.3578982300884956,0.225177304964539,0.533936170212766,0.6527536231884058
2015-10-01 12:00:00,0.35772123893805313,0.22333333333333333,0.5314026792750197,0.6279710144927536
2015-10-01 13:00:00,0.3582079646017699,0.22347517730496455,0.5287706855791963,0.6026086956521739
2015-10-01 14:00:00,0.3597345132743363,0.225531914893617,0.5212765957446809,0.5752173913043478
2015-10-01 15:00:00,0.3603761061946903,0.22482269503546098,0.5238376674546887,0.5401449275362319
2015-10-01 16:00:00,0.36092920353982305,0.2250354609929078,0.5248305752561072,0.5097101449275362
2015-10-01 17:00:00,0.3612389380530973,0.22361702127659575,0.5514499605988967,0.4915942028985507
2015-10-01 18:00:00,0.3581637168141593,0.22326241134751773,0.5152364066193854,0.38391304347826083
2015-10-01 19:00:00,0.35953539823008845,0.22368794326241134,0.47919227738376674,0.37739130434782603
2015-10-01 20:00:00,0.36070796460176996,0.22340425531914893,0.4309771473601261,0.3765217391304348
2015-10-01 21:00:00,0.35969026548672567,0.22333333333333333,0.40682427107959024,0.3969565217391304
2015-10-01 22:00:00,0.3667477876106195,0.22326241134751773,0.36772261623325453,0.3715942028985507
2015-10-01 23:00:00,0.3628982300884956,0.22319148936170213,0.36213159968479114,0.35492753623188406
2015-10-02 00:00:00,0.36422566371681414,0.22312056737588654,0.3557368006304177,0.36333333333333334
2015-10-02 01:00:00,0.3647787610619469,0.22397163120567376,0.3459062253743105,0.3443478260869565
2015-10-02 02:00:00,0.3620353982300885,0.2230496453900709,0.34082742316784875,0.2794202898550725
2015-10-02 03:00:00,0.3627433628318584,0.22276595744680852,0.3563159968479117,0.2944927536231884
2015-10-02 04:00:00,0.3626991150442478,0.22276595744680852,0.4095271867612293,0.31420289855072464
2015-10-02 05:00:00,0.361216814159292,0.22390070921985814,0.46670606776989754,0.31521739130434784
2015-10-02 06:00:00,0.36119469026548673,0.22404255319148936,0.5027383766745469,0.33942028985507244
2015-10-02 07:00:00,0.3606858407079646,0.2224113475177305,0.5019385342789598,0.3715942028985507
2015-10-02 08:00:00,0.3615486725663717,0.2225531914893617,0.4935421591804571,0.31579710144927536
2015-10-02 09:00:00,0.3613274336283186,0.22234042553191488,0.4887667454688731,0.30434782608695654
2015-10-02 10:00:00,0.3587168141592921,0.22184397163120567,0.47288022064617813,0.3626086956521739
2015-10-02 11:00:00,0.3605973451327434,0.22156028368794325,0.45524428684003154,0.34739130434782606
2015-10-02 12:00:00,0.3616371681415929,0.22184397163120567,0.4407249802994484,0.39434782608695657
2015-10-02 13:00:00,0.3589159292035398,0.22234042553191488,0.424866036249015,0.4126086956521739
2015-10-02 14:00:00,0.3597345132743363,0.2220567375886525,0.41690307328605203,0.6244927536231883
2015-10-02 15:00:00,0.3616371681415929,0.2220567375886525,0.4432545311268715,0.6094202898550725
2015-10-02 16:00:00,0.3603982300884956,0.2226950354609929,0.4457880220646178,0.6627536231884058
2015-10-02 17:00:00,0.36013274336283185,0.22382978723404257,0.4673325453112687,0.6108695652173913
2015-10-02 18:00:00,0.360287610619469,0.2221276595744681,0.4501221434200158,0.5802898550724638
2015-10-02 19:00:00,0.36106194690265486,0.22375886524822694,0.4419345941686367,0.5446376811594204
2015-10-02 20:00:00,0.3600884955752212,0.22319148936170213,0.42530338849487787,0.5521739130434783
2015-10-02 21:00:00,0.35940265486725664,0.22319148936170213,0.40183609141055954,0.5315942028985507
2015-10-02 22:00:00,0.3599778761061947,0.22382978723404257,0.3952758077226162,0.5128985507246376
2015-10-02 23:00:00,0.36022123893805313,0.22134751773049646,0.39929472025216706,0.45608695652173914
2015-10-03 00:00:00,0.361570796460177,0.22156028368794325,0.4017927501970055,0.4902898550724638
2015-10-03 01:00:00,0.35931415929203536,0.22191489361702127,0.39832939322301025,0.46057971014492755
2015-10-03 02:00:00,0.36084070796460177,0.22234042553191488,0.4076595744680851,0.38347826086956527
2015-10-03 03:00:00,0.3614159292035398,0.2251063829787234,0.41954294720252167,0.3491304347826087
2015-10-03 04:00:00,0.36077433628318584,0.22539007092198582,0.4298345153664303,0.3456521739130435
2015-10-03 05:00:00,0.35807522123893804,0.2256737588652482,0.4452442868400315,0.30318840579710143
2015-10-03 06:00:00,0.36057522123893804,0.2256737588652482,0.48566193853427897,0.296231884057971
2015-10-03 07:00:00,0.36,0.22560283687943264,0.5135933806146572,0.2942028985507246
2015-10-03 08:00:00,0.359070796460177,0.22574468085106383,0.5179393223010244,0.31130434782608696
2015-10-03 09:00:00,0.35646017699115046,0.2258156028368794,0.5163002364066194,0.34318840579710147
2015-10-03 10:00:00,0.355929203539823,0.22744680851063828,0.4969227738376674,0.31768115942028985
2015-10-03 11:00:00,0.35533185840707965,0.22723404255319146,0.48570527974783295,0.28130434782608693
2015-10-03 12:00:00,0.35646017699115046,0.2278014184397163,0.4740228526398739,0.2713043478260869
2015-10-03 13:00:00,0.3583185840707964,0.2256737588652482,0.4773167848699763,0.22478260869565217
2015-10-03 14:00:00,0.35951327433628316,0.22560283687943264,0.4874704491725768,0.20579710144927535
2015-10-03 15:00:00,0.35896017699115046,0.2258156028368794,0.509070133963751,0.2128985507246377
2015-10-03 16:00:00,0.3583185840707964,0.2256737588652482,0.5324546887312845,0.2746376811594203
2015-10-03 17:00:00,0.3573451327433628,0.22624113475177304,0.5356304176516942,0.3217391304347826
2015-10-03 18:00:00,0.3535840707964602,0.22595744680851065,0.5028014184397164,0.3653623188405797
2015-10-03 19:00:00,0.3561504424778761,0.22645390070921986,0.4772616233254531,0.45999999999999996
2015-10-03 20:00:00,0.3563716814159292,0.22673758865248225,0.45527974783293934,0.5472463768115943
2015-10-03 21:00:00,0.3554203539823009,0.22638297872340424,0.43351457840819546,0.5681159420289855
2015-10-03 22:00:00,0.3530973451327434,0.22645390070921986,0.4244759653270292,0.5465217391304348
2015-10-03 23:00:00,0.3527433628318584,0.22631205673758867,0.41570921985815606,0.5150724637681159
2015-10-04 00:00:00,0.35258849557522126,0.22638297872340424,0.4106895193065406,0.4918840579710145
2015-10-04 01:00:00,0.3516150442477876,0.22652482269503543,0.4073995271867612,0.4305797101449276
2015-10-04 02:00:00,0.3511061946902655,0.22631205673758867,0.40774625689519306,0.39724637681159425
2015-10-04 03:00:00,0.35192477876106193,0.22624113475177304,0.40989361702127664,0.33999999999999997
2015-10-04 04:00:00,0.3523451327433628,0.22602836879432622,0.4254925137903861,0.2518840579710145
2015-10-04 05:00:00,0.3539159292035398,0.22631205673758867,0.43326241134751775,0.216231884057971
2015-10-04 06:00:00,0.3561283185840708,0.22595744680851065,0.4706304176516943,0.18536231884057972
2015-10-04 07:00:00,0.3542920353982301,0.22602836879432622,0.5085224586288416,0.1727536231884058
2015-10-04 08:00:00,0.35172566371681413,0.22624113475177304,0.5251418439716312,0.16217391304347828
2015-10-04 09:00:00,0.3528761061946903,0.22595744680851065,0.5238337273443656,0.16057971014492753
2015-10-04 10:00:00,0.35267699115044243,0.2273049645390071,0.5144405043341214,0.15405797101449276
2015-10-04 11:00:00,0.3533628318584071,0.22709219858156027,0.49984239558707644,0.17246376811594202
2015-10-04 12:00:00,0.3527654867256637,0.22822695035460994,0.4917966903073286,0.14579710144927535
2015-10-04 13:00:00,0.35362831858407084,0.22560283687943264,0.4980181245074862,0.1418840579710145
2015-10-04 14:00:00,0.35457964601769915,0.22723404255319146,0.5090425531914894,0.16362318840579712
2015-10-04 15:00:00,0.3536504424778761,0.2278014184397163,0.5325177304964539,0.13840579710144926
2015-10-04 16:00:00,0.35491150442477876,0.22588652482269503,0.5720527974783294,0.13623188405797101
2015-10-04 17:00:00,0.35261061946902655,0.22631205673758867,0.60951536643026,0.14376811594202898
2015-10-04 18:00:00,0.35022123893805307,0.22659574468085106,0.5862135539795115,0.1334782608695652
2015-10-04 19:00:00,0.3519469026548672,0.22744680851063828,0.563849487785658,0.15942028985507245
2015-10-04 20:00:00,0.3536504424778761,0.22687943262411345,0.5267139479905437,0.13999999999999999
2015-10-04 21:00:00,0.3506858407079646,0.22787234042553192,0.47821907013396375,0.1882608695652174
2015-10-04 22:00:00,0.3373230088495575,0.22709219858156027,0.4314854215918046,0.2156521739130435
2015-10-04 23:00:00,0.339424778761062,0.22680851063829788,0.42188731284475967,0.2398550724637681
2015-10-05 00:00:00,0.34033185840707963,0.22560283687943264,0.41879826635145784,0.22318840579710145
2015-10-05 01:00:00,0.3401769911504425,0.2282978723404255,0.4237825059101655,0.28579710144927534
2015-10-05 02:00:00,0.3372345132743363,0.2273758865248227,0.4345350669818755,0.34304347826086956
2015-10-05 03:00:00,0.33738938053097345,0.2275177304964539,0.4806737588652482,0.34652173913043477
2015-10-05 04:00:00,0.34011061946902654,0.22836879432624113,0.5695547675334909,0.33666666666666667
2015-10-05 05:00:00,0.33949115044247785,0.2281560283687943,0.6541371158392435,0.37579710144927536
2015-10-05 06:00:00,0.3407300884955752,0.22801418439716312,0.6915169424743893,0.3818840579710145
2015-10-05 07:00:00,0.3370575221238938,0.22801418439716312,0.6905555555555555,0.4036231884057971
2015-10-05 08:00:00,0.33557522123893807,0.2282978723404255,0.6780141843971631,0.39565217391304347
2015-10-05 09:00:00,0.3364823008849558,0.2279432624113475,0.652214342001576,0.3881159420289855
2015-10-05 10:00:00,0.3377212389380531,0.22808510638297874,0.6347202521670607,0.3885507246376812
2015-10-05 11:00:00,0.3375442477876106,0.22893617021276597,0.6261820330969267,0.4082608695652174
2015-10-05 12:00:00,0.33643805309734515,0.22680851063829788,0.6137312844759654,0.3923188405797101
2015-10-05 13:00:00,0.33573008849557523,0.22631205673758867,0.5999802994483846,0.37666666666666665
2015-10-05 14:00:00,0.3388716814159292,0.22631205673758867,0.6007919621749409,0.39463768115942033
2015-10-05 15:00:00,0.33727876106194693,0.2275177304964539,0.6026792750197005,0.4131884057971015
2015-10-05 16:00:00,0.3379203539823009,0.22822695035460994,0.6135539795114263,0.4369565217391304
2015-10-05 17:00:00,0.3359734513274336,0.22787234042553192,0.6265011820330969,0.44608695652173913
2015-10-05 18:00:00,0.3377654867256637,0.22822695035460994,0.5947951142631993,0.48405797101449277
2015-10-05 19:00:00,0.33946902654867256,0.22879432624113477,0.5471552403467297,0.5510144927536231
2015-10-05 20:00:00,0.33798672566371685,0.2273758865248227,0.47491725768321513,0.5759420289855072
2015-10-05 21:00:00,0.33820796460176994,0.22723404255319146,0.4021867612293144,0.5818840579710145
2015-10-05 22:00:00,0.343783185840708,0.2273049645390071,0.3651891252955083,0.5553623188405797
2015-10-05 23:00:00,0.3425442477876106,0.22808510638297874,0.34509062253743106,0.592463768115942
2015-10-06 00:00:00,0.3392035398230089,0.2276595744680851,0.33282111899133177,0.5781159420289854
2015-10-06 01:00:00,0.3388274336283186,0.2276595744680851,0.33229708431836097,0.5846376811594203
2015-10-06 02:00:00,0.3396238938053097,0.22808510638297874,0.33304176516942474,0.6036231884057971
2015-10-06 03:00:00,0.34022123893805306,0.22723404255319146,0.3624546887312845,0.6004347826086956
2015-10-06 04:00:00,0.3407743362831858,0.22787234042553192,0.4435933806146572,0.5984057971014493
2015-10-06 05:00:00,0.3403761061946903,0.2281560283687943,0.5432899921197794,0.5921739130434783
2015-10-06 06:00:00,0.33823008849557523,0.2279432624113475,0.5619700551615445,0.5849275362318841
2015-10-06 07:00:00,0.33999999999999997,0.22666666666666668,0.5424743892828999,0.6182608695652174
2015-10-06 08:00:00,0.3363053097345133,0.22865248226950352,0.5215681639085894,0.6011594202898551
2015-10-06 09:00:00,0.33577433628318587,0.22921985815602836,0.5012647754137116,0.6068115942028985
2015-10-06 10:00:00,0.3336725663716814,0.2295035460992908,0.4801182033096927,0.6121739130434782
2015-10-06 11:00:00,0.3344026548672566,0.2273049645390071,0.4684554767533491,0.5991304347826086
2015-10-06 12:00:00,0.33542035398230086,0.22695035460992907,0.4572655634357762,0.5830434782608696
2015-10-06 13:00:00,0.3361504424778761,0.22680851063829788,0.452301024428684,0.5898550724637681
2015-10-06 14:00:00,0.33823008849557523,0.22645390070921986,0.4547478329393223,0.6282608695652174
2015-10-06 15:00:00,0.33780973451327434,0.22687943262411345,0.46596138691883376,0.5866666666666667
2015-10-06 16:00:00,0.33789823008849557,0.22744680851063828,0.47637509850275805,0.6002898550724638
2015-10-06 17:00:00,0.3379203539823009,0.2278014184397163,0.48425137903861304,0.5946376811594203
2015-10-06 18:00:00,0.33692477876106197,0.2279432624113475,0.45820724980299443,0.6152173913043478
2015-10-06 19:00:00,0.33873893805309735,0.22808510638297874,0.42052403467297084,0.6047826086956521
2015-10-06 20:00:00,0.33601769911504425,0.22787234042553192,0.3742789598108747,0.6220289855072464
2015-10-06 21:00:00,0.3350221238938053,0.2282978723404255,0.32986603624901495,0.6059420289855073
2015-10-06 22:00:00,0.32902654867256637,0.22900709219858154,0.32189913317572894,0.632463768115942
2015-10-06 23:00:00,0.3295575221238938,0.22659574468085106,0.31898345153664304,0.6468115942028986
2015-10-07 00:00:00,0.32935840707964603,0.22680851063829788,0.3243853427895981,0.6746376811594202
2015-10-07 01:00:00,0.3302433628318584,0.22709219858156027,0.32414499605988967,0.6676811594202898
2015-10-07 02:00:00,0.327212389380531,0.22687943262411345,0.32894011032308906,0.6842028985507247
2015-10-07 03:00:00,0.32758849557522124,0.22680851063829788,0.34483057525610716,0.6807246376811594
2015-10-07 04:00:00,0.3279424778761062,0.22673758865248225,0.42148936170212764,0.6407246376811595
2015-10-07 05:00:00,0.32807522123893806,0.2295035460992908,0.49092198581560287,0.6495652173913044
2015-10-07 06:00:00,0.3250221238938053,0.22652482269503543,0.5177304964539007,0.6731884057971015
2015-10-07 07:00:00,0.3235619469026549,0.22801418439716312,0.5109180457052798,0.6602898550724638
2015-10-07 08:00:00,0.32692477876106196,0.2295035460992908,0.505086682427108,0.647536231884058
2015-10-07 09:00:00,0.32630530973451327,0.22943262411347518,0.4897951142631994,0.6476811594202898
2015-10-07 10:00:00,0.32351769911504424,0.22936170212765955,0.4885342789598109,0.6192753623188406
2015-10-07 11:00:00,0.3267699115044248,0.22893617021276597,0.496548463356974,0.5895652173913044
2015-10-07 12:00:00,0.3290929203539823,0.22872340425531915,0.4947281323877069,0.5968115942028985
2015-10-07 13:00:00,0.32787610619469026,0.22865248226950352,0.48964933018124507,0.6027536231884058
2015-10-07 14:00:00,0.32831858407079645,0.22843971631205676,0.4901260835303388,0.5998550724637681
2015-10-07 15:00:00,0.3286504424778761,0.22808510638297874,0.526946414499606,0.5968115942028985
2015-10-07 16:00:00,0.3282300884955752,0.22758865248226948,0.5444326241134753,0.5998550724637681
2015-10-07 17:00:00,0.3275,0.2279432624113475,0.5527344365642238,0.5771014492753623
2015-10-07 18:00:00,0.32612831858407076,0.2281560283687943,0.5228605200945626,0.5946376811594203
2015-10-07 19:00:00,0.3279203539823009,0.2282978723404255,0.48072892040977144,0.6069565217391305
2015-10-07 20:00:00,0.3272345132743363,0.2276595744680851,0.433538219070134,0.5968115942028985
2015-10-07 21:00:00,0.3275442477876106,0.22666666666666668,0.39392434988179664,0.5811594202898551
2015-10-07 22:00:00,0.31940265486725666,0.22645390070921986,0.38059495665878645,0.5985507246376811
2015-10-07 23:00:00,0.3191592920353982,0.22638297872340424,0.38133569739952716,0.5988405797101449
2015-10-08 00:00:00,0.3193805309734513,0.22652482269503543,0.38919227738376677,0.5688405797101449
2015-10-08 01:00:00,0.31913716814159293,0.22921985815602836,0.39199763593380615,0.5671014492753623
2015-10-08 02:00:00,0.318429203539823,0.22943262411347518,0.4022064617809299,0.5942028985507246
2015-10-08 03:00:00,0.3175221238938053,0.22631205673758867,0.4420173364854216,0.5968115942028985
2015-10-08 04:00:00,0.31995575221238937,0.22921985815602836,0.524866036249015,0.6073913043478261
2015-10-08 05:00:00,0.3191592920353982,0.22872340425531915,0.6243459416863673,0.6207246376811595
2015-10-08 06:00:00,0.30946902654867253,0.2282978723404255,0.6516706067769898,0.6436231884057971
2015-10-08 07:00:00,0.31026548672566373,0.22432624113475177,0.6494562647754137,0.6166666666666667
2015-10-08 08:00:00,0.3084070796460177,0.22858156028368795,0.6500118203309693,0.602463768115942
2015-10-08 09:00:00,0.30692477876106194,0.22886524822695034,0.6374034672970843,0.6120289855072464
2015-10-08 10:00:00,0.3127433628318584,0.22900709219858154,0.6162529550827424,0.6171014492753624
2015-10-08 11:00:00,0.31464601769911504,0.22843971631205676,0.6238376674546887,0.6042028985507246
2015-10-08 12:00:00,0.31371681415929203,0.22822695035460994,0.6190189125295509,0.5959420289855072
2015-10-08 13:00:00,0.3161283185840708,0.22801418439716312,0.6147557131599685,0.5631884057971015
2015-10-08 14:00:00,0.3144911504424779,0.22801418439716312,0.6139716312056738,0.5491304347826087
2015-10-08 15:00:00,0.31584070796460173,0.22808510638297874,0.6289085894405043,0.5434782608695652
2015-10-08 16:00:00,0.3176106194690265,0.22865248226950352,0.6507249802994485,0.5150724637681159
2015-10-08 17:00:00,0.315641592920354,0.22929078014184398,0.6695626477541371,0.5005797101449275
2015-10-08 18:00:00,0.31495575221238936,0.22680851063829788,0.6320055161544523,0.5110144927536232
2015-10-08 19:00:00,0.316858407079646,0.2273758865248227,0.591682427107959,0.5068115942028986
2015-10-08 20:00:00,0.31712389380530975,0.2273758865248227,0.550445232466509,0.47144927536231884
2015-10-08 21:00:00,0.31705752212389376,0.22723404255319146,0.5037155240346729,0.4494202898550725
2015-10-08 22:00:00,0.31150442477876106,0.2271631205673759,0.5168439716312057,0.4415942028985507
2015-10-08 23:00:00,0.3115486725663717,0.2273758865248227,0.5143026004728133,0.4182608695652174
2015-10-09 00:00:00,0.30889380530973454,0.22723404255319146,0.5071079590228527,0.4018840579710145
2015-10-09 01:00:00,0.30827433628318585,0.22631205673758867,0.5074271079590229,0.37811594202898546
2015-10-09 02:00:00,0.30681415929203537,0.22617021276595742,0.5069385342789599,0.38391304347826083
2015-10-09 03:00:00,0.3065929203539823,0.22624113475177304,0.5349408983451537,0.38405797101449274
2015-10-09 04:00:00,0.30878318584070796,0.22631205673758867,0.5978132387706856,0.36884057971014494
2015-10-09 05:00:00,0.31035398230088496,0.22609929078014185,0.6712450748620962,0.3476811594202899
2015-10-09 06:00:00,0.308429203539823,0.22907801418439716,0.687037037037037,0.3273913043478261
2015-10-09 07:00:00,0.3101769911504425,0.22617021276595742,0.6861623325453112,0.33115942028985507
2015-10-09 08:00:00,0.3098008849557522,0.22907801418439716,0.6824231678486998,0.33115942028985507
2015-10-09 09:00:00,0.3088716814159292,0.22893617021276597,0.6719818754925139,0.33405797101449275
2015-10-09 10:00:00,0.3071902654867257,0.22872340425531915,0.6537391646966115,0.31782608695652176
2015-10-09 11:00:00,0.30829646017699114,0.22851063829787233,0.6398699763593381,0.23521739130434785
2015-10-09 12:00:00,0.30924778761061944,0.22822695035460994,0.6317336485421592,0.2510144927536232
2015-10-09 13:00:00,0.31035398230088496,0.22822695035460994,0.6254964539007092,0.24072463768115943
2015-10-09 14:00:00,0.3105309734513274,0.22787234042553192,0.6264223798266352,0.23144927536231882
2015-10-09 15:00:00,0.3103761061946903,0.22787234042553192,0.635795902285264,0.2343478260869565
2015-10-09 16:00:00,0.3111725663716814,0.2281560283687943,0.660839243498818,0.223768115942029
2015-10-09 17:00:00,0.30889380530973454,0.22836879432624113,0.6513947990543736,0.21768115942028984
2015-10-09 18:00:00,0.308141592920354,0.22893617021276597,0.6169542947202521,0.2128985507246377
2015-10-09 19:00:00,0.30845132743362835,0.22773049645390073,0.5952167060677699,0.20028985507246375
2015-10-09 20:00:00,0.30807522123893805,0.22695035460992907,0.5687391646966116,0.19478260869565217
2015-10-09 21:00:00,0.3083407079646018,0.2271631205673759,0.5334278959810874,0.18942028985507245
2015-10-09 22:00:00,0.29842920353982305,0.22758865248226948,0.480795902285264,0.21304347826086956
2015-10-09 23:00:00,0.29763274336283185,0.22773049645390073,0.469424743892829,0.213768115942029
2015-10-10 00:00:00,0.29553097345132745,0.22695035460992907,0.4621867612293144,0.18942028985507245
2015-10-10 01:00:00,0.29668141592920355,0.22687943262411345,0.46722222222222226,0.1936231884057971
2015-10-10 02:00:00,0.297212389380531,0.22709219858156027,0.47022458628841607,0.19695652173913045
2015-10-10 03:00:00,0.2961283185840708,0.22900709219858154,0.47403073286052005,0.187536231884058
2015-10-10 04:00:00,0.2952433628318584,0.22886524822695034,0.48077620173364854,0.17173913043478262
2015-10-10 05:00:00,0.29573008849557525,0.22893617021276597,0.5125453112687155,0.15985507246376812
2015-10-10 06:00:00,0.2959070796460177,0.22900709219858154,0.5471552403467297,0.16072463768115944
2015-10-10 07:00:00,0.2961283185840708,0.22893617021276597,0.5799172576832151,0.15217391304347827
2015-10-10 08:00:00,0.2945132743362832,0.22872340425531915,0.5893971631205673,0.15014492753623188
2015-10-10 09:00:00,0.29283185840707965,0.22879432624113477,0.5665248226950355,0.15666666666666665
2015-10-10 10:00:00,0.29278761061946906,0.23099290780141843,0.5497005516154452,0.1618840579710145
2015-10-10 11:00:00,0.29420353982300884,0.23170212765957446,0.5400433412135539,0.15318840579710144
2015-10-10 12:00:00,0.293429203539823,0.23127659574468087,0.5348817966903073,0.13869565217391305
2015-10-10 13:00:00,0.29283185840707965,0.23113475177304962,0.5308353033884949,0.1401449275362319
2015-10-10 14:00:00,0.2931194690265487,0.23120567375886525,0.5395468873128448,0.12579710144927536
2015-10-10 15:00:00,0.29325221238938054,0.23092198581560286,0.5730969267139481,0.10434782608695652
2015-10-10 16:00:00,0.2938053097345133,0.23106382978723405,0.6075492513790386,0.09594202898550724
2015-10-10 17:00:00,0.29077433628318583,0.22907801418439716,0.6012765957446808,0.09927536231884058
2015-10-10 18:00:00,0.2916371681415929,0.22921985815602836,0.5566587864460205,0.09869565217391303
2015-10-10 19:00:00,0.29367256637168143,0.22921985815602836,0.5359416863672183,0.10768115942028986
2015-10-10 20:00:00,0.2926991150442478,0.22914893617021279,0.5075453112687155,0.11072463768115944
2015-10-10 21:00:00,0.29123893805309736,0.2304255319148936,0.4822261623325453,0.12347826086956522
2015-10-10 22:00:00,0.282146017699115,0.23056737588652484,0.42102836879432626,0.123768115942029
2015-10-10 23:00:00,0.2829646017699115,0.23,0.3924192277383767,0.11231884057971014
2015-10-11 00:00:00,0.2804867256637168,0.22985815602836882,0.39676122931442076,0.11101449275362318
2015-10-11 01:00:00,0.281570796460177,0.22957446808510637,0.40555161544523244,0.11376811594202899
2015-10-11 02:00:00,0.28154867256637167,0.22893617021276597,0.41429866036249013,0.1391304347826087
2015-10-11 03:00:00,0.2795575221238938,0.22886524822695034,0.3944956658786446,0.14855072463768115
2015-10-11 04:00:00,0.27946902654867256,0.22758865248226948,0.3945665878644602,0.15507246376811595
2015-10-11 05:00:00,0.2790929203539823,0.22787234042553192,0.42981087470449175,0.14840579710144927
2015-10-11 06:00:00,0.28075221238938053,0.22723404255319146,0.4835224586288416,0.16594202898550725
2015-10-11 07:00:00,0.27971238938053095,0.22709219858156027,0.5037076438140268,0.16492753623188405
2015-10-11 08:00:00,0.2782079646017699,0.22680851063829788,0.47271079590228526,0.1565217391304348
2015-10-11 09:00:00,0.27699115044247785,0.22758865248226948,0.4511150512214342,0.16304347826086957
2015-10-11 10:00:00,0.2779867256637168,0.22680851063829788,0.4416272655634358,0.16869565217391305
2015-10-11 11:00:00,0.2794026548672567,0.22709219858156027,0.439204097714736,0.1810144927536232
2015-10-11 12:00:00,0.27988938053097345,0.22723404255319146,0.4344089834515366,0.20028985507246375
2015-10-11 13:00:00,0.27900442477876103,0.22539007092198582,0.4327186761229314,0.19681159420289857
2015-10-11 14:00:00,0.27915929203539824,0.22666666666666668,0.450086682427108,0.18333333333333332
2015-10-11 15:00:00,0.2797345132743363,0.22680851063829788,0.5312056737588653,0.18246376811594203
2015-10-11 16:00:00,0.2815265486725664,0.2271631205673759,0.6050788022064618,0.17420289855072466
2015-10-11 17:00:00,0.2796238938053098,0.2270212765957447,0.63,0.16246376811594201
2015-10-11 18:00:00,0.27758849557522125,0.22631205673758867,0.5896532702915681,0.16521739130434782
2015-10-11 19:00:00,0.28039823008849557,0.2282978723404255,0.5639204097714736,0.16855072463768114
2015-10-11 20:00:00,0.2795353982300885,0.23007092198581558,0.5167809298660362,0.18420289855072464
2015-10-11 21:00:00,0.2788495575221239,0.22687943262411345,0.4591449960598897,0.19492753623188405
2015-10-11 22:00:00,0.2706858407079646,0.22617021276595742,0.43770291568163905,0.2082608695652174
2015-10-11 23:00:00,0.272212389380531,0.22645390070921986,0.406327817178881,0.2246376811594203
2015-10-12 00:00:00,0.2723672566371681,0.22645390070921986,0.4182702915681639,0.2382608695652174
2015-10-12 01:00:00,0.27292035398230086,0.22645390070921986,0.4057013396375099,0.24202898550724639
2015-10-12 02:00:00,0.2718141592920354,0.22645390070921986,0.4116548463356974,0.2398550724637681
2015-10-12 03:00:00,0.27311946902654866,0.22645390070921986,0.5024152876280535,0.21304347826086956
2015-10-12 04:00:00,0.2728539823008849,0.22645390070921986,0.6131639085894405,0.20797101449275363
2015-10-12 05:00:00,0.27599557522123896,0.22645390070921986,0.7159968479117416,0.22057971014492753
2015-10-12 06:00:00,0.27269911504424776,0.22645390070921986,0.7254846335697399,0.2189855072463768
2015-10-12 07:00:00,0.27334070796460175,0.22666666666666668,0.7413475177304966,0.2563768115942029
2015-10-12 08:00:00,0.27292035398230086,0.2275177304964539,0.7285224586288417,0.2866666666666667
2015-10-12 09:00:00,0.2721238938053097,0.22773049645390073,0.7146414499605989,0.2965217391304348
2015-10-12 10:00:00,0.2738716814159292,0.22560283687943264,0.7118360914105596,0.28405797101449276
2015-10-12 11:00:00,0.274358407079646,0.2254609929078014,0.7070291568163909,0.2788405797101449
2015-10-12 12:00:00,0.27334070796460175,0.2229787234042553,0.6989519306540584,0.2811594202898551
2015-10-12 13:00:00,0.27314159292035395,0.22226950354609928,0.6892474389282899,0.24768115942028987
2015-10-12 14:00:00,0.2748451327433628,0.22695035460992907,0.6881126871552403,0.22434782608695653
2015-10-12 15:00:00,0.27477876106194693,0.2301418439716312,0.7009929078014184,0.20985507246376814
2015-10-12 16:00:00,0.27442477876106197,0.2332624113475177,0.7111899133175729,0.17971014492753623
2015-10-12 17:00:00,0.27351769911504425,0.23432624113475176,0.7024034672970844,0.16492753623188405
2015-10-12 18:00:00,0.2732522123893805,0.23964539007092198,0.67048463356974,0.15942028985507245
2015-10-12 19:00:00,0.27422566371681417,0.2373049645390071,0.6342868400315209,0.15666666666666665
2015-10-12 20:00:00,0.2715486725663717,0.23716312056737587,0.5910559495665879,0.17855072463768115
2015-10-12 21:00:00,0.270353982300885,0.23687943262411348,0.5223522458628841,0.186231884057971
2015-10-12 22:00:00,0.2767035398230089,0.23702127659574468,0.47429472025216707,0.19710144927536233
2015-10-12 23:00:00,0.2778761061946903,0.23687943262411348,0.4560520094562648,0.18492753623188404
2015-10-13 00:00:00,0.27856194690265484,0.23652482269503547,0.45245862884160754,0.16797101449275365
2015-10-13 01:00:00,0.27862831858407083,0.23546099290780143,0.4584318360914106,0.1708695652173913
2015-10-13 02:00:00,0.27668141592920353,0.23418439716312056,0.47465721040189124,0.1981159420289855
2015-10-13 03:00:00,0.2744911504424779,0.23382978723404255,0.5057052797478329,0.23159420289855073
2015-10-13 04:00:00,0.27780973451327434,0.234113475177305,0.6122498029944838,0.23347826086956522
2015-10-13 05:00:00,0.2810840707964602,0.22028368794326242,0.7089243498817966,0.24289855072463767
2015-10-13 06:00:00,0.2764823008849558,0.22063829787234043,0.7343026004728131,0.24681159420289855
2015-10-13 07:00:00,0.2745132743362832,0.3039007092198582,0.7259574468085106,0.30043478260869566
2015-10-13 08:00:00,0.27688053097345133,0.30609929078014186,0.7228999211977936,0.30985507246376814
2015-10-13 09:00:00,0.27842920353982303,0.3056737588652482,0.7120212765957447,0.3373913043478261
2015-10-13 10:00:00,0.2822566371681416,0.26354609929078016,0.6950157604412923,0.36579710144927535
2015-10-13 11:00:00,0.2829646017699115,0.2802127659574468,0.692608353033885,0.42869565217391303
2015-10-13 12:00:00,0.28170353982300883,0.2802127659574468,0.6927580772261623,0.44710144927536233
2015-10-13 13:00:00,0.2842699115044248,0.23404255319148937,0.6801970055161545,0.46695652173913044
2015-10-13 14:00:00,0.28336283185840705,0.24574468085106382,0.6682230102442869,0.41724637681159416
2015-10-13 15:00:00,0.2842256637168142,0.24560283687943263,0.6852245862884161,0.4282608695652174
2015-10-13 16:00:00,0.2834070796460177,0.2493617021276596,0.6911820330969267,0.408840579710145
2015-10-13 17:00:00,0.2819247787610619,0.2495035460992908,0.6883018124507486,0.3784057971014493
2015-10-13 18:00:00,0.28033185840707964,0.2456737588652482,0.6637549251379038,0.40492753623188404
2015-10-13 19:00:00,0.2830752212389381,0.2204964539007092,0.6204925137903862,0.34797101449275364
2015-10-13 20:00:00,0.28331858407079646,0.22099290780141845,0.5639440504334121,0.3263768115942029
2015-10-13 21:00:00,0.2813938053097345,0.22063829787234043,0.4966430260047281,0.37202898550724633
2015-10-13 22:00:00,0.2822345132743363,0.22028368794326242,0.45715918045705284,0.38275362318840583
2015-10-13 23:00:00,0.2815929203539823,0.22085106382978723,0.4292159180457053,0.38231884057971016
2015-10-14 00:00:00,0.28345132743362833,0.22134751773049646,0.43246256895193064,0.35507246376811596
2015-10-14 01:00:00,0.28285398230088493,0.22177304964539007,0.43778959810874707,0.3298550724637681
2015-10-14 02:00:00,0.28148230088495574,0.22177304964539007,0.4543026004728133,0.2850724637681159
2015-10-14 03:00:00,0.28022123893805306,0.22163120567375885,0.4996493301812451,0.26521739130434785
2015-10-14 04:00:00,0.28292035398230087,0.22191489361702127,0.6000985027580772,0.23347826086956522
2015-10-14 05:00:00,0.2808628318584071,0.22191489361702127,0.714294720252167,0.2708695652173913
2015-10-14 06:00:00,0.26933628318584074,0.22191489361702127,0.7338337273443657,0.2853623188405797
2015-10-14 07:00:00,0.275575221238938,0.2221985815602837,0.7319542947202522,0.25014492753623185
2015-10-14 08:00:00,0.2775442477876106,0.22184397163120567,0.7264854215918046,0.22507246376811596
2015-10-14 09:00:00,0.27424778761061946,0.22170212765957448,0.7053821907013396,0.21768115942028984
2015-10-14 10:00:00,0.27738938053097345,0.23063829787234041,0.693096926713948,0.20333333333333334
2015-10-14 11:00:00,0.277787610619469,0.24744680851063827,0.6879550827423168,0.2136231884057971
2015-10-14 12:00:00,0.27626106194690264,0.24617021276595746,0.6807131599684791,0.2382608695652174
2015-10-14 13:00:00,0.2797345132743363,0.24617021276595746,0.6613711583924349,0.22362318840579712
2015-10-14 14:00:00,0.2829867256637168,0.22177304964539007,0.6569424743892829,0.2263768115942029
2015-10-14 15:00:00,0.2836061946902655,0.22198581560283687,0.6812490149724192,0.27362318840579714
2015-10-14 16:00:00,0.2844469026548673,0.2230496453900709,0.7096099290780142,0.2901449275362319
2015-10-14 17:00:00,0.2828761061946902,0.1598581560283688,0.7038376674546888,0.28304347826086956
2015-10-14 18:00:00,0.2820353982300885,0.16099290780141845,0.6611899133175729,0.2891304347826087
2015-10-14 19:00:00,0.2827212389380531,0.16070921985815603,0.6154097714736013,0.29898550724637685
2015-10-14 20:00:00,0.28256637168141596,0.16716312056737587,0.5506146572104019,0.2947826086956522
2015-10-14 21:00:00,0.2795575221238938,0.1626241134751773,0.47754925137903864,0.316231884057971
2015-10-14 22:00:00,0.2803761061946903,0.16687943262411348,0.4068360914105595,0.3159420289855073
2015-10-14 23:00:00,0.28066371681415925,0.17404255319148937,0.38589834515366433,0.3591304347826087
2015-10-15 00:00:00,0.2788053097345133,0.17695035460992908,0.37491331757289204,0.3736231884057971
2015-10-15 01:00:00,0.2797345132743363,0.20645390070921987,0.37424349881796687,0.39565217391304347
2015-10-15 02:00:00,0.28050884955752214,0.21531914893617024,0.38930260047281323,0.41043478260869565
2015-10-15 03:00:00,0.2805752212389381,0.22198581560283687,0.44243498817966903,0.43043478260869567
2015-10-15 04:00:00,0.2816150442477876,0.22198581560283687,0.5618676122931442,0.5355072463768116
2015-10-15 05:00:00,0.2816150442477876,0.22170212765957448,0.6709889676910954,0.5402898550724637
2015-10-15 06:00:00,0.2710840707964602,0.21815602836879433,0.6837273443656422,0.5579710144927537
2015-10-15 07:00:00,0.2668141592920354,0.22191489361702127,0.6819818754925138,0.5746376811594203
2015-10-15 08:00:00,0.26761061946902653,0.22191489361702127,0.679602048857368,0.6284057971014493
2015-10-15 09:00:00,0.26276548672566374,0.22113475177304964,0.6572813238770685,0.5776811594202899
2015-10-15 10:00:00,0.2513938053097345,0.22141843971631206,0.6278920409771473,0.6482608695652174
2015-10-15 11:00:00,0.2513938053097345,0.22141843971631206,0.6161702127659574,0.6334782608695653
2015-10-15 12:00:00,0.2592035398230088,0.22092198581560285,0.5961150512214342,0.6027536231884058
2015-10-15 13:00:00,0.26174778761061945,0.22283687943262412,0.5903152088258472,0.672608695652174
2015-10-15 14:00:00,0.26172566371681416,0.22368794326241134,0.5888613081166273,0.7005797101449275
2015-10-15 15:00:00,0.266504424778761,0.22460992907801416,0.6060677698975572,0.6682608695652175
2015-10-15 16:00:00,0.26546460176991155,0.22482269503546098,0.63822695035461,0.6514492753623189
2015-10-15 17:00:00,0.2646017699115044,0.2250354609929078,0.628719464144996,0.6039130434782608
2015-10-15 18:00:00,0.2643805309734513,0.22439716312056737,0.578806146572104,0.6268115942028986
2015-10-15 19:00:00,0.2675442477876106,0.22404255319148936,0.533538219070134,0.6523188405797101
2015-10-15 20:00:00,0.26477876106194687,0.22361702127659575,0.4725610717100079,0.586231884057971
2015-10-15 21:00:00,0.26327433628318586,0.22375886524822694,0.4070015760441293,0.5531884057971014
2015-10-15 22:00:00,0.2566592920353982,0.22375886524822694,0.41952718676122935,0.5466666666666666
2015-10-15 23:00:00,0.25805309734513276,0.225177304964539,0.42191883372734434,0.5589855072463767
2015-10-16 00:00:00,0.2584513274336283,0.22666666666666668,0.42006698187549246,0.5505797101449275
2015-10-16 01:00:00,0.25871681415929204,0.22659574468085106,0.4308234830575256,0.5473913043478261
2015-10-16 02:00:00,0.2577212389380531,0.22687943262411345,0.46227344365642237,0.5436231884057972
2015-10-16 03:00:00,0.25581858407079644,0.22638297872340424,0.515705279747833,0.48681159420289855
2015-10-16 04:00:00,0.2571681415929204,0.2270212765957447,0.613849487785658,0.46115942028985507
2015-10-16 05:00:00,0.2589601769911504,0.22680851063829788,0.7056461780929866,0.4420289855072464
2015-10-16 06:00:00,0.2590486725663717,0.22595744680851065,0.7273877068557919,0.4152173913043478
2015-10-16 07:00:00,0.2584734513274336,0.22560283687943264,0.7207998423955871,0.3581159420289855
2015-10-16 08:00:00,0.259712389380531,0.2271631205673759,0.6920488573680064,0.3715942028985507
2015-10-16 09:00:00,0.25745575221238937,0.22709219858156027,0.6706776989755713,0.336231884057971
2015-10-16 10:00:00,0.2575,0.22843971631205676,0.6490937746256895,0.30318840579710143
2015-10-16 11:00:00,0.25690265486725666,0.2276595744680851,0.6487509850275808,0.3117391304347826
2015-10-16 12:00:00,0.255641592920354,0.22801418439716312,0.633806146572104,0.32565217391304346
2015-10-16 13:00:00,0.2516814159292035,0.22709219858156027,0.6279747832939322,0.37565217391304345
2015-10-16 14:00:00,0.25287610619469025,0.22851063829787233,0.6250354609929077,0.3444927536231884
2015-10-16 15:00:00,0.255,0.22758865248226948,0.662340425531915,0.3763768115942029
2015-10-16 16:00:00,0.25617256637168145,0.2271631205673759,0.6932702915681639,0.37130434782608696
2015-10-16 17:00:00,0.25548672566371683,0.22695035460992907,0.6786170212765957,0.3710144927536232
2015-10-16 18:00:00,0.2543805309734513,0.22652482269503543,0.6323640661938534,0.41434782608695647
2015-10-16 19:00:00,0.2554203539823009,0.22843971631205676,0.6039795114263199,0.4121739130434782
2015-10-16 20:00:00,0.25464601769911505,0.22744680851063828,0.5609535066981876,0.42942028985507247
2015-10-16 21:00:00,0.25276548672566373,0.2273758865248227,0.5221513002364067,0.4210144927536232
2015-10-16 22:00:00,0.25287610619469025,0.2273758865248227,0.48818360914105596,0.4843478260869565
2015-10-16 23:00:00,0.25380530973451326,0.22758865248226948,0.4731284475965327,0.4636231884057971
2015-10-17 00:00:00,0.2532300884955752,0.22595744680851065,0.46366036249014975,0.5178260869565218
2015-10-17 01:00:00,0.25398230088495577,0.22560283687943264,0.4671788810086682,0.43173913043478257
2015-10-17 02:00:00,0.25422566371681415,0.22773049645390073,0.47667848699763593,0.42333333333333334
2015-10-17 03:00:00,0.253141592920354,0.22773049645390073,0.4985224586288416,0.39072463768115945
2015-10-17 04:00:00,0.2536504424778761,0.22680851063829788,0.5319936958234831,0.4107246376811594
2015-10-17 05:00:00,0.2533628318584071,0.22659574468085106,0.5725886524822694,0.40217391304347827
2015-10-17 06:00:00,0.2535176991150443,0.22652482269503543,0.6092986603624901,0.39492753623188404
2015-10-17 07:00:00,0.25488938053097343,0.22695035460992907,0.6427856579984239,0.38
2015-10-17 08:00:00,0.2543141592920354,0.22595744680851065,0.6447241922773838,0.3423188405797101
2015-10-17 09:00:00,0.25404867256637165,0.22659574468085106,0.636639085894405,0.31666666666666665
2015-10-17 10:00:00,0.2539601769911505,0.22652482269503543,0.6150236406619385,0.29695652173913045
2015-10-17 11:00:00,0.2552654867256637,0.22709219858156027,0.5948581560283688,0.26231884057971017
2015-10-17 12:00:00,0.2547345132743363,0.22773049645390073,0.5817927501970055,0.24695652173913044
2015-10-17 13:00:00,0.25513274336283187,0.2282978723404255,0.5726359338061465,0.2346376811594203
2015-10-17 14:00:00,0.25641592920353984,0.2281560283687943,0.6042159180457053,0.2318840579710145
2015-10-17 15:00:00,0.25661504424778764,0.2278014184397163,0.6500945626477542,0.21507246376811595
2015-10-17 16:00:00,0.25442477876106195,0.22886524822695034,0.6804964539007092,0.1955072463768116
2015-10-17 17:00:00,0.2526991150442478,0.22929078014184398,0.6621158392434988,0.19202898550724637
2015-10-17 18:00:00,0.2524778761061947,0.22865248226950352,0.6238219070133963,0.18782608695652173
2015-10-17 19:00:00,0.25380530973451326,0.22822695035460994,0.6087706855791962,0.18492753623188404
2015-10-17 20:00:00,0.2542477876106195,0.22836879432624113,0.5807919621749409,0.18217391304347827
2015-10-17 21:00:00,0.2542477876106195,0.22858156028368795,0.5557249802994484,0.16782608695652174
2015-10-17 22:00:00,0.2514380530973451,,0.521059889676911,
2015-10-17 23:00:00,0.2516592920353982,,0.4950197005516155,
2015-10-18 00:00:00,0.25256637168141594,,0.49019306540583135,
2015-10-18 01:00:00,0.2513716814159292,,0.4858668242710796,
2015-10-18 02:00:00,0.251570796460177,,0.4941252955082742,
2015-10-18 03:00:00,0.251858407079646,,0.5133293932230102,
2015-10-18 04:00:00,0.250929203539823,,0.5325019700551615,
2015-10-18 05:00:00,0.2517477876106195,,0.5618794326241134,
2015-10-18 06:00:00,0.25296460176991153,,0.5885145784081954,
2015-10-18 07:00:00,0.2542477876106195,,0.6231875492513791,
2015-10-18 08:00:00,0.25581858407079644,,0.6368479117415288,
2015-10-18 09:00:00,0.256570796460177,,0.6383924349881797,
2015-10-18 10:00:00,0.2553097345132743,,0.6271394799054373,
2015-10-18 11:00:00,0.25444690265486725,,0.6241843971631206,
2015-10-18 12:00:00,0.2536504424778761,,0.6127501970055161,
2015-10-18 13:00:00,0.25311946902654864,,0.6064499605988968,
2015-10-18 14:00:00,0.2522566371681416,,0.6149921197793539,
2015-10-18 15:00:00,0.25303097345132747,,0.6486327817178881,
2015-10-18 16:00:00,0.2536725663716814,,0.6968833727344366,
2015-10-18 17:00:00,0.25192477876106195,,0.7011977935382191,
2015-10-18 18:00:00,0.25181415929203543,,0.6675059101654846,
2015-10-18 19:00:00,0.25347345132743365,,0.646591804570528,
2015-10-18 20:00:00,0.2548230088495575,,0.6280378250591017,
2015-10-18 21:00:00,0.2530088495575221,,0.5839952718676122,
2015-10-18 22:00:00,0.251570796460177,,0.5523601260835304,
2015-10-18 23:00:00,0.249358407079646,,0.5407722616233255,
2015-10-19 00:00:00,0.24938053097345134,,0.5399842395587077,
2015-10-19 01:00:00,0.24845132743362833,,0.5504649330181245,
2015-10-19 02:00:00,0.2481858407079646,,0.5760401891252955,
2015-10-19 03:00:00,0.2499336283185841,,0.6309377462568952,
2015-10-19 04:00:00,0.258141592920354,,0.7352324665090623,
2015-10-19 05:00:00,0.26415929203539823,,0.799160756501182,
2015-10-19 06:00:00,0.26632743362831857,,0.7853309692671395,
2015-10-19 07:00:00,0.26488938053097344,,0.7739755713159968,
2015-10-19 08:00:00,0.26643805309734514,,0.7618833727344365,
2015-10-19 09:00:00,0.26535398230088497,,0.7481599684791174,
2015-10-19 10:00:00,0.2665929203539823,,0.7364105594956658,
2015-10-19 11:00:00,0.26831858407079645,,0.7331520882584713,
2015-10-19 12:00:00,0.268429203539823,,0.7315602836879432,
2015-10-19 13:00:00,0.2654424778761062,,0.725181245074862,
2015-10-19 14:00:00,0.2661504424778761,,0.7196611505122144,
2015-10-19 15:00:00,0.2688716814159292,,0.7379787234042554,
2015-10-19 16:00:00,0.2681194690265487,,0.7407762017336486,
2015-10-19 17:00:00,0.2673230088495575,,0.75,
2015-10-19 18:00:00,0.26407079646017695,,0.7201063829787234,
2015-10-19 19:00:00,0.2649115044247788,,0.7140583136327817,
2015-10-19 20:00:00,0.26550884955752213,,0.6828565799842397,
2015-10-19 21:00:00,0.26305309734513277,,0.6255870764381403,
2015-10-19 22:00:00,0.26327433628318586,0.2472340425531915,0.5799605988967691,0.1879710144927536
2015-10-19 23:00:00,0.2645575221238938,0.24808510638297873,0.5650118203309693,0.18391304347826087
2015-10-20 00:00:00,0.26517699115044246,0.24680851063829787,0.5550788022064618,0.15188405797101448
2015-10-20 01:00:00,0.2652654867256637,0.24744680851063827,0.5605791962174941,0.15739130434782608
2015-10-20 02:00:00,0.2627212389380531,0.2472340425531915,0.5896690307328605,0.1834782608695652
2015-10-20 03:00:00,0.26289823008849555,0.24744680851063827,0.618632781717888,0.20405797101449277
2015-10-20 04:00:00,0.26546460176991155,0.24716312056737588,0.6937825059101655,0.20405797101449277
2015-10-20 05:00:00,0.26692477876106196,0.2478723404255319,0.7571276595744681,0.2128985507246377
2015-10-20 06:00:00,0.26530973451327433,0.24744680851063827,0.7633530338849488,0.21347826086956523
2015-10-20 07:00:00,0.2654424778761062,0.24758865248226952,0.7623640661938534,0.21608695652173912
2015-10-20 08:00:00,0.2661725663716814,0.2472340425531915,0.7587746256895194,0.23086956521739133
2015-10-20 09:00:00,0.26579646017699116,0.2478723404255319,0.7488376674546887,0.25869565217391305
2015-10-20 10:00:00,0.26674778761061946,0.24758865248226952,0.7395390070921986,0.2608695652173913
2015-10-20 11:00:00,0.26696902654867255,0.24709219858156026,0.7393380614657211,0.26550724637681156
2015-10-20 12:00:00,0.2675221238938053,0.22425531914893615,0.7351024428684003,0.2273913043478261
2015-10-20 13:00:00,0.2648230088495575,0.22397163120567376,0.7198384554767534,0.24115942028985507
2015-10-20 14:00:00,0.2651548672566372,0.22368794326241134,0.7262096138691884,0.27768115942028987
2015-10-20 15:00:00,0.26787610619469027,0.22397163120567376,0.7448542159180458,0.33753623188405796
2015-10-20 16:00:00,0.2670353982300885,0.2251063829787234,0.7422813238770685,0.39840579710144924
2015-10-20 17:00:00,0.2656637168141593,0.24929078014184397,0.7415011820330969,0.3747826086956522
2015-10-20 18:00:00,0.2631858407079646,0.24872340425531914,0.7298581560283688,0.4182608695652174
2015-10-20 19:00:00,0.263429203539823,0.24340425531914892,0.6967494089834515,0.4736231884057971
2015-10-20 20:00:00,0.2593805309734514,0.24319148936170212,0.6343971631205674,0.30985507246376814
2015-10-20 21:00:00,0.25829646017699115,0.24645390070921985,0.5772537431048069,0.3705797101449275
2015-10-20 22:00:00,0.2572345132743363,0.24921985815602835,0.5355082742316785,0.3542028985507246
2015-10-20 23:00:00,0.25597345132743365,0.24921985815602835,0.5205043341213554,0.3214492753623189
2015-10-21 00:00:00,0.2558628318584071,0.24914893617021278,0.5154885736800631,0.44420289855072465
2015-10-21 01:00:00,0.25453539823008847,0.24858156028368794,0.5193932230102443,0.46608695652173915
2015-10-21 02:00:00,0.2528097345132743,0.2493617021276596,0.5441449960598896,0.42260869565217396
2015-10-21 03:00:00,0.25400442477876106,0.24900709219858158,0.5957880220646178,0.4397101449275362
2015-10-21 04:00:00,0.2580088495575221,0.24886524822695033,0.6627226162332546,0.46304347826086956
2015-10-21 05:00:00,0.26,0.2493617021276596,0.7359219858156029,0.5147826086956522
2015-10-21 06:00:00,0.2570353982300885,0.24943262411347517,0.7398936170212767,0.5433333333333333
2015-10-21 07:00:00,0.2581858407079646,0.24482269503546097,0.7339085894405043,0.6059420289855073
2015-10-21 08:00:00,0.2603097345132743,0.24921985815602835,0.7351182033096927,0.677536231884058
2015-10-21 09:00:00,0.26079646017699115,0.254113475177305,0.7216469661150513,0.7665217391304348
2015-10-21 10:00:00,0.2585619469026549,0.3073049645390071,0.6971867612293143,0.7007246376811594
2015-10-21 11:00:00,0.2589159292035398,0.30439716312056736,0.6826832151300236,0.6926086956521739
2015-10-21 12:00:00,0.2587610619469026,0.3046808510638298,0.664385342789598,0.778695652173913
2015-10-21 13:00:00,0.259070796460177,0.2968794326241135,0.6494562647754137,0.8597101449275363
2015-10-21 14:00:00,0.26,0.25390070921985813,0.6433096926713948,0.8866666666666666
2015-10-21 15:00:00,0.2604424778761062,0.2543262411347518,0.6608550039401103,0.848840579710145
2015-10-21 16:00:00,0.2592920353982301,0.2541843971631206,0.6556855791962175,0.8720289855072464
2015-10-21 17:00:00,0.25982300884955756,0.25347517730496455,0.6463081166272655,0.8102898550724638
2015-10-21 18:00:00,0.259070796460177,0.2543262411347518,0.5933136327817179,0.731159420289855
2015-10-21 19:00:00,0.2588495575221239,0.30453900709219855,0.536950354609929,0.7372463768115942
2015-10-21 20:00:00,0.25944690265486725,0.30418439716312057,0.4716903073286052,0.7266666666666667
2015-10-21 21:00:00,0.25769911504424775,0.2550354609929078,0.39356973995271866,0.7315942028985507
2015-10-21 22:00:00,0.2573893805309735,0.2549645390070922,0.34923167848699765,0.7866666666666666
2015-10-21 23:00:00,0.25756637168141594,0.25446808510638297,0.32980693459416865,0.7459420289855073
2015-10-22 00:00:00,0.2589601769911504,0.2546808510638298,0.3215642237982664,0.6573913043478261
2015-10-22 01:00:00,0.2586283185840708,0.2541843971631206,0.330665878644602,0.6301449275362319
2015-10-22 02:00:00,0.2586283185840708,0.25460992907801416,0.36338849487785657,0.645072463768116
2015-10-22 03:00:00,0.2588495575221239,0.25446808510638297,0.41905831363278173,0.6689855072463768
2015-10-22 04:00:00,0.26214601769911505,0.2542553191489362,0.5087509850275808,0.6398550724637682
2015-10-22 05:00:00,0.261570796460177,0.2546808510638298,0.6169188337273444,0.46115942028985507
2015-10-22 06:00:00,0.2628318584070796,0.2553191489361702,0.6303033884948779,0.43594202898550727
2015-10-22 07:00:00,0.26654867256637166,0.22659574468085106,0.6210362490149725,0.4276811594202899
2015-10-22 08:00:00,0.2670796460176991,0.22659574468085106,0.6341016548463357,0.4368115942028985
2015-10-22 09:00:00,0.26643805309734514,0.22609929078014185,0.6180496453900709,0.4607246376811594
2015-10-22 10:00:00,0.26530973451327433,0.22588652482269503,0.5837234042553191,0.5368115942028985
2015-10-22 11:00:00,0.2648230088495575,0.2256737588652482,0.5781087470449172,0.6347826086956522
2015-10-22 12:00:00,0.2661061946902655,0.22539007092198582,0.5656619385342789,0.5843478260869565
2015-10-22 13:00:00,0.2654424778761062,0.2254609929078014,0.5511189913317572,0.54
2015-10-22 14:00:00,0.2642477876106195,0.22560283687943264,0.542301024428684,0.528695652173913
2015-10-22 15:00:00,0.263783185840708,0.2549645390070922,0.5662962962962963,0.517536231884058
2015-10-22 16:00:00,0.2650442477876106,0.254822695035461,0.5963159968479117,0.48594202898550726
2015-10-22 17:00:00,0.26435840707964603,0.25489361702127655,0.5711741528762805,0.4397101449275362
2015-10-22 18:00:00,0.2640929203539823,0.25439716312056737,0.5225453112687155,0.45318840579710146
2015-10-22 19:00:00,0.26466814159292035,0.2542553191489362,0.4785736800630418,0.46144927536231883
2015-10-22 20:00:00,0.26382743362831856,0.2539716312056738,0.42181639085894407,0.49797101449275366
2015-10-22 21:00:00,0.26278761061946904,0.25404255319148933,0.3532151300236407,0.5257971014492754
2015-10-22 22:00:00,0.2629203539823009,0.25361702127659574,0.3198463356973995,0.5968115942028985
2015-10-22 23:00:00,0.2597787610619469,0.25375886524822694,0.3173089046493302,0.6352173913043478
2015-10-23 00:00:00,0.2571902654867257,0.25382978723404254,0.3093183609141056,0.6410144927536232
2015-10-23 01:00:00,0.2579646017699115,0.25375886524822694,0.31369188337273446,0.6233333333333334
2015-10-23 02:00:00,0.2565929203539823,0.2539716312056738,0.3232111899133176,0.6236231884057971
2015-10-23 03:00:00,0.25559734513274335,0.25347517730496455,0.36991331757289203,0.5968115942028985
2015-10-23 04:00:00,0.25805309734513276,0.25361702127659574,0.45211189913317573,0.5642028985507247
2015-10-23 05:00:00,0.2594026548672566,0.254113475177305,0.5411780929866037,0.5269565217391304
2015-10-23 06:00:00,0.25661504424778764,0.2539716312056738,0.5583333333333333,0.49492753623188407
2015-10-23 07:00:00,0.255,0.2543262411347518,0.5523995271867612,0.4463768115942029
2015-10-23 08:00:00,0.2549557522123894,0.25368794326241134,0.5474192277383767,0.3776811594202899
2015-10-23 09:00:00,0.25265486725663716,0.25347517730496455,0.5384121355397951,0.2946376811594203
2015-10-23 10:00:00,0.25216814159292034,0.25390070921985813,0.5251812450748621,0.24898550724637683
2015-10-23 11:00:00,0.2515265486725664,0.25361702127659574,0.5022616233254531,0.23449275362318842
2015-10-23 12:00:00,0.25309734513274335,0.25347517730496455,0.5032624113475177,0.2669565217391304
2015-10-23 13:00:00,0.25303097345132747,0.25446808510638297,0.5236209613869188,0.322463768115942
2015-10-23 14:00:00,0.25245575221238936,0.25390070921985813,0.5607683215130024,0.3620289855072464
2015-10-23 15:00:00,0.252212389380531,0.25347517730496455,0.619424743892829,0.3336231884057971
2015-10-23 16:00:00,0.2513274336283186,0.254113475177305,0.6676989755713161,0.31072463768115943
2015-10-23 17:00:00,0.25015486725663716,0.2519858156028369,0.6378881008668242,0.27695652173913043
2015-10-23 18:00:00,0.24884955752212387,0.25347517730496455,0.6008510638297873,0.2898550724637681
2015-10-23 19:00:00,0.2504867256637168,0.25326241134751776,0.5766509062253743,0.3194202898550725
2015-10-23 20:00:00,0.24814159292035395,0.2530496453900709,0.5546966115051222,0.3518840579710145
2015-10-23 21:00:00,0.24800884955752212,0.25361702127659574,0.5166587864460205,0.3828985507246377
2015-10-23 22:00:00,0.2617699115044248,0.25347517730496455,0.475177304964539,0.3957971014492754
2015-10-23 23:00:00,0.2599336283185841,0.254113475177305,0.4501812450748621,0.4242028985507246
2015-10-24 00:00:00,0.2562610619469026,0.25404255319148933,0.42688337273443655,0.45333333333333337
2015-10-24 01:00:00,0.25736725663716814,0.25382978723404254,0.41570527974783295,0.45884057971014497
2015-10-24 02:00:00,0.2560619469026549,0.25453900709219857,0.42266745468873124,0.4753623188405797
2015-10-24 03:00:00,0.25579646017699115,0.2543262411347518,0.44418045705279746,0.4492753623188406
2015-10-24 04:00:00,0.25546460176991154,0.2549645390070922,0.4650709219858156,0.4055072463768116
2015-10-24 05:00:00,0.25535398230088496,0.25404255319148933,0.4727383766745469,0.45652173913043476
2015-10-24 06:00:00,0.255641592920354,0.25326241134751776,0.4900078802206462,0.4849275362318841
2015-10-24 07:00:00,0.25661504424778764,0.2529078014184397,0.5171040189125296,0.49115942028985504
2015-10-24 08:00:00,0.25668141592920357,0.2546808510638298,0.531414499605989,0.5247826086956522
2015-10-24 09:00:00,0.255641592920354,0.255177304964539,0.5342631993695823,0.6089855072463768
2015-10-24 10:00:00,0.25601769911504424,0.25567375886524824,0.5234791174152876,0.5808695652173913
2015-10-24 11:00:00,0.25506637168141594,0.2552482269503546,0.505086682427108,0.62
2015-10-24 12:00:00,0.2557079646017699,0.25460992907801416,0.5005043341213554,0.623768115942029
2015-10-24 13:00:00,0.2555530973451327,0.2552482269503546,0.4959574468085106,0.5928985507246377
2015-10-24 14:00:00,0.25650442477876106,0.25553191489361704,0.5084239558707644,0.6089855072463768
2015-10-24 15:00:00,0.25827433628318586,0.25645390070921986,0.5406264775413712,0.5865217391304348
2015-10-24 16:00:00,0.25557522123893806,0.25666666666666665,0.5392080378250591,0.5627536231884058
2015-10-24 17:00:00,0.25670353982300886,0.25773049645390067,0.5031914893617021,0.5843478260869565
2015-10-24 18:00:00,0.2568141592920354,0.2559574468085106,0.46400709219858155,0.5626086956521739
2015-10-24 19:00:00,0.25548672566371683,0.2561702127659574,0.4348896769109535,0.5547826086956522
2015-10-24 20:00:00,0.25628318584070797,0.2556028368794326,0.3934869976359338,0.527536231884058
2015-10-24 21:00:00,0.25603982300884953,0.255886524822695,0.3544917257683215,0.5737681159420289
2015-10-24 22:00:00,0.246570796460177,0.25567375886524824,0.33878250591016545,0.6402898550724638
2015-10-24 23:00:00,0.2464159292035398,0.25567375886524824,0.31857368006304176,0.633768115942029
2015-10-25 00:00:00,0.5288274336283186,0.29900709219858157,0.5915130023640662,0.8295652173913043
2015-10-25 01:00:00,,,,
2015-10-25 02:00:00,0.24955752212389382,0.2554609929078014,0.3009968479117415,0.6536231884057971
2015-10-25 03:00:00,0.24986725663716816,0.2546808510638298,0.3159495665878645,0.701304347826087
2015-10-25 04:00:00,0.2479646017699115,0.25553191489361704,0.3356737588652482,0.6789855072463769
2015-10-25 05:00:00,0.2493362831858407,0.2549645390070922,0.3509416863672183,0.6665217391304348
2015-10-25 06:00:00,0.24884955752212387,0.25539007092198585,0.374113475177305,0.6557971014492754
2015-10-25 07:00:00,0.2493362831858407,0.2563120567375886,0.42253743104806935,0.6613043478260869
2015-10-25 08:00:00,0.24871681415929203,0.25539007092198585,0.44183609141055946,0.7092753623188406
2015-10-25 09:00:00,0.24856194690265487,0.25567375886524824,0.44278565799842395,0.7437681159420291
2015-10-25 10:00:00,0.2489159292035398,0.25574468085106383,0.4318991331757289,0.7569565217391304
2015-10-25 11:00:00,0.24964601769911507,0.2553191489361702,0.4101457840819543,0.7085507246376811
2015-10-25 12:00:00,0.24902654867256635,0.25567375886524824,0.40197793538219073,0.6617391304347826
2015-10-25 13:00:00,0.2492699115044248,0.25567375886524824,0.4028211189913318,0.6997101449275362
2015-10-25 14:00:00,0.2507300884955752,0.2560283687943262,0.4398620961386919,0.6120289855072464
2015-10-25 15:00:00,0.24975663716814162,0.25581560283687943,0.48433806146572106,0.48405797101449277
2015-10-25 16:00:00,0.24938053097345134,0.2549645390070922,0.5466548463356974,0.5828985507246377
2015-10-25 17:00:00,0.24696902654867256,0.2553191489361702,0.5587115839243499,0.4891304347826087
2015-10-25 18:00:00,0.24763274336283184,0.25581560283687943,0.5475453112687155,0.63
2015-10-25 19:00:00,0.24878318584070797,0.2556028368794326,0.5328171788810087,0.6310144927536232
2015-10-25 20:00:00,0.24829646017699114,0.2556028368794326,0.5044759653270292,0.5543478260869565
2015-10-25 21:00:00,0.24827433628318585,0.25553191489361704,0.4849133175728921,0.5747826086956522
2015-10-25 22:00:00,0.24827433628318585,0.25553191489361704,0.4781678486997636,0.6413043478260869
2015-10-25 23:00:00,0.24420353982300885,0.2554609929078014,0.4441292356185973,0.5114492753623188
2015-10-26 00:00:00,0.2445796460176991,0.25475177304964536,0.4288652482269504,0.4420289855072464
2015-10-26 01:00:00,0.24484513274336284,0.2541843971631206,0.4314893617021277,0.4139130434782609
2015-10-26 02:00:00,0.2434955752212389,0.255177304964539,0.44705673758865244,0.37681159420289856
2015-10-26 03:00:00,0.24380530973451328,0.2552482269503546,0.5036327817178882,0.3471014492753623
2015-10-26 04:00:00,0.24307522123893807,0.25453900709219857,0.562651694247439,0.3228985507246377
2015-10-26 05:00:00,0.24898230088495577,0.25453900709219857,0.6320646178092987,0.36681159420289855
2015-10-26 06:00:00,0.2508185840707965,0.2550354609929078,0.6692710795902285,0.4181159420289855
2015-10-26 07:00:00,0.25398230088495577,0.255177304964539,0.6789519306540582,0.5398550724637681
2015-10-26 08:00:00,0.255929203539823,0.2546808510638298,0.6749369582348307,0.6201449275362318
2015-10-26 09:00:00,0.2556637168141593,0.2552482269503546,0.677966903073286,0.6391304347826087
2015-10-26 10:00:00,0.2553982300884956,0.25489361702127655,0.6678368794326242,0.7205797101449275
2015-10-26 11:00:00,0.2563716814159292,0.25489361702127655,0.6566193853427896,0.7417391304347827
2015-10-26 12:00:00,0.25617256637168145,0.254822695035461,0.6477226162332546,0.7763768115942029
2015-10-26 13:00:00,0.2577654867256637,0.2541843971631206,0.6541055949566588,0.7731884057971015
2015-10-26 14:00:00,0.2575442477876106,0.25354609929078015,0.6539243498817966,0.7597101449275363
2015-10-26 15:00:00,0.25758849557522123,0.2522695035460993,0.6563199369582349,0.7218840579710145
2015-10-26 16:00:00,0.25747787610619466,0.25255319148936173,0.6647517730496455,0.7156521739130435
2015-10-26 17:00:00,0.2559070796460177,0.2527659574468085,0.6549921197793539,0.7233333333333334
2015-10-26 18:00:00,0.25652654867256636,0.2530496453900709,0.6478132387706855,0.736086956521739
2015-10-26 19:00:00,0.25557522123893806,0.2530496453900709,0.6365839243498818,0.7368115942028985
2015-10-26 20:00:00,0.2576106194690266,0.2524822695035461,0.6085973207249803,0.7673913043478261
2015-10-26 21:00:00,0.25699115044247783,0.2519858156028369,0.5485224586288416,0.6936231884057972
2015-10-26 22:00:00,0.2568141592920354,0.2521985815602837,0.49079196217494087,0.6426086956521739
2015-10-26 23:00:00,0.2522787610619469,0.2522695035460993,0.46896769109535064,0.6742028985507246
2015-10-27 00:00:00,0.2531858407079646,0.25255319148936173,0.4555358550039401,0.5801449275362319
2015-10-27 01:00:00,0.25214601769911504,0.2527659574468085,0.44641449960598895,0.46710144927536235
2015-10-27 02:00:00,0.25128318584070797,0.2524822695035461,0.4613672182821119,0.4372463768115942
2015-10-27 03:00:00,0.2518805309734513,0.2520567375886525,0.5015760441292356,0.32492753623188403
2015-10-27 04:00:00,0.2500884955752213,0.2521985815602837,0.5641922773837668,0.38
2015-10-27 05:00:00,0.2509513274336283,0.25255319148936173,0.6337431048069346,0.34898550724637684
2015-10-27 06:00:00,0.2529203539823009,0.2521276595744681,0.6867336485421591,0.3310144927536232
2015-10-27 07:00:00,0.2502212389380531,0.2529787234042553,0.6999881796690307,0.3565217391304348
2015-10-27 08:00:00,0.25150442477876106,0.24829787234042555,0.6949724192277384,0.38086956521739135
2015-10-27 09:00:00,0.25230088495575226,0.24886524822695033,0.6954334121355398,0.3327536231884058
2015-10-27 10:00:00,0.25099557522123894,0.24893617021276596,0.6777383766745468,0.3265217391304348
2015-10-27 11:00:00,0.25216814159292034,0.24872340425531914,0.6656698187549251,0.2871014492753623
2015-10-27 12:00:00,0.2546902654867257,0.25113475177304967,0.6745665878644602,0.26956521739130435
2015-10-27 13:00:00,0.2537389380530974,0.2530496453900709,0.6724507486209613,0.26507246376811594
2015-10-27 14:00:00,0.25453539823008847,0.25262411347517727,0.6723601260835304,0.22144927536231887
2015-10-27 15:00:00,0.2546017699115044,0.25262411347517727,0.7003152088258471,0.22028985507246376
2015-10-27 16:00:00,0.2533628318584071,0.2524113475177305,0.7172655634357762,0.24898550724637683
2015-10-27 17:00:00,0.2516814159292035,0.2527659574468085,0.7060638297872341,0.2763768115942029
2015-10-27 18:00:00,0.25223451327433627,0.2528368794326241,0.691189913317573,0.3136231884057971
2015-10-27 19:00:00,0.25230088495575226,0.2531205673758865,0.66397951142632,0.36492753623188406
2015-10-27 20:00:00,0.25172566371681415,0.2528368794326241,0.6382190701339637,0.4163768115942029
2015-10-27 21:00:00,0.25004424778761064,0.2526950354609929,0.596769109535067,0.4007246376811594
2015-10-27 22:00:00,0.2504203539823009,0.2528368794326241,0.5431087470449173,0.37927536231884057
2015-10-27 23:00:00,0.25057522123893805,0.2533333333333333,0.4941055949566588,0.44666666666666666
2015-10-28 00:00:00,0.2513938053097345,0.2527659574468085,0.47401497241922774,0.4336231884057971
2015-10-28 01:00:00,0.2507079646017699,0.2526950354609929,0.4576201733648542,0.43333333333333335
2015-10-28 02:00:00,0.250929203539823,0.25340425531914895,0.4594917257683215,0.4042028985507246
2015-10-28 03:00:00,0.25265486725663716,0.2530496453900709,0.48460992907801415,0.44072463768115944
2015-10-28 04:00:00,0.25307522123893805,0.25326241134751776,0.5142277383766746,0.45202898550724635
2015-10-28 05:00:00,0.25413716814159293,0.254113475177305,0.589472025216706,0.44666666666666666
2015-10-28 06:00:00,0.25617256637168145,0.2552482269503546,0.6687588652482269,0.46855072463768116
2015-10-28 07:00:00,0.25690265486725666,0.2550354609929078,0.6909692671394799,0.4340579710144927
2015-10-28 08:00:00,0.2584513274336283,0.25475177304964536,0.698758865248227,0.4108695652173913
2015-10-28 09:00:00,0.256858407079646,0.25765957446808513,0.6917100078802206,0.3849275362318841
2015-10-28 10:00:00,0.25643805309734513,0.2580141843971631,0.6782899921197794,0.3185507246376812
2015-10-28 11:00:00,0.25670353982300886,0.2573049645390071,0.6702876280535855,0.3269565217391304
2015-10-28 12:00:00,0.25654867256637165,0.2578723404255319,0.6634869976359338,0.2743478260869565
2015-10-28 13:00:00,0.2583628318584071,0.2581560283687943,0.6574192277383767,0.2189855072463768
2015-10-28 14:00:00,0.2585619469026549,0.25751773049645393,0.6661229314420805,0.19782608695652174
2015-10-28 15:00:00,0.25853982300884953,0.25765957446808513,0.6749330181245075,0.25014492753623185
2015-10-28 16:00:00,0.2578097345132743,0.2578723404255319,0.7082230102442869,0.26550724637681156
2015-10-28 17:00:00,0.25758849557522123,0.2578723404255319,0.695618597320725,0.26275362318840584
2015-10-28 18:00:00,0.2573893805309735,0.25773049645390067,0.6735736800630417,0.26594202898550723
2015-10-28 19:00:00,0.2569469026548673,0.2580141843971631,0.6491883372734437,0.2801449275362319
2015-10-28 20:00:00,0.25654867256637165,0.2574468085106383,0.6362568951930654,0.27811594202898554
2015-10-28 21:00:00,0.2558628318584071,0.2573049645390071,0.5969621749408983,0.29057971014492756
2015-10-28 22:00:00,0.2560840707964602,0.2569503546099291,0.5516312056737589,0.33492753623188404
2015-10-28 23:00:00,0.2438495575221239,0.25624113475177307,0.5398108747044917,0.28942028985507245
2015-10-29 00:00:00,0.24382743362831857,0.2556028368794326,0.5334121355397952,0.2907246376811594
2015-10-29 01:00:00,0.24597345132743362,0.2560283687943262,0.5339755713159968,0.26855072463768115
2015-10-29 02:00:00,0.24537610619469025,0.2554609929078014,0.550709219858156,0.26811594202898553
2015-10-29 03:00:00,0.24369469026548674,0.2523404255319149,0.578853427895981,0.3371014492753623
2015-10-29 04:00:00,0.24500000000000002,0.2519858156028369,0.6121631205673759,0.37028985507246376
2015-10-29 05:00:00,0.24506637168141593,0.2524822695035461,0.6575531914893618,0.3849275362318841
2015-10-29 06:00:00,0.2464159292035398,0.2526950354609929,0.7051812450748621,0.3734782608695652
2015-10-29 07:00:00,0.2463274336283186,0.2529787234042553,0.7157801418439717,0.3188405797101449
2015-10-29 08:00:00,0.24623893805309735,0.2497163120567376,0.7108628841607565,0.2902898550724638
2015-10-29 09:00:00,0.2456858407079646,0.25751773049645393,0.7030181245074861,0.28884057971014493
2015-10-29 10:00:00,0.2477433628318584,0.25751773049645393,0.6967769897557132,0.3149275362318841
2015-10-29 11:00:00,0.24836283185840705,0.25666666666666665,0.6907840819542946,0.32507246376811594
2015-10-29 12:00:00,0.2472345132743363,0.2573758865248227,0.6952876280535856,0.35826086956521735
2015-10-29 13:00:00,0.24862831858407078,0.2563120567375886,0.695527974783294,0.36347826086956525
2015-10-29 14:00:00,0.24811946902654866,0.2569503546099291,0.6826398739164697,0.3692753623188406
2015-10-29 15:00:00,0.24942477876106198,0.2572340425531915,0.7003821907013397,0.3847826086956522
2015-10-29 16:00:00,0.24878318584070797,0.25702127659574464,0.736769109535067,0.4260869565217391
2015-10-29 17:00:00,0.24747787610619468,0.2560283687943262,0.7377501970055161,0.47739130434782606
2015-10-29 18:00:00,0.2445796460176991,0.2560992907801419,0.7202718676122931,0.5115942028985507
2015-10-29 19:00:00,0.2450442477876106,0.2560283687943262,0.702167060677699,0.5465217391304348
2015-10-29 20:00:00,0.24433628318584072,0.2569503546099291,0.6896059889676911,0.5700000000000001
2015-10-29 21:00:00,0.24258849557522125,0.25652482269503546,0.6534239558707644,0.5563768115942028
2015-10-29 22:00:00,0.24154867256637166,0.25638297872340426,0.6127580772261623,0.5360869565217391
2015-10-29 23:00:00,0.23665929203539823,0.2560992907801419,0.5925886524822694,0.5289855072463768
2015-10-30 00:00:00,0.23732300884955754,0.25624113475177307,0.5772222222222222,0.5210144927536232
2015-10-30 01:00:00,0.2363938053097345,0.25687943262411345,0.5659692671394799,0.5126086956521739
2015-10-30 02:00:00,0.23573008849557522,0.25638297872340426,0.5783806146572104,0.533623188405797
2015-10-30 03:00:00,0.2342699115044248,0.25659574468085106,0.5871867612293143,0.5173913043478261
2015-10-30 04:00:00,0.2341371681415929,0.25638297872340426,0.6069188337273443,0.47753623188405797
2015-10-30 05:00:00,0.23466814159292038,0.25347517730496455,0.6535776201733648,0.46115942028985507
2015-10-30 06:00:00,0.23526548672566375,0.2529787234042553,0.6881639085894404,0.5131884057971015
2015-10-30 07:00:00,0.23601769911504425,0.2533333333333333,0.708758865248227,0.5260869565217391
2015-10-30 08:00:00,0.23842920353982303,0.25368794326241134,0.7191725768321512,0.5636231884057971
2015-10-30 09:00:00,0.23657079646017698,0.25326241134751776,0.7228959810874704,0.5746376811594203
2015-10-30 10:00:00,0.2316592920353982,0.2559574468085106,0.6972892040977148,0.5668115942028986
2015-10-30 11:00:00,0.23174778761061948,0.25645390070921986,0.6969858156028369,0.4972463768115942
2015-10-30 12:00:00,0.23460176991150444,0.25553191489361704,0.7173837667454689,0.5033333333333333
2015-10-30 13:00:00,0.23577433628318584,0.2570921985815603,0.7236918833727344,0.49927536231884057
2015-10-30 14:00:00,0.23236725663716812,0.25687943262411345,0.7410717100078803,0.501159420289855
2015-10-30 15:00:00,0.2305530973451327,0.25673758865248225,0.7506579984239559,0.5228985507246376
2015-10-30 16:00:00,0.2290929203539823,0.25255319148936173,0.7833372734436563,0.5266666666666666
2015-10-30 17:00:00,0.2261504424778761,0.2527659574468085,0.7549211977935383,0.518695652173913
2015-10-30 18:00:00,0.22820796460176992,0.2521985815602837,0.7197399527186761,0.5272463768115943
2015-10-30 19:00:00,0.22508849557522123,0.2524822695035461,0.674074074074074,0.5681159420289855
2015-10-30 20:00:00,0.2272787610619469,0.25255319148936173,0.6439637509850276,0.5582608695652174
2015-10-30 21:00:00,0.2248008849557522,0.25262411347517727,0.5971158392434988,0.5695652173913044
2015-10-30 22:00:00,0.22205752212389382,0.25163120567375885,0.5411583924349882,0.5757971014492754
2015-10-30 23:00:00,0.21876106194690265,0.2523404255319149,0.49391252955082743,0.5439130434782609
2015-10-31 00:00:00,0.22081858407079646,0.2519148936170213,0.47198975571316,0.5398550724637681
2015-10-31 01:00:00,0.2204646017699115,0.2524113475177305,0.4575847123719464,0.518840579710145
2015-10-31 02:00:00,0.22037610619469028,0.2519148936170213,0.4508825847123719,0.49376811594202896
2015-10-31 03:00:00,0.2195796460176991,0.2528368794326241,0.45451142631993696,0.4910144927536232
2015-10-31 04:00:00,0.21918141592920354,0.25475177304964536,0.46289992119779355,0.4931884057971015
2015-10-31 05:00:00,0.2179867256637168,0.2541843971631206,0.44966509062253746,0.4311594202898551
2015-10-31 06:00:00,0.22033185840707964,0.2552482269503546,0.48803782505910165,0.40405797101449276
2015-10-31 07:00:00,0.2209070796460177,0.2551063829787234,0.5321631205673758,0.41173913043478266
2015-10-31 08:00:00,0.2193362831858407,0.2553191489361702,0.5645114263199369,0.40695652173913044
2015-10-31 09:00:00,0.22150442477876106,0.2554609929078014,0.592301024428684,0.4449275362318841
2015-10-31 10:00:00,0.22219026548672566,0.2551063829787234,0.5863081166272656,0.4865217391304348
2015-10-31 11:00:00,0.2214159292035398,0.2549645390070922,0.5789676910953507,0.33217391304347826
2015-10-31 12:00:00,0.22176991150442477,0.2554609929078014,0.5681678486997636,0.3991304347826087
2015-10-31 13:00:00,0.22108407079646017,0.2552482269503546,0.5775453112687156,0.41579710144927534
2015-10-31 14:00:00,0.22139380530973451,0.25553191489361704,0.6027501970055161,0.46405797101449275
2015-10-31 15:00:00,0.22190265486725663,0.25567375886524824,0.6504097714736014,0.49681159420289855
2015-10-31 16:00:00,0.22006637168141593,0.2556028368794326,0.6718045705279748,0.5214492753623189
2015-10-31 17:00:00,0.21915929203539825,0.25553191489361704,0.6251615445232467,0.5559420289855073
2015-10-31 18:00:00,0.21997787610619468,0.25574468085106383,0.5888967691095351,0.6227536231884058
2015-10-31 19:00:00,0.2195575221238938,0.25446808510638297,0.5368203309692672,0.64
2015-10-31 20:00:00,0.22059734513274337,0.25539007092198585,0.5175098502758078,0.5678260869565217
2015-10-31 21:00:00,0.21986725663716813,0.2552482269503546,0.48939322301024424,0.587391304347826
2015-10-31 22:00:00,0.22,0.25539007092198585,0.4554018912529551,0.5642028985507247
2015-10-31 23:00:00,0.22278761061946903,0.255177304964539,0.416682427107959,0.5734782608695652
2015-11-01 00:00:00,0.22451327433628318,0.25638297872340426,0.4038337273443656,0.6014492753623188
2015-11-01 01:00:00,0.2243362831858407,0.25751773049645393,0.3979550827423168,0.6030434782608696
2015-11-01 02:00:00,0.22393805309734513,0.25687943262411345,0.39430260047281324,0.5384057971014493
2015-11-01 03:00:00,0.22278761061946903,0.2568085106382979,0.3917533490937746,0.5130434782608696
2015-11-01 04:00:00,0.2231858407079646,0.25702127659574464,0.40720646178092984,0.5288405797101449
2015-11-01 05:00:00,0.22347345132743363,0.2574468085106383,0.4158550039401103,0.5252173913043477
2015-11-01 06:00:00,0.22356194690265488,0.25773049645390067,0.422565011820331,0.6142028985507246
2015-11-01 07:00:00,0.22486725663716814,0.25836879432624116,0.4698581560283688,0.5591304347826087
2015-11-01 08:00:00,0.22486725663716814,0.26156028368794326,0.516059889676911,0.5940579710144928
2015-11-01 09:00:00,0.225,0.26141843971631207,0.5604806934594169,0.5889855072463768
2015-11-01 10:00:00,0.22435840707964602,0.2612765957446808,0.5640858944050433,0.6310144927536232
2015-11-01 11:00:00,0.22442477876106195,0.2611347517730496,0.5618833727344366,0.6946376811594203
2015-11-01 12:00:00,0.22488938053097346,0.26070921985815604,0.5542080378250591,0.7153623188405798
2015-11-01 13:00:00,0.22435840707964602,0.26099290780141843,0.5518951930654058,0.7015942028985508
2015-11-01 14:00:00,0.22422566371681416,0.26085106382978723,0.5533806146572103,0.7269565217391305
2015-11-01 15:00:00,0.2264159292035398,0.26035460992907805,0.611548463356974,0.7342028985507246
2015-11-01 16:00:00,0.22570796460176992,0.26099290780141843,0.6359141055949566,0.7069565217391305
2015-11-01 17:00:00,0.2236504424778761,0.26078014184397164,0.6282151300236407,0.6382608695652173
2015-11-01 18:00:00,0.22519911504424778,0.26049645390070925,0.6176319936958234,0.6794202898550725
2015-11-01 19:00:00,0.22599557522123895,0.1676595744680851,0.5853270291568164,0.7153623188405798
2015-11-01 20:00:00,0.22663716814159293,0.16872340425531915,0.5619739952718676,0.7143478260869565
2015-11-01 21:00:00,0.22577433628318583,0.16957446808510637,0.5182899921197793,0.697391304347826
2015-11-01 22:00:00,0.22648230088495577,0.16865248226950355,0.4745981087470449,0.7205797101449275
2015-11-01 23:00:00,0.23579646017699113,0.16439716312056737,0.4405476753349094,0.6678260869565218
2015-11-02 00:00:00,0.23592920353982302,0.1646808510638298,0.41909377462568953,0.6750724637681159
2015-11-02 01:00:00,0.23603982300884957,0.16446808510638297,0.409117415287628,0.6144927536231884
2015-11-02 02:00:00,0.22993362831858405,0.16794326241134752,0.3784397163120567,0.6242028985507246
2015-11-02 03:00:00,0.22999999999999998,0.16858156028368793,0.44526792750197003,0.6543478260869565
2015-11-02 04:00:00,0.23736725663716815,0.18645390070921986,0.5118676122931443,0.6572463768115943
2015-11-02 05:00:00,0.2377212389380531,0.18340425531914895,0.6001142631993696,0.6010144927536232
2015-11-02 06:00:00,0.24013274336283189,0.17822695035460995,0.6732269503546099,0.5915942028985507
2015-11-02 07:00:00,0.24039823008849556,0.17829787234042555,0.699022852639874,0.5604347826086956
2015-11-02 08:00:00,0.2388716814159292,0.19113475177304964,0.6856343577620174,0.5142028985507247
2015-11-02 09:00:00,0.24011061946902654,0.2198581560283688,0.666107171000788,0.5171014492753624
2015-11-02 10:00:00,0.2420132743362832,0.2170921985815603,0.6618518518518518,0.5104347826086957
2015-11-02 11:00:00,0.24216814159292033,0.20914893617021274,0.6667651694247438,0.513768115942029
2015-11-02 12:00:00,0.2416150442477876,0.21141843971631208,0.6627620173364854,0.5014492753623189
2015-11-02 13:00:00,0.24126106194690267,0.21638297872340428,0.6635066981875493,0.5431884057971015
2015-11-02 14:00:00,0.24188053097345133,0.22191489361702127,0.6795547675334909,0.5907246376811595
2015-11-02 15:00:00,0.2425,0.22638297872340424,0.719869976359338,0.5704347826086957
2015-11-02 16:00:00,0.24188053097345133,0.22645390070921986,0.7306304176516943,0.5697101449275362
2015-11-02 17:00:00,0.2410840707964602,0.22638297872340424,0.7228959810874704,0.5630434782608695
2015-11-02 18:00:00,0.24265486725663715,0.22680851063829788,0.6883057525610717,0.55
2015-11-02 19:00:00,0.2426769911504425,0.2270212765957447,0.6368518518518518,0.5882608695652174
2015-11-02 20:00:00,0.24393805309734512,0.2275177304964539,0.6079314420803782,0.5939130434782609
2015-11-02 21:00:00,0.24079646017699116,0.2278014184397163,0.5545902285263987,0.5823188405797102
2015-11-02 22:00:00,0.24152654867256637,0.22808510638297874,0.48364460204885734,0.5908695652173913
2015-11-02 23:00:00,0.24314159292035398,0.2270212765957447,0.42823877068557925,0.6610144927536232
2015-11-03 00:00:00,0.2417477876106195,0.2275177304964539,0.40648542159180456,0.6439130434782608
2015-11-03 01:00:00,0.24061946902654865,0.22723404255319146,0.40340819542947204,0.6566666666666667
2015-11-03 02:00:00,0.24230088495575222,0.22744680851063828,0.4267100078802206,0.6318840579710145
2015-11-03 03:00:00,0.240641592920354,0.2278014184397163,0.47092986603624903,0.6331884057971015
2015-11-03 04:00:00,0.23971238938053097,0.22822695035460994,0.532919621749409,0.6418840579710144
2015-11-03 05:00:00,0.24028761061946902,0.22851063829787233,0.6322419227738376,0.5620289855072464
2015-11-03 06:00:00,0.2416592920353982,0.22900709219858154,0.7326753349093774,0.5365217391304348
2015-11-03 07:00:00,0.23696902654867255,0.22893617021276597,0.7565011820330969,0.5371014492753623
2015-11-03 08:00:00,0.23603982300884957,0.22638297872340424,0.7399251379038613,0.4384057971014493
2015-11-03 09:00:00,0.2395575221238938,0.22822695035460994,0.7494877856579985,0.4808695652173913
2015-11-03 10:00:00,0.2400663716814159,0.22787234042553192,0.7505397951142633,0.47855072463768117
2015-11-03 11:00:00,0.24103982300884955,0.22787234042553192,0.7369227738376674,0.3508695652173913
2015-11-03 12:00:00,0.24081858407079645,0.22787234042553192,0.7338810086682428,0.3739130434782609
2015-11-03 13:00:00,0.2398230088495575,0.22851063829787233,0.7313159968479117,0.40753623188405796
2015-11-03 14:00:00,0.23986725663716815,0.22773049645390073,0.7298345153664303,0.5108695652173914
2015-11-03 15:00:00,0.244358407079646,0.22758865248226948,0.7522064617809299,0.5421739130434783
2015-11-03 16:00:00,0.24345132743362835,0.22723404255319146,0.7569818754925138,0.5728985507246377
2015-11-03 17:00:00,0.24367256637168144,0.2271631205673759,0.7357289204097714,0.6079710144927536
2015-11-03 18:00:00,0.24353982300884955,0.2275177304964539,0.7171985815602837,0.6166666666666667
2015-11-03 19:00:00,0.24190265486725665,0.22709219858156027,0.6889440504334122,0.6047826086956521
2015-11-03 20:00:00,0.24241150442477877,0.22695035460992907,0.6495390070921986,0.6265217391304349
2015-11-03 21:00:00,0.2416150442477876,0.22680851063829788,0.583585500394011,0.578695652173913
2015-11-03 22:00:00,0.24117256637168139,0.2273758865248227,0.5205003940110323,0.5102898550724638
2015-11-03 23:00:00,0.23964601769911506,0.22673758865248225,0.48147360126083527,0.3418840579710145
2015-11-04 00:00:00,0.24143805309734512,0.22673758865248225,0.45616233254531124,0.23971014492753623
2015-11-04 01:00:00,0.2432079646017699,0.22673758865248225,0.45156028368794326,0.21478260869565216
2015-11-04 02:00:00,0.2432079646017699,0.2273049645390071,0.4676871552403467,0.20376811594202898
2015-11-04 03:00:00,0.24110619469026548,0.22773049645390073,0.49513002364066194,0.23304347826086957
2015-11-04 04:00:00,0.24110619469026548,0.2275177304964539,0.5564736012608352,0.27217391304347827
2015-11-04 05:00:00,0.24329646017699116,0.22900709219858154,0.6391922773837668,0.28144927536231884
2015-11-04 06:00:00,0.24646017699115044,0.2281560283687943,0.7400157604412922,0.296231884057971
2015-11-04 07:00:00,0.2464159292035398,0.22801418439716312,0.7582860520094562,0.2827536231884058
2015-11-04 08:00:00,0.2479424778761062,0.22695035460992907,0.7643223010244287,0.2746376811594203
2015-11-04 09:00:00,0.24550884955752214,0.2282978723404255,0.7629196217494091,0.2931884057971015
2015-11-04 10:00:00,0.2445353982300885,0.22836879432624113,0.7590070921985815,0.30666666666666664
2015-11-04 11:00:00,0.24263274336283186,0.22943262411347518,0.7457801418439717,0.29333333333333333
2015-11-04 12:00:00,0.24517699115044247,0.22773049645390073,0.7381875492513791,0.3149275362318841
2015-11-04 13:00:00,0.24345132743362835,0.22773049645390073,0.7362293144208037,0.2818840579710145
2015-11-04 14:00:00,0.2442920353982301,0.2276595744680851,0.7610835303388495,0.2931884057971015
2015-11-04 15:00:00,0.2445353982300885,0.22851063829787233,0.7813041765169425,0.2827536231884058
2015-11-04 16:00:00,0.2438716814159292,0.22843971631205676,0.7947202521670607,0.2568115942028985
2015-11-04 17:00:00,0.24462389380530974,0.22851063829787233,0.7896572104018913,0.24739130434782608
2015-11-04 18:00:00,0.24488938053097348,0.22843971631205676,0.7815405831363278,0.24956521739130433
2015-11-04 19:00:00,0.24389380530973453,0.22865248226950352,0.7435224586288416,0.2117391304347826
2015-11-04 20:00:00,0.24345132743362835,0.22872340425531915,0.6809022852639873,0.18478260869565216
2015-11-04 21:00:00,0.2413716814159292,0.22900709219858154,0.6185224586288416,0.18695652173913044
2015-11-04 22:00:00,0.24172566371681414,0.2282978723404255,0.563498817966903,0.20652173913043478
2015-11-04 23:00:00,0.24865044247787613,0.2282978723404255,0.5584869976359338,0.26072463768115944
2015-11-05 00:00:00,0.2486061946902655,0.22921985815602836,0.5363553979511426,0.27999999999999997
2015-11-05 01:00:00,0.24792035398230086,0.22921985815602836,0.5302994483845548,0.2579710144927536
2015-11-05 02:00:00,0.2482300884955752,0.22943262411347518,0.5450591016548464,0.2689855072463768
2015-11-05 03:00:00,0.24736725663716813,0.22936170212765955,0.5742356185973208,0.2771014492753623
2015-11-05 04:00:00,0.24564159292035398,0.22957446808510637,0.6074862096138692,0.26405797101449274
2015-11-05 05:00:00,0.24659292035398228,0.229645390070922,0.7013514578408195,0.2372463768115942
2015-11-05 06:00:00,0.24703539823008847,0.2224822695035461,0.7873916469661151,0.21231884057971015
2015-11-05 07:00:00,0.24497787610619468,0.2224113475177305,0.8102127659574468,0.22492753623188405
2015-11-05 08:00:00,0.24303097345132743,0.2224113475177305,0.8014460204885737,0.2185507246376812
2015-11-05 09:00:00,0.24426991150442476,0.22234042553191488,0.7939637509850276,0.19942028985507246
2015-11-05 10:00:00,0.2467699115044248,0.22234042553191488,0.7928959810874705,0.2036231884057971
2015-11-05 11:00:00,0.2472787610619469,0.2224822695035461,0.7912332545311269,0.17898550724637682
2015-11-05 12:00:00,0.24477876106194693,0.2225531914893617,0.7927698975571316,0.18231884057971015
2015-11-05 13:00:00,0.24484513274336284,0.2254609929078014,0.7940583136327818,0.1773913043478261
2015-11-05 14:00:00,0.24508849557522122,0.22992907801418438,0.8022064617809299,0.16855072463768114
2015-11-05 15:00:00,0.24230088495575222,0.22992907801418438,0.8083096926713949,0.1665217391304348
2015-11-05 16:00:00,0.2413716814159292,0.2522695035460993,0.8063396375098504,0.18
2015-11-05 17:00:00,0.2407300884955752,0.2531205673758865,0.7956895193065405,0.18115942028985507
2015-11-05 18:00:00,0.24146017699115047,0.25262411347517727,0.7875610717100079,0.17782608695652175
2015-11-05 19:00:00,0.24146017699115047,0.2526950354609929,0.7687588652482269,0.16768115942028985
2015-11-05 20:00:00,0.24048672566371682,0.2524113475177305,0.7433018124507487,0.1411594202898551
2015-11-05 21:00:00,0.24055309734513272,0.2523404255319149,0.6886485421591805,0.14855072463768115
2015-11-05 22:00:00,0.24002212389380534,0.2530496453900709,0.6189558707643814,0.14492753623188406
2015-11-05 23:00:00,0.23787610619469027,0.24843971631205675,0.5687431048069346,0.16956521739130434
2015-11-06 00:00:00,0.23787610619469027,0.2481560283687943,0.5425137903861308,0.18
2015-11-06 01:00:00,0.2377212389380531,0.2480141843971631,0.5341725768321512,0.18956521739130436
2015-11-06 02:00:00,0.23741150442477874,0.24808510638297873,0.5424389282899922,0.16594202898550725
2015-11-06 03:00:00,0.2361946902654867,0.2475177304964539,0.573092986603625,0.16144927536231884
2015-11-06 04:00:00,0.23506637168141592,0.24851063829787232,0.612348305752561,0.18014492753623187
2015-11-06 05:00:00,0.2370353982300885,0.2526950354609929,0.6984121355397952,0.20550724637681161
2015-11-06 06:00:00,0.2352433628318584,0.2530496453900709,0.7954925137903861,0.22289855072463768
2015-11-06 07:00:00,0.23584070796460177,0.25134751773049646,0.8157683215130024,0.23231884057971017
2015-11-06 08:00:00,0.23714601769911506,0.2520567375886525,0.8177817178881008,0.24695652173913044
2015-11-06 09:00:00,0.23738938053097344,0.2527659574468085,0.8150472813238772,0.2446376811594203
2015-11-06 10:00:00,0.23628318584070795,0.2523404255319149,0.8110559495665878,0.2472463768115942
2015-11-06 11:00:00,0.23561946902654868,0.23,0.7991568163908589,0.2589855072463768
2015-11-06 12:00:00,0.23473451327433628,0.2301418439716312,0.7856422379826634,0.23768115942028986
2015-11-06 13:00:00,0.23592920353982302,0.2295035460992908,0.777695035460993,0.2555072463768116
2015-11-06 14:00:00,0.2350884955752212,0.23007092198581558,0.7779866036249015,0.30043478260869566
2015-11-06 15:00:00,0.2345575221238938,0.22971631205673756,0.7926950354609928,0.2985507246376812
2015-11-06 16:00:00,0.2340486725663717,0.23567375886524825,0.791107171000788,0.34608695652173915
2015-11-06 17:00:00,0.23415929203539826,0.2530496453900709,0.7872458628841608,0.3531884057971014
2015-11-06 18:00:00,0.23334070796460177,0.25361702127659574,0.7657643814026792,0.3698550724637681
2015-11-06 19:00:00,0.2306194690265487,0.2531205673758865,0.7074743892829,0.34855072463768116
2015-11-06 20:00:00,0.2327654867256637,0.2530496453900709,0.6548187549251379,0.3627536231884058
2015-11-06 21:00:00,0.2317920353982301,0.2527659574468085,0.5970764381402679,0.36434782608695654
2015-11-06 22:00:00,0.23161504424778764,0.2526950354609929,0.5221473601260835,0.3728985507246377
2015-11-06 23:00:00,0.23176991150442475,0.2527659574468085,0.4631205673758865,0.3695652173913043
2015-11-07 00:00:00,0.2324557522123894,0.2524822695035461,0.4319700551615445,0.367536231884058
2015-11-07 01:00:00,0.23044247787610617,0.2518439716312057,0.3973364854215918,0.3278260869565217
2015-11-07 02:00:00,0.23028761061946904,0.25255319148936173,0.35887312844759656,0.34855072463768116
2015-11-07 03:00:00,0.23418141592920355,0.2530496453900709,0.3843144208037825,0.3410144927536232
2015-11-07 04:00:00,0.23409292035398227,0.2551063829787234,0.42240346729708433,0.38130434782608696
2015-11-07 05:00:00,0.23389380530973453,0.25489361702127655,0.4290149724192277,0.3805797101449276
2015-11-07 06:00:00,0.2333849557522124,0.2553191489361702,0.47195823483057525,0.4398550724637681
2015-11-07 07:00:00,0.23491150442477876,0.2563120567375886,0.5255319148936171,0.41173913043478266
2015-11-07 08:00:00,0.2345132743362832,0.2556028368794326,0.5753940110323089,0.5142028985507247
2015-11-07 09:00:00,0.23495575221238937,0.2550354609929078,0.5959456264775413,0.5342028985507247
2015-11-07 10:00:00,0.23378318584070798,0.25539007092198585,0.5991725768321513,0.46318840579710147
2015-11-07 11:00:00,0.23396017699115043,0.2552482269503546,0.6008904649330181,0.5210144927536232
2015-11-07 12:00:00,0.2336061946902655,0.2556028368794326,0.5891213553979511,0.5301449275362319
2015-11-07 13:00:00,0.23586283185840706,0.2554609929078014,0.5883569739952719,0.49681159420289855
2015-11-07 14:00:00,0.2350884955752212,0.2554609929078014,0.6022931442080378,0.4702898550724638
2015-11-07 15:00:00,0.2336061946902655,0.25489361702127655,0.6389204097714736,0.4327536231884058
2015-11-07 16:00:00,0.23351769911504425,0.25567375886524824,0.6504373522458629,0.332463768115942
2015-11-07 17:00:00,0.23371681415929205,0.25460992907801416,0.6036130811662727,0.35985507246376813
2015-11-07 18:00:00,0.23311946902654868,0.2550354609929078,0.5478014184397163,0.34608695652173915
2015-11-07 19:00:00,0.2336061946902655,0.25460992907801416,0.49088258471237195,0.30391304347826087
2015-11-07 20:00:00,0.23407079646017698,0.25567375886524824,0.4370055161544524,0.31927536231884057
2015-11-07 21:00:00,0.2317256637168142,0.2541843971631206,0.40023246650906225,0.3044927536231884
2015-11-07 22:00:00,0.23101769911504424,0.25475177304964536,0.3588416075650118,0.2526086956521739
2015-11-07 23:00:00,0.23353982300884954,0.255177304964539,0.3559653270291568,0.25869565217391305
2015-11-08 00:00:00,0.23300884955752213,0.2550354609929078,0.34470449172576834,0.3210144927536232
2015-11-08 01:00:00,0.2345575221238938,0.25475177304964536,0.32537037037037037,0.3198550724637681
2015-11-08 02:00:00,0.23555309734513274,0.2546808510638298,0.3106895193065406,0.39188405797101444
2015-11-08 03:00:00,0.2363495575221239,0.2541843971631206,0.30928684003152085,0.43478260869565216
2015-11-08 04:00:00,0.23595132743362832,0.255177304964539,0.3239085894405043,0.4342028985507247
2015-11-08 05:00:00,0.23539823008849559,0.25460992907801416,0.34231284475965323,0.4140579710144927
2015-11-08 06:00:00,0.23568584070796458,0.255177304964539,0.36870764381402676,0.3927536231884058
2015-11-08 07:00:00,0.23876106194690266,0.25439716312056737,0.45120173364854216,0.37550724637681165
2015-11-08 08:00:00,0.23745575221238938,0.255177304964539,0.499070133963751,0.36376811594202896
2015-11-08 09:00:00,0.23573008849557522,0.25539007092198585,0.5171079590228527,0.3466666666666666
2015-11-08 10:00:00,0.23657079646017698,0.25475177304964536,0.526678486997636,0.353768115942029
2015-11-08 11:00:00,0.23568584070796458,0.255177304964539,0.5269148936170213,0.34608695652173915
2015-11-08 12:00:00,0.2395575221238938,0.2541843971631206,0.5530811662726557,0.362463768115942
2015-11-08 13:00:00,0.23993362831858406,0.254822695035461,0.5838061465721041,0.3389855072463768
2015-11-08 14:00:00,0.24338495575221236,0.25539007092198585,0.6159338061465721,0.2718840579710145
2015-11-08 15:00:00,0.24190265486725665,0.2551063829787234,0.6808195429472026,0.21217391304347827
2015-11-08 16:00:00,0.2438716814159292,0.2549645390070922,0.7492828999211978,0.26028985507246377
2015-11-08 17:00:00,0.24407079646017701,0.2539716312056738,0.7361741528762805,0.29289855072463766
2015-11-08 18:00:00,0.24508849557522122,0.254113475177305,0.7019739952718675,0.35043478260869565
2015-11-08 19:00:00,0.24331858407079646,0.25404255319148933,0.641816390858944,0.3356521739130435
2015-11-08 20:00:00,0.24334070796460178,0.254822695035461,0.5846493301812451,0.36768115942028984
2015-11-08 21:00:00,0.24464601769911504,0.25439716312056737,0.5370409771473601,0.42246376811594205
2015-11-08 22:00:00,0.24336283185840707,0.25659574468085106,0.4718991331757289,0.5505797101449275
2015-11-08 23:00:00,0.24581858407079643,0.25666666666666665,0.37415287628053584,0.5617391304347826
2015-11-09 00:00:00,0.24716814159292036,0.258936170212766,0.3171197793538219,0.5901449275362318
2015-11-09 01:00:00,0.24834070796460178,0.25836879432624116,0.3003309692671395,0.6398550724637682
2015-11-09 02:00:00,0.24893805309734515,0.258936170212766,0.2971118991331757,0.7059420289855073
2015-11-09 03:00:00,0.2508185840707965,0.2581560283687943,0.31966509062253745,0.7031884057971014
2015-11-09 04:00:00,0.25148230088495577,0.25865248226950355,0.3973404255319149,0.763913043478261
2015-11-09 05:00:00,0.25889380530973455,0.25865248226950355,0.5403782505910165,0.8240579710144927
2015-11-09 06:00:00,0.2557300884955752,0.2579432624113475,0.6590661938534278,0.8231884057971014
2015-11-09 07:00:00,0.2548230088495575,0.25872340425531914,0.691107171000788,0.8231884057971014
2015-11-09 08:00:00,0.254712389380531,0.25851063829787235,0.6736209613869188,0.7915942028985508
2015-11-09 09:00:00,0.25513274336283187,0.2398581560283688,0.6599408983451537,0.792463768115942
2015-11-09 10:00:00,0.2579203539823009,0.24,0.6526241134751772,0.8017391304347826
2015-11-09 11:00:00,0.2567920353982301,0.2404255319148936,0.6445705279747833,0.8246376811594203
2015-11-09 12:00:00,0.2581858407079646,0.2404255319148936,0.6363514578408196,0.8408695652173914
2015-11-09 13:00:00,0.2592699115044248,0.24049645390070923,0.6319976359338062,0.776231884057971
2015-11-09 14:00:00,0.2599115044247787,0.23865248226950356,0.6389204097714736,0.6733333333333333
2015-11-09 15:00:00,0.2608628318584071,0.23858156028368793,0.667962962962963,0.7015942028985508
2015-11-09 16:00:00,0.26216814159292035,0.23879432624113475,0.6765484633569739,0.6494202898550725
2015-11-09 17:00:00,0.2645132743362832,0.23865248226950356,0.6433490937746257,0.551304347826087
2015-11-09 18:00:00,0.26517699115044246,0.23872340425531915,0.6142631993695824,0.5404347826086956
2015-11-09 19:00:00,0.2653318584070796,0.23886524822695035,0.5830417651694247,0.5649275362318841
2015-11-09 20:00:00,0.26548672566371684,0.23851063829787233,0.5457565011820331,0.5230434782608695
2015-11-09 21:00:00,0.2634513274336283,0.23836879432624114,0.4493183609141056,0.5020289855072464
2015-11-09 22:00:00,0.2610398230088496,0.23872340425531915,0.38250591016548463,0.527536231884058
2015-11-09 23:00:00,0.2616150442477876,0.23836879432624114,0.3642080378250591,0.5801449275362319
2015-11-10 00:00:00,0.2610398230088496,0.23858156028368793,0.3543144208037825,0.5431884057971015
2015-11-10 01:00:00,0.25946902654867254,0.23872340425531915,0.34518518518518515,0.5682608695652174
2015-11-10 02:00:00,0.25873893805309733,0.23872340425531915,0.3469976359338061,0.5986956521739131
2015-11-10 03:00:00,0.25805309734513276,0.2378723404255319,0.3679353821907014,0.6126086956521739
2015-11-10 04:00:00,0.2578982300884956,0.23879432624113475,0.41509062253743106,0.6014492753623188
2015-11-10 05:00:00,0.26216814159292035,0.23879432624113475,0.5586603624901497,0.5288405797101449
2015-11-10 06:00:00,0.26287610619469026,0.23092198581560286,0.6757762017336486,0.3817391304347826
2015-11-10 07:00:00,0.2621017699115044,0.23113475177304962,0.6842277383766746,0.3417391304347826
2015-11-10 08:00:00,0.26926991150442475,0.20475177304964537,0.6836367218282112,0.383768115942029
2015-11-10 09:00:00,0.27042035398230085,0.20751773049645392,0.6968163908589441,0.3763768115942029
2015-11-10 10:00:00,0.2674336283185841,0.2122695035460993,0.6763199369582348,0.4343478260869565
2015-11-10 11:00:00,0.26714601769911506,0.2124113475177305,0.6605831363278171,0.3626086956521739
2015-11-10 12:00:00,0.2675442477876106,0.21248226950354612,0.6511780929866037,0.36768115942028984
2015-11-10 13:00:00,0.269070796460177,0.2122695035460993,0.6678289992119779,0.32057971014492753
2015-11-10 14:00:00,0.2695132743362832,0.2125531914893617,0.6833766745468872,0.30681159420289855
2015-11-10 15:00:00,0.271858407079646,0.23865248226950356,0.7084081954294721,0.27840579710144925
2015-11-10 16:00:00,0.27238938053097345,0.23829787234042554,0.7257249802994484,0.3671014492753623
2015-11-10 17:00:00,0.2707522123893805,0.2377304964539007,0.706855791962175,0.4668115942028986
2015-11-10 18:00:00,0.2701327433628319,0.23794326241134753,0.6696532702915682,0.5518840579710145
2015-11-10 19:00:00,0.26946902654867255,0.2376595744680851,0.6351103230890465,0.5621739130434782
2015-11-10 20:00:00,0.2695796460176991,0.2377304964539007,0.5960244286840032,0.6205797101449275
2015-11-10 21:00:00,0.2693805309734513,0.2367375886524823,0.5364420803782506,0.5988405797101449
2015-11-10 22:00:00,0.268716814159292,0.23851063829787233,0.4662568951930654,0.5769565217391305
2015-11-10 23:00:00,0.2676548672566372,0.2518439716312057,0.43210795902285265,0.6498550724637681
2015-11-11 00:00:00,0.2672566371681416,0.2522695035460993,0.4097044917257683,0.6544927536231885
2015-11-11 01:00:00,0.2681858407079646,0.2520567375886525,0.4002718676122931,0.6731884057971015
2015-11-11 02:00:00,0.2689823008849557,0.25170212765957445,0.41395587076438145,0.6656521739130435
2015-11-11 03:00:00,0.26922566371681417,0.2522695035460993,0.4506146572104019,0.5734782608695652
2015-11-11 04:00:00,0.26712389380530976,0.2519148936170213,0.49825453112687157,0.5817391304347825
2015-11-11 05:00:00,0.2671017699115044,0.2519148936170213,0.6032387706855792,0.5259420289855072
2015-11-11 06:00:00,0.2678318584070796,0.2522695035460993,0.7172576832151301,0.5417391304347826
2015-11-11 07:00:00,0.26696902654867255,0.2764539007092199,0.747478329393223,0.48869565217391303
2015-11-11 08:00:00,0.2664823008849557,0.25042553191489364,0.7248857368006304,0.38637681159420295
2015-11-11 09:00:00,0.2684513274336283,0.2663829787234043,0.7429669030732861,0.46289855072463765
2015-11-11 10:00:00,0.2686283185840708,0.2784397163120568,0.7392868400315208,0.46855072463768116
2015-11-11 11:00:00,0.2673008849557522,0.2782269503546099,0.7244444444444444,0.4682608695652174
2015-11-11 12:00:00,0.2668141592920354,0.2783687943262411,0.7240425531914894,0.47608695652173916
2015-11-11 13:00:00,0.2685840707964602,0.22872340425531915,0.7366469661150512,0.48028985507246374
2015-11-11 14:00:00,0.26926991150442475,0.2785106382978723,0.7537509850275808,0.5097101449275362
2015-11-11 15:00:00,0.2710619469026549,0.2782978723404255,0.7883884948778566,0.5069565217391304
2015-11-11 16:00:00,0.27174778761061946,0.3009929078014184,0.795531914893617,0.37434782608695655
2015-11-11 17:00:00,0.27028761061946904,0.3021276595744681,0.7871040189125296,0.31115942028985505
2015-11-11 18:00:00,0.27148230088495573,0.2529078014184397,0.7614657210401892,0.2971014492753623
2015-11-11 19:00:00,0.27188053097345133,0.2528368794326241,0.7221394799054374,0.2718840579710145
2015-11-11 20:00:00,0.2723451327433628,0.2518439716312057,0.6776516942474389,0.4055072463768116
2015-11-11 21:00:00,0.27216814159292035,0.2530496453900709,0.6181166272655634,0.40260869565217394
2015-11-11 22:00:00,0.27050884955752214,0.2527659574468085,0.5304570527974783,0.37304347826086953
2015-11-11 23:00:00,0.2756637168141593,0.24822695035460993,0.4820133963750985,0.4136231884057971
2015-11-12 00:00:00,0.2753539823008849,0.24907801418439715,0.4593695823483057,0.3746376811594203
2015-11-12 01:00:00,0.2758849557522124,0.24744680851063827,0.4472655634357762,0.31420289855072464
2015-11-12 02:00:00,0.2746017699115044,0.24695035460992906,0.44158786446020487,0.34652173913043477
2015-11-12 03:00:00,0.2740929203539823,0.24773049645390072,0.4731363278171789,0.35231884057971014
2015-11-12 04:00:00,0.275,0.24808510638297873,0.5160007880220646,0.4698550724637681
2015-11-12 05:00:00,0.2785840707964602,0.24680851063829787,0.6007683215130024,0.4553623188405797
2015-11-12 06:00:00,0.27904867256637167,0.2481560283687943,0.7121394799054372,0.3963768115942029
2015-11-12 07:00:00,0.2772787610619469,0.24595744680851064,0.734468085106383,0.3626086956521739
2015-11-12 08:00:00,0.27646017699115044,0.24659574468085105,0.70827817178881,0.35231884057971014
2015-11-12 09:00:00,0.27488938053097345,0.24666666666666667,0.7137037037037037,0.34579710144927533
2015-11-12 10:00:00,0.275641592920354,0.24716312056737588,0.6876595744680851,0.377536231884058
2015-11-12 11:00:00,0.2774557522123894,0.24730496453900708,0.6800157604412923,0.3511594202898551
2015-11-12 12:00:00,0.2760176991150442,0.24730496453900708,0.6784869976359338,0.3826086956521739
2015-11-12 13:00:00,0.27628318584070793,0.2476595744680851,0.7095823483057526,0.28956521739130436
2015-11-12 14:00:00,0.2765929203539823,0.2478723404255319,0.7634278959810874,0.2891304347826087
2015-11-12 15:00:00,0.2761504424778761,0.24794326241134754,0.8105634357762017,0.27608695652173915
2015-11-12 16:00:00,0.2763274336283186,0.2478014184397163,0.8299724192277385,0.2301449275362319
2015-11-12 17:00:00,0.2800442477876106,0.24829787234042555,0.8164854215918046,0.23753623188405798
2015-11-12 18:00:00,0.2793141592920354,0.2480141843971631,0.7961780929866036,0.23971014492753623
2015-11-12 19:00:00,0.27966814159292036,0.2481560283687943,0.7794799054373522,0.2643478260869565
2015-11-12 20:00:00,0.27993362831858404,0.24843971631205675,0.7524389282899921,0.3359420289855073
2015-11-12 21:00:00,0.2785840707964602,0.2480141843971631,0.6900394011032309,0.3717391304347826
2015-11-12 22:00:00,0.2775221238938053,0.2476595744680851,0.6098857368006304,0.3610144927536232
2015-11-12 23:00:00,0.26935840707964603,0.25255319148936173,0.5624271079590228,0.4789855072463768
2015-11-13 00:00:00,0.2701327433628319,0.25347517730496455,0.5198620961386919,0.4756521739130435
2015-11-13 01:00:00,0.2713495575221239,0.25340425531914895,0.5042159180457053,0.5047826086956522
2015-11-13 02:00:00,0.2716150442477876,0.2526950354609929,0.5038179669030732,0.5382608695652173
2015-11-13 03:00:00,0.2701327433628319,0.25255319148936173,0.5120764381402679,0.5453623188405797
2015-11-13 04:00:00,0.2698230088495575,0.2352482269503546,0.5226635145784082,0.5331884057971014
2015-11-13 05:00:00,0.27469026548672565,0.2352482269503546,0.5995271867612293,0.5604347826086956
2015-11-13 06:00:00,0.27480088495575217,0.24092198581560284,0.7001576044129235,0.5207246376811594
2015-11-13 07:00:00,0.27422566371681417,0.21340425531914892,0.7194168636721828,0.5691304347826087
2015-11-13 08:00:00,0.27311946902654866,0.21588652482269502,0.7001024428684003,0.4998550724637681
2015-11-13 09:00:00,0.27371681415929205,0.18964539007092196,0.7,0.48681159420289855
2015-11-13 10:00:00,0.2723008849557522,0.1551063829787234,0.6765642237982664,0.5392753623188407
2015-11-13 11:00:00,0.27241150442477874,0.14127659574468085,0.6587943262411348,0.4126086956521739
2015-11-13 12:00:00,0.2719911504424779,0.12333333333333334,0.6418676122931443,0.4610144927536232
2015-11-13 13:00:00,0.27254424778761066,0.12439716312056738,0.6315602836879433,0.47231884057971013
2015-11-13 14:00:00,0.27283185840707963,0.13801418439716312,0.6531087470449173,0.4398550724637681
2015-11-13 15:00:00,0.275575221238938,0.14971631205673758,0.6869385342789598,0.46289855072463765
2015-11-13 16:00:00,0.2754424778761062,0.1305673758865248,0.7310795902285264,0.3843478260869565
2015-11-13 17:00:00,0.27533185840707963,0.1306382978723404,0.7177895981087471,0.43333333333333335
2015-11-13 18:00:00,0.2751548672566372,0.1306382978723404,0.6749802994483846,0.5223188405797101
2015-11-13 19:00:00,0.27287610619469027,0.1305673758865248,0.6102994483845547,0.39956521739130435
2015-11-13 20:00:00,0.27334070796460175,0.13049645390070921,0.5663317572892042,0.4542028985507246
2015-11-13 21:00:00,0.27219026548672565,0.1305673758865248,0.49959416863672185,0.46347826086956523
2015-11-13 22:00:00,0.27037610619469027,0.1306382978723404,0.4047990543735224,0.45405797101449274
2015-11-13 23:00:00,0.2795575221238938,0.13070921985815603,0.36546099290780143,0.38956521739130434
2015-11-14 00:00:00,0.2774115044247788,0.13085106382978723,0.34991725768321513,0.35550724637681164
2015-11-14 01:00:00,0.2768141592920354,0.13078014184397163,0.330665878644602,0.3488405797101449
2015-11-14 02:00:00,0.28331858407079646,0.13078014184397163,0.31918045705279746,0.3705797101449275
2015-11-14 03:00:00,0.2811061946902655,0.13134751773049644,0.3232978723404255,0.43463768115942025
2015-11-14 04:00:00,0.28050884955752214,0.1327659574468085,0.345043341213554,0.4608695652173913
2015-11-14 05:00:00,0.2829646017699115,0.1327659574468085,0.3688258471237194,0.5318840579710145
2015-11-14 06:00:00,0.28230088495575223,0.1326950354609929,0.41853033884948776,0.5242028985507247
2015-11-14 07:00:00,0.2813716814159292,0.1326950354609929,0.4558825847123719,0.5568115942028985
2015-11-14 08:00:00,0.2808407079646018,0.1326950354609929,0.4827501970055162,0.5937681159420289
2015-11-14 09:00:00,0.27896017699115044,0.1326950354609929,0.49825453112687157,0.5659420289855073
2015-11-14 10:00:00,0.281570796460177,0.1326950354609929,0.4939716312056738,0.5728985507246377
2015-11-14 11:00:00,0.28059734513274337,0.1326950354609929,0.47648936170212763,0.5502898550724638
2015-11-14 12:00:00,0.28221238938053095,0.12659574468085105,0.4672852639873917,0.5736231884057971
2015-11-14 13:00:00,0.283429203539823,0.12078014184397164,0.47667454688731287,0.5815942028985508
2015-11-14 14:00:00,0.2832079646017699,0.12085106382978723,0.5519306540583137,0.5940579710144928
2015-11-14 15:00:00,0.2827212389380531,0.12113475177304965,0.6215248226950354,0.5759420289855072
2015-11-14 16:00:00,0.28176991150442476,0.12127659574468085,0.6598384554767533,0.6398550724637682
2015-11-14 17:00:00,0.28064159292035395,0.12113475177304965,0.6380457052797478,0.5805797101449276
2015-11-14 18:00:00,0.2807079646017699,0.12085106382978723,0.5954806934594168,0.5505797101449275
2015-11-14 19:00:00,0.2820353982300885,0.12085106382978723,0.5528684003152088,0.5446376811594204
2015-11-14 20:00:00,0.2815265486725664,0.12078014184397164,0.5358037825059102,0.4959420289855072
2015-11-14 21:00:00,0.2817920353982301,0.12085106382978723,0.5022261623325454,0.5168115942028986
2015-11-14 22:00:00,0.28174778761061947,0.12092198581560283,0.48548069345941686,0.49420289855072463
2015-11-14 23:00:00,0.280353982300885,0.12070921985815602,0.4710323089046493,0.46478260869565213
2015-11-15 00:00:00,0.2822566371681416,0.12099290780141844,0.43962174940898346,0.47913043478260875
2015-11-15 01:00:00,0.28196902654867256,0.12099290780141844,0.42140661938534274,0.3981159420289855
2015-11-15 02:00:00,0.2794026548672567,0.12092198581560283,0.38850669818754924,0.3344927536231884
2015-11-15 03:00:00,0.2811946902654867,0.12113475177304965,0.39558313632781716,0.30521739130434783
2015-11-15 04:00:00,0.2801769911504425,0.12106382978723404,0.41295508274231674,0.2628985507246377
2015-11-15 05:00:00,0.27829646017699117,0.12085106382978723,0.4385618597320725,0.21391304347826087
2015-11-15 06:00:00,0.27853982300884955,0.12106382978723404,0.4561544523246651,0.19681159420289857
2015-11-15 07:00:00,0.2782522123893805,0.12106382978723404,0.4987352245862884,0.17681159420289855
2015-11-15 08:00:00,0.2786725663716814,0.12120567375886525,0.546639085894405,0.1755072463768116
2015-11-15 09:00:00,0.2797566371681416,0.12099290780141844,0.5927817178881009,0.18608695652173915
2015-11-15 10:00:00,0.27772123893805306,0.12106382978723404,0.614558707643814,0.1963768115942029
2015-11-15 11:00:00,0.2735398230088496,0.12113475177304965,0.6024152876280535,0.15217391304347827
2015-11-15 12:00:00,0.2742699115044248,0.12085106382978723,0.5787825059101654,0.1363768115942029
2015-11-15 13:00:00,0.2752654867256637,0.12106382978723404,0.6034633569739952,0.14666666666666667
2015-11-15 14:00:00,0.2747345132743363,0.12099290780141844,0.6550354609929078,0.13130434782608694
2015-11-15 15:00:00,0.2759070796460177,0.12099290780141844,0.7453309692671395,0.12507246376811593
2015-11-15 16:00:00,0.27513274336283183,0.12085106382978723,0.7942868400315208,0.12579710144927536
2015-11-15 17:00:00,0.27469026548672565,0.12106382978723404,0.7891252955082743,0.10956521739130434
2015-11-15 18:00:00,0.2749336283185841,0.12070921985815602,0.7740543735224586,0.11956521739130435
2015-11-15 19:00:00,0.2726548672566372,0.12092198581560283,0.7269070133963752,0.14028985507246378
2015-11-15 20:00:00,0.2717920353982301,0.12092198581560283,0.6998542159180456,0.14463768115942027
2015-11-15 21:00:00,0.27256637168141595,0.12092198581560283,0.6749763593380615,0.1653623188405797
2015-11-15 22:00:00,0.2713053097345133,0.12092198581560283,0.6213947990543736,0.19057971014492753
2015-11-15 23:00:00,0.2778761061946903,0.12113475177304965,0.604688731284476,0.2189855072463768
2015-11-16 00:00:00,0.2782743362831858,0.12148936170212767,0.5624271079590228,0.28782608695652173
2015-11-16 01:00:00,0.2719026548672566,0.12120567375886525,0.5131520882584713,0.37304347826086953
2015-11-16 02:00:00,0.2710619469026549,0.12106382978723404,0.46749802994483847,0.37797101449275367
2015-11-16 03:00:00,0.2704424778761062,0.12120567375886525,0.5253033884948779,0.42521739130434777
2015-11-16 04:00:00,0.27077433628318587,0.12141843971631205,0.599602048857368,0.446231884057971
2015-11-16 05:00:00,0.2754424778761062,0.12134751773049644,0.7275492513790387,0.4589855072463768
2015-11-16 06:00:00,0.2759513274336283,0.12141843971631205,0.8159219858156028,0.4488405797101449
2015-11-16 07:00:00,0.26738938053097344,0.12134751773049644,0.8210559495665879,0.4679710144927536
2015-11-16 08:00:00,0.26807522123893807,0.12141843971631205,0.7939322301024428,0.47492753623188405
2015-11-16 09:00:00,0.26984513274336286,0.12120567375886525,0.7952245862884161,0.4663768115942029
2015-11-16 10:00:00,0.2709070796460177,0.12120567375886525,0.7877423167848701,0.4607246376811594
2015-11-16 11:00:00,0.27121681415929205,0.12141843971631205,0.7676044129235619,0.4905797101449275
2015-11-16 12:00:00,0.27115044247787606,0.12141843971631205,0.7542198581560283,0.4673913043478261
2015-11-16 13:00:00,0.2716371681415929,0.11971631205673759,0.7461741528762806,0.4571014492753623
2015-11-16 14:00:00,0.272146017699115,0.11921985815602837,0.7691843971631206,0.39739130434782605
2015-11-16 15:00:00,0.272146017699115,0.1226950354609929,0.793408195429472,0.4042028985507246
2015-11-16 16:00:00,0.27842920353982303,0.1227659574468085,0.8020882584712372,0.46057971014492755
2015-11-16 17:00:00,0.2817256637168142,0.12262411347517731,0.7866193853427896,0.4788405797101449
2015-11-16 18:00:00,0.28292035398230087,0.1226950354609929,0.7471040189125295,0.5360869565217391
2015-11-16 19:00:00,0.28446902654867257,0.13645390070921987,0.7002442868400316,0.5607246376811594
2015-11-16 20:00:00,0.28535398230088493,0.1397163120567376,0.66096926713948,0.6339130434782608
2015-11-16 21:00:00,0.28542035398230087,0.12226950354609929,0.607167060677699,0.6055072463768116
2015-11-16 22:00:00,0.28329646017699117,0.14312056737588652,0.5403467297084318,0.5902898550724638
2015-11-16 23:00:00,0.2788938053097345,0.13631205673758864,0.5189873916469661,0.5634782608695652
2015-11-17 00:00:00,0.2786061946902655,0.13659574468085106,0.5020606776989756,0.6172463768115942
2015-11-17 01:00:00,0.27876106194690264,0.13638297872340427,0.4869779353821907,0.4889855072463768
2015-11-17 02:00:00,0.2804867256637168,0.13631205673758864,0.48912923561859734,0.47086956521739126
2015-11-17 03:00:00,0.28044247787610616,0.13673758865248228,0.544424743892829,0.3968115942028986
2015-11-17 04:00:00,0.2755530973451327,0.1122695035460993,0.6116548463356973,0.43623188405797103
2015-11-17 05:00:00,0.27371681415929205,0.13666666666666666,0.7227580772261623,0.4131884057971015
2015-11-17 06:00:00,0.27126106194690264,0.16014184397163123,0.8338573680063042,0.4220289855072464
2015-11-17 07:00:00,0.2646238938053097,0.16361702127659575,0.851063829787234,0.37565217391304345
2015-11-17 08:00:00,0.26524336283185845,0.15872340425531917,0.8413396375098503,0.3947826086956521
2015-11-17 09:00:00,0.2668362831858407,0.16141843971631206,0.8366942474389283,0.39956521739130435
2015-11-17 10:00:00,0.2668141592920354,0.16113475177304964,0.8233687943262411,0.45623188405797105
2015-11-17 11:00:00,0.2663495575221239,0.16404255319148936,0.8018557919621749,0.44608695652173913
2015-11-17 12:00:00,0.26663716814159294,0.16617021276595745,0.8046256895193066,0.4259420289855072
2015-11-17 13:00:00,0.2684734513274336,0.1623404255319149,0.8084121355397951,0.39362318840579713
2015-11-17 14:00:00,0.2689823008849557,0.16340425531914893,0.8279117415287629,0.36913043478260865
2015-11-17 15:00:00,0.26913716814159294,0.16397163120567376,0.83274231678487,0.38130434782608696
2015-11-17 16:00:00,0.27019911504424776,0.16652482269503546,0.8569148936170212,0.3914492753623189
2015-11-17 17:00:00,0.27442477876106197,0.16687943262411348,0.827612293144208,0.3253623188405797
2015-11-17 18:00:00,0.27679203539823005,0.16397163120567376,0.80376280535855,0.2918840579710145
2015-11-17 19:00:00,0.2781637168141593,0.16617021276595745,0.7598266351457842,0.3181159420289855
2015-11-17 20:00:00,0.27896017699115044,0.16716312056737587,0.6958116627265564,0.2165217391304348
2015-11-17 21:00:00,0.2776769911504425,0.16709219858156027,0.6110204885736801,0.1836231884057971
2015-11-17 22:00:00,0.2783628318584071,0.16716312056737587,0.5321867612293144,0.2169565217391304
2015-11-17 23:00:00,0.27303097345132743,0.18319148936170213,0.474822695035461,0.15782608695652176
2015-11-18 00:00:00,0.27241150442477874,0.18063829787234043,0.44554767533490935,0.2372463768115942
2015-11-18 01:00:00,0.2713053097345133,0.1827659574468085,0.43852639873916466,0.21217391304347827
2015-11-18 02:00:00,0.271570796460177,0.18205673758865248,0.4543971631205674,0.26405797101449274
2015-11-18 03:00:00,0.27356194690265484,0.18262411347517732,0.49253349093774623,0.2584057971014493
2015-11-18 04:00:00,0.27174778761061946,0.18106382978723404,0.548317572892041,0.2310144927536232
2015-11-18 05:00:00,0.27356194690265484,0.184822695035461,0.6552167060677699,0.2472463768115942
2015-11-18 06:00:00,0.277212389380531,0.18411347517730497,0.8086485421591805,0.26507246376811594
2015-11-18 07:00:00,0.2743141592920354,0.18269503546099292,0.8377974783293932,0.2747826086956522
2015-11-18 08:00:00,0.27548672566371685,0.18170212765957447,0.8173364854215918,0.27608695652173915
2015-11-18 09:00:00,0.27438053097345133,0.1924113475177305,0.810133963750985,0.2698550724637681
2015-11-18 10:00:00,0.272212389380531,0.19106382978723402,0.7960401891252955,0.2831884057971015
2015-11-18 11:00:00,0.27194690265486726,0.18936170212765957,0.7582781717888101,0.27797101449275363
2015-11-18 12:00:00,0.27486725663716816,0.19085106382978725,0.7517218282111899,0.2663768115942029
2015-11-18 13:00:00,0.2779424778761062,0.18567375886524823,0.7465405831363279,0.2801449275362319
2015-11-18 14:00:00,0.2795575221238938,0.19148936170212766,0.8011977935382192,0.2514492753623188
2015-11-18 15:00:00,0.27891592920353986,0.19078014184397163,0.8300197005516156,0.21434782608695652
2015-11-18 16:00:00,0.2765265486725664,0.1930496453900709,0.8347084318360914,0.17130434782608697
2015-11-18 17:00:00,0.2749336283185841,0.1850354609929078,0.8146532702915682,0.17043478260869566
2015-11-18 18:00:00,0.2758628318584071,0.18737588652482268,0.7940464933018125,0.18594202898550727
2015-11-18 19:00:00,0.2721017699115044,0.18581560283687942,0.7418754925137904,0.18898550724637683
2015-11-18 20:00:00,0.27238938053097345,0.18312056737588653,0.6591725768321512,0.21318840579710144
2015-11-18 21:00:00,0.2728539823008849,0.18390070921985815,0.5704334121355398,0.2310144927536232
2015-11-18 22:00:00,0.27121681415929205,0.1827659574468085,0.5039598108747045,0.22028985507246376
2015-11-18 23:00:00,0.2769026548672566,0.18432624113475177,0.43998423955870763,0.23449275362318842
2015-11-19 00:00:00,0.27738938053097345,0.1854609929078014,0.41475571315996845,0.2515942028985507
2015-11-19 01:00:00,0.27920353982300883,0.18269503546099292,0.4121118991331757,0.2565217391304348
2015-11-19 02:00:00,0.279070796460177,0.18460992907801418,0.4216509062253743,0.2398550724637681
2015-11-19 03:00:00,0.2785840707964602,0.18000000000000002,0.441107171000788,0.2185507246376812
2015-11-19 04:00:00,0.27749999999999997,0.18205673758865248,0.4888100866824271,0.20434782608695654
2015-11-19 05:00:00,0.2809734513274336,0.1851063829787234,0.6288967691095351,0.13391304347826088
2015-11-19 06:00:00,0.2838495575221239,0.18049645390070923,0.7755752561071709,0.13797101449275362
2015-11-19 07:00:00,0.2822566371681416,0.18269503546099292,0.7887785657998424,0.1355072463768116
2015-11-19 08:00:00,0.28101769911504426,0.17794326241134753,0.7698502758077226,0.08536231884057971
2015-11-19 09:00:00,0.2809070796460177,0.18092198581560284,0.7324980299448385,0.05333333333333333
2015-11-19 10:00:00,0.2797787610619469,0.18340425531914895,0.7213593380614657,0.08
2015-11-19 11:00:00,0.28042035398230086,0.19212765957446806,0.719511426319937,0.06826086956521739
2015-11-19 12:00:00,0.28196902654867256,0.20957446808510638,0.745224586288416,0.06478260869565218
2015-11-19 13:00:00,0.28283185840707964,0.2026950354609929,0.7793420015760442,0.08347826086956522
2015-11-19 14:00:00,0.2824778761061947,0.21588652482269502,0.8112568951930654,0.08768115942028985
2015-11-19 15:00:00,0.2814159292035398,0.21446808510638296,0.8306422379826636,0.08304347826086957
2015-11-19 16:00:00,0.28769911504424783,0.21624113475177303,0.8426438140267927,0.08753623188405797
2015-11-19 17:00:00,0.28942477876106193,0.21808510638297873,0.8280614657210402,0.09985507246376812
2015-11-19 18:00:00,0.2893141592920354,0.22021276595744682,0.8127738376674547,0.0891304347826087
2015-11-19 19:00:00,0.28942477876106193,0.2204964539007092,0.7875610717100079,0.0755072463768116
2015-11-19 20:00:00,0.28973451327433625,0.21929078014184397,0.7488573680063042,0.07144927536231883
2015-11-19 21:00:00,0.2901548672566372,0.22290780141843972,0.6925413711583924,0.07753623188405798
2015-11-19 22:00:00,0.2891150442477876,0.22361702127659575,0.6122379826635146,0.07101449275362319
2015-11-19 23:00:00,0.28446902654867257,0.22326241134751773,0.6050275807722616,0.08115942028985507
2015-11-20 00:00:00,0.2832743362831859,0.225177304964539,0.5966036249014972,0.12072463768115942
2015-11-20 01:00:00,0.2864823008849558,0.2248936170212766,0.5668321513002365,0.15492753623188407
2015-11-20 02:00:00,0.28646017699115045,0.22482269503546098,0.5852245862884161,0.19710144927536233
2015-11-20 03:00:00,0.283783185840708,0.225531914893617,0.6239125295508274,0.28782608695652173
2015-11-20 04:00:00,0.2845575221238938,0.22425531914893615,0.6797675334909378,0.19130434782608696
2015-11-20 05:00:00,0.2889601769911504,0.22801418439716312,0.7848778565799843,0.15434782608695652
2015-11-20 06:00:00,0.2780530973451327,0.2256737588652482,0.8779156816390858,0.16072463768115944
2015-11-20 07:00:00,0.2786504424778761,0.22645390070921986,0.8875019700551615,0.2156521739130435
2015-11-20 08:00:00,0.285575221238938,0.23347517730496453,0.8893735224586288,0.1873913043478261
2015-11-20 09:00:00,0.28665929203539825,0.2398581560283688,0.894424743892829,0.10492753623188407
2015-11-20 10:00:00,0.2850442477876106,0.24120567375886526,0.8825019700551616,0.14492753623188406
2015-11-20 11:00:00,0.2857964601769911,0.24510638297872342,0.8807210401891253,0.2217391304347826
2015-11-20 12:00:00,0.2878982300884956,0.2448936170212766,0.8763199369582348,0.2746376811594203
2015-11-20 13:00:00,0.2883849557522124,0.24198581560283688,0.8772104018912529,0.1646376811594203
2015-11-20 14:00:00,0.2916150442477876,0.24843971631205675,0.8918439716312057,0.20942028985507247
2015-11-20 15:00:00,0.29325221238938054,0.24744680851063827,0.9153309692671394,0.19782608695652174
2015-11-20 16:00:00,0.2923893805309734,0.24709219858156026,0.9258037825059102,0.17695652173913043
2015-11-20 17:00:00,0.290641592920354,0.24368794326241136,0.9063475177304964,0.22159420289855072
2015-11-20 18:00:00,0.2903982300884956,0.2501418439716312,0.8769779353821907,0.16159420289855073
2015-11-20 19:00:00,0.28898230088495575,0.25361702127659574,0.8156658786446019,0.18521739130434783
2015-11-20 20:00:00,0.28915929203539825,0.2543262411347518,0.7660401891252955,0.17405797101449275
2015-11-20 21:00:00,0.2890486725663717,0.2560992907801419,0.7246887312844759,0.2847826086956522
2015-11-20 22:00:00,0.28949115044247786,0.25326241134751776,0.693715524034673,0.21275362318840582
2015-11-20 23:00:00,0.2940044247787611,0.25170212765957445,0.6663120567375886,0.2234782608695652
2015-11-21 00:00:00,0.29336283185840706,0.2518439716312057,0.6424231678486998,0.21072463768115943
2015-11-21 01:00:00,0.29170353982300884,0.25177304964539005,0.5841331757289204,0.1927536231884058
2015-11-21 02:00:00,0.2905752212389381,0.2475177304964539,0.5235421591804571,0.17869565217391303
2015-11-21 03:00:00,0.2907964601769912,0.24773049645390072,0.5090464933018125,0.15507246376811595
2015-11-21 04:00:00,0.2920575221238938,0.24510638297872342,0.541993695823483,0.17666666666666667
2015-11-21 05:00:00,0.28949115044247786,0.2509929078014184,0.5872813238770686,0.1008695652173913
2015-11-21 06:00:00,0.2920132743362832,0.25382978723404254,0.6985539795114263,0.126231884057971
2015-11-21 07:00:00,0.2918141592920354,0.2556028368794326,0.758447596532703,0.12217391304347826
2015-11-21 08:00:00,0.2927654867256637,0.25382978723404254,0.8070882584712372,0.14840579710144927
2015-11-21 09:00:00,0.29316371681415926,0.2520567375886525,0.8236564223798267,0.11507246376811595
2015-11-21 10:00:00,0.2918141592920354,0.254113475177305,0.8242828999211977,0.15463768115942028
2015-11-21 11:00:00,0.2842699115044248,0.2580851063829787,0.8113987391646966,0.16028985507246377
2015-11-21 12:00:00,0.28533185840707964,0.2560283687943262,0.8037037037037037,0.12101449275362319
2015-11-21 13:00:00,0.28548672566371686,0.258936170212766,0.8089637509850276,0.12289855072463768
2015-11-21 14:00:00,0.2842699115044248,0.2546808510638298,0.8363987391646965,0.12
2015-11-21 15:00:00,0.28373893805309736,0.25702127659574464,0.8682899921197794,0.11768115942028987
2015-11-21 16:00:00,0.2849557522123894,0.26070921985815604,0.8820606776989756,0.10971014492753624
2015-11-21 17:00:00,0.28555309734513273,0.25872340425531914,0.880401891252955,0.10376811594202898
2015-11-21 18:00:00,0.2844247787610619,0.26645390070921987,0.8460323089046493,0.07608695652173914
2015-11-21 19:00:00,0.2851991150442478,0.26411347517730493,0.8173246650906225,0.09782608695652174
2015-11-21 20:00:00,0.28650442477876104,0.2640425531914894,0.8022773837667454,0.07188405797101449
2015-11-21 21:00:00,0.28535398230088493,0.2643262411347518,0.7540070921985816,0.06521739130434782
2015-11-21 22:00:00,0.28431415929203535,0.26276595744680853,0.7029590228526398,0.06579710144927536
2015-11-21 23:00:00,0.28477876106194694,0.26063829787234044,0.6746729708431837,0.08826086956521739
2015-11-22 00:00:00,0.2833849557522124,0.2640425531914894,0.6175847123719463,0.09420289855072464
2015-11-22 01:00:00,0.285995575221239,0.265177304964539,0.6097241922773837,0.0827536231884058
2015-11-22 02:00:00,0.284358407079646,0.26567375886524824,0.5484003152088258,0.08608695652173913
2015-11-22 03:00:00,0.2838495575221239,0.26546099290780145,0.527695035460993,0.0781159420289855
2015-11-22 04:00:00,0.285575221238938,0.26673758865248226,0.542919621749409,0.07608695652173914
2015-11-22 05:00:00,0.285575221238938,0.2670921985815603,0.5491489361702128,0.1081159420289855
2015-11-22 06:00:00,0.2848451327433628,0.23099290780141843,0.5744011032308904,0.09985507246376812
2015-11-22 07:00:00,0.28513274336283184,0.23148936170212764,0.6191962174940898,0.1136231884057971
2015-11-22 08:00:00,0.28542035398230087,0.2397163120567376,0.6885697399527188,0.12507246376811593
2015-11-22 09:00:00,0.2863274336283186,0.24460992907801415,0.7411032308904649,0.13492753623188405
2015-11-22 10:00:00,0.2858849557522124,0.24141843971631205,0.745220646178093,0.1582608695652174
2015-11-22 11:00:00,0.28652654867256633,0.245177304964539,0.7362647754137116,0.1879710144927536
2015-11-22 12:00:00,0.284646017699115,0.24099290780141844,0.6898463356973995,0.21434782608695652
2015-11-22 13:00:00,0.28500000000000003,0.24560283687943263,0.6805200945626477,0.22521739130434784
2015-11-22 14:00:00,0.2866371681415929,0.26276595744680853,0.7363356973995272,0.15797101449275364
2015-11-22 15:00:00,0.2874557522123894,0.26397163120567374,0.8236130811662726,0.16028985507246377
2015-11-22 16:00:00,0.2861725663716814,0.26368794326241135,0.8568715524034674,0.16753623188405797
2015-11-22 17:00:00,0.2870353982300885,0.26319148936170217,0.8698857368006304,0.14608695652173911
2015-11-22 18:00:00,0.28584070796460176,0.2632624113475177,0.8607801418439716,0.15710144927536232
2015-11-22 19:00:00,0.2853982300884956,0.26085106382978723,0.8305397951142631,0.1763768115942029
2015-11-22 20:00:00,0.28606194690265485,0.26354609929078016,0.8087509850275807,0.19333333333333333
2015-11-22 21:00:00,0.28626106194690265,0.2610638297872341,0.7766548463356974,0.1882608695652174
2015-11-22 22:00:00,0.28606194690265485,0.25489361702127655,0.745618597320725,0.18173913043478263
2015-11-22 23:00:00,0.281570796460177,0.2518439716312057,0.6792789598108746,0.24246376811594206
2015-11-23 00:00:00,0.2873008849557522,0.25134751773049646,0.7084003152088258,0.2668115942028985
2015-11-23 01:00:00,0.2880088495575221,0.2543262411347518,0.7203624901497242,0.3063768115942029
2015-11-23 02:00:00,0.2875663716814159,0.2518439716312057,0.7449842395587076,0.393768115942029
2015-11-23 03:00:00,0.2874557522123894,0.25148936170212766,0.792076438140268,0.4139130434782609
2015-11-23 04:00:00,0.28679203539823006,0.2520567375886525,0.8262450748620961,0.39710144927536234
2015-11-23 05:00:00,0.2916371681415929,0.25177304964539005,0.8929275019700552,0.37304347826086953
2015-11-23 06:00:00,0.28986725663716817,0.2520567375886525,0.9018873128447598,0.3665217391304348
2015-11-23 07:00:00,0.28856194690265485,0.2508510638297872,0.8957643814026792,0.36869565217391304
2015-11-23 08:00:00,0.2885176991150442,0.25170212765957445,0.8914460204885737,0.3626086956521739
2015-11-23 09:00:00,0.29112831858407084,0.2522695035460993,0.8831678486997636,0.377536231884058
2015-11-23 10:00:00,0.2922787610619469,0.25255319148936173,0.8839637509850276,0.3759420289855072
2015-11-23 11:00:00,0.29199115044247786,0.2622695035460993,0.8794917257683215,0.3591304347826087
2015-11-23 12:00:00,0.29075221238938054,0.26397163120567374,0.8688967691095351,0.29884057971014494
2015-11-23 13:00:00,0.2890929203539823,0.2628368794326241,0.8564420803782505,0.31971014492753624
2015-11-23 14:00:00,0.28988938053097346,0.2629787234042553,0.8561268715524034,0.3746376811594203
2015-11-23 15:00:00,0.2887389380530973,0.2642553191489362,0.8515366430260047,0.3710144927536232
2015-11-23 16:00:00,0.29022123893805307,0.259290780141844,0.8573089046493302,0.3868115942028985
2015-11-23 17:00:00,0.2901548672566372,0.25900709219858153,0.8585618597320724,0.40927536231884054
2015-11-23 18:00:00,0.2901327433628319,0.23801418439716313,0.8519267139479906,0.48347826086956525
2015-11-23 19:00:00,0.29033185840707965,0.23921985815602836,0.848892828999212,0.5092753623188405
2015-11-23 20:00:00,0.28995575221238934,0.26609929078014183,0.8310914105594956,0.5615942028985508
2015-11-23 21:00:00,0.28615044247787613,0.2679432624113475,0.7540898345153664,0.5456521739130434
2015-11-23 22:00:00,0.28668141592920354,0.26985815602836877,0.6773640661938535,0.5098550724637682
2015-11-23 23:00:00,0.2838053097345133,0.27113475177304963,0.6303821907013396,0.49246376811594206
2015-11-24 00:00:00,0.2827433628318584,0.27113475177304963,0.5953585500394011,0.5075362318840579
2015-11-24 01:00:00,0.28042035398230086,0.2693617021276596,0.5837903861308117,0.48057971014492756
2015-11-24 02:00:00,0.27606194690265484,0.26886524822695035,0.5819148936170213,0.47623188405797107
2015-11-24 03:00:00,0.27148230088495573,0.26893617021276595,0.6059101654846336,0.4369565217391304
2015-11-24 04:00:00,0.2684513274336283,0.2699290780141844,0.6427265563435776,0.46710144927536235
2015-11-24 05:00:00,0.2674336283185841,0.2705673758865248,0.7083924349881797,0.45753623188405795
2015-11-24 06:00:00,0.2658849557522124,0.27099290780141844,0.8043420015760442,0.5434782608695652
2015-11-24 07:00:00,0.26320796460176993,0.27070921985815605,0.8055397951142631,0.4810144927536232
2015-11-24 08:00:00,0.2631637168141593,0.2651063829787234,0.8119385342789598,0.49550724637681154
2015-11-24 09:00:00,0.2650442477876106,0.27198581560283686,0.8143853427895981,0.4842028985507247
2015-11-24 10:00:00,0.26172566371681416,0.24297872340425533,0.7815799842395587,0.46405797101449275
2015-11-24 11:00:00,0.26300884955752213,0.24326241134751772,0.7759062253743105,0.4223188405797101
2015-11-24 12:00:00,0.26400442477876107,0.24326241134751772,0.7727777777777777,0.35507246376811596
2015-11-24 13:00:00,0.26404867256637166,0.23822695035460992,0.7769385342789599,0.36434782608695654
2015-11-24 14:00:00,0.26320796460176993,0.2402836879432624,0.7970882584712371,0.2747826086956522
2015-11-24 15:00:00,0.26347345132743366,0.2460283687943262,0.8152324665090622,0.26130434782608697
2015-11-24 16:00:00,0.2648230088495575,0.24659574468085105,0.8467178881008669,0.2756521739130435
2015-11-24 17:00:00,0.2666150442477876,0.25177304964539005,0.8327738376674546,0.25
2015-11-24 18:00:00,0.27042035398230085,0.24652482269503548,0.8041095350669818,0.2226086956521739
2015-11-24 19:00:00,0.2704646017699115,0.25347517730496455,0.7663435776201734,0.2210144927536232
2015-11-24 20:00:00,0.2745132743362832,0.25765957446808513,0.7240740740740741,0.18507246376811595
2015-11-24 21:00:00,0.27597345132743367,0.2604255319148936,0.6803230890464932,0.22318840579710145
2015-11-24 22:00:00,0.27789823008849557,0.26078014184397164,0.6134633569739953,0.2446376811594203
2015-11-24 23:00:00,0.2779203539823009,0.26368794326241135,0.5986485421591805,0.2246376811594203
2015-11-25 00:00:00,0.28174778761061947,0.2646099290780142,0.578230890464933,0.24956521739130433
2015-11-25 01:00:00,0.28283185840707964,0.25255319148936173,0.5786643026004729,0.3110144927536232
2015-11-25 02:00:00,0.28256637168141596,0.24914893617021278,0.5934081954294721,0.3456521739130435
2015-11-25 03:00:00,0.2836725663716814,0.2523404255319149,0.6480890464933018,0.4030434782608696
2015-11-25 04:00:00,0.2811946902654867,0.2631205673758865,0.7009929078014184,0.4265217391304348
2015-11-25 05:00:00,0.28042035398230086,0.2670212765957447,0.7829905437352246,0.37623188405797103
2015-11-25 06:00:00,0.2838495575221239,0.26581560283687944,0.8789992119779354,0.3584057971014493
2015-11-25 07:00:00,0.28190265486725663,0.27063829787234045,0.8804609929078013,0.40405797101449276
2015-11-25 08:00:00,0.2801327433628319,0.269645390070922,0.8806737588652482,0.38942028985507243
2015-11-25 09:00:00,0.27878318584070794,0.2723404255319149,0.8705043341213554,0.4355072463768116
2015-11-25 10:00:00,0.2775663716814159,0.2712765957446808,0.8635145784081955,0.48869565217391303
2015-11-25 11:00:00,0.2789380530973451,0.2695744680851064,0.8640858944050434,0.5117391304347827
2015-11-25 12:00:00,0.2795353982300885,0.2539716312056738,0.8655910165484634,0.6157971014492754
2015-11-25 13:00:00,0.2836725663716814,0.2639007092198582,0.8793932230102443,0.643768115942029
2015-11-25 14:00:00,0.28256637168141596,0.2602127659574468,0.898983451536643,0.6391304347826087
2015-11-25 15:00:00,0.2861725663716814,0.26581560283687944,0.9057722616233255,0.5753623188405798
2015-11-25 16:00:00,0.2851769911504425,0.2704964539007092,0.8915090622537432,0.5576811594202898
2015-11-25 17:00:00,0.2871238938053097,0.24482269503546097,0.9018360914105594,0.6286956521739131
2015-11-25 18:00:00,0.28668141592920354,0.2447517730496454,0.8944523246650906,0.6633333333333333
2015-11-25 19:00:00,0.28592920353982304,0.24900709219858158,0.852517730496454,0.6382608695652173
2015-11-25 20:00:00,0.28696902654867257,0.2728368794326241,0.8101812450748621,0.625072463768116
2015-11-25 21:00:00,0.2849778761061947,0.27070921985815605,0.7483490937746257,0.6323188405797101
2015-11-25 22:00:00,0.2836061946902655,0.26907801418439714,0.6775413711583924,0.5966666666666667
2015-11-25 23:00:00,0.2920575221238938,0.2704964539007092,0.6691016548463357,0.5894202898550724
2015-11-26 00:00:00,0.29243362831858405,0.2721985815602837,0.6443223010244287,0.5759420289855072
2015-11-26 01:00:00,0.2921681415929203,0.26780141843971633,0.6249605988967691,0.5298550724637682
2015-11-26 02:00:00,0.29287610619469023,0.269290780141844,0.6425847123719464,0.5211594202898551
2015-11-26 03:00:00,0.2922345132743363,0.2712765957446808,0.6894877856579984,0.4873913043478261
2015-11-26 04:00:00,0.29358407079646015,0.2741843971631206,0.754070133963751,0.5402898550724637
2015-11-26 05:00:00,0.29462389380530973,0.27375886524822696,0.8256816390858944,0.5071014492753623
2015-11-26 06:00:00,0.29573008849557525,0.27177304964539006,0.9052442868400314,0.5343478260869565
2015-11-26 07:00:00,0.2962168141592921,0.27113475177304963,0.9105870764381403,0.5478260869565217
2015-11-26 08:00:00,0.2945132743362832,0.27063829787234045,0.8915563435776201,0.5792753623188406
2015-11-26 09:00:00,0.2975884955752212,0.27,0.8786997635933806,0.5752173913043478
2015-11-26 10:00:00,0.2960398230088495,0.2702836879432624,0.8729787234042553,0.6156521739130435
2015-11-26 11:00:00,0.29553097345132745,0.27184397163120566,0.8798581560283688,0.5981159420289854
2015-11-26 12:00:00,0.29564159292035397,0.27156028368794327,0.8604806934594169,0.6369565217391304
2015-11-26 13:00:00,0.29652654867256634,0.2722695035460993,0.8798975571315997,0.654927536231884
2015-11-26 14:00:00,0.2954424778761062,0.2725531914893617,0.8758116627265563,0.7115942028985507
2015-11-26 15:00:00,0.29597345132743363,0.27170212765957447,0.880933806146572,0.6844927536231884
2015-11-26 16:00:00,0.2986283185840708,0.2422695035460993,0.8907565011820332,0.6737681159420289
2015-11-26 17:00:00,0.2993362831858407,0.24695035460992906,0.886595744680851,0.7117391304347827
2015-11-26 18:00:00,0.2970575221238938,0.25404255319148933,0.8469385342789598,0.6853623188405796
2015-11-26 19:00:00,0.29688053097345135,0.2549645390070922,0.7873483057525611,0.48869565217391303
2015-11-26 20:00:00,0.2975221238938053,0.2472340425531915,0.7452482269503546,0.5302898550724637
2015-11-26 21:00:00,0.295287610619469,0.24907801418439715,0.6653703703703703,0.7391304347826086
2015-11-26 22:00:00,0.2973008849557522,0.2693617021276596,0.5652009456264775,0.6760869565217391
2015-11-26 23:00:00,0.30741150442477877,0.25581560283687943,0.49732466509062256,0.7191304347826086
2015-11-27 00:00:00,0.3056858407079646,0.2697163120567376,0.46622537431048067,0.6971014492753623
2015-11-27 01:00:00,0.306570796460177,0.2673758865248227,0.4388888888888889,0.6705797101449276
2015-11-27 02:00:00,0.30681415929203537,0.27092198581560284,0.4380141843971631,0.6507246376811594
2015-11-27 03:00:00,0.3068805309734513,0.2680851063829787,0.4694602048857368,0.6510144927536232
2015-11-27 04:00:00,0.30654867256637164,0.26680851063829786,0.5230772261623325,0.6027536231884058
2015-11-27 05:00:00,0.30553097345132746,0.2675177304964539,0.6029432624113475,0.5384057971014493
2015-11-27 06:00:00,0.3079203539823009,0.26588652482269504,0.7263869188337274,0.4759420289855072
2015-11-27 07:00:00,0.3083407079646018,0.2670921985815603,0.7417454688731284,0.5053623188405797
2015-11-27 08:00:00,0.3089823008849557,0.26361702127659575,0.7191804570527974,0.4494202898550725
2015-11-27 09:00:00,0.3109070796460177,0.26666666666666666,0.7240543735224586,0.4191304347826087
2015-11-27 10:00:00,0.3087389380530973,0.23666666666666666,0.7054137115839244,0.44724637681159424
2015-11-27 11:00:00,0.3092699115044248,0.23702127659574468,0.6877935382190702,0.611304347826087
2015-11-27 12:00:00,0.30991150442477877,0.24127659574468086,0.675263987391647,0.6208695652173912
2015-11-27 13:00:00,0.3094911504424779,0.23468085106382977,0.6650118203309693,0.5949275362318841
2015-11-27 14:00:00,0.30805309734513275,0.265531914893617,0.6737785657998424,0.5369565217391304
2015-11-27 15:00:00,0.3071681415929204,0.26602836879432623,0.6835933806146571,0.561304347826087
2015-11-27 16:00:00,0.30807522123893805,0.24099290780141844,0.6596335697399527,0.7243478260869566
2015-11-27 17:00:00,0.30964601769911504,0.23914893617021277,0.6283845547675335,0.6888405797101449
2015-11-27 18:00:00,0.3083407079646018,0.2423404255319149,0.5845941686367219,0.6952173913043478
2015-11-27 19:00:00,0.30630530973451325,0.24900709219858158,0.526059889676911,0.6568115942028986
2015-11-27 20:00:00,0.3065929203539823,0.26099290780141843,0.4884160756501182,0.6272463768115942
2015-11-27 21:00:00,0.308141592920354,0.25624113475177307,0.450043341213554,0.6839130434782609
2015-11-27 22:00:00,0.30573008849557526,0.25751773049645393,0.4077698975571316,0.6456521739130435
2015-11-27 23:00:00,0.31559734513274335,0.2578723404255319,0.37232860520094563,0.604927536231884
2015-11-28 00:00:00,0.31610619469026546,0.25957446808510637,0.3529156816390859,0.6192753623188406
2015-11-28 01:00:00,0.31508849557522123,0.2599290780141844,0.3451103230890465,0.5939130434782609
2015-11-28 02:00:00,0.3129203539823009,0.26333333333333336,0.3430181245074862,0.5711594202898551
2015-11-28 03:00:00,0.31267699115044245,0.26595744680851063,0.35307328605200944,0.5501449275362319
2015-11-28 04:00:00,0.3125221238938053,0.26900709219858154,0.3820133963750985,0.5562318840579711
2015-11-28 05:00:00,0.31188053097345136,0.27170212765957447,0.41569739952718676,0.5640579710144927
2015-11-28 06:00:00,0.3141592920353982,0.2700709219858156,0.48194641449960596,0.5413043478260869
2015-11-28 07:00:00,0.31648230088495577,0.27191489361702126,0.5501576044129236,0.49144927536231886
2015-11-28 08:00:00,0.31369469026548674,0.2733333333333333,0.5892277383766745,0.481304347826087
2015-11-28 09:00:00,0.31486725663716814,0.27078014184397164,0.6164460204885737,0.4994202898550725
2015-11-28 10:00:00,0.31340707964601766,0.2702127659574468,0.6236524822695035,0.5
2015-11-28 11:00:00,0.3121902654867256,0.27063829787234045,0.6211111111111111,0.5468115942028986
2015-11-28 12:00:00,0.3122787610619469,0.27191489361702126,0.6223364854215918,0.5808695652173913
2015-11-28 13:00:00,0.31108407079646017,0.26468085106382977,0.6299645390070922,0.5398550724637681
2015-11-28 14:00:00,0.30915929203539827,0.26063829787234044,0.6695193065405832,0.5297101449275362
2015-11-28 15:00:00,0.3088495575221239,0.26092198581560283,0.7168360914105595,0.5268115942028986
2015-11-28 16:00:00,0.30847345132743365,0.2559574468085106,0.7316587864460204,0.558695652173913
2015-11-28 17:00:00,0.30783185840707966,0.2724822695035461,0.6931678486997636,0.5321739130434783
2015-11-28 18:00:00,0.3065929203539823,0.27382978723404255,0.6320409771473602,0.519855072463768
2015-11-28 19:00:00,0.30993362831858406,0.27347517730496457,0.5658628841607565,0.5381159420289855
2015-11-28 20:00:00,0.3095132743362832,0.27425531914893614,0.5054255319148937,0.4910144927536232
2015-11-28 21:00:00,0.30938053097345136,0.26907801418439714,0.46485815602836883,0.4626086956521739
2015-11-28 22:00:00,0.30849557522123894,0.26900709219858154,0.4035342789598109,0.35492753623188406
2015-11-28 23:00:00,0.300287610619469,0.2720567375886525,0.3890228526398739,0.3126086956521739
2015-11-29 00:00:00,0.2996460176991151,0.27177304964539006,0.3576162332545311,0.3269565217391304
2015-11-29 01:00:00,0.29805309734513274,0.26985815602836877,0.3440464933018124,0.397536231884058
2015-11-29 02:00:00,0.2984070796460177,0.27099290780141844,0.33921985815602834,0.4091304347826087
2015-11-29 03:00:00,0.29887168141592924,0.2713475177304965,0.33799054373522464,0.44260869565217387
2015-11-29 04:00:00,0.2979867256637168,0.2714893617021277,0.333006304176517,0.5218840579710146
2015-11-29 05:00:00,0.29949115044247787,0.27297872340425533,0.3462844759653271,0.4984057971014492
2015-11-29 06:00:00,0.29845132743362834,0.27390070921985815,0.35107959022852636,0.4905797101449275
2015-11-29 07:00:00,0.2974557522123894,0.24595744680851064,0.3712174940898345,0.5442028985507247
2015-11-29 08:00:00,0.2993362831858407,0.245531914893617,0.4214342001576044,0.6031884057971014
2015-11-29 09:00:00,0.2976769911504425,0.2447517730496454,0.4626713947990544,0.6140579710144928
2015-11-29 10:00:00,0.30008849557522127,0.24609929078014184,0.4953349093774626,0.6401449275362319
2015-11-29 11:00:00,0.30011061946902656,0.25042553191489364,0.5012096138691884,0.6346376811594202
2015-11-29 12:00:00,0.29893805309734517,0.25475177304964536,0.4692592592592592,0.6320289855072464
2015-11-29 13:00:00,0.3000221238938053,0.25950354609929077,0.4828053585500394,0.5872463768115942
2015-11-29 14:00:00,0.2995575221238938,0.2578014184397163,0.5270843183609141,0.537536231884058
2015-11-29 15:00:00,0.2978097345132743,0.2653191489361702,0.5388652482269504,0.45347826086956516
2015-11-29 16:00:00,0.29836283185840706,0.2651063829787234,0.5496887312844759,0.4427536231884058
2015-11-29 17:00:00,0.2976548672566372,0.2726241134751773,0.5450669818754925,0.45318840579710146
2015-11-29 18:00:00,0.2991150442477876,0.2653191489361702,0.5465721040189125,0.5108695652173914
2015-11-29 19:00:00,0.2961283185840708,0.27276595744680854,0.542301024428684,0.5746376811594203
2015-11-29 20:00:00,0.2973008849557522,0.27191489361702126,0.5198699763593381,0.5476811594202898
2015-11-29 21:00:00,0.2969469026548673,0.27390070921985815,0.48077620173364854,0.5071014492753623
2015-11-29 22:00:00,0.29577433628318583,0.27510638297872336,0.4484278959810875,0.5872463768115942
2015-11-29 23:00:00,0.28915929203539825,0.27510638297872336,0.4026280535855004,0.6189855072463768
2015-11-30 00:00:00,0.290287610619469,0.27397163120567375,0.3892513790386131,0.6189855072463768
2015-11-30 01:00:00,0.2911725663716814,0.2731914893617021,0.3866469661150512,0.6230434782608696
2015-11-30 02:00:00,0.2888938053097345,0.27496453900709217,0.3976950354609929,0.5628985507246377
2015-11-30 03:00:00,0.28769911504424783,0.27290780141843973,0.43561071710007876,0.5804347826086956
2015-11-30 04:00:00,0.2885840707964602,0.2730496453900709,0.4866272655634358,0.6279710144927536
2015-11-30 05:00:00,0.29126106194690266,0.2747517730496454,0.5947596532702916,0.6123188405797102
2015-11-30 06:00:00,0.2942477876106195,0.27375886524822696,0.7459022852639874,0.6181159420289855
2015-11-30 07:00:00,0.28772123893805307,0.24609929078014184,0.7658156028368794,0.5866666666666667
2015-11-30 08:00:00,0.2848451327433628,0.24617021276595746,0.7549921197793539,0.6285507246376811
2015-11-30 09:00:00,0.28477876106194694,0.24546099290780143,0.7587785657998424,0.7455072463768115
2015-11-30 10:00:00,0.28376106194690265,0.2453900709219858,0.7520370370370371,0.7518840579710144
2015-11-30 11:00:00,0.29008849557522126,0.24638297872340423,0.7427501970055161,0.8049275362318841
2015-11-30 12:00:00,0.2905088495575221,0.24886524822695033,0.7509850275807722,0.7205797101449275
2015-11-30 13:00:00,0.29022123893805307,0.2529078014184397,0.7563002364066195,0.738695652173913
2015-11-30 14:00:00,0.29053097345132745,0.2529787234042553,0.7877738376674547,0.7256521739130435
2015-11-30 15:00:00,0.29055309734513274,0.2602127659574468,0.8231717888100867,0.6179710144927536
2015-11-30 16:00:00,0.28993362831858405,0.2623404255319149,0.8372261623325453,0.6147826086956522
2015-11-30 17:00:00,0.28971238938053095,0.265177304964539,0.8249605988967691,0.6013043478260869
2015-11-30 18:00:00,0.29033185840707965,0.26609929078014183,0.802214342001576,0.5607246376811594
2015-11-30 19:00:00,0.28922566371681413,0.26872340425531915,0.7643892828999213,0.553768115942029
2015-11-30 20:00:00,0.2902654867256637,0.24929078014184397,0.7319227738376675,0.6076811594202899
2015-11-30 21:00:00,0.28783185840707964,0.27297872340425533,0.6385224586288416,0.6242028985507246
2015-11-30 22:00:00,0.2856637168141593,0.2705673758865248,0.4965090622537431,0.6808695652173913
2015-11-30 23:00:00,0.2922787610619469,0.2705673758865248,0.458715524034673,0.5549275362318841
2015-12-01 00:00:00,0.2909070796460177,0.26900709219858154,0.416059889676911,0.5256521739130434
2015-12-01 01:00:00,0.2883849557522124,0.27290780141843973,0.39512608353033885,0.5540579710144927
2015-12-01 02:00:00,0.2889601769911504,0.26468085106382977,0.39657998423955876,0.5917391304347827
2015-12-01 03:00:00,0.28946902654867257,0.2620567375886525,0.4482939322301025,0.5339130434782609
2015-12-01 04:00:00,0.28783185840707964,0.2605673758865248,0.5491843971631205,0.595072463768116
2015-12-01 05:00:00,0.29137168141592923,0.26411347517730493,0.6739282899921197,0.5591304347826087
2015-12-01 06:00:00,0.2905752212389381,0.26581560283687944,0.7753152088258471,0.5520289855072463
2015-12-01 07:00:00,0.2874778761061947,0.26468085106382977,0.7959141055949567,0.505072463768116
2015-12-01 08:00:00,0.2867035398230089,0.2643971631205674,0.8049369582348306,0.4004347826086957
2015-12-01 09:00:00,0.28736725663716817,0.23808510638297872,0.7941646966115051,0.4217391304347826
2015-12-01 10:00:00,0.28623893805309736,0.23007092198581558,0.7964933018124507,0.3627536231884058
2015-12-01 11:00:00,0.2842920353982301,0.22992907801418438,0.7895271867612293,0.4717391304347826
2015-12-01 12:00:00,0.2835619469026549,0.23,0.7913987391646966,0.468695652173913
2015-12-01 13:00:00,0.2838938053097345,0.2529078014184397,0.8075098502758077,0.47000000000000003
2015-12-01 14:00:00,0.2880973451327434,0.26148936170212767,0.8452324665090623,0.43173913043478257
2015-12-01 15:00:00,0.28699115044247786,0.2730496453900709,0.8845468873128447,0.36797101449275366
2015-12-01 16:00:00,0.2861946902654867,0.2720567375886525,0.8917691095350669,0.31478260869565217
2015-12-01 17:00:00,0.28553097345132744,0.2733333333333333,0.8870133963750986,0.2972463768115942
2015-12-01 18:00:00,0.2854646017699115,0.2722695035460993,0.8774940898345154,0.21420289855072466
2015-12-01 19:00:00,0.2834070796460177,0.24092198581560284,0.8181166272655634,0.1582608695652174
2015-12-01 20:00:00,0.2822566371681416,0.2370921985815603,0.7698069345941687,0.16492753623188405
2015-12-01 21:00:00,0.28123893805309735,0.24744680851063827,0.7081245074862097,0.21260869565217388
2015-12-01 22:00:00,0.2811504424778761,0.245531914893617,0.6444089834515366,0.20376811594202898
2015-12-01 23:00:00,0.2788938053097345,0.24645390070921985,0.6410362490149725,0.22420289855072462
2015-12-02 00:00:00,0.27971238938053095,0.2649645390070922,0.6130181245074862,0.24884057971014492
2015-12-02 01:00:00,0.2777654867256637,0.2643262411347518,0.5548463356973995,0.24710144927536232
2015-12-02 02:00:00,0.2799778761061947,0.26900709219858154,0.5649960598896769,0.2455072463768116
2015-12-02 03:00:00,0.27969026548672565,0.2695035460992908,0.6558510638297872,0.2373913043478261
2015-12-02 04:00:00,0.2768362831858407,0.26978723404255317,0.72048463356974,0.27797101449275363
2015-12-02 05:00:00,0.2779203539823009,0.26865248226950356,0.7894917257683215,0.3284057971014493
2015-12-02 06:00:00,0.2816371681415929,0.2682269503546099,0.8635973207249802,0.34608695652173915
2015-12-02 07:00:00,0.2828761061946902,0.27276595744680854,0.8855594956658787,0.3040579710144928
2015-12-02 08:00:00,0.2824557522123894,0.2714893617021277,0.8600315208825846,0.27144927536231883
2015-12-02 09:00:00,0.28466814159292037,0.270354609929078,0.8495941686367219,0.2982608695652174
2015-12-02 10:00:00,0.28393805309734516,0.27156028368794327,0.8407210401891253,0.4340579710144927
2015-12-02 11:00:00,0.282146017699115,0.26886524822695035,0.830579196217494,0.47231884057971013
2015-12-02 12:00:00,0.281283185840708,0.27113475177304963,0.8174468085106382,0.5272463768115943
2015-12-02 13:00:00,0.2818141592920354,0.2629078014184397,0.8131796690307329,0.6717391304347826
2015-12-02 14:00:00,0.2818141592920354,0.26382978723404255,0.8160283687943262,0.667536231884058
2015-12-02 15:00:00,0.28371681415929206,0.2731914893617021,0.818360914105595,0.6605797101449276
2015-12-02 16:00:00,0.28595132743362833,0.27156028368794327,0.8199960598896769,0.6884057971014492
2015-12-02 17:00:00,0.2882079646017699,0.27063829787234045,0.8045626477541371,0.6717391304347826
2015-12-02 18:00:00,0.2879203539823009,0.27212765957446805,0.7794838455476754,0.6682608695652175
2015-12-02 19:00:00,0.28603982300884956,0.27078014184397164,0.7261150512214342,0.6839130434782609
2015-12-02 20:00:00,0.2834734513274336,0.27163120567375887,0.6620527974783295,0.6507246376811594
2015-12-02 21:00:00,0.2840265486725664,0.27404255319148935,0.5991765169424744,0.6630434782608695
2015-12-02 22:00:00,0.285575221238938,0.2724822695035461,0.5320488573680063,0.6540579710144928
2015-12-02 23:00:00,0.2781637168141593,0.2702836879432624,0.49170606776989756,0.6960869565217391
2015-12-03 00:00:00,0.2788053097345133,0.2721985815602837,0.4712135539795114,0.6366666666666667
2015-12-03 01:00:00,0.27913716814159295,0.2731914893617021,0.4710874704491726,0.6426086956521739
2015-12-03 02:00:00,0.27842920353982303,0.26978723404255317,0.49811662726556344,0.6618840579710145
2015-12-03 03:00:00,0.2776327433628319,0.27,0.549779353821907,0.6644927536231884
2015-12-03 04:00:00,0.2780530973451327,0.2695035460992908,0.6130575256107171,0.6546376811594202
2015-12-03 05:00:00,0.27924778761061947,0.27177304964539006,0.7186446020488574,0.6592753623188405
2015-12-03 06:00:00,0.28039823008849557,0.2722695035460993,0.8314184397163121,0.6769565217391305
2015-12-03 07:00:00,0.27701327433628314,0.2726950354609929,0.8448817966903073,0.657536231884058
2015-12-03 08:00:00,0.27780973451327434,0.2702836879432624,0.8325650118203309,0.6501449275362319
2015-12-03 09:00:00,0.2795132743362832,0.26851063829787236,0.8371079590228526,0.6846376811594203
2015-12-03 10:00:00,0.2809070796460177,0.2691489361702128,0.8153191489361702,0.6795652173913043
2015-12-03 11:00:00,0.2815929203539823,0.26851063829787236,0.8062962962962963,0.6581159420289855
2015-12-03 12:00:00,0.28170353982300883,0.2675177304964539,0.8073640661938535,0.6936231884057972
2015-12-03 13:00:00,0.28126106194690265,0.26468085106382977,0.8185106382978723,0.6707246376811594
2015-12-03 14:00:00,0.2825221238938053,0.26666666666666666,0.8453821907013396,0.6218840579710145
2015-12-03 15:00:00,0.2792256637168141,0.2668794326241135,0.8420252167060677,0.6246376811594203
2015-12-03 16:00:00,0.28265486725663713,0.2676595744680851,0.8492750197005515,0.631159420289855
2015-12-03 17:00:00,0.28227876106194694,0.2705673758865248,0.8423719464144996,0.6701449275362319
2015-12-03 18:00:00,0.28183628318584075,0.2697163120567376,0.8036524822695036,0.6921739130434783
2015-12-03 19:00:00,0.2802433628318584,0.26865248226950356,0.7520173364854216,0.7308695652173913
2015-12-03 20:00:00,0.28059734513274337,0.2704964539007092,0.7012647754137116,0.7453623188405797
2015-12-03 21:00:00,0.27913716814159295,0.2723404255319149,0.6350709219858156,0.7820289855072464
2015-12-03 22:00:00,0.27991150442477875,0.2714893617021277,0.5441292356185973,0.7356521739130435
2015-12-03 23:00:00,0.2895575221238938,0.2725531914893617,0.486016548463357,0.6763768115942029
2015-12-04 00:00:00,0.2883628318584071,0.2722695035460993,0.4422340425531915,0.6514492753623189
2015-12-04 01:00:00,0.29008849557522126,0.2720567375886525,0.42134751773049645,0.6265217391304349
2015-12-04 02:00:00,0.28893805309734516,0.2732624113475177,0.40565011820330965,0.5971014492753624
2015-12-04 03:00:00,0.2920132743362832,0.2728368794326241,0.4234318360914106,0.4917391304347826
2015-12-04 04:00:00,0.29157079646017703,0.2722695035460993,0.4716903073286052,0.4904347826086956
2015-12-04 05:00:00,0.295929203539823,0.2721985815602837,0.575925925925926,0.4881159420289855
2015-12-04 06:00:00,0.29643805309734517,0.2726950354609929,0.6835460992907803,0.44130434782608696
2015-12-04 07:00:00,0.2969690265486726,0.27397163120567375,0.7125098502758077,0.39
2015-12-04 08:00:00,0.2981194690265487,0.31531914893617025,0.7094405043341213,0.38768115942028986
2015-12-04 09:00:00,0.29878318584070795,0.3580851063829787,0.6998817966903074,0.38275362318840583
2015-12-04 10:00:00,0.2999778761061947,0.27184397163120566,0.6895390070921986,0.4066666666666667
2015-12-04 11:00:00,0.30055309734513275,0.27085106382978724,0.6828881008668243,0.4691304347826087
2015-12-04 12:00:00,0.3013495575221239,0.2680141843971631,0.6639046493301813,0.481304347826087
2015-12-04 13:00:00,0.30106194690265486,0.26659574468085107,0.6540425531914893,0.44855072463768114
2015-12-04 14:00:00,0.3005088495575221,0.27170212765957447,0.6576280535855004,0.467536231884058
2015-12-04 15:00:00,0.30316371681415927,0.27163120567375887,0.6868360914105596,0.5611594202898551
2015-12-04 16:00:00,0.3023893805309734,0.27163120567375887,0.708758865248227,0.6181159420289855
2015-12-04 17:00:00,0.30349557522123893,0.27163120567375887,0.6663553979511426,0.6060869565217392
2015-12-04 18:00:00,0.3032300884955752,0.2712765957446808,0.6250551615445232,0.6901449275362319
2015-12-04 19:00:00,0.3008628318584071,0.27120567375886523,0.5787982663514578,0.5998550724637681
2015-12-04 20:00:00,0.30035398230088495,0.27070921985815605,0.5356146572104019,0.5808695652173913
2015-12-04 21:00:00,0.30011061946902656,0.2676595744680851,0.4931560283687943,0.6123188405797102
2015-12-04 22:00:00,0.2981637168141593,0.2672340425531915,0.4601024428684003,0.5547826086956522
2015-12-04 23:00:00,0.2951991150442478,0.2670212765957447,0.4381205673758865,0.611159420289855
2015-12-05 00:00:00,0.29409292035398227,0.26666666666666666,0.4194365642237982,0.6331884057971015
2015-12-05 01:00:00,0.28615044247787613,0.2672340425531915,0.3958983451536643,0.6279710144927536
2015-12-05 02:00:00,0.2854424778761062,0.26276595744680853,0.3856776989755713,0.6844927536231884
2015-12-05 03:00:00,0.2850663716814159,0.26382978723404255,0.3795390070921986,0.682463768115942
2015-12-05 04:00:00,0.28373893805309736,0.2663829787234043,0.3855634357762017,0.7397101449275362
2015-12-05 05:00:00,0.28250000000000003,0.2695744680851064,0.39415287628053586,0.7834782608695653
2015-12-05 06:00:00,0.28500000000000003,0.2679432624113475,0.4189755713159969,0.7624637681159421
2015-12-05 07:00:00,0.28584070796460176,0.2722695035460993,0.44807328605200947,0.8020289855072463
2015-12-05 08:00:00,0.2870575221238938,0.2721985815602837,0.48798660362490154,0.8094202898550724
2015-12-05 09:00:00,0.28466814159292037,0.27276595744680854,0.4950866824271079,0.782463768115942
2015-12-05 10:00:00,0.2872787610619469,0.27177304964539006,0.5052048857368007,0.7960869565217391
2015-12-05 11:00:00,0.28719026548672566,0.2725531914893617,0.5129235618597321,0.7839130434782609
2015-12-05 12:00:00,0.2867256637168142,0.26673758865248226,0.5107565011820331,0.831304347826087
2015-12-05 13:00:00,0.2856858407079646,0.26985815602836877,0.5026319936958235,0.8689855072463768
2015-12-05 14:00:00,0.2853761061946903,0.2702127659574468,0.5193577620173364,0.8517391304347827
2015-12-05 15:00:00,0.2846238938053097,0.27347517730496457,0.5309653270291568,0.8618840579710145
2015-12-05 16:00:00,0.2821238938053097,0.27290780141843973,0.5255476753349093,0.8218840579710145
2015-12-05 17:00:00,0.2817920353982301,0.2693617021276596,0.50849487785658,0.7379710144927536
2015-12-05 18:00:00,0.2808628318584071,0.270354609929078,0.46641449960598896,0.7389855072463768
2015-12-05 19:00:00,0.2810840707964602,0.2650354609929078,0.450445232466509,0.7928985507246377
2015-12-05 20:00:00,0.2811504424778761,0.26546099290780145,0.4307446808510638,0.7869565217391304
2015-12-05 21:00:00,0.2807079646017699,0.2631205673758865,0.41465721040189124,0.7676811594202899
2015-12-05 22:00:00,0.28154867256637167,0.2624113475177305,0.3898502758077226,0.7760869565217391
2015-12-05 23:00:00,0.2865486725663717,0.2629787234042553,0.39079590228526395,0.741304347826087
2015-12-06 00:00:00,0.28710176991150443,0.26092198581560283,0.3529826635145784,0.6995652173913043
2015-12-06 01:00:00,0.2873451327433628,0.26035460992907805,0.3345350669818755,0.6523188405797101
2015-12-06 02:00:00,0.28763274336283184,0.2601418439716312,0.33365248226950356,0.6573913043478261
2015-12-06 03:00:00,0.28876106194690265,0.26063829787234044,0.34965721040189124,0.6992753623188406
2015-12-06 04:00:00,0.2890486725663717,0.26148936170212767,0.3579472025216706,0.5907246376811595
2015-12-06 05:00:00,0.2863274336283186,0.26092198581560283,0.350795902285264,0.6224637681159421
2015-12-06 06:00:00,0.28842920353982304,0.26163120567375886,0.3934160756501182,0.5710144927536231
2015-12-06 07:00:00,0.2895353982300885,0.26354609929078016,0.4408234830575256,0.5165217391304348
2015-12-06 08:00:00,0.2900663716814159,0.26063829787234044,0.4541095350669819,0.48159420289855076
2015-12-06 09:00:00,0.2903982300884956,0.2632624113475177,0.47176910953506696,0.5273913043478261
2015-12-06 10:00:00,0.29044247787610616,0.26198581560283685,0.47922773837667454,0.6252173913043478
2015-12-06 11:00:00,0.28986725663716817,0.26248226950354614,0.4509613869188337,0.6307246376811594
2015-12-06 12:00:00,0.28761061946902655,0.26148936170212767,0.4404294720252167,0.6107246376811594
2015-12-06 13:00:00,0.2890265486725664,0.2641843971631206,0.44727344365642235,0.6327536231884058
2015-12-06 14:00:00,0.2900442477876106,0.2663829787234043,0.4724034672970843,0.525072463768116
2015-12-06 15:00:00,0.2899778761061947,0.2663829787234043,0.4872379826635146,0.5401449275362319
2015-12-06 16:00:00,0.29002212389380533,0.2692198581560284,0.49600866824271084,0.5739130434782609
2015-12-06 17:00:00,0.2892477876106195,0.2676595744680851,0.4968715524034673,0.6269565217391304
2015-12-06 18:00:00,0.28918141592920354,0.269290780141844,0.49339637509850276,0.6202898550724638
2015-12-06 19:00:00,0.2878761061946903,0.265531914893617,0.4793459416863672,0.735072463768116
2015-12-06 20:00:00,0.2903982300884956,0.2649645390070922,0.47549251379038615,0.7726086956521739
2015-12-06 21:00:00,0.2873230088495575,0.266241134751773,0.45916469661150516,0.8024637681159421
2015-12-06 22:00:00,0.2876548672566372,0.2675177304964539,0.4397123719464145,0.8223188405797102
2015-12-06 23:00:00,0.2824778761061947,0.2683687943262411,0.4237825059101655,0.7759420289855072
2015-12-07 00:00:00,0.28535398230088493,0.2646099290780142,0.40057525610717104,0.7678260869565217
2015-12-07 01:00:00,0.28650442477876104,0.2702836879432624,0.40306146572104024,0.7460869565217391
2015-12-07 02:00:00,0.28761061946902655,0.26900709219858154,0.40499211977935384,0.7168115942028986
2015-12-07 03:00:00,0.28736725663716817,0.2692198581560284,0.4139637509850276,0.6347826086956522
2015-12-07 04:00:00,0.287787610619469,0.26907801418439714,0.4439046493301812,0.6075362318840579
2015-12-07 05:00:00,0.290353982300885,0.26659574468085107,0.6030929866036249,0.5915942028985507
2015-12-07 06:00:00,0.2943362831858407,0.2652482269503546,0.7395350669818755,0.513913043478261
2015-12-07 07:00:00,0.29150442477876104,0.265177304964539,0.7642592592592593,0.4931884057971015
2015-12-07 08:00:00,0.29139380530973447,0.2332624113475177,0.7660559495665878,0.44840579710144923
2015-12-07 09:00:00,0.2943141592920354,0.23234042553191492,0.7765248226950355,0.4757971014492754
2015-12-07 10:00:00,0.29139380530973447,0.23319148936170214,0.7765996847911741,0.47913043478260875
2015-12-07 11:00:00,0.29022123893805307,0.23546099290780143,0.7737076438140268,0.4668115942028986
2015-12-07 12:00:00,0.29232300884955753,0.23624113475177305,0.7915878644602049,0.4668115942028986
2015-12-07 13:00:00,0.2935176991150443,0.2321276595744681,0.8047557131599685,0.47405797101449276
2015-12-07 14:00:00,0.29170353982300884,0.2322695035460993,0.8293026004728132,0.39550724637681156
2015-12-07 15:00:00,0.2916150442477876,0.2329078014184397,0.841375098502758,0.3939130434782609
2015-12-07 16:00:00,0.29287610619469023,0.2351063829787234,0.8420330969267139,0.4263768115942029
2015-12-07 17:00:00,0.2928982300884956,0.234113475177305,0.8337903861308116,0.46956521739130436
2015-12-07 18:00:00,0.2927433628318584,0.26411347517730493,0.8221552403467297,0.45942028985507244
2015-12-07 19:00:00,0.29134955752212394,0.264468085106383,0.7904925137903862,0.4236231884057971
2015-12-07 20:00:00,0.29252212389380533,0.26574468085106384,0.7470409771473602,0.41188405797101446
2015-12-07 21:00:00,0.28900442477876104,0.26680851063829786,0.687214342001576,0.4127536231884058
2015-12-07 22:00:00,0.29061946902654867,0.2679432624113475,0.622608353033885,0.4420289855072464
2015-12-07 23:00:00,0.28761061946902655,0.26099290780141843,0.5844641449960599,0.4597101449275362
2015-12-08 00:00:00,0.28608407079646014,0.26170212765957446,0.5578684003152089,0.4795652173913043
2015-12-08 01:00:00,0.28581858407079647,0.26170212765957446,0.5540228526398739,0.42275362318840576
2015-12-08 02:00:00,0.2856858407079646,0.26156028368794326,0.5526635145784082,0.4240579710144928
2015-12-08 03:00:00,0.28491150442477875,0.2599290780141844,0.5759613869188337,0.49521739130434783
2015-12-08 04:00:00,0.2834070796460177,0.26375886524822695,0.6108628841607565,0.4753623188405797
2015-12-08 05:00:00,0.2849557522123894,0.2642553191489362,0.7105003940110323,0.4931884057971015
2015-12-08 06:00:00,0.29017699115044243,0.2629787234042553,0.8112765957446809,0.5218840579710146
2015-12-08 07:00:00,0.2904867256637168,0.26361702127659575,0.8238652482269504,0.5714492753623188
2015-12-08 08:00:00,0.2880973451327434,0.2324113475177305,0.8005437352245862,0.5623188405797102
2015-12-08 09:00:00,0.28957964601769914,0.22680851063829788,0.8058628841607565,0.49956521739130433
2015-12-08 10:00:00,0.2907300884955752,0.2270212765957447,0.7938731284475965,0.6349275362318841
2015-12-08 11:00:00,0.2905973451327434,0.33375886524822695,0.7898817966903073,0.6310144927536232
2015-12-08 12:00:00,0.2885840707964602,0.3354609929078014,0.7925098502758078,0.5843478260869565
2015-12-08 13:00:00,0.2853982300884956,0.3301418439716312,0.7902324665090622,0.5595652173913044
2015-12-08 14:00:00,0.2845796460176991,0.22595744680851065,0.7870212765957446,0.5592753623188406
2015-12-08 15:00:00,0.2853097345132743,0.22652482269503543,0.7873364854215917,0.5415942028985508
2015-12-08 16:00:00,0.28834070796460176,0.22773049645390073,0.7905870764381402,0.5128985507246376
2015-12-08 17:00:00,0.2886061946902655,0.22879432624113477,0.7596690307328606,0.4744927536231884
2015-12-08 18:00:00,0.28918141592920354,0.2270212765957447,0.7232505910165484,0.4597101449275362
2015-12-08 19:00:00,0.28929203539823006,0.22602836879432622,0.6872852639873916,0.42869565217391303
2015-12-08 20:00:00,0.28982300884955753,0.22659574468085106,0.6445035460992907,0.3804347826086957
2015-12-08 21:00:00,0.28960176991150444,0.22234042553191488,0.5940543735224586,0.3607246376811594
2015-12-08 22:00:00,0.2857964601769911,0.22226950354609928,0.5182939322301024,0.3572463768115942
2015-12-08 23:00:00,0.2825221238938053,0.2178723404255319,0.4814972419227738,0.37
2015-12-09 00:00:00,0.2845575221238938,0.21794326241134754,0.4609692671394799,0.4488405797101449
2015-12-09 01:00:00,0.2786946902654867,0.21780141843971632,0.4512608353033885,0.39971014492753626
2015-12-09 02:00:00,0.27783185840707963,0.2178723404255319,0.4511347517730496,0.44072463768115944
2015-12-09 03:00:00,0.27783185840707963,0.2173758865248227,0.4697635933806147,0.43318840579710144
2015-12-09 04:00:00,0.2777654867256637,0.21822695035460993,0.5027817178881009,0.4826086956521739
2015-12-09 05:00:00,0.2816150442477876,0.21808510638297873,0.5861741528762805,0.39362318840579713
2015-12-09 06:00:00,0.2811504424778761,0.21794326241134754,0.7056737588652482,0.3939130434782609
2015-12-09 07:00:00,0.2807079646017699,0.21893617021276596,0.7288534278959811,0.39724637681159425
2015-12-09 08:00:00,0.28126106194690265,0.2195035460992908,0.7235815602836879,0.5289855072463768
2015-12-09 09:00:00,0.2790929203539823,0.21808510638297873,0.7184160756501182,0.5742028985507246
2015-12-09 10:00:00,0.27840707964601774,0.2174468085106383,0.6935973207249803,0.6014492753623188
2015-12-09 11:00:00,0.2794247787610619,0.2170212765957447,0.6870291568163909,0.6530434782608696
2015-12-09 12:00:00,0.2826769911504425,0.22659574468085106,0.6932151300236407,0.6953623188405798
2015-12-09 13:00:00,0.28196902654867256,0.22943262411347518,0.7008313632781717,0.7110144927536233
2015-12-09 14:00:00,0.2817256637168142,0.22609929078014185,0.7258668242710796,0.7066666666666667
2015-12-09 15:00:00,0.28353982300884956,0.22921985815602836,0.7307565011820331,0.6826086956521739
2015-12-09 16:00:00,0.285575221238938,0.22617021276595742,0.7327777777777779,0.5802898550724638
2015-12-09 17:00:00,0.2853982300884956,0.24851063829787232,0.7090740740740741,0.5779710144927537
2015-12-09 18:00:00,0.28491150442477875,0.24858156028368794,0.664779353821907,0.6015942028985508
2015-12-09 19:00:00,0.284712389380531,0.24744680851063827,0.6251418439716312,0.5223188405797101
2015-12-09 20:00:00,0.2849778761061947,0.24617021276595746,0.5810480693459417,0.5282608695652173
2015-12-09 21:00:00,0.2802654867256637,0.24914893617021278,0.5255634357762017,0.538840579710145
2015-12-09 22:00:00,0.27758849557522125,0.2481560283687943,0.4569739952718676,0.568695652173913
2015-12-09 23:00:00,0.290929203539823,0.24716312056737588,0.4101063829787234,0.5792753623188406
2015-12-10 00:00:00,0.2913053097345133,0.24886524822695033,0.38776595744680853,0.6401449275362319
2015-12-10 01:00:00,0.2909513274336283,0.24716312056737588,0.38622537431048065,0.6782608695652174
2015-12-10 02:00:00,0.2907079646017699,0.24638297872340423,0.3780417651694248,0.7699999999999999
2015-12-10 03:00:00,0.2908849557522124,0.24822695035460993,0.39374704491725765,0.6801449275362319
2015-12-10 04:00:00,0.28865044247787613,0.2480141843971631,0.4304058313632782,0.7497101449275362
2015-12-10 05:00:00,0.2905088495575221,0.24808510638297873,0.529156816390859,0.7556521739130434
2015-12-10 06:00:00,0.29081858407079647,0.24907801418439715,0.6153624901497242,0.7357971014492753
2015-12-10 07:00:00,0.2911946902654867,0.2529787234042553,0.6248187549251379,0.7894202898550725
2015-12-10 08:00:00,0.29134955752212394,0.24609929078014184,0.6200669818754925,0.7339130434782608
2015-12-10 09:00:00,0.2947566371681416,0.24886524822695033,0.6372182821118991,0.7478260869565218
2015-12-10 10:00:00,0.2936283185840708,0.23049645390070922,0.6364223798266351,0.8047826086956521
2015-12-10 11:00:00,0.2940486725663717,0.23219858156028367,0.6349014972419228,0.8184057971014493
2015-12-10 12:00:00,0.2935176991150443,0.23035460992907802,0.6291410559495666,0.8634782608695651
2015-12-10 13:00:00,0.29283185840707965,0.23531914893617023,0.631016548463357,0.8378260869565217
2015-12-10 14:00:00,0.29336283185840706,0.24212765957446808,0.657828999211978,0.7776811594202899
2015-12-10 15:00:00,0.2925442477876106,0.23921985815602836,0.6791371158392435,0.8094202898550724
2015-12-10 16:00:00,0.2936946902654867,0.2683687943262411,0.6877462568951931,0.8333333333333334
2015-12-10 17:00:00,0.29398230088495575,0.27156028368794327,0.6660874704491726,0.8266666666666667
2015-12-10 18:00:00,0.2935619469026549,0.27078014184397164,0.6507919621749408,0.8130434782608695
2015-12-10 19:00:00,0.2930973451327433,0.2704964539007092,0.6274665090622538,0.7682608695652174
2015-12-10 20:00:00,0.29398230088495575,0.2663120567375887,0.5998817966903073,0.7563768115942029
2015-12-10 21:00:00,0.29725663716814155,0.27063829787234045,0.5472379826635145,0.5900000000000001
2015-12-10 22:00:00,0.2980973451327434,0.26978723404255317,0.49907407407407406,0.5794202898550724
2015-12-10 23:00:00,0.29887168141592924,0.2734042553191489,0.48408195429472023,0.5921739130434783
2015-12-11 00:00:00,0.30137168141592924,0.27411347517730494,0.468849487785658,0.6252173913043478
2015-12-11 01:00:00,0.3043805309734513,0.2735460992907801,0.47065405831363283,0.7071014492753623
2015-12-11 02:00:00,0.3048893805309734,0.2700709219858156,0.47812844759653267,0.7092753623188406
2015-12-11 03:00:00,0.303716814159292,0.27404255319148935,0.4956737588652483,0.72
2015-12-11 04:00:00,0.30369469026548673,0.2735460992907801,0.5529944838455477,0.6720289855072463
2015-12-11 05:00:00,0.305,0.27177304964539006,0.6457486209613869,0.6799999999999999
2015-12-11 06:00:00,0.305641592920354,0.27404255319148935,0.7282899921197794,0.6873913043478261
2015-12-11 07:00:00,0.30444690265486724,0.27404255319148935,0.7562371946414499,0.6705797101449276
2015-12-11 08:00:00,0.3065044247787611,0.2735460992907801,0.7628368794326241,0.6747826086956522
2015-12-11 09:00:00,0.305929203539823,0.26985815602836877,0.7536130811662727,0.7281159420289854
2015-12-11 10:00:00,0.3052654867256637,0.269290780141844,0.7360756501182033,0.7117391304347827
2015-12-11 11:00:00,0.3051769911504425,0.2750354609929078,0.7193459416863672,0.658695652173913
2015-12-11 12:00:00,0.30513274336283186,0.26985815602836877,0.7118282111899134,0.7028985507246377
2015-12-11 13:00:00,0.30763274336283186,0.27177304964539006,0.7267297084318362,0.7505797101449275
2015-12-11 14:00:00,0.30741150442477877,0.2713475177304965,0.7324586288416075,0.7310144927536232
2015-12-11 15:00:00,0.3062389380530974,0.2748936170212766,0.7651930654058313,0.697536231884058
2015-12-11 16:00:00,0.3051991150442478,0.27290780141843973,0.7704728132387706,0.7142028985507246
2015-12-11 17:00:00,0.304358407079646,0.27609929078014184,0.7452718676122931,0.6982608695652174
2015-12-11 18:00:00,0.30440265486725665,0.27099290780141844,0.7137785657998424,0.6495652173913044
2015-12-11 19:00:00,0.3043141592920354,0.2746808510638298,0.6805437352245863,0.6571014492753623
2015-12-11 20:00:00,0.30493362831858406,0.27297872340425533,0.6404255319148936,0.6433333333333333
2015-12-11 21:00:00,0.3050884955752212,0.26879432624113475,0.583983451536643,0.5972463768115942
2015-12-11 22:00:00,0.306858407079646,0.27113475177304963,0.5110283687943262,0.5373913043478261
2015-12-11 23:00:00,0.29929203539823007,0.2728368794326241,0.48954294720252167,0.5530434782608696
2015-12-12 00:00:00,0.2995353982300885,0.27425531914893614,0.4692789598108747,0.5215942028985507
2015-12-12 01:00:00,0.29876106194690266,0.27425531914893614,0.458230890464933,0.45695652173913043
2015-12-12 02:00:00,0.29982300884955754,0.2730496453900709,0.4595468873128447,0.38637681159420295
2015-12-12 03:00:00,0.2995353982300885,0.26680851063829786,0.466461780929866,0.39
2015-12-12 04:00:00,0.2992699115044248,0.27085106382978724,0.4908510638297872,0.2823188405797102
2015-12-12 05:00:00,0.2989159292035398,0.2724113475177305,0.5274546887312844,0.3318840579710145
2015-12-12 06:00:00,0.30119469026548673,0.26978723404255317,0.6026753349093774,0.42391304347826086
2015-12-12 07:00:00,0.30008849557522127,0.26787234042553193,0.677832939322301,0.40260869565217394
2015-12-12 08:00:00,0.29898230088495575,0.27078014184397164,0.7039440504334121,0.4314492753623188
2015-12-12 09:00:00,0.2999778761061947,0.2680141843971631,0.7241331757289204,0.3991304347826087
2015-12-12 10:00:00,0.29761061946902656,0.26985815602836877,0.7196769109535067,0.3520289855072464
2015-12-12 11:00:00,0.2970796460176991,0.2692198581560284,0.7099684791174153,0.40927536231884054
2015-12-12 12:00:00,0.2972345132743363,0.26865248226950356,0.6998975571315997,0.3782608695652174
2015-12-12 13:00:00,0.2979646017699115,0.27120567375886523,0.7105161544523247,0.3117391304347826
2015-12-12 14:00:00,0.29944690265486723,0.27085106382978724,0.7655358550039401,0.2672463768115942
2015-12-12 15:00:00,0.29845132743362834,0.27382978723404255,0.8010244286840031,0.22768115942028985
2015-12-12 16:00:00,0.2979424778761062,0.2731914893617021,0.8247084318360913,0.22028985507246376
2015-12-12 17:00:00,0.29606194690265486,0.2748936170212766,0.8197478329393223,0.17289855072463767
2015-12-12 18:00:00,0.29577433628318583,0.27290780141843973,0.7849527186761229,0.14971014492753623
2015-12-12 19:00:00,0.29714601769911503,0.27113475177304963,0.7659929078014185,0.18202898550724636
2015-12-12 20:00:00,0.2995796460176991,0.2741843971631206,0.7481560283687944,0.1798550724637681
2015-12-12 21:00:00,0.2993362831858407,0.27361702127659576,0.7392159180457053,0.17608695652173914
2015-12-12 22:00:00,0.29915929203539826,0.2753191489361702,0.7014460204885737,0.16521739130434782
2015-12-12 23:00:00,0.29493362831858405,0.27425531914893614,0.6291725768321513,0.1755072463768116
2015-12-13 00:00:00,0.2970796460176991,0.27361702127659576,0.5761859732072498,0.18014492753623187
2015-12-13 01:00:00,0.2970575221238938,0.27496453900709217,0.5582269503546099,0.20347826086956522
2015-12-13 02:00:00,0.29652654867256634,0.2756737588652482,0.5558944050433412,0.18884057971014495
2015-12-13 03:00:00,0.2964159292035398,0.27617021276595743,0.5565996847911742,0.19376811594202897
2015-12-13 04:00:00,0.29628318584070795,0.27609929078014184,0.5691292356185973,0.2008695652173913
2015-12-13 05:00:00,0.2969469026548673,0.27177304964539006,0.5843183609141056,0.21000000000000002
2015-12-13 06:00:00,0.29849557522123893,0.27099290780141844,0.6229669030732861,0.18478260869565216
2015-12-13 07:00:00,0.2975221238938053,0.2701418439716312,0.6975925925925927,0.1882608695652174
2015-12-13 08:00:00,0.2993362831858407,0.27375886524822696,0.7912371946414499,0.17681159420289855
2015-12-13 09:00:00,0.29991150442477876,0.27375886524822696,0.8349605988967691,0.20014492753623186
2015-12-13 10:00:00,0.299424778761062,0.2682978723404255,0.8458747044917257,0.2520289855072464
2015-12-13 11:00:00,0.29898230088495575,0.2653900709219858,0.8403230890464933,0.26231884057971017
2015-12-13 12:00:00,0.2984734513274336,0.2630496453900709,0.8381954294720253,0.23695652173913043
2015-12-13 13:00:00,0.29909292035398233,0.2642553191489362,0.8498975571315998,0.2056521739130435
2015-12-13 14:00:00,0.30283185840707966,0.2676595744680851,0.8663159968479117,0.18681159420289856
2015-12-13 15:00:00,0.3029424778761062,0.26893617021276595,0.8838849487785658,0.19898550724637684
2015-12-13 16:00:00,0.3046017699115044,0.27106382978723403,0.8882387706855792,0.2197101449275362
2015-12-13 17:00:00,0.30628318584070796,0.2691489361702128,0.8916272655634357,0.18492753623188404
2015-12-13 18:00:00,0.3065044247787611,0.26879432624113475,0.8899605988967692,0.2120289855072464
2015-12-13 19:00:00,0.3054424778761062,0.2725531914893617,0.8858944050433412,0.2518840579710145
2015-12-13 20:00:00,0.3061283185840708,0.27170212765957447,0.8782781717888101,0.2589855072463768
2015-12-13 21:00:00,0.3057079646017699,0.26985815602836877,0.8545311268715524,0.24739130434782608
2015-12-13 22:00:00,0.30491150442477877,0.2733333333333333,0.8155791962174942,0.23304347826086957
2015-12-13 23:00:00,0.2972345132743363,0.27113475177304963,0.7999802994483846,0.2391304347826087
2015-12-14 00:00:00,0.2973008849557522,0.27595744680851064,0.7686130811662727,0.2291304347826087
2015-12-14 01:00:00,0.29648230088495575,0.27510638297872336,0.752521670606777,0.2594202898550725
2015-12-14 02:00:00,0.29646017699115046,0.27666666666666667,0.7377541371158393,0.2373913043478261
2015-12-14 03:00:00,0.2960176991150443,0.27375886524822696,0.7705161544523247,0.2644927536231884
2015-12-14 04:00:00,0.29836283185840706,0.27063829787234045,0.7951615445232467,0.30144927536231886
2015-12-14 05:00:00,0.3007079646017699,0.27439716312056733,0.858092986603625,0.28608695652173916
2015-12-14 06:00:00,0.30097345132743364,0.2765248226950354,0.893542159180457,0.3127536231884058
2015-12-14 07:00:00,0.3011283185840708,0.2756737588652482,0.9094168636721828,0.3182608695652174
2015-12-14 08:00:00,0.3040929203539823,0.2533333333333333,0.9143892828999213,0.3236231884057971
2015-12-14 09:00:00,0.3073893805309735,0.25113475177304967,0.9160086682427108,0.31971014492753624
2015-12-14 10:00:00,0.30805309734513275,0.25056737588652483,0.9084239558707643,0.3740579710144928
2015-12-14 11:00:00,0.3062389380530974,0.2453900709219858,0.8963987391646966,0.36942028985507247
2015-12-14 12:00:00,0.30743362831858406,0.2448936170212766,0.9104334121355397,0.3711594202898551
2015-12-14 13:00:00,0.3058407079646018,0.24531914893617018,0.9122340425531915,0.44188405797101443
2015-12-14 14:00:00,0.30993362831858406,0.2425531914893617,0.9283687943262411,0.4892753623188406
2015-12-14 15:00:00,0.3076991150442478,0.24319148936170212,0.9415090622537431,0.47550724637681163
2015-12-14 16:00:00,0.3065929203539823,0.24127659574468086,0.9124507486209614,0.5408695652173913
2015-12-14 17:00:00,0.3082079646017699,0.24085106382978724,0.9126792750197005,0.4830434782608696
2015-12-14 18:00:00,0.30796460176991153,0.24106382978723404,0.9096847911741528,0.5433333333333333
2015-12-14 19:00:00,0.3086061946902655,0.2419148936170213,0.8988573680063042,0.46724637681159414
2015-12-14 20:00:00,0.30805309734513275,0.2425531914893617,0.8797911741528762,0.49260869565217386
2015-12-14 21:00:00,0.3045796460176991,0.24177304964539006,0.8255003940110324,0.5481159420289855
2015-12-14 22:00:00,0.3061504424778761,0.24531914893617018,0.7733333333333333,0.5071014492753623
2015-12-14 23:00:00,0.3014159292035398,0.24496453900709217,0.7469267139479906,0.5649275362318841
2015-12-15 00:00:00,0.3019911504424779,0.24375886524822693,0.7278053585500395,0.4589855072463768
2015-12-15 01:00:00,0.30230088495575225,0.24425531914893617,0.7177580772261624,0.46652173913043476
2015-12-15 02:00:00,0.3018805309734513,0.2424822695035461,0.7280457052797478,0.4031884057971014
2015-12-15 03:00:00,0.30055309734513275,0.2423404255319149,0.7823404255319149,0.3859420289855073
2015-12-15 04:00:00,0.30055309734513275,0.2427659574468085,0.8124192277383767,0.41057971014492756
2015-12-15 05:00:00,0.3002654867256637,0.2443971631205674,0.8500827423167848,0.3814492753623188
2015-12-15 06:00:00,0.2967477876106195,0.2378723404255319,0.8703585500394011,0.3418840579710145
2015-12-15 07:00:00,0.29196902654867257,0.2401418439716312,0.8796335697399527,0.3442028985507246
2015-12-15 08:00:00,0.29688053097345135,0.2399290780141844,0.8864893617021276,0.32115942028985506
2015-12-15 09:00:00,0.2982300884955752,0.24397163120567375,0.897123719464145,0.3015942028985507
2015-12-15 10:00:00,0.2976548672566372,0.2430496453900709,0.8998936170212766,0.3992753623188406
2015-12-15 11:00:00,0.2980088495575221,0.24390070921985815,0.8929944838455477,0.44405797101449274
2015-12-15 12:00:00,0.29887168141592924,0.23808510638297872,0.8883530338849488,0.517536231884058
2015-12-15 13:00:00,0.29918141592920355,0.23680851063829786,0.8875531914893616,0.5327536231884058
2015-12-15 14:00:00,0.30066371681415927,0.23744680851063832,0.8957249802994484,0.5878260869565217
2015-12-15 15:00:00,0.29893805309734517,0.2397163120567376,0.8924665090622537,0.5921739130434783
2015-12-15 16:00:00,0.29915929203539826,0.2670212765957447,0.8833884948778566,0.6217391304347826
2015-12-15 17:00:00,0.29995575221238935,0.269290780141844,0.882962962962963,0.5972463768115942
2015-12-15 18:00:00,0.29984513274336283,0.2695035460992908,0.8753270291568164,0.6569565217391304
2015-12-15 19:00:00,0.3,0.27120567375886523,0.8653033884948779,0.663768115942029
2015-12-15 20:00:00,0.3001548672566372,0.2704964539007092,0.85849487785658,0.6689855072463768
2015-12-15 21:00:00,0.2973008849557522,0.2702836879432624,0.8102206461780931,0.6907246376811594
2015-12-15 22:00:00,0.3010176991150442,0.2691489361702128,0.7591016548463357,0.7040579710144927
2015-12-15 23:00:00,0.29502212389380533,0.26680851063829786,0.7520488573680063,0.7192753623188406
2015-12-16 00:00:00,0.29643805309734517,0.2680141843971631,0.7262017336485421,0.7371014492753624
2015-12-16 01:00:00,0.29608407079646015,0.26695035460992905,0.7047675334909378,0.703768115942029
2015-12-16 02:00:00,0.29741150442477876,0.26900709219858154,0.7144562647754138,0.6849275362318841
2015-12-16 03:00:00,0.2973008849557522,0.2673049645390071,0.7444877856579983,0.718695652173913
2015-12-16 04:00:00,0.2961946902654867,0.2672340425531915,0.7678014184397163,0.7640579710144928
2015-12-16 05:00:00,0.295929203539823,0.2672340425531915,0.8135973207249803,0.6921739130434783
2015-12-16 06:00:00,0.293783185840708,0.2675177304964539,0.8619345941686368,0.64
2015-12-16 07:00:00,0.2922345132743363,0.26900709219858154,0.8781796690307329,0.5888405797101449
2015-12-16 08:00:00,0.29066371681415926,0.2672340425531915,0.8814144996059889,0.5681159420289855
2015-12-16 09:00:00,0.29148230088495575,0.2676595744680851,0.8849842395587078,0.483768115942029
2015-12-16 10:00:00,0.2905088495575221,0.269290780141844,0.8852403467297085,0.46144927536231883
2015-12-16 11:00:00,0.2979867256637168,0.2673758865248227,0.8911465721040189,0.45333333333333337
2015-12-16 12:00:00,0.29761061946902656,0.25652482269503546,0.8855831363278172,0.4384057971014493
2015-12-16 13:00:00,0.29909292035398233,0.26673758865248226,0.8904925137903862,0.42275362318840576
2015-12-16 14:00:00,0.299424778761062,0.26595744680851063,0.9011268715524035,0.43623188405797103
2015-12-16 15:00:00,0.29358407079646015,0.26666666666666666,0.8813159968479117,0.41492753623188405
2015-12-16 16:00:00,0.29513274336283185,0.2671631205673759,0.8790543735224586,0.4082608695652174
2015-12-16 17:00:00,0.29584070796460177,0.2670921985815603,0.8815405831363278,0.40144927536231884
2015-12-16 18:00:00,0.29701327433628316,0.266241134751773,0.8788888888888889,0.40637681159420286
2015-12-16 19:00:00,0.29710176991150444,0.26652482269503547,0.8723286052009457,0.4311594202898551
2015-12-16 20:00:00,0.29550884955752216,0.265177304964539,0.8468873128447596,0.44405797101449274
2015-12-16 21:00:00,0.293783185840708,0.2652482269503546,0.8063672182821119,0.46057971014492755
2015-12-16 22:00:00,0.2973008849557522,0.26411347517730493,0.7753940110323089,0.4514492753623188
2015-12-16 23:00:00,0.3014601769911504,0.26574468085106384,0.7478014184397164,0.446231884057971
2015-12-17 00:00:00,0.3001548672566372,0.2670921985815603,0.7148699763593381,0.43492753623188407
2015-12-17 01:00:00,0.2988274336283186,0.2643971631205674,0.6983806146572105,0.4097101449275362
2015-12-17 02:00:00,0.2980309734513274,0.265531914893617,0.692167060677699,0.42550724637681164
2015-12-17 03:00:00,0.29869469026548673,0.2649645390070922,0.7257092198581561,0.3508695652173913
2015-12-17 04:00:00,0.29929203539823007,0.2694326241134752,0.769334121355398,0.4059420289855073
2015-12-17 05:00:00,0.29995575221238935,0.269645390070922,0.821414499605989,0.3933333333333333
2015-12-17 06:00:00,0.3018362831858407,0.2674468085106383,0.8746611505122144,0.35492753623188406
2015-12-17 07:00:00,0.3008407079646018,0.2681560283687943,0.8813475177304964,0.4150724637681159
2015-12-17 08:00:00,0.2993362831858407,0.26546099290780145,0.8703900709219858,0.45347826086956516
2015-12-17 09:00:00,0.3001991150442478,0.2695744680851064,0.8653624901497242,0.4181159420289855
2015-12-17 10:00:00,0.3009513274336283,0.2713475177304965,0.8622143420015761,0.3933333333333333
2015-12-17 11:00:00,0.3002212389380531,0.2693617021276596,0.8601260835303388,0.38637681159420295
2015-12-17 12:00:00,0.3008185840707965,0.2728368794326241,0.8559456264775415,0.38768115942028986
2015-12-17 13:00:00,0.3042699115044248,0.27106382978723403,0.8591646966115051,0.3626086956521739
2015-12-17 14:00:00,0.30170353982300885,0.2704964539007092,0.8620252167060678,0.4071014492753623
2015-12-17 15:00:00,0.29988938053097347,0.2702127659574468,0.8567218282111898,0.39318840579710146
2015-12-17 16:00:00,0.3016371681415929,0.27191489361702126,0.8476044129235619,0.3802898550724637
2015-12-17 17:00:00,0.3041592920353982,0.27106382978723403,0.842084318360914,0.42971014492753623
2015-12-17 18:00:00,0.3035398230088496,0.27063829787234045,0.8430220646178094,0.45101449275362315
2015-12-17 19:00:00,0.3033185840707965,0.2699290780141844,0.8222419227738377,0.47391304347826085
2015-12-17 20:00:00,0.30420353982300885,0.2673758865248227,0.8037509850275808,0.45768115942028986
2015-12-17 21:00:00,0.30305309734513275,0.2694326241134752,0.7603900709219859,0.4959420289855072
2015-12-17 22:00:00,0.3005973451327434,0.2670212765957447,0.6765721040189125,0.5449275362318841
2015-12-17 23:00:00,0.31181415929203543,0.26879432624113475,0.6195823483057525,0.5828985507246377
2015-12-18 00:00:00,0.31181415929203543,0.2702836879432624,0.597344365642238,0.6526086956521739
2015-12-18 01:00:00,0.3097787610619469,0.26879432624113475,0.5717494089834515,0.6840579710144927
2015-12-18 02:00:00,0.3123893805309734,0.2683687943262411,0.5789204097714736,0.7685507246376811
2015-12-18 03:00:00,0.3118362831858407,0.2704964539007092,0.610043341213554,0.6762318840579711
2015-12-18 04:00:00,0.310641592920354,0.26985815602836877,0.6455870764381403,0.6989855072463769
2015-12-18 05:00:00,0.31159292035398234,0.27113475177304963,0.7076241134751773,0.6610144927536232
2015-12-18 06:00:00,0.31420353982300886,0.2675886524822695,0.8001300236406619,0.6507246376811594
2015-12-18 07:00:00,0.31398230088495577,0.2679432624113475,0.8347438928289992,0.6563768115942029
2015-12-18 08:00:00,0.31223451327433627,0.2676595744680851,0.8168006304176517,0.6333333333333333
2015-12-18 09:00:00,0.313141592920354,0.2673049645390071,0.8062135539795114,0.6711594202898551
2015-12-18 10:00:00,0.3155088495575221,0.26099290780141843,0.7957249802994484,0.782608695652174
2015-12-18 11:00:00,0.3169911504424779,0.2332624113475177,0.7753624901497242,0.7892753623188407
2015-12-18 12:00:00,0.31648230088495577,0.25262411347517727,0.7569858156028368,0.8208695652173913
2015-12-18 13:00:00,0.31555309734513276,0.2725531914893617,0.7401182033096927,0.6834782608695652
2015-12-18 14:00:00,0.316570796460177,0.2730496453900709,0.7548423955870764,0.7946376811594202
2015-12-18 15:00:00,0.31517699115044245,0.27085106382978724,0.7609574468085106,0.8197101449275362
2015-12-18 16:00:00,0.31597345132743365,0.27347517730496457,0.763490937746257,0.841159420289855
2015-12-18 17:00:00,0.31632743362831856,0.27404255319148935,0.7475807722616232,0.8660869565217392
2015-12-18 18:00:00,0.31559734513274335,0.27390070921985815,0.6970646178092986,0.8639130434782609
2015-12-18 19:00:00,0.3148451327433628,0.2743262411347518,0.643364854215918,0.8301449275362318
2015-12-18 20:00:00,0.31068584070796457,0.2754609929078014,0.6157880220646178,0.8498550724637681
2015-12-18 21:00:00,0.3103097345132743,0.27170212765957447,0.5682427107959023,0.8337681159420289
2015-12-18 22:00:00,0.30944690265486724,0.2724822695035461,0.5133609141055949,0.8520289855072464
2015-12-18 23:00:00,0.31584070796460173,0.271418439716312,0.4720606776989756,0.7889855072463767
2015-12-19 00:00:00,0.3132079646017699,0.2724113475177305,0.45289204097714736,0.7592753623188405
2015-12-19 01:00:00,0.3146902654867257,0.2721985815602837,0.4358944050433412,0.6842028985507247
2015-12-19 02:00:00,0.3158628318584071,0.2726241134751773,0.43150906225374314,0.6292753623188405
2015-12-19 03:00:00,0.31670353982300886,0.2712765957446808,0.43639873916469657,0.5520289855072463
2015-12-19 04:00:00,0.3145575221238938,0.2722695035460993,0.4616745468873128,0.4756521739130435
2015-12-19 05:00:00,0.3129867256637168,0.26893617021276595,0.4812962962962963,0.4449275362318841
2015-12-19 06:00:00,0.31643805309734513,0.269645390070922,0.5203585500394011,0.4126086956521739
2015-12-19 07:00:00,0.3158628318584071,0.270354609929078,0.5629353821907013,0.3627536231884058
2015-12-19 08:00:00,0.3145132743362832,0.2704255319148936,0.5926162332545312,0.30144927536231886
2015-12-19 09:00:00,0.31546460176991153,0.26773049645390073,0.6181954294720252,0.3255072463768116
2015-12-19 10:00:00,0.3163495575221239,0.26900709219858154,0.6235500394011032,0.38623188405797104
2015-12-19 11:00:00,0.3116592920353982,0.2712765957446808,0.6074980299448385,0.37260869565217397
2015-12-19 12:00:00,0.31420353982300886,0.2731205673758865,0.6096335697399528,0.40101449275362316
2015-12-19 13:00:00,0.316570796460177,0.2734042553191489,0.6355634357762018,0.43347826086956526
2015-12-19 14:00:00,0.314070796460177,0.2745390070921986,0.6684672970843184,0.43753623188405794
2015-12-19 15:00:00,0.31464601769911504,0.2743262411347518,0.6907289204097715,0.503768115942029
2015-12-19 16:00:00,0.3155088495575221,0.26858156028368796,0.6956225374310481,0.5634782608695652
2015-12-19 17:00:00,0.315929203539823,0.2726241134751773,0.6761977935382192,0.5385507246376812
2015-12-19 18:00:00,0.3153318584070796,0.27361702127659576,0.6326792750197006,0.5671014492753623
2015-12-19 19:00:00,0.31619469026548674,0.2730496453900709,0.5797281323877068,0.6866666666666666
2015-12-19 20:00:00,0.3169690265486726,0.2750354609929078,0.5279787234042553,0.6526086956521739
2015-12-19 21:00:00,0.316858407079646,0.27156028368794327,0.4996256895193065,0.6876811594202898
2015-12-19 22:00:00,0.31670353982300886,0.27184397163120566,0.47802994483845546,0.7663768115942028
2015-12-19 23:00:00,0.32236725663716814,0.2704964539007092,0.4556501182033097,0.8123188405797102
2015-12-20 00:00:00,0.32234513274336285,0.270354609929078,0.41909377462568953,0.7556521739130434
2015-12-20 01:00:00,0.321570796460177,0.27290780141843973,0.39949566587864466,0.611159420289855
2015-12-20 02:00:00,0.32254424778761065,0.27063829787234045,0.3879787234042553,0.5830434782608696
2015-12-20 03:00:00,0.32285398230088497,0.2720567375886525,0.3860086682427108,0.5528985507246377
2015-12-20 04:00:00,0.3215486725663717,0.2731914893617021,0.3719700551615445,0.5568115942028985
2015-12-20 05:00:00,0.31964601769911505,0.2726241134751773,0.3855791962174941,0.49391304347826087
2015-12-20 06:00:00,0.32362831858407076,0.2745390070921986,0.4321434200157604,0.5750724637681159
2015-12-20 07:00:00,0.3228097345132743,0.27290780141843973,0.5039204097714736,0.5998550724637681
2015-12-20 08:00:00,0.32287610619469026,0.2724822695035461,0.5425256107171,0.7027536231884057
2015-12-20 09:00:00,0.3210619469026549,0.2701418439716312,0.5667769897557131,0.6785507246376812
2015-12-20 10:00:00,0.32066371681415934,0.2724822695035461,0.5609929078014184,0.5244927536231884
2015-12-20 11:00:00,0.31796460176991154,0.27085106382978724,0.5569818754925138,0.486231884057971
2015-12-20 12:00:00,0.3177654867256637,0.27099290780141844,0.5596493301812451,0.45753623188405795
2015-12-20 13:00:00,0.3195132743362832,0.2728368794326241,0.5738179669030733,0.3784057971014493
2015-12-20 14:00:00,0.3181637168141593,0.2726241134751773,0.590181245074862,0.35826086956521735
2015-12-20 15:00:00,0.3178097345132743,0.27397163120567375,0.61,0.36318840579710143
2015-12-20 16:00:00,0.3201106194690266,0.2724113475177305,0.6134791174152876,0.44666666666666666
2015-12-20 17:00:00,0.3204203539823009,0.2734042553191489,0.6014026792750197,0.5792753623188406
2015-12-20 18:00:00,0.3188495575221239,0.2730496453900709,0.5898345153664303,0.5931884057971014
2015-12-20 19:00:00,0.31807522123893806,0.2731205673758865,0.5634909377462569,0.4182608695652174
2015-12-20 20:00:00,0.319070796460177,0.27425531914893614,0.5498108747044917,0.44782608695652176
2015-12-20 21:00:00,0.31442477876106195,0.27184397163120566,0.5138179669030734,0.4781159420289855
2015-12-20 22:00:00,0.3136504424778761,0.27390070921985815,0.4576792750197005,0.418695652173913
2015-12-20 23:00:00,0.31128318584070797,0.2752482269503546,0.41382978723404257,0.41492753623188405
2015-12-21 00:00:00,0.3090486725663717,0.27390070921985815,0.3891371158392435,0.447536231884058
2015-12-21 01:00:00,0.3095575221238938,0.2730496453900709,0.3784594168636721,0.4150724637681159
2015-12-21 02:00:00,0.3103761061946903,0.27297872340425533,0.38182427107959027,0.382463768115942
2015-12-21 03:00:00,0.31150442477876106,0.2713475177304965,0.4129747832939322,0.4018840579710145
2015-12-21 04:00:00,0.31077433628318585,0.27347517730496457,0.46356973995271866,0.38463768115942026
2015-12-21 05:00:00,0.30902654867256635,0.2720567375886525,0.5200039401103231,0.4011594202898551
2015-12-21 06:00:00,0.3141371681415929,0.2735460992907801,0.6052915681639086,0.44840579710144923
2015-12-21 07:00:00,0.31289823008849554,0.2695035460992908,0.6311465721040189,0.5226086956521739
2015-12-21 08:00:00,0.311858407079646,0.2682978723404255,0.6375334909377463,0.592463768115942
2015-12-21 09:00:00,0.314712389380531,0.26886524822695035,0.6420133963750985,0.6302898550724637
2015-12-21 10:00:00,0.31480088495575226,0.26581560283687944,0.6297714736012608,0.6544927536231885
2015-12-21 11:00:00,0.313141592920354,0.26652482269503547,0.6192159180457053,0.5937681159420289
2015-12-21 12:00:00,0.31351769911504423,0.2645390070921986,0.6216745468873128,0.6504347826086957
2015-12-21 13:00:00,0.3146017699115044,0.2590780141843972,0.6303191489361702,0.7026086956521739
2015-12-21 14:00:00,0.3120353982300885,0.2578014184397163,0.6420173364854216,0.7321739130434782
2015-12-21 15:00:00,0.31216814159292033,0.26347517730496456,0.6480535855003939,0.7352173913043478
2015-12-21 16:00:00,0.3186283185840708,0.26163120567375886,0.6460677698975572,0.7620289855072463
2015-12-21 17:00:00,0.316570796460177,0.2653900709219858,0.6274586288416075,0.5928985507246377
2015-12-21 18:00:00,0.31597345132743365,0.2683687943262411,0.596859732072498,0.7579710144927536
2015-12-21 19:00:00,0.31506637168141594,0.26652482269503547,0.5690661938534278,0.7698550724637682
2015-12-21 20:00:00,0.31621681415929204,0.26673758865248226,0.5527580772261623,0.7476811594202898
2015-12-21 21:00:00,0.3171017699115044,0.26567375886524824,0.5028447596532704,0.7447826086956522
2015-12-21 22:00:00,0.314712389380531,0.2670212765957447,0.45652088258471235,0.7589855072463769
2015-12-21 23:00:00,0.33938053097345133,0.2663120567375887,0.39938140267927497,0.6672463768115942
2015-12-22 00:00:00,0.33557522123893807,0.2726241134751773,0.38845547675334907,0.6140579710144928
2015-12-22 01:00:00,0.3332079646017699,0.2736879432624113,0.38408983451536644,0.5878260869565217
2015-12-22 02:00:00,0.3338938053097345,0.27375886524822696,0.3794011032308905,0.5052173913043478
2015-12-22 03:00:00,0.33236725663716815,0.2724113475177305,0.39775413711583923,0.42507246376811597
2015-12-22 04:00:00,0.3342699115044248,0.2730496453900709,0.48464933018124506,0.40101449275362316
2015-12-22 05:00:00,0.3322345132743363,0.27191489361702126,0.5979629629629629,0.4071014492753623
2015-12-22 06:00:00,0.3352212389380531,0.27156028368794327,0.6828447596532702,0.4421739130434783
2015-12-22 07:00:00,0.33280973451327434,0.2699290780141844,0.6975492513790386,0.4311594202898551
2015-12-22 08:00:00,0.3353539823008849,0.27078014184397164,0.694428684003152,0.5339130434782609
2015-12-22 09:00:00,0.33517699115044247,0.2722695035460993,0.693715524034673,0.6121739130434782
2015-12-22 10:00:00,0.3308407079646018,0.26787234042553193,0.6840858944050433,0.5665217391304348
2015-12-22 11:00:00,0.3327212389380531,0.2680141843971631,0.6590622537431048,0.5055072463768117
2015-12-22 12:00:00,0.33402654867256637,0.2653900709219858,0.6756501182033097,0.534927536231884
2015-12-22 13:00:00,0.33537610619469027,0.2620567375886525,0.6891568163908589,0.5376811594202898
2015-12-22 14:00:00,0.33508849557522125,0.2653900709219858,0.7063002364066194,0.5498550724637681
2015-12-22 15:00:00,0.33163716814159294,0.2649645390070922,0.6909495665878644,0.5455072463768116
2015-12-22 16:00:00,0.3313053097345133,0.26560283687943265,0.6992001576044129,0.4530434782608696
2015-12-22 17:00:00,0.32966814159292035,0.26695035460992905,0.6776910953506697,0.48028985507246374
2015-12-22 18:00:00,0.3306858407079646,0.26666666666666666,0.658451536643026,0.5844927536231884
2015-12-22 19:00:00,0.33030973451327433,0.2661702127659575,0.6324428684003152,0.6608695652173913
2015-12-22 20:00:00,0.33008849557522124,0.2675886524822695,0.5929353821907014,0.6805797101449276
2015-12-22 21:00:00,0.330641592920354,0.2676595744680851,0.5703861308116627,0.6317391304347826
2015-12-22 22:00:00,0.33280973451327434,0.2674468085106383,0.49353821907013395,0.6257971014492754
2015-12-22 23:00:00,0.3244026548672566,0.2671631205673759,0.45971631205673763,0.5342028985507247
2015-12-23 00:00:00,0.32219026548672564,0.27297872340425533,0.40969267139479904,0.5118840579710144
2015-12-23 01:00:00,0.3252433628318584,0.27297872340425533,0.3940307328605201,0.6350724637681159
2015-12-23 02:00:00,0.32537610619469026,0.27297872340425533,0.41426713947990546,0.6520289855072463
2015-12-23 03:00:00,0.32269911504424775,0.27297872340425533,0.4239479905437352,0.6689855072463768
2015-12-23 04:00:00,0.32219026548672564,0.27297872340425533,0.4747399527186761,0.5971014492753624
2015-12-23 05:00:00,0.32504424778761065,0.2728368794326241,0.5777620173364855,0.6943478260869566
2015-12-23 06:00:00,0.32400442477876107,0.27092198581560284,0.6727265563435776,0.7410144927536232
2015-12-23 07:00:00,0.32431415929203544,0.27184397163120566,0.7064105594956659,0.6581159420289855
2015-12-23 08:00:00,0.3227433628318584,0.27085106382978724,0.7191331757289203,0.5653623188405797
2015-12-23 09:00:00,0.3160398230088496,0.26673758865248226,0.6961426319936957,0.5381159420289855
2015-12-23 10:00:00,0.31878318584070797,0.2682269503546099,0.6862332545311268,0.5505797101449275
2015-12-23 11:00:00,0.31774336283185844,0.2552482269503546,0.6685657998423956,0.5723188405797102
2015-12-23 12:00:00,0.31712389380530975,0.2702836879432624,0.65376280535855,0.6471014492753623
2015-12-23 13:00:00,0.31798672566371683,0.26588652482269504,0.6647832939322301,0.7431884057971014
2015-12-23 14:00:00,0.31504424778761064,0.2650354609929078,0.6807880220646179,0.8114492753623188
2015-12-23 15:00:00,0.3144690265486726,0.2631205673758865,0.7015721040189126,0.8610144927536232
2015-12-23 16:00:00,0.31398230088495577,0.2730496453900709,0.7000551615445233,0.8768115942028986
2015-12-23 17:00:00,0.31371681415929203,0.2704255319148936,0.6773364854215917,0.8907246376811595
2015-12-23 18:00:00,0.31515486725663716,0.27156028368794327,0.6570015760441292,0.9056521739130434
2015-12-23 19:00:00,0.31130530973451326,0.2728368794326241,0.6292513790386131,0.9363768115942029
2015-12-23 20:00:00,0.3102212389380531,0.2726950354609929,0.6073286052009457,0.9494202898550725
2015-12-23 21:00:00,0.3110619469026549,0.27290780141843973,0.5881875492513791,0.9304347826086956
2015-12-23 22:00:00,0.3110619469026549,0.2723404255319149,0.5484081954294721,0.9002898550724638
2015-12-23 23:00:00,0.30597345132743364,0.27,0.5105161544523247,0.8244927536231884
2015-12-24 00:00:00,0.3045353982300885,0.2674468085106383,0.4705161544523247,0.8081159420289855
2015-12-24 01:00:00,0.3026991150442478,0.26567375886524824,0.44127265563435775,0.8459420289855073
2015-12-24 02:00:00,0.3023672566371681,0.265531914893617,0.43475571315996847,0.8755072463768117
2015-12-24 03:00:00,0.3019911504424779,0.2646099290780142,0.439204097714736,0.8695652173913043
2015-12-24 04:00:00,0.30207964601769915,0.2653191489361702,0.47457840819542946,0.8360869565217391
2015-12-24 05:00:00,0.30595132743362835,0.26588652482269504,0.5212687155240346,0.7475362318840579
2015-12-24 06:00:00,0.3054203539823009,0.26773049645390073,0.5697754137115839,0.6968115942028986
2015-12-24 07:00:00,0.3065044247787611,0.26588652482269504,0.6214854215918045,0.6856521739130436
2015-12-24 08:00:00,0.3070575221238938,0.26156028368794326,0.6686524822695036,0.6665217391304348
2015-12-24 09:00:00,0.30741150442477877,0.2650354609929078,0.687572892040977,0.7030434782608695
2015-12-24 10:00:00,0.3058407079646018,0.2611347517730496,0.6790070921985816,0.7398550724637681
2015-12-24 11:00:00,0.3053318584070796,0.2652482269503546,0.666371158392435,0.6920289855072463
2015-12-24 12:00:00,0.30566371681415927,0.26673758865248226,0.648360914105595,0.7192753623188406
2015-12-24 13:00:00,0.3069690265486726,0.26602836879432623,0.6517927501970056,0.7101449275362319
2015-12-24 14:00:00,0.30918141592920356,0.2639007092198582,0.6733963750985027,0.677391304347826
2015-12-24 15:00:00,0.3054867256637168,0.2632624113475177,0.6706185973207249,0.6678260869565218
2015-12-24 16:00:00,0.3041371681415929,0.2625531914893617,0.6202994483845548,0.6439130434782608
2015-12-24 17:00:00,0.30243362831858406,0.26567375886524824,0.5390937746256895,0.6133333333333333
2015-12-24 18:00:00,0.30325221238938055,0.2663829787234043,0.46969661150512215,0.6602898550724638
2015-12-24 19:00:00,0.3018362831858407,0.2704964539007092,0.4217927501970055,0.6382608695652173
2015-12-24 20:00:00,0.3044911504424779,0.27063829787234045,0.4056737588652482,0.6417391304347826
2015-12-24 21:00:00,0.301570796460177,0.27170212765957447,0.3962962962962963,0.6452173913043479
2015-12-24 22:00:00,0.3016592920353982,0.2691489361702128,0.37389676910953507,0.6769565217391305
2015-12-24 23:00:00,0.3018362831858407,0.2680141843971631,0.3421434200157605,0.7156521739130435
2015-12-25 00:00:00,0.29944690265486723,0.27163120567375887,0.3149290780141844,0.8046376811594204
2015-12-25 01:00:00,0.2975,0.2680851063829787,0.28895193065405833,0.7934782608695652
2015-12-25 02:00:00,0.2997787610619469,0.2701418439716312,0.2837037037037037,0.8852173913043477
2015-12-25 03:00:00,0.30137168141592924,0.26978723404255317,0.3255634357762017,0.9099999999999999
2015-12-25 04:00:00,0.29829646017699113,0.26680851063829786,0.3565208825847124,0.890144927536232
2015-12-25 05:00:00,0.30075221238938055,0.26645390070921987,0.3619148936170213,0.8933333333333333
2015-12-25 06:00:00,0.3005973451327434,0.27156028368794327,0.38702915681639083,0.9353623188405796
2015-12-25 07:00:00,0.3017920353982301,0.2724113475177305,0.4603624901497242,0.9291304347826087
2015-12-25 08:00:00,0.2993141592920354,0.2704255319148936,0.49414105594956653,0.9131884057971015
2015-12-25 09:00:00,0.30230088495575225,0.2646099290780142,0.535315208825847,0.8828985507246377
2015-12-25 10:00:00,0.3046902654867257,0.2645390070921986,0.5651694247438929,0.8715942028985507
2015-12-25 11:00:00,0.3034070796460177,0.2704964539007092,0.5644562647754137,0.803768115942029
2015-12-25 12:00:00,0.3052654867256637,0.26858156028368796,0.567966903073286,0.5979710144927537
2015-12-25 13:00:00,0.306858407079646,0.2702836879432624,0.5808904649330181,0.6198550724637681
2015-12-25 14:00:00,0.30761061946902657,0.2675886524822695,0.6303033884948779,0.5463768115942029
2015-12-25 15:00:00,0.3073230088495575,0.2726241134751773,0.6549921197793539,0.7057971014492753
2015-12-25 16:00:00,0.3070575221238938,0.2700709219858156,0.6596611505122144,0.7071014492753623
2015-12-25 17:00:00,0.3071017699115044,0.2682978723404255,0.6565208825847124,0.6840579710144927
2015-12-25 18:00:00,0.30471238938053097,0.26879432624113475,0.645090622537431,0.6484057971014492
2015-12-25 19:00:00,0.3050663716814159,0.2674468085106383,0.6242750197005517,0.6714492753623189
2015-12-25 20:00:00,0.30480088495575225,0.2671631205673759,0.6214223798266352,0.6110144927536232
2015-12-25 21:00:00,0.3047566371681416,0.26872340425531915,0.6037470449172577,0.6214492753623189
2015-12-25 22:00:00,0.3033185840707965,0.2672340425531915,0.5721355397951142,0.6205797101449275
2015-12-25 23:00:00,0.29491150442477876,0.2673758865248227,0.47146178092986607,0.6143478260869565
2015-12-26 00:00:00,0.2971681415929204,0.2695035460992908,0.4307880220646178,0.6223188405797101
2015-12-26 01:00:00,0.29469026548672567,0.27198581560283686,0.40747044917257685,0.6356521739130435
2015-12-26 02:00:00,0.29471238938053096,0.2691489361702128,0.3985657998423956,0.6043478260869565
2015-12-26 03:00:00,0.29502212389380533,0.2700709219858156,0.4067218282111899,0.5931884057971014
2015-12-26 04:00:00,0.2951769911504425,0.27375886524822696,0.4265287628053585,0.6207246376811595
2015-12-26 05:00:00,0.29305309734513274,0.2733333333333333,0.46641449960598896,0.6260869565217392
2015-12-26 06:00:00,0.2936283185840708,0.27276595744680854,0.5236327817178881,0.5408695652173913
2015-12-26 07:00:00,0.29679203539823007,0.27382978723404255,0.5932545311268715,0.6114492753623189
2015-12-26 08:00:00,0.2964159292035398,0.27404255319148935,0.6514066193853428,0.5892753623188406
2015-12-26 09:00:00,0.29652654867256634,0.27496453900709217,0.6871355397951142,0.5830434782608696
2015-12-26 10:00:00,0.29699115044247787,0.2731205673758865,0.7040425531914893,0.5298550724637682
2015-12-26 11:00:00,0.29557522123893804,0.2720567375886525,0.6985342789598108,0.4866666666666667
2015-12-26 12:00:00,0.2967256637168142,0.2734042553191489,0.6926201733648543,0.483768115942029
2015-12-26 13:00:00,0.2967256637168142,0.2741843971631206,0.7074822695035462,0.5555072463768116
2015-12-26 14:00:00,0.2949778761061947,0.27439716312056733,0.729822695035461,0.5781159420289854
2015-12-26 15:00:00,0.2958185840707964,0.2741843971631206,0.780575256107171,0.5733333333333334
2015-12-26 16:00:00,0.29207964601769915,0.2735460992907801,0.7888967691095351,0.5868115942028985
2015-12-26 17:00:00,0.2930752212389381,0.27290780141843973,0.770437352245863,0.662608695652174
2015-12-26 18:00:00,0.29232300884955753,0.2704255319148936,0.7493498817966903,0.6284057971014493
2015-12-26 19:00:00,0.2927433628318584,0.2753191489361702,0.7392198581560284,0.6291304347826088
2015-12-26 20:00:00,0.2908628318584071,0.27191489361702126,0.698183609141056,0.5539130434782609
2015-12-26 21:00:00,0.2922345132743363,0.27439716312056733,0.6736406619385342,0.49420289855072463
2015-12-26 22:00:00,0.29192477876106193,0.274822695035461,0.6347438928289992,0.5311594202898551
2015-12-26 23:00:00,0.2827433628318584,0.2736879432624113,0.5941371158392436,0.5021739130434782
2015-12-27 00:00:00,0.28148230088495574,0.2748936170212766,0.5524862096138692,0.52
2015-12-27 01:00:00,0.2807743362831858,0.2734042553191489,0.5370094562647754,0.5027536231884058
2015-12-27 02:00:00,0.27853982300884955,0.2720567375886525,0.529381402679275,0.47739130434782606
2015-12-27 03:00:00,0.2773451327433628,0.2724113475177305,0.5372616233254531,0.45260869565217393
2015-12-27 04:00:00,0.2772787610619469,0.2713475177304965,0.544866036249015,0.4465217391304348
2015-12-27 05:00:00,0.27842920353982303,0.2723404255319149,0.5591410559495665,0.41289855072463766
2015-12-27 06:00:00,0.2789380530973451,0.27177304964539006,0.579558707643814,0.39405797101449275
2015-12-27 07:00:00,0.27829646017699117,0.27560283687943266,0.5968163908589441,0.41492753623188405
2015-12-27 08:00:00,0.279070796460177,0.26879432624113475,0.6281914893617021,0.37797101449275367
2015-12-27 09:00:00,0.27991150442477875,0.2680141843971631,0.6591883372734437,0.3373913043478261
2015-12-27 10:00:00,0.28030973451327434,0.27,0.696016548463357,0.33492753623188404
2015-12-27 11:00:00,0.2814380530973451,0.2695035460992908,0.7036170212765958,0.333768115942029
2015-12-27 12:00:00,0.2798008849557522,0.2645390070921986,0.6983451536643026,0.34782608695652173
2015-12-27 13:00:00,0.27685840707964604,0.2653191489361702,0.7232387706855792,0.3859420289855073
2015-12-27 14:00:00,0.27851769911504426,0.2673049645390071,0.7661386918833727,0.31753623188405794
2015-12-27 15:00:00,0.2791150442477876,0.2692198581560284,0.7997202521670608,0.3118840579710145
2015-12-27 16:00:00,0.28196902654867256,0.26900709219858154,0.8123325453112687,0.32318840579710145
2015-12-27 17:00:00,0.27920353982300883,0.2663829787234043,0.8117021276595745,0.2656521739130435
2015-12-27 18:00:00,0.27924778761061947,0.266241134751773,0.8043892828999213,0.24304347826086956
2015-12-27 19:00:00,0.2790265486725664,0.2653191489361702,0.7825965327029156,0.22536231884057972
2015-12-27 20:00:00,0.27986725663716816,0.26567375886524824,0.7627186761229314,0.17492753623188406
2015-12-27 21:00:00,0.27988938053097345,0.2629787234042553,0.7416193853427896,0.16028985507246377
2015-12-27 22:00:00,0.28207964601769914,0.26319148936170217,0.7376635145784083,0.13478260869565217
2015-12-27 23:00:00,0.2748451327433628,0.26035460992907805,0.7217848699763594,0.06565217391304347
2015-12-28 00:00:00,0.2749557522123894,0.25822695035460996,0.7205516154452324,0.08753623188405797
2015-12-28 01:00:00,0.2750442477876106,0.25950354609929077,0.7240780141843971,0.1555072463768116
2015-12-28 02:00:00,0.27384955752212387,0.25865248226950355,0.7291055949566588,0.16985507246376813
2015-12-28 03:00:00,0.27628318584070793,0.2632624113475177,0.7564539007092198,0.19681159420289857
2015-12-28 04:00:00,0.2776548672566372,0.2639007092198582,0.7850512214342001,0.2539130434782609
2015-12-28 05:00:00,0.27780973451327434,0.2643971631205674,0.8099605988967691,0.3301449275362319
2015-12-28 06:00:00,0.28608407079646014,0.26468085106382977,0.8771788810086683,0.40260869565217394
2015-12-28 07:00:00,0.29055309734513274,0.2640425531914894,0.9016824271079591,0.42681159420289855
2015-12-28 08:00:00,0.2955973451327433,0.2643262411347518,0.9288179669030734,0.44536231884057975
2015-12-28 09:00:00,0.29491150442477876,0.26411347517730493,0.944602048857368,0.5257971014492754
2015-12-28 10:00:00,0.29207964601769915,0.26695035460992905,0.9412253743104807,0.5634782608695652
2015-12-28 11:00:00,0.2910840707964602,0.2647517730496454,0.9317139479905437,0.5091304347826087
2015-12-28 12:00:00,0.2902654867256637,0.2672340425531915,0.9191489361702128,0.49376811594202896
2015-12-28 13:00:00,0.28926991150442477,0.26865248226950356,0.9179275019700551,0.5107246376811594
2015-12-28 14:00:00,0.28951327433628316,0.26893617021276595,0.9155713159968479,0.48840579710144927
2015-12-28 15:00:00,0.29011061946902655,0.2681560283687943,0.9056540583136328,0.49478260869565216
2015-12-28 16:00:00,0.29168141592920355,0.2691489361702128,0.8778053585500394,0.5263768115942029
2015-12-28 17:00:00,0.2929646017699115,0.27120567375886523,0.8656501182033097,0.6002898550724638
2015-12-28 18:00:00,0.2936504424778761,0.2692198581560284,0.8452836879432624,0.6331884057971015
2015-12-28 19:00:00,0.29347345132743363,0.27085106382978724,0.8173758865248227,0.6436231884057971
2015-12-28 20:00:00,0.29584070796460177,0.27184397163120566,0.7863829787234043,0.6540579710144928
2015-12-28 21:00:00,0.2949778761061947,0.269290780141844,0.742521670606777,0.6346376811594202
2015-12-28 22:00:00,0.2945796460176991,0.2702127659574468,0.6999802994483846,0.64
2015-12-28 23:00:00,0.2838938053097345,0.2694326241134752,0.6567612293144207,0.6353623188405797
2015-12-29 00:00:00,0.2850884955752212,0.27106382978723403,0.6298857368006304,0.6394202898550725
2015-12-29 01:00:00,0.28615044247787613,0.2702836879432624,0.600263987391647,0.6676811594202898
2015-12-29 02:00:00,0.28469026548672566,0.2695035460992908,0.5628959810874704,0.6233333333333334
2015-12-29 03:00:00,0.28555309734513273,0.269645390070922,0.5752955082742317,0.6378260869565218
2015-12-29 04:00:00,0.2845796460176991,0.27156028368794327,0.6085263987391647,0.6817391304347826
2015-12-29 05:00:00,0.28353982300884956,0.27113475177304963,0.6439676910953507,0.7127536231884058
2015-12-29 06:00:00,0.28615044247787613,0.26907801418439714,0.7007919621749409,0.7591304347826087
2015-12-29 07:00:00,0.28772123893805307,0.26780141843971633,0.7319621749408983,0.7628985507246376
2015-12-29 08:00:00,0.2884955752212389,0.2675177304964539,0.7361780929866036,0.7684057971014493
2015-12-29 09:00:00,0.2893141592920354,0.2720567375886525,0.7411150512214342,0.7862318840579711
2015-12-29 10:00:00,0.28918141592920354,0.2720567375886525,0.7338652482269503,0.8578260869565217
2015-12-29 11:00:00,0.29103982300884956,0.27106382978723403,0.7430063041765169,0.8159420289855073
2015-12-29 12:00:00,0.2900442477876106,0.27170212765957447,0.7324940898345154,0.7985507246376812
2015-12-29 13:00:00,0.29207964601769915,0.2723404255319149,0.7433490937746258,0.7952173913043479
2015-12-29 14:00:00,0.2930973451327433,0.27163120567375887,0.764204097714736,0.8779710144927536
2015-12-29 15:00:00,0.29314159292035397,0.2725531914893617,0.7848896769109535,0.9160869565217392
2015-12-29 16:00:00,0.2920353982300885,0.27113475177304963,0.7941489361702128,0.8189855072463769
2015-12-29 17:00:00,0.28738938053097346,0.26893617021276595,0.7605200945626478,0.8544927536231884
2015-12-29 18:00:00,0.2874336283185841,0.2674468085106383,0.7434357762017337,0.7975362318840579
2015-12-29 19:00:00,0.28719026548672566,0.26872340425531915,0.7135460992907802,0.817536231884058
2015-12-29 20:00:00,0.2886061946902655,0.2702127659574468,0.6858037825059102,0.8785507246376812
2015-12-29 21:00:00,0.29212389380530973,0.26865248226950356,0.6514223798266351,0.894927536231884
2015-12-29 22:00:00,0.29,0.27177304964539006,0.6145232466509062,0.8449275362318841
2015-12-29 23:00:00,0.2910840707964602,0.2680141843971631,0.5525019700551616,0.7933333333333333
2015-12-30 00:00:00,0.29022123893805307,0.265177304964539,0.5252009456264776,0.7994202898550725
2015-12-30 01:00:00,0.29126106194690266,0.2599290780141844,0.5155397951142632,0.7784057971014493
2015-12-30 02:00:00,0.29030973451327435,0.26843971631205676,0.509026792750197,0.6918840579710145
2015-12-30 03:00:00,0.2888716814159292,0.2651063829787234,0.5248936170212766,0.6563768115942029
2015-12-30 04:00:00,0.28785398230088494,0.2663829787234043,0.5312923561859733,0.6772463768115942
2015-12-30 05:00:00,0.28805309734513274,0.2691489361702128,0.5553743104806934,0.7073913043478262
2015-12-30 06:00:00,0.28960176991150444,0.2728368794326241,0.6113632781717888,0.7510144927536233
2015-12-30 07:00:00,0.288716814159292,0.27078014184397164,0.6521552403467298,0.82
2015-12-30 08:00:00,0.2890265486725664,0.27085106382978724,0.6786918833727345,0.766231884057971
2015-12-30 09:00:00,0.2893362831858407,0.2733333333333333,0.6917572892040977,0.7915942028985508
2015-12-30 10:00:00,0.28918141592920354,0.27290780141843973,0.6909929078014185,0.7631884057971015
2015-12-30 11:00:00,0.29033185840707965,0.27361702127659576,0.6786406619385343,0.7701449275362319
2015-12-30 12:00:00,0.29055309734513274,0.27177304964539006,0.6788731284475965,0.7972463768115943
2015-12-30 13:00:00,0.28966814159292037,0.2652482269503546,0.6785342789598109,0.8784057971014493
2015-12-30 14:00:00,0.2873230088495575,0.2724113475177305,0.6856107171000788,0.8382608695652174
2015-12-30 15:00:00,0.28811946902654867,0.2705673758865248,0.6974507486209613,0.812608695652174
2015-12-30 16:00:00,0.28929203539823006,0.2714893617021277,0.6994129235618597,0.8356521739130435
2015-12-30 17:00:00,0.28918141592920354,0.2723404255319149,0.6798148148148149,0.8759420289855072
2015-12-30 18:00:00,0.28811946902654867,0.2720567375886525,0.6486958234830575,0.9524637681159421
2015-12-30 19:00:00,0.28752212389380527,0.2712765957446808,0.6126438140267927,0.8904347826086956
2015-12-30 20:00:00,0.287787610619469,0.27170212765957447,0.5882230102442868,0.867536231884058
2015-12-30 21:00:00,0.2872345132743363,0.2723404255319149,0.548187549251379,0.881159420289855
2015-12-30 22:00:00,0.28825221238938054,0.27085106382978724,0.5124428684003152,0.8472463768115942
2015-12-30 23:00:00,0.28834070796460176,0.27170212765957447,0.45355397951142634,0.8181159420289855
2015-12-31 00:00:00,0.28898230088495575,0.2680851063829787,0.40299842395587077,0.8808695652173912
2015-12-31 01:00:00,0.2876769911504425,0.2736879432624113,0.3822261623325453,0.86
2015-12-31 02:00:00,0.28650442477876104,0.2750354609929078,0.38332939322301024,0.8556521739130435
2015-12-31 03:00:00,0.2861725663716814,0.2746808510638298,0.39715524034672967,0.683623188405797
2015-12-31 04:00:00,0.2872345132743363,0.27078014184397164,0.4170449172576832,0.6695652173913044
2015-12-31 05:00:00,0.2876548672566372,0.27099290780141844,0.4389440504334121,0.6447826086956522
2015-12-31 06:00:00,0.2895353982300885,0.2713475177304965,0.4851891252955083,0.6059420289855073
2015-12-31 07:00:00,0.28581858407079647,0.27156028368794327,0.5465287628053586,0.6272463768115942
2015-12-31 08:00:00,0.2861946902654867,0.2694326241134752,0.5757722616233255,0.6424637681159421
2015-12-31 09:00:00,0.28555309734513273,0.2661702127659575,0.5919503546099291,0.663623188405797
2015-12-31 10:00:00,0.28626106194690265,0.26645390070921987,0.6070921985815603,0.683768115942029
2015-12-31 11:00:00,0.28690265486725663,0.27177304964539006,0.6163317572892041,0.7259420289855072
2015-12-31 12:00:00,0.2863274336283186,0.2674468085106383,0.6259771473601261,0.7408695652173913
2015-12-31 13:00:00,0.2863716814159292,0.26588652482269504,0.6415524034672971,0.7353623188405797
2015-12-31 14:00:00,0.2850663716814159,0.2672340425531915,0.6787115839243499,0.7792753623188406
2015-12-31 15:00:00,0.28358407079646014,0.26843971631205676,0.7245468873128448,0.6910144927536233
2015-12-31 16:00:00,0.28230088495575223,0.2731914893617021,0.7325847123719464,0.7101449275362319
2015-12-31 17:00:00,0.2828761061946902,0.27063829787234045,0.7090622537431048,0.7156521739130435
2015-12-31 18:00:00,0.28073008849557524,0.2714893617021277,0.650713159968479,0.7234782608695652
2015-12-31 19:00:00,0.2815044247787611,0.27191489361702126,0.6075886524822696,0.7795652173913044
2015-12-31 20:00:00,0.2834070796460177,0.2712765957446808,0.6044168636721828,0.8757971014492753
2015-12-31 21:00:00,0.2841371681415929,0.2720567375886525,0.6015681639085894,0.9043478260869565
2015-12-31 22:00:00,0.28311946902654866,0.27297872340425533,0.5920094562647754,0.8344927536231883
